#ifndef nxbuttons_h
#define nxbuttons_h
#include <Arduino.h>

/*  Кнопки сторінки плейлиста з рідного проєкту Nextion (NX4024K032.HMI):
    ті самі картинки, без перемальовування. Кожна у двох станах — звичайному
    і натиснутому. Переведені в RGB565 на чорному тлі.  */
#define NXBTN_W 48
#define NXBTN_H 48
enum { NXB_DOWN=0, NXB_DOWN_ON, NXB_UP, NXB_UP_ON, NXB_PLAY, NXB_PLAY_ON, NXB_BACK, NXB_BACK_ON };
const uint16_t nxButtons[8][2304] PROGMEM = {
  /* вниз */ {
    0x0000,0x0000,0x0000,0x0000,0x0000,0x0000,0x0000,0x0000,0x0000,0x0000,0x0000,0x0000,0x0000,0x0000,0x0000,0x0000,
    0x0000,0x0000,0x0000,0x0000,0x0000,0x0000,0x0000,0x0000,0x0000,0x0000,0x0000,0x0000,0x0000,0x0000,0x0000,0x0000,
    0x0000,0x0000,0x0000,0x0000,0x0000,0x0000,0x0000,0x0000,0x0000,0x0000,0x0000,0x0000,0x0000,0x0000,0x0000,0x0000,
    0x0000,0x0000,0x0000,0x0000,0x0000,0x0000,0x0000,0x0000,0x0000,0x0000,0x0000,0x0000,0x0000,0x0000,0x0000,0x0000,
    0x0000,0x0000,0x0000,0x0000,0x0000,0x0000,0x0000,0x0000,0x0000,0x0000,0x0000,0x0000,0x0000,0x0000,0x0000,0x0000,
    0x0000,0x0000,0x0000,0x0000,0x0000,0x0000,0x0000,0x0000,0x0000,0x0000,0x0000,0x0000,0x0000,0x0000,0x0000,0x0000,
    0x0000,0x0000,0x0000,0x0000,0x0000,0x0000,0x0000,0x0000,0x0000,0x0000,0x0000,0x0000,0x0000,0x0000,0x0000,0x0000,
    0x0000,0x0000,0x0000,0x0000,0x0000,0x0000,0x0000,0x0000,0x0000,0x0000,0x0000,0x0000,0x0000,0x0000,0x0000,0x0000,
    0x0000,0x0000,0x0000,0x0000,0x0000,0x0000,0x0000,0x0000,0x0000,0x0000,0x0000,0x0000,0x0000,0x0000,0x0000,0x0000,
    0x0000,0x0000,0x0000,0x0000,0x0000,0x0000,0x0000,0x0000,0x0000,0x0000,0x0000,0x0000,0x0000,0x0000,0x0000,0x0000,
    0x0000,0x0000,0x0000,0x0000,0x0000,0x0000,0x0000,0x0000,0x0000,0x0000,0x0000,0x0000,0x0000,0x0000,0x0000,0x0000,
    0x0000,0x0000,0x0000,0x0000,0x0000,0x0000,0x0000,0x0000,0x0000,0x0000,0x0000,0x0000,0x0000,0x0000,0x0000,0x0000,
    0x0000,0x0000,0x0000,0x0000,0x0000,0x0000,0x0000,0x0000,0x0000,0x0000,0x0000,0x0000,0x0000,0x0000,0x0000,0x0000,
    0x0000,0x0000,0x0841,0x18C3,0x2104,0x2945,0x2965,0x3186,0x3186,0x2965,0x2945,0x2104,0x18C3,0x0841,0x0000,0x0000,
    0x0000,0x0000,0x0000,0x0000,0x0000,0x0000,0x0000,0x0000,0x0000,0x0000,0x0000,0x0000,0x0000,0x0000,0x0000,0x0000,
    0x0000,0x0000,0x0000,0x0000,0x0000,0x0000,0x0000,0x0000,0x0000,0x0000,0x0000,0x0000,0x0000,0x0000,0x0000,0x0020,
    0x18C3,0x2965,0x3186,0x3186,0x3186,0x3186,0x3186,0x3186,0x3186,0x3186,0x3186,0x3186,0x3186,0x3186,0x2965,0x18C3,
    0x0020,0x0000,0x0000,0x0000,0x0000,0x0000,0x0000,0x0000,0x0000,0x0000,0x0000,0x0000,0x0000,0x0000,0x0000,0x0000,
    0x0000,0x0000,0x0000,0x0000,0x0000,0x0000,0x0000,0x0000,0x0000,0x0000,0x0000,0x0000,0x0000,0x0020,0x18E3,0x3186,
    0x3186,0x3186,0x3186,0x3186,0x3186,0x3186,0x3186,0x3186,0x3186,0x3186,0x3186,0x3186,0x3186,0x3186,0x3186,0x3186,
    0x3186,0x18E3,0x0020,0x0000,0x0000,0x0000,0x0000,0x0000,0x0000,0x0000,0x0000,0x0000,0x0000,0x0000,0x0000,0x0000,
    0x0000,0x0000,0x0000,0x0000,0x0000,0x0000,0x0000,0x0000,0x0000,0x0000,0x0000,0x0000,0x1082,0x2965,0x3186,0x3186,
    0x3186,0x3186,0x3186,0x3186,0x3186,0x3186,0x3186,0x3186,0x3186,0x3186,0x3186,0x3186,0x3186,0x3186,0x3186,0x3186,
    0x3186,0x3186,0x2965,0x1082,0x0000,0x0000,0x0000,0x0000,0x0000,0x0000,0x0000,0x0000,0x0000,0x0000,0x0000,0x0000,
    0x0000,0x0000,0x0000,0x0000,0x0000,0x0000,0x0000,0x0000,0x0000,0x0000,0x0000,0x18E3,0x3186,0x3186,0x3186,0x3186,
    0x3186,0x3186,0x3186,0x3186,0x3186,0x3186,0x3186,0x3186,0x3186,0x3186,0x3186,0x3186,0x3186,0x3186,0x3186,0x3186,
    0x3186,0x3186,0x3186,0x3186,0x18E3,0x0000,0x0000,0x0000,0x0000,0x0000,0x0000,0x0000,0x0000,0x0000,0x0000,0x0000,
    0x0000,0x0000,0x0000,0x0000,0x0000,0x0000,0x0000,0x0000,0x0000,0x0000,0x2104,0x3186,0x3186,0x3186,0x3186,0x3186,
    0x3186,0x3186,0x3186,0x3186,0x3186,0x3186,0x3186,0x3186,0x3186,0x3186,0x3186,0x3186,0x3186,0x3186,0x3186,0x3186,
    0x3186,0x3186,0x3186,0x3186,0x3186,0x2104,0x0000,0x0000,0x0000,0x0000,0x0000,0x0000,0x0000,0x0000,0x0000,0x0000,
    0x0000,0x0000,0x0000,0x0000,0x0000,0x0000,0x0000,0x0000,0x0000,0x2104,0x3186,0x3186,0x3186,0x3186,0x3186,0x3186,
    0x3186,0x3186,0x3186,0x3186,0x3186,0x3186,0x3186,0x3186,0x3186,0x3186,0x3186,0x3186,0x3186,0x3186,0x3186,0x3186,
    0x3186,0x3186,0x3186,0x3186,0x3186,0x3186,0x2104,0x0000,0x0000,0x0000,0x0000,0x0000,0x0000,0x0000,0x0000,0x0000,
    0x0000,0x0000,0x0000,0x0000,0x0000,0x0000,0x0000,0x0000,0x18E3,0x3186,0x3186,0x3186,0x3186,0x3186,0x3186,0x3186,
    0x3186,0x3186,0x3186,0x3186,0x3186,0x3186,0x3186,0x3186,0x3186,0x3186,0x3186,0x3186,0x3186,0x3186,0x3186,0x3186,
    0x3186,0x3186,0x3186,0x3186,0x3186,0x3186,0x3186,0x18E3,0x0000,0x0000,0x0000,0x0000,0x0000,0x0000,0x0000,0x0000,
    0x0000,0x0000,0x0000,0x0000,0x0000,0x0000,0x0000,0x1082,0x3186,0x3186,0x3186,0x3186,0x3186,0x3186,0x3186,0x3186,
    0x3186,0x3186,0x3186,0x3186,0x3186,0x3186,0x3186,0x3186,0x3186,0x3186,0x3186,0x3186,0x3186,0x3186,0x3186,0x3186,
    0x3186,0x3186,0x3186,0x3186,0x3186,0x3186,0x3186,0x3186,0x1082,0x0000,0x0000,0x0000,0x0000,0x0000,0x0000,0x0000,
    0x0000,0x0000,0x0000,0x0000,0x0000,0x0000,0x0020,0x2965,0x3186,0x3186,0x3186,0x3186,0x3186,0x3186,0x3186,0x3186,
    0x3186,0x3186,0x3186,0x3186,0x3186,0x3186,0x3186,0x3186,0x3186,0x3186,0x3186,0x3186,0x3186,0x3186,0x3186,0x3186,
    0x3186,0x3186,0x3186,0x3186,0x3186,0x3186,0x3186,0x3186,0x2965,0x0020,0x0000,0x0000,0x0000,0x0000,0x0000,0x0000,
    0x0000,0x0000,0x0000,0x0000,0x0000,0x0000,0x18E3,0x3186,0x3186,0x3186,0x3186,0x3186,0x3186,0x3186,0x3186,0x3186,
    0x3186,0x3186,0x3186,0x3186,0x3186,0x3186,0x3186,0x3186,0x3186,0x3186,0x3186,0x3186,0x3186,0x3186,0x3186,0x3186,
    0x3186,0x3186,0x3186,0x3186,0x3186,0x3186,0x3186,0x3186,0x3186,0x18E3,0x0000,0x0000,0x0000,0x0000,0x0000,0x0000,
    0x0000,0x0000,0x0000,0x0000,0x0000,0x0020,0x3186,0x3186,0x3186,0x3186,0x3186,0x3186,0x3186,0x3186,0x3186,0x3186,
    0x3186,0x3186,0x3186,0x3186,0x3186,0x3186,0x3186,0x3186,0x3186,0x3186,0x3186,0x3186,0x3186,0x3186,0x3186,0x3186,
    0x3186,0x3186,0x3186,0x3186,0x3186,0x3186,0x3186,0x3186,0x3186,0x3186,0x0020,0x0000,0x0000,0x0000,0x0000,0x0000,
    0x0000,0x0000,0x0000,0x0000,0x0000,0x18C3,0x3186,0x3186,0x3186,0x3186,0x3186,0x3186,0x3186,0x3186,0x3186,0x3186,
    0x3186,0x3186,0x3186,0x3186,0x3186,0x3186,0x3186,0x3186,0x3186,0x3186,0x3186,0x3186,0x3186,0x3186,0x3186,0x3186,
    0x3186,0x3186,0x3186,0x3186,0x3186,0x3186,0x3186,0x3186,0x3186,0x3186,0x18C3,0x0000,0x0000,0x0000,0x0000,0x0000,
    0x0000,0x0000,0x0000,0x0000,0x0000,0x2965,0x3186,0x3186,0x3186,0x3186,0x3186,0x3186,0x3186,0x3186,0x3186,0x3186,
    0x3186,0x3186,0x3186,0x3186,0x3186,0x3186,0x3186,0x3186,0x3186,0x3186,0x3186,0x3186,0x3186,0x3186,0x3186,0x3186,
    0x3186,0x3186,0x3186,0x3186,0x3186,0x3186,0x3186,0x3186,0x3186,0x3186,0x2965,0x0000,0x0000,0x0000,0x0000,0x0000,
    0x0000,0x0000,0x0000,0x0000,0x0841,0x3186,0x3186,0x3186,0x3186,0x3186,0x3186,0x3186,0x3186,0x3186,0x3186,0x3186,
    0x3186,0x3186,0x3186,0x3186,0x3186,0x3186,0x3186,0x3186,0x3186,0x3186,0x3186,0x3186,0x3186,0x3186,0x3186,0x3186,
    0x3186,0x3186,0x3186,0x3186,0x3186,0x3186,0x3186,0x3186,0x3186,0x3186,0x3186,0x0841,0x0000,0x0000,0x0000,0x0000,
    0x0000,0x0000,0x0000,0x0000,0x18C3,0x3186,0x3186,0x3186,0x3186,0x3186,0x3186,0x3186,0x3186,0x3186,0x3186,0x3186,
    0x3186,0x3186,0x3186,0x3186,0x3186,0x3186,0x3186,0x3186,0x3186,0x3186,0x3186,0x3186,0x3186,0x3186,0x3186,0x3186,
    0x3186,0x3186,0x3186,0x3186,0x3186,0x3186,0x3186,0x3186,0x3186,0x3186,0x3186,0x18C3,0x0000,0x0000,0x0000,0x0000,
    0x0000,0x0000,0x0000,0x0000,0x2104,0x3186,0x3186,0x3186,0x3186,0x3186,0x3186,0x3186,0x3186,0x3186,0x3186,0x3186,
    0x3186,0x3186,0x3186,0x3186,0x3186,0x3186,0x3186,0x3186,0x3186,0x3186,0x3186,0x3186,0x3186,0x3186,0x3186,0x3186,
    0x3186,0x3186,0x3186,0x3186,0x3186,0x3186,0x3186,0x3186,0x3186,0x3186,0x3186,0x2104,0x0000,0x0000,0x0000,0x0000,
    0x0000,0x0000,0x0000,0x0000,0x2945,0x3186,0x3186,0x3186,0x3186,0x3186,0x3186,0x3186,0x3186,0x3186,0x3186,0x3186,
    0x4206,0xC5CA,0xE68B,0xE68B,0xE68B,0xE68B,0xE68B,0xE68B,0xE68B,0xE68B,0xE68B,0xE68B,0xE68B,0xE68B,0xC5CA,0x4206,
    0x3186,0x3186,0x3186,0x3186,0x3186,0x3186,0x3186,0x3186,0x3186,0x3186,0x3186,0x2945,0x0000,0x0000,0x0000,0x0000,
    0x0000,0x0000,0x0000,0x0000,0x2965,0x3186,0x3186,0x3186,0x3186,0x3186,0x3186,0x3186,0x3186,0x3186,0x3186,0x3186,
    0x3186,0x4206,0xC5CA,0xE68B,0xE68B,0xE68B,0xE68B,0xE68B,0xE68B,0xE68B,0xE68B,0xE68B,0xE68B,0xC5CA,0x4206,0x3186,
    0x3186,0x3186,0x3186,0x3186,0x3186,0x3186,0x3186,0x3186,0x3186,0x3186,0x3186,0x2965,0x0000,0x0000,0x0000,0x0000,
    0x0000,0x0000,0x0000,0x0000,0x3186,0x3186,0x3186,0x3186,0x3186,0x3186,0x3186,0x3186,0x3186,0x3186,0x3186,0x3186,
    0x3186,0x3186,0x4206,0xC5CA,0xE68B,0xE68B,0xE68B,0xE68B,0xE68B,0xE68B,0xE68B,0xE68B,0xC5CA,0x4206,0x3186,0x3186,
    0x3186,0x3186,0x3186,0x3186,0x3186,0x3186,0x3186,0x3186,0x3186,0x3186,0x3186,0x3186,0x0000,0x0000,0x0000,0x0000,
    0x0000,0x0000,0x0000,0x0000,0x3186,0x3186,0x3186,0x3186,0x3186,0x3186,0x3186,0x3186,0x3186,0x3186,0x3186,0x3186,
    0x3186,0x3186,0x3186,0x4206,0xC5CA,0xE68B,0xE68B,0xE68B,0xE68B,0xE68B,0xE68B,0xC5CA,0x4206,0x3186,0x3186,0x3186,
    0x3186,0x3186,0x3186,0x3186,0x3186,0x3186,0x3186,0x3186,0x3186,0x3186,0x3186,0x3186,0x0000,0x0000,0x0000,0x0000,
    0x0000,0x0000,0x0000,0x0000,0x2965,0x3186,0x3186,0x3186,0x3186,0x3186,0x3186,0x3186,0x3186,0x3186,0x3186,0x3186,
    0x3186,0x3186,0x3186,0x3186,0x4206,0xC5CA,0xE68B,0xE68B,0xE68B,0xE68B,0xC5CA,0x4206,0x3186,0x3186,0x3186,0x3186,
    0x3186,0x3186,0x3186,0x3186,0x3186,0x3186,0x3186,0x3186,0x3186,0x3186,0x3186,0x2965,0x0000,0x0000,0x0000,0x0000,
    0x0000,0x0000,0x0000,0x0000,0x2945,0x3186,0x3186,0x3186,0x3186,0x3186,0x3186,0x3186,0x3186,0x3186,0x3186,0x3186,
    0x3186,0x3186,0x3186,0x3186,0x3186,0x4206,0xC5CA,0xE68B,0xE68B,0xC5CA,0x4206,0x3186,0x3186,0x3186,0x3186,0x3186,
    0x3186,0x3186,0x3186,0x3186,0x3186,0x3186,0x3186,0x3186,0x3186,0x3186,0x3186,0x2945,0x0000,0x0000,0x0000,0x0000,
    0x0000,0x0000,0x0000,0x0000,0x2104,0x3186,0x3186,0x3186,0x3186,0x3186,0x3186,0x3186,0x3186,0x3186,0x3186,0x3186,
    0x3186,0x3186,0x3186,0x3186,0x3186,0x3186,0x4206,0xC5CA,0xC5CA,0x4206,0x3186,0x3186,0x3186,0x3186,0x3186,0x3186,
    0x3186,0x3186,0x3186,0x3186,0x3186,0x3186,0x3186,0x3186,0x3186,0x3186,0x3186,0x2104,0x0000,0x0000,0x0000,0x0000,
    0x0000,0x0000,0x0000,0x0000,0x18C3,0x3186,0x3186,0x3186,0x3186,0x3186,0x3186,0x3186,0x3186,0x3186,0x3186,0x3186,
    0x3186,0x3186,0x3186,0x3186,0x3186,0x3186,0x3186,0x4206,0x4206,0x3186,0x3186,0x3186,0x3186,0x3186,0x3186,0x3186,
    0x3186,0x3186,0x3186,0x3186,0x3186,0x3186,0x3186,0x3186,0x3186,0x3186,0x3186,0x18C3,0x0000,0x0000,0x0000,0x0000,
    0x0000,0x0000,0x0000,0x0000,0x0841,0x3186,0x3186,0x3186,0x3186,0x3186,0x3186,0x3186,0x3186,0x3186,0x3186,0x3186,
    0x3186,0x3186,0x3186,0x3186,0x3186,0x3186,0x3186,0x3186,0x3186,0x3186,0x3186,0x3186,0x3186,0x3186,0x3186,0x3186,
    0x3186,0x3186,0x3186,0x3186,0x3186,0x3186,0x3186,0x3186,0x3186,0x3186,0x3186,0x0841,0x0000,0x0000,0x0000,0x0000,
    0x0000,0x0000,0x0000,0x0000,0x0000,0x2965,0x3186,0x3186,0x3186,0x3186,0x3186,0x3186,0x3186,0x3186,0x3186,0x3186,
    0x3186,0x3186,0x3186,0x3186,0x3186,0x3186,0x3186,0x3186,0x3186,0x3186,0x3186,0x3186,0x3186,0x3186,0x3186,0x3186,
    0x3186,0x3186,0x3186,0x3186,0x3186,0x3186,0x3186,0x3186,0x3186,0x3186,0x2965,0x0000,0x0000,0x0000,0x0000,0x0000,
    0x0000,0x0000,0x0000,0x0000,0x0000,0x18C3,0x3186,0x3186,0x3186,0x3186,0x3186,0x3186,0x3186,0x3186,0x3186,0x3186,
    0x3186,0x3186,0x3186,0x3186,0x3186,0x3186,0x3186,0x3186,0x3186,0x3186,0x3186,0x3186,0x3186,0x3186,0x3186,0x3186,
    0x3186,0x3186,0x3186,0x3186,0x3186,0x3186,0x3186,0x3186,0x3186,0x3186,0x18C3,0x0000,0x0000,0x0000,0x0000,0x0000,
    0x0000,0x0000,0x0000,0x0000,0x0000,0x0020,0x3186,0x3186,0x3186,0x3186,0x3186,0x3186,0x3186,0x3186,0x3186,0x3186,
    0x3186,0x3186,0x3186,0x3186,0x3186,0x3186,0x3186,0x3186,0x3186,0x3186,0x3186,0x3186,0x3186,0x3186,0x3186,0x3186,
    0x3186,0x3186,0x3186,0x3186,0x3186,0x3186,0x3186,0x3186,0x3186,0x3186,0x0020,0x0000,0x0000,0x0000,0x0000,0x0000,
    0x0000,0x0000,0x0000,0x0000,0x0000,0x0000,0x18E3,0x3186,0x3186,0x3186,0x3186,0x3186,0x3186,0x3186,0x3186,0x3186,
    0x3186,0x3186,0x3186,0x3186,0x3186,0x3186,0x3186,0x3186,0x3186,0x3186,0x3186,0x3186,0x3186,0x3186,0x3186,0x3186,
    0x3186,0x3186,0x3186,0x3186,0x3186,0x3186,0x3186,0x3186,0x3186,0x18E3,0x0000,0x0000,0x0000,0x0000,0x0000,0x0000,
    0x0000,0x0000,0x0000,0x0000,0x0000,0x0000,0x0020,0x2965,0x3186,0x3186,0x3186,0x3186,0x3186,0x3186,0x3186,0x3186,
    0x3186,0x3186,0x3186,0x3186,0x3186,0x3186,0x3186,0x3186,0x3186,0x3186,0x3186,0x3186,0x3186,0x3186,0x3186,0x3186,
    0x3186,0x3186,0x3186,0x3186,0x3186,0x3186,0x3186,0x3186,0x2965,0x0020,0x0000,0x0000,0x0000,0x0000,0x0000,0x0000,
    0x0000,0x0000,0x0000,0x0000,0x0000,0x0000,0x0000,0x1082,0x3186,0x3186,0x3186,0x3186,0x3186,0x3186,0x3186,0x3186,
    0x3186,0x3186,0x3186,0x3186,0x3186,0x3186,0x3186,0x3186,0x3186,0x3186,0x3186,0x3186,0x3186,0x3186,0x3186,0x3186,
    0x3186,0x3186,0x3186,0x3186,0x3186,0x3186,0x3186,0x3186,0x1082,0x0000,0x0000,0x0000,0x0000,0x0000,0x0000,0x0000,
    0x0000,0x0000,0x0000,0x0000,0x0000,0x0000,0x0000,0x0000,0x18E3,0x3186,0x3186,0x3186,0x3186,0x3186,0x3186,0x3186,
    0x3186,0x3186,0x3186,0x3186,0x3186,0x3186,0x3186,0x3186,0x3186,0x3186,0x3186,0x3186,0x3186,0x3186,0x3186,0x3186,
    0x3186,0x3186,0x3186,0x3186,0x3186,0x3186,0x3186,0x18E3,0x0000,0x0000,0x0000,0x0000,0x0000,0x0000,0x0000,0x0000,
    0x0000,0x0000,0x0000,0x0000,0x0000,0x0000,0x0000,0x0000,0x0000,0x2104,0x3186,0x3186,0x3186,0x3186,0x3186,0x3186,
    0x3186,0x3186,0x3186,0x3186,0x3186,0x3186,0x3186,0x3186,0x3186,0x3186,0x3186,0x3186,0x3186,0x3186,0x3186,0x3186,
    0x3186,0x3186,0x3186,0x3186,0x3186,0x3186,0x2104,0x0000,0x0000,0x0000,0x0000,0x0000,0x0000,0x0000,0x0000,0x0000,
    0x0000,0x0000,0x0000,0x0000,0x0000,0x0000,0x0000,0x0000,0x0000,0x0000,0x2104,0x3186,0x3186,0x3186,0x3186,0x3186,
    0x3186,0x3186,0x3186,0x3186,0x3186,0x3186,0x3186,0x3186,0x3186,0x3186,0x3186,0x3186,0x3186,0x3186,0x3186,0x3186,
    0x3186,0x3186,0x3186,0x3186,0x3186,0x2104,0x0000,0x0000,0x0000,0x0000,0x0000,0x0000,0x0000,0x0000,0x0000,0x0000,
    0x0000,0x0000,0x0000,0x0000,0x0000,0x0000,0x0000,0x0000,0x0000,0x0000,0x0000,0x18E3,0x3186,0x3186,0x3186,0x3186,
    0x3186,0x3186,0x3186,0x3186,0x3186,0x3186,0x3186,0x3186,0x3186,0x3186,0x3186,0x3186,0x3186,0x3186,0x3186,0x3186,
    0x3186,0x3186,0x3186,0x3186,0x18E3,0x0000,0x0000,0x0000,0x0000,0x0000,0x0000,0x0000,0x0000,0x0000,0x0000,0x0000,
    0x0000,0x0000,0x0000,0x0000,0x0000,0x0000,0x0000,0x0000,0x0000,0x0000,0x0000,0x0000,0x1082,0x2965,0x3186,0x3186,
    0x3186,0x3186,0x3186,0x3186,0x3186,0x3186,0x3186,0x3186,0x3186,0x3186,0x3186,0x3186,0x3186,0x3186,0x3186,0x3186,
    0x3186,0x3186,0x2965,0x1082,0x0000,0x0000,0x0000,0x0000,0x0000,0x0000,0x0000,0x0000,0x0000,0x0000,0x0000,0x0000,
    0x0000,0x0000,0x0000,0x0000,0x0000,0x0000,0x0000,0x0000,0x0000,0x0000,0x0000,0x0000,0x0000,0x0020,0x18E3,0x3186,
    0x3186,0x3186,0x3186,0x3186,0x3186,0x3186,0x3186,0x3186,0x3186,0x3186,0x3186,0x3186,0x3186,0x3186,0x3186,0x3186,
    0x3186,0x18E3,0x0020,0x0000,0x0000,0x0000,0x0000,0x0000,0x0000,0x0000,0x0000,0x0000,0x0000,0x0000,0x0000,0x0000,
    0x0000,0x0000,0x0000,0x0000,0x0000,0x0000,0x0000,0x0000,0x0000,0x0000,0x0000,0x0000,0x0000,0x0000,0x0000,0x0020,
    0x18C3,0x2965,0x3186,0x3186,0x3186,0x3186,0x3186,0x3186,0x3186,0x3186,0x3186,0x3186,0x3186,0x3186,0x2965,0x18C3,
    0x0020,0x0000,0x0000,0x0000,0x0000,0x0000,0x0000,0x0000,0x0000,0x0000,0x0000,0x0000,0x0000,0x0000,0x0000,0x0000,
    0x0000,0x0000,0x0000,0x0000,0x0000,0x0000,0x0000,0x0000,0x0000,0x0000,0x0000,0x0000,0x0000,0x0000,0x0000,0x0000,
    0x0000,0x0000,0x0841,0x18C3,0x2104,0x2945,0x2965,0x3186,0x3186,0x2965,0x2945,0x2104,0x18C3,0x0841,0x0000,0x0000,
    0x0000,0x0000,0x0000,0x0000,0x0000,0x0000,0x0000,0x0000,0x0000,0x0000,0x0000,0x0000,0x0000,0x0000,0x0000,0x0000,
    0x0000,0x0000,0x0000,0x0000,0x0000,0x0000,0x0000,0x0000,0x0000,0x0000,0x0000,0x0000,0x0000,0x0000,0x0000,0x0000,
    0x0000,0x0000,0x0000,0x0000,0x0000,0x0000,0x0000,0x0000,0x0000,0x0000,0x0000,0x0000,0x0000,0x0000,0x0000,0x0000,
    0x0000,0x0000,0x0000,0x0000,0x0000,0x0000,0x0000,0x0000,0x0000,0x0000,0x0000,0x0000,0x0000,0x0000,0x0000,0x0000,
    0x0000,0x0000,0x0000,0x0000,0x0000,0x0000,0x0000,0x0000,0x0000,0x0000,0x0000,0x0000,0x0000,0x0000,0x0000,0x0000,
    0x0000,0x0000,0x0000,0x0000,0x0000,0x0000,0x0000,0x0000,0x0000,0x0000,0x0000,0x0000,0x0000,0x0000,0x0000,0x0000,
    0x0000,0x0000,0x0000,0x0000,0x0000,0x0000,0x0000,0x0000,0x0000,0x0000,0x0000,0x0000,0x0000,0x0000,0x0000,0x0000,
    0x0000,0x0000,0x0000,0x0000,0x0000,0x0000,0x0000,0x0000,0x0000,0x0000,0x0000,0x0000,0x0000,0x0000,0x0000,0x0000,
    0x0000,0x0000,0x0000,0x0000,0x0000,0x0000,0x0000,0x0000,0x0000,0x0000,0x0000,0x0000,0x0000,0x0000,0x0000,0x0000,
    0x0000,0x0000,0x0000,0x0000,0x0000,0x0000,0x0000,0x0000,0x0000,0x0000,0x0000,0x0000,0x0000,0x0000,0x0000,0x0000,
    0x0000,0x0000,0x0000,0x0000,0x0000,0x0000,0x0000,0x0000,0x0000,0x0000,0x0000,0x0000,0x0000,0x0000,0x0000,0x0000,
    0x0000,0x0000,0x0000,0x0000,0x0000,0x0000,0x0000,0x0000,0x0000,0x0000,0x0000,0x0000,0x0000,0x0000,0x0000,0x0000,
    0x0000,0x0000,0x0000,0x0000,0x0000,0x0000,0x0000,0x0000,0x0000,0x0000,0x0000,0x0000,0x0000,0x0000,0x0000,0x0000,
  },
  /* вниз натиснута */ {
    0x0000,0x0000,0x0000,0x0000,0x0000,0x0000,0x0000,0x0000,0x0000,0x0000,0x0000,0x0000,0x0000,0x0000,0x0000,0x0000,
    0x0000,0x0000,0x0000,0x0000,0x0000,0x0000,0x0000,0x0000,0x0000,0x0000,0x0000,0x0000,0x0000,0x0000,0x0000,0x0000,
    0x0000,0x0000,0x0000,0x0000,0x0000,0x0000,0x0000,0x0000,0x0000,0x0000,0x0000,0x0000,0x0000,0x0000,0x0000,0x0000,
    0x0000,0x0000,0x0000,0x0000,0x0000,0x0000,0x0000,0x0000,0x0000,0x0000,0x0000,0x0000,0x0000,0x0000,0x0000,0x0000,
    0x0000,0x0000,0x0000,0x0000,0x0000,0x0000,0x0000,0x0000,0x0000,0x0000,0x0000,0x0000,0x0000,0x0000,0x0000,0x0000,
    0x0000,0x0000,0x0000,0x0000,0x0000,0x0000,0x0000,0x0000,0x0000,0x0000,0x0000,0x0000,0x0000,0x0000,0x0000,0x0000,
    0x0000,0x0000,0x0000,0x0000,0x0000,0x0000,0x0000,0x0000,0x0000,0x0000,0x0000,0x0000,0x0000,0x0000,0x0000,0x0000,
    0x0000,0x0000,0x0000,0x0000,0x0000,0x0000,0x0000,0x0000,0x0000,0x0000,0x0000,0x0000,0x0000,0x0000,0x0000,0x0000,
    0x0000,0x0000,0x0000,0x0000,0x0000,0x0000,0x0000,0x0000,0x0000,0x0000,0x0000,0x0000,0x0000,0x0000,0x0000,0x0000,
    0x0000,0x0000,0x0000,0x0000,0x0000,0x0000,0x0000,0x0000,0x0000,0x0000,0x0000,0x0000,0x0000,0x0000,0x0000,0x0000,
    0x0000,0x0000,0x0000,0x0000,0x0000,0x0000,0x0000,0x0000,0x0000,0x0000,0x0000,0x0000,0x0000,0x0000,0x0000,0x0000,
    0x0000,0x0000,0x0000,0x0000,0x0000,0x0000,0x0000,0x0000,0x0000,0x0000,0x0000,0x0000,0x0000,0x0000,0x0000,0x0000,
    0x0000,0x0000,0x0000,0x0000,0x0000,0x0000,0x0000,0x0000,0x0000,0x0000,0x0000,0x0000,0x0000,0x0000,0x0000,0x0000,
    0x0000,0x0000,0x39C3,0x7B87,0xA4C9,0xC5AA,0xD62B,0xDE6B,0xDE6B,0xD62B,0xC5AA,0xA4C9,0x7B87,0x39C3,0x0000,0x0000,
    0x0000,0x0000,0x0000,0x0000,0x0000,0x0000,0x0000,0x0000,0x0000,0x0000,0x0000,0x0000,0x0000,0x0000,0x0000,0x0000,
    0x0000,0x0000,0x0000,0x0000,0x0000,0x0000,0x0000,0x0000,0x0000,0x0000,0x0000,0x0000,0x0000,0x0000,0x0000,0x2102,
    0x83E7,0xCDEA,0xE68B,0xE68B,0xE68B,0xE68B,0xE68B,0xE68B,0xE68B,0xE68B,0xE68B,0xE68B,0xE68B,0xE68B,0xCDEA,0x83E7,
    0x2102,0x0000,0x0000,0x0000,0x0000,0x0000,0x0000,0x0000,0x0000,0x0000,0x0000,0x0000,0x0000,0x0000,0x0000,0x0000,
    0x0000,0x0000,0x0000,0x0000,0x0000,0x0000,0x0000,0x0000,0x0000,0x0000,0x0000,0x0000,0x0000,0x10A1,0x8C28,0xE68B,
    0xE68B,0xE68B,0xE68B,0xE68B,0xE68B,0xE68B,0xE68B,0xE68B,0xE68B,0xE68B,0xE68B,0xE68B,0xE68B,0xE68B,0xE68B,0xE68B,
    0xE68B,0x8C28,0x10A1,0x0000,0x0000,0x0000,0x0000,0x0000,0x0000,0x0000,0x0000,0x0000,0x0000,0x0000,0x0000,0x0000,
    0x0000,0x0000,0x0000,0x0000,0x0000,0x0000,0x0000,0x0000,0x0000,0x0000,0x0000,0x0000,0x62E5,0xD62B,0xE68B,0xE68B,
    0xE68B,0xE68B,0xE68B,0xE68B,0xE68B,0xE68B,0xE68B,0xE68B,0xE68B,0xE68B,0xE68B,0xE68B,0xE68B,0xE68B,0xE68B,0xE68B,
    0xE68B,0xE68B,0xD62B,0x62E5,0x0000,0x0000,0x0000,0x0000,0x0000,0x0000,0x0000,0x0000,0x0000,0x0000,0x0000,0x0000,
    0x0000,0x0000,0x0000,0x0000,0x0000,0x0000,0x0000,0x0000,0x0000,0x0000,0x0000,0x8C28,0xE68B,0xE68B,0xE68B,0xE68B,
    0xE68B,0xE68B,0xE68B,0xE68B,0xE68B,0xE68B,0xE68B,0xE68B,0xE68B,0xE68B,0xE68B,0xE68B,0xE68B,0xE68B,0xE68B,0xE68B,
    0xE68B,0xE68B,0xE68B,0xE68B,0x8C28,0x0000,0x0000,0x0000,0x0000,0x0000,0x0000,0x0000,0x0000,0x0000,0x0000,0x0000,
    0x0000,0x0000,0x0000,0x0000,0x0000,0x0000,0x0000,0x0000,0x0000,0x0000,0xA4C9,0xE68B,0xE68B,0xE68B,0xE68B,0xE68B,
    0xE68B,0xE68B,0xE68B,0xE68B,0xE68B,0xE68B,0xE68B,0xE68B,0xE68B,0xE68B,0xE68B,0xE68B,0xE68B,0xE68B,0xE68B,0xE68B,
    0xE68B,0xE68B,0xE68B,0xE68B,0xE68B,0xA4C9,0x0000,0x0000,0x0000,0x0000,0x0000,0x0000,0x0000,0x0000,0x0000,0x0000,
    0x0000,0x0000,0x0000,0x0000,0x0000,0x0000,0x0000,0x0000,0x0000,0xA4C9,0xE68B,0xE68B,0xE68B,0xE68B,0xE68B,0xE68B,
    0xE68B,0xE68B,0xE68B,0xE68B,0xE68B,0xE68B,0xE68B,0xE68B,0xE68B,0xE68B,0xE68B,0xE68B,0xE68B,0xE68B,0xE68B,0xE68B,
    0xE68B,0xE68B,0xE68B,0xE68B,0xE68B,0xE68B,0xA4C9,0x0000,0x0000,0x0000,0x0000,0x0000,0x0000,0x0000,0x0000,0x0000,
    0x0000,0x0000,0x0000,0x0000,0x0000,0x0000,0x0000,0x0000,0x8C28,0xE68B,0xE68B,0xE68B,0xE68B,0xE68B,0xE68B,0xE68B,
    0xE68B,0xE68B,0xE68B,0xE68B,0xE68B,0xE68B,0xE68B,0xE68B,0xE68B,0xE68B,0xE68B,0xE68B,0xE68B,0xE68B,0xE68B,0xE68B,
    0xE68B,0xE68B,0xE68B,0xE68B,0xE68B,0xE68B,0xE68B,0x8C28,0x0000,0x0000,0x0000,0x0000,0x0000,0x0000,0x0000,0x0000,
    0x0000,0x0000,0x0000,0x0000,0x0000,0x0000,0x0000,0x62E5,0xE68B,0xE68B,0xE68B,0xE68B,0xE68B,0xE68B,0xE68B,0xE68B,
    0xE68B,0xE68B,0xE68B,0xE68B,0xE68B,0xE68B,0xE68B,0xE68B,0xE68B,0xE68B,0xE68B,0xE68B,0xE68B,0xE68B,0xE68B,0xE68B,
    0xE68B,0xE68B,0xE68B,0xE68B,0xE68B,0xE68B,0xE68B,0xE68B,0x62E5,0x0000,0x0000,0x0000,0x0000,0x0000,0x0000,0x0000,
    0x0000,0x0000,0x0000,0x0000,0x0000,0x0000,0x10A1,0xD62B,0xE68B,0xE68B,0xE68B,0xE68B,0xE68B,0xE68B,0xE68B,0xE68B,
    0xE68B,0xE68B,0xE68B,0xE68B,0xE68B,0xE68B,0xE68B,0xE68B,0xE68B,0xE68B,0xE68B,0xE68B,0xE68B,0xE68B,0xE68B,0xE68B,
    0xE68B,0xE68B,0xE68B,0xE68B,0xE68B,0xE68B,0xE68B,0xE68B,0xD62B,0x10A1,0x0000,0x0000,0x0000,0x0000,0x0000,0x0000,
    0x0000,0x0000,0x0000,0x0000,0x0000,0x0000,0x8C28,0xE68B,0xE68B,0xE68B,0xE68B,0xE68B,0xE68B,0xE68B,0xE68B,0xE68B,
    0xE68B,0xE68B,0xE68B,0xE68B,0xE68B,0xE68B,0xE68B,0xE68B,0xE68B,0xE68B,0xE68B,0xE68B,0xE68B,0xE68B,0xE68B,0xE68B,
    0xE68B,0xE68B,0xE68B,0xE68B,0xE68B,0xE68B,0xE68B,0xE68B,0xE68B,0x8C28,0x0000,0x0000,0x0000,0x0000,0x0000,0x0000,
    0x0000,0x0000,0x0000,0x0000,0x0000,0x2102,0xE68B,0xE68B,0xE68B,0xE68B,0xE68B,0xE68B,0xE68B,0xE68B,0xE68B,0xE68B,
    0xE68B,0xE68B,0xE68B,0xE68B,0xE68B,0xE68B,0xE68B,0xE68B,0xE68B,0xE68B,0xE68B,0xE68B,0xE68B,0xE68B,0xE68B,0xE68B,
    0xE68B,0xE68B,0xE68B,0xE68B,0xE68B,0xE68B,0xE68B,0xE68B,0xE68B,0xE68B,0x2102,0x0000,0x0000,0x0000,0x0000,0x0000,
    0x0000,0x0000,0x0000,0x0000,0x0000,0x83E7,0xE68B,0xE68B,0xE68B,0xE68B,0xE68B,0xE68B,0xE68B,0xE68B,0xE68B,0xE68B,
    0xE68B,0xE68B,0xE68B,0xE68B,0xE68B,0xE68B,0xE68B,0xE68B,0xE68B,0xE68B,0xE68B,0xE68B,0xE68B,0xE68B,0xE68B,0xE68B,
    0xE68B,0xE68B,0xE68B,0xE68B,0xE68B,0xE68B,0xE68B,0xE68B,0xE68B,0xE68B,0x83E7,0x0000,0x0000,0x0000,0x0000,0x0000,
    0x0000,0x0000,0x0000,0x0000,0x0000,0xCDEA,0xE68B,0xE68B,0xE68B,0xE68B,0xE68B,0xE68B,0xE68B,0xE68B,0xE68B,0xE68B,
    0xE68B,0xE68B,0xE68B,0xE68B,0xE68B,0xE68B,0xE68B,0xE68B,0xE68B,0xE68B,0xE68B,0xE68B,0xE68B,0xE68B,0xE68B,0xE68B,
    0xE68B,0xE68B,0xE68B,0xE68B,0xE68B,0xE68B,0xE68B,0xE68B,0xE68B,0xE68B,0xCDEA,0x0000,0x0000,0x0000,0x0000,0x0000,
    0x0000,0x0000,0x0000,0x0000,0x39C3,0xE68B,0xE68B,0xE68B,0xE68B,0xE68B,0xE68B,0xE68B,0xE68B,0xE68B,0xE68B,0xE68B,
    0xE68B,0xE68B,0xE68B,0xE68B,0xE68B,0xE68B,0xE68B,0xE68B,0xE68B,0xE68B,0xE68B,0xE68B,0xE68B,0xE68B,0xE68B,0xE68B,
    0xE68B,0xE68B,0xE68B,0xE68B,0xE68B,0xE68B,0xE68B,0xE68B,0xE68B,0xE68B,0xE68B,0x39C3,0x0000,0x0000,0x0000,0x0000,
    0x0000,0x0000,0x0000,0x0000,0x7B87,0xE68B,0xE68B,0xE68B,0xE68B,0xE68B,0xE68B,0xE68B,0xE68B,0xE68B,0xE68B,0xE68B,
    0xE68B,0xE68B,0xE68B,0xE68B,0xE68B,0xE68B,0xE68B,0xE68B,0xE68B,0xE68B,0xE68B,0xE68B,0xE68B,0xE68B,0xE68B,0xE68B,
    0xE68B,0xE68B,0xE68B,0xE68B,0xE68B,0xE68B,0xE68B,0xE68B,0xE68B,0xE68B,0xE68B,0x7B87,0x0000,0x0000,0x0000,0x0000,
    0x0000,0x0000,0x0000,0x0000,0xA4C9,0xE68B,0xE68B,0xE68B,0xE68B,0xE68B,0xE68B,0xE68B,0xE68B,0xE68B,0xE68B,0xE68B,
    0xE68B,0xE68B,0xE68B,0xE68B,0xE68B,0xE68B,0xE68B,0xE68B,0xE68B,0xE68B,0xE68B,0xE68B,0xE68B,0xE68B,0xE68B,0xE68B,
    0xE68B,0xE68B,0xE68B,0xE68B,0xE68B,0xE68B,0xE68B,0xE68B,0xE68B,0xE68B,0xE68B,0xA4C9,0x0000,0x0000,0x0000,0x0000,
    0x0000,0x0000,0x0000,0x0000,0xC5AA,0xE68B,0xE68B,0xE68B,0xE68B,0xE68B,0xE68B,0xE68B,0xE68B,0xE68B,0xE68B,0xE68B,
    0xCDEA,0x2101,0x0000,0x0000,0x0000,0x0000,0x0000,0x0000,0x0000,0x0000,0x0000,0x0000,0x0000,0x0000,0x2101,0xCDEA,
    0xE68B,0xE68B,0xE68B,0xE68B,0xE68B,0xE68B,0xE68B,0xE68B,0xE68B,0xE68B,0xE68B,0xC5AA,0x0000,0x0000,0x0000,0x0000,
    0x0000,0x0000,0x0000,0x0000,0xD62B,0xE68B,0xE68B,0xE68B,0xE68B,0xE68B,0xE68B,0xE68B,0xE68B,0xE68B,0xE68B,0xE68B,
    0xE68B,0xCDEA,0x2101,0x0000,0x0000,0x0000,0x0000,0x0000,0x0000,0x0000,0x0000,0x0000,0x0000,0x2101,0xCDEA,0xE68B,
    0xE68B,0xE68B,0xE68B,0xE68B,0xE68B,0xE68B,0xE68B,0xE68B,0xE68B,0xE68B,0xE68B,0xD62B,0x0000,0x0000,0x0000,0x0000,
    0x0000,0x0000,0x0000,0x0000,0xDE6B,0xE68B,0xE68B,0xE68B,0xE68B,0xE68B,0xE68B,0xE68B,0xE68B,0xE68B,0xE68B,0xE68B,
    0xE68B,0xE68B,0xCDEA,0x2101,0x0000,0x0000,0x0000,0x0000,0x0000,0x0000,0x0000,0x0000,0x2101,0xCDEA,0xE68B,0xE68B,
    0xE68B,0xE68B,0xE68B,0xE68B,0xE68B,0xE68B,0xE68B,0xE68B,0xE68B,0xE68B,0xE68B,0xDE6B,0x0000,0x0000,0x0000,0x0000,
    0x0000,0x0000,0x0000,0x0000,0xDE6B,0xE68B,0xE68B,0xE68B,0xE68B,0xE68B,0xE68B,0xE68B,0xE68B,0xE68B,0xE68B,0xE68B,
    0xE68B,0xE68B,0xE68B,0xCDEA,0x2101,0x0000,0x0000,0x0000,0x0000,0x0000,0x0000,0x2101,0xCDEA,0xE68B,0xE68B,0xE68B,
    0xE68B,0xE68B,0xE68B,0xE68B,0xE68B,0xE68B,0xE68B,0xE68B,0xE68B,0xE68B,0xE68B,0xDE6B,0x0000,0x0000,0x0000,0x0000,
    0x0000,0x0000,0x0000,0x0000,0xD62B,0xE68B,0xE68B,0xE68B,0xE68B,0xE68B,0xE68B,0xE68B,0xE68B,0xE68B,0xE68B,0xE68B,
    0xE68B,0xE68B,0xE68B,0xE68B,0xCDEA,0x2101,0x0000,0x0000,0x0000,0x0000,0x2101,0xCDEA,0xE68B,0xE68B,0xE68B,0xE68B,
    0xE68B,0xE68B,0xE68B,0xE68B,0xE68B,0xE68B,0xE68B,0xE68B,0xE68B,0xE68B,0xE68B,0xD62B,0x0000,0x0000,0x0000,0x0000,
    0x0000,0x0000,0x0000,0x0000,0xC5AA,0xE68B,0xE68B,0xE68B,0xE68B,0xE68B,0xE68B,0xE68B,0xE68B,0xE68B,0xE68B,0xE68B,
    0xE68B,0xE68B,0xE68B,0xE68B,0xE68B,0xCDEA,0x2101,0x0000,0x0000,0x2101,0xCDEA,0xE68B,0xE68B,0xE68B,0xE68B,0xE68B,
    0xE68B,0xE68B,0xE68B,0xE68B,0xE68B,0xE68B,0xE68B,0xE68B,0xE68B,0xE68B,0xE68B,0xC5AA,0x0000,0x0000,0x0000,0x0000,
    0x0000,0x0000,0x0000,0x0000,0xA4C9,0xE68B,0xE68B,0xE68B,0xE68B,0xE68B,0xE68B,0xE68B,0xE68B,0xE68B,0xE68B,0xE68B,
    0xE68B,0xE68B,0xE68B,0xE68B,0xE68B,0xE68B,0xCDEA,0x2101,0x2101,0xCDEA,0xE68B,0xE68B,0xE68B,0xE68B,0xE68B,0xE68B,
    0xE68B,0xE68B,0xE68B,0xE68B,0xE68B,0xE68B,0xE68B,0xE68B,0xE68B,0xE68B,0xE68B,0xA4C9,0x0000,0x0000,0x0000,0x0000,
    0x0000,0x0000,0x0000,0x0000,0x7B87,0xE68B,0xE68B,0xE68B,0xE68B,0xE68B,0xE68B,0xE68B,0xE68B,0xE68B,0xE68B,0xE68B,
    0xE68B,0xE68B,0xE68B,0xE68B,0xE68B,0xE68B,0xE68B,0xCDEA,0xCDEA,0xE68B,0xE68B,0xE68B,0xE68B,0xE68B,0xE68B,0xE68B,
    0xE68B,0xE68B,0xE68B,0xE68B,0xE68B,0xE68B,0xE68B,0xE68B,0xE68B,0xE68B,0xE68B,0x7B87,0x0000,0x0000,0x0000,0x0000,
    0x0000,0x0000,0x0000,0x0000,0x39C3,0xE68B,0xE68B,0xE68B,0xE68B,0xE68B,0xE68B,0xE68B,0xE68B,0xE68B,0xE68B,0xE68B,
    0xE68B,0xE68B,0xE68B,0xE68B,0xE68B,0xE68B,0xE68B,0xE68B,0xE68B,0xE68B,0xE68B,0xE68B,0xE68B,0xE68B,0xE68B,0xE68B,
    0xE68B,0xE68B,0xE68B,0xE68B,0xE68B,0xE68B,0xE68B,0xE68B,0xE68B,0xE68B,0xE68B,0x39C3,0x0000,0x0000,0x0000,0x0000,
    0x0000,0x0000,0x0000,0x0000,0x0000,0xCDEA,0xE68B,0xE68B,0xE68B,0xE68B,0xE68B,0xE68B,0xE68B,0xE68B,0xE68B,0xE68B,
    0xE68B,0xE68B,0xE68B,0xE68B,0xE68B,0xE68B,0xE68B,0xE68B,0xE68B,0xE68B,0xE68B,0xE68B,0xE68B,0xE68B,0xE68B,0xE68B,
    0xE68B,0xE68B,0xE68B,0xE68B,0xE68B,0xE68B,0xE68B,0xE68B,0xE68B,0xE68B,0xCDEA,0x0000,0x0000,0x0000,0x0000,0x0000,
    0x0000,0x0000,0x0000,0x0000,0x0000,0x83E7,0xE68B,0xE68B,0xE68B,0xE68B,0xE68B,0xE68B,0xE68B,0xE68B,0xE68B,0xE68B,
    0xE68B,0xE68B,0xE68B,0xE68B,0xE68B,0xE68B,0xE68B,0xE68B,0xE68B,0xE68B,0xE68B,0xE68B,0xE68B,0xE68B,0xE68B,0xE68B,
    0xE68B,0xE68B,0xE68B,0xE68B,0xE68B,0xE68B,0xE68B,0xE68B,0xE68B,0xE68B,0x83E7,0x0000,0x0000,0x0000,0x0000,0x0000,
    0x0000,0x0000,0x0000,0x0000,0x0000,0x2102,0xE68B,0xE68B,0xE68B,0xE68B,0xE68B,0xE68B,0xE68B,0xE68B,0xE68B,0xE68B,
    0xE68B,0xE68B,0xE68B,0xE68B,0xE68B,0xE68B,0xE68B,0xE68B,0xE68B,0xE68B,0xE68B,0xE68B,0xE68B,0xE68B,0xE68B,0xE68B,
    0xE68B,0xE68B,0xE68B,0xE68B,0xE68B,0xE68B,0xE68B,0xE68B,0xE68B,0xE68B,0x2102,0x0000,0x0000,0x0000,0x0000,0x0000,
    0x0000,0x0000,0x0000,0x0000,0x0000,0x0000,0x8C28,0xE68B,0xE68B,0xE68B,0xE68B,0xE68B,0xE68B,0xE68B,0xE68B,0xE68B,
    0xE68B,0xE68B,0xE68B,0xE68B,0xE68B,0xE68B,0xE68B,0xE68B,0xE68B,0xE68B,0xE68B,0xE68B,0xE68B,0xE68B,0xE68B,0xE68B,
    0xE68B,0xE68B,0xE68B,0xE68B,0xE68B,0xE68B,0xE68B,0xE68B,0xE68B,0x8C28,0x0000,0x0000,0x0000,0x0000,0x0000,0x0000,
    0x0000,0x0000,0x0000,0x0000,0x0000,0x0000,0x10A1,0xD62B,0xE68B,0xE68B,0xE68B,0xE68B,0xE68B,0xE68B,0xE68B,0xE68B,
    0xE68B,0xE68B,0xE68B,0xE68B,0xE68B,0xE68B,0xE68B,0xE68B,0xE68B,0xE68B,0xE68B,0xE68B,0xE68B,0xE68B,0xE68B,0xE68B,
    0xE68B,0xE68B,0xE68B,0xE68B,0xE68B,0xE68B,0xE68B,0xE68B,0xD62B,0x10A1,0x0000,0x0000,0x0000,0x0000,0x0000,0x0000,
    0x0000,0x0000,0x0000,0x0000,0x0000,0x0000,0x0000,0x62E5,0xE68B,0xE68B,0xE68B,0xE68B,0xE68B,0xE68B,0xE68B,0xE68B,
    0xE68B,0xE68B,0xE68B,0xE68B,0xE68B,0xE68B,0xE68B,0xE68B,0xE68B,0xE68B,0xE68B,0xE68B,0xE68B,0xE68B,0xE68B,0xE68B,
    0xE68B,0xE68B,0xE68B,0xE68B,0xE68B,0xE68B,0xE68B,0xE68B,0x62E5,0x0000,0x0000,0x0000,0x0000,0x0000,0x0000,0x0000,
    0x0000,0x0000,0x0000,0x0000,0x0000,0x0000,0x0000,0x0000,0x8C28,0xE68B,0xE68B,0xE68B,0xE68B,0xE68B,0xE68B,0xE68B,
    0xE68B,0xE68B,0xE68B,0xE68B,0xE68B,0xE68B,0xE68B,0xE68B,0xE68B,0xE68B,0xE68B,0xE68B,0xE68B,0xE68B,0xE68B,0xE68B,
    0xE68B,0xE68B,0xE68B,0xE68B,0xE68B,0xE68B,0xE68B,0x8C28,0x0000,0x0000,0x0000,0x0000,0x0000,0x0000,0x0000,0x0000,
    0x0000,0x0000,0x0000,0x0000,0x0000,0x0000,0x0000,0x0000,0x0000,0xA4C9,0xE68B,0xE68B,0xE68B,0xE68B,0xE68B,0xE68B,
    0xE68B,0xE68B,0xE68B,0xE68B,0xE68B,0xE68B,0xE68B,0xE68B,0xE68B,0xE68B,0xE68B,0xE68B,0xE68B,0xE68B,0xE68B,0xE68B,
    0xE68B,0xE68B,0xE68B,0xE68B,0xE68B,0xE68B,0xA4C9,0x0000,0x0000,0x0000,0x0000,0x0000,0x0000,0x0000,0x0000,0x0000,
    0x0000,0x0000,0x0000,0x0000,0x0000,0x0000,0x0000,0x0000,0x0000,0x0000,0xA4C9,0xE68B,0xE68B,0xE68B,0xE68B,0xE68B,
    0xE68B,0xE68B,0xE68B,0xE68B,0xE68B,0xE68B,0xE68B,0xE68B,0xE68B,0xE68B,0xE68B,0xE68B,0xE68B,0xE68B,0xE68B,0xE68B,
    0xE68B,0xE68B,0xE68B,0xE68B,0xE68B,0xA4C9,0x0000,0x0000,0x0000,0x0000,0x0000,0x0000,0x0000,0x0000,0x0000,0x0000,
    0x0000,0x0000,0x0000,0x0000,0x0000,0x0000,0x0000,0x0000,0x0000,0x0000,0x0000,0x8C28,0xE68B,0xE68B,0xE68B,0xE68B,
    0xE68B,0xE68B,0xE68B,0xE68B,0xE68B,0xE68B,0xE68B,0xE68B,0xE68B,0xE68B,0xE68B,0xE68B,0xE68B,0xE68B,0xE68B,0xE68B,
    0xE68B,0xE68B,0xE68B,0xE68B,0x8C28,0x0000,0x0000,0x0000,0x0000,0x0000,0x0000,0x0000,0x0000,0x0000,0x0000,0x0000,
    0x0000,0x0000,0x0000,0x0000,0x0000,0x0000,0x0000,0x0000,0x0000,0x0000,0x0000,0x0000,0x62E5,0xD62B,0xE68B,0xE68B,
    0xE68B,0xE68B,0xE68B,0xE68B,0xE68B,0xE68B,0xE68B,0xE68B,0xE68B,0xE68B,0xE68B,0xE68B,0xE68B,0xE68B,0xE68B,0xE68B,
    0xE68B,0xE68B,0xD62B,0x62E5,0x0000,0x0000,0x0000,0x0000,0x0000,0x0000,0x0000,0x0000,0x0000,0x0000,0x0000,0x0000,
    0x0000,0x0000,0x0000,0x0000,0x0000,0x0000,0x0000,0x0000,0x0000,0x0000,0x0000,0x0000,0x0000,0x10A1,0x8C28,0xE68B,
    0xE68B,0xE68B,0xE68B,0xE68B,0xE68B,0xE68B,0xE68B,0xE68B,0xE68B,0xE68B,0xE68B,0xE68B,0xE68B,0xE68B,0xE68B,0xE68B,
    0xE68B,0x8C28,0x10A1,0x0000,0x0000,0x0000,0x0000,0x0000,0x0000,0x0000,0x0000,0x0000,0x0000,0x0000,0x0000,0x0000,
    0x0000,0x0000,0x0000,0x0000,0x0000,0x0000,0x0000,0x0000,0x0000,0x0000,0x0000,0x0000,0x0000,0x0000,0x0000,0x2102,
    0x83E7,0xCDEA,0xE68B,0xE68B,0xE68B,0xE68B,0xE68B,0xE68B,0xE68B,0xE68B,0xE68B,0xE68B,0xE68B,0xE68B,0xCDEA,0x83E7,
    0x2102,0x0000,0x0000,0x0000,0x0000,0x0000,0x0000,0x0000,0x0000,0x0000,0x0000,0x0000,0x0000,0x0000,0x0000,0x0000,
    0x0000,0x0000,0x0000,0x0000,0x0000,0x0000,0x0000,0x0000,0x0000,0x0000,0x0000,0x0000,0x0000,0x0000,0x0000,0x0000,
    0x0000,0x0000,0x39C3,0x7B87,0xA4C9,0xC5AA,0xD62B,0xDE6B,0xDE6B,0xD62B,0xC5AA,0xA4C9,0x7B87,0x39C3,0x0000,0x0000,
    0x0000,0x0000,0x0000,0x0000,0x0000,0x0000,0x0000,0x0000,0x0000,0x0000,0x0000,0x0000,0x0000,0x0000,0x0000,0x0000,
    0x0000,0x0000,0x0000,0x0000,0x0000,0x0000,0x0000,0x0000,0x0000,0x0000,0x0000,0x0000,0x0000,0x0000,0x0000,0x0000,
    0x0000,0x0000,0x0000,0x0000,0x0000,0x0000,0x0000,0x0000,0x0000,0x0000,0x0000,0x0000,0x0000,0x0000,0x0000,0x0000,
    0x0000,0x0000,0x0000,0x0000,0x0000,0x0000,0x0000,0x0000,0x0000,0x0000,0x0000,0x0000,0x0000,0x0000,0x0000,0x0000,
    0x0000,0x0000,0x0000,0x0000,0x0000,0x0000,0x0000,0x0000,0x0000,0x0000,0x0000,0x0000,0x0000,0x0000,0x0000,0x0000,
    0x0000,0x0000,0x0000,0x0000,0x0000,0x0000,0x0000,0x0000,0x0000,0x0000,0x0000,0x0000,0x0000,0x0000,0x0000,0x0000,
    0x0000,0x0000,0x0000,0x0000,0x0000,0x0000,0x0000,0x0000,0x0000,0x0000,0x0000,0x0000,0x0000,0x0000,0x0000,0x0000,
    0x0000,0x0000,0x0000,0x0000,0x0000,0x0000,0x0000,0x0000,0x0000,0x0000,0x0000,0x0000,0x0000,0x0000,0x0000,0x0000,
    0x0000,0x0000,0x0000,0x0000,0x0000,0x0000,0x0000,0x0000,0x0000,0x0000,0x0000,0x0000,0x0000,0x0000,0x0000,0x0000,
    0x0000,0x0000,0x0000,0x0000,0x0000,0x0000,0x0000,0x0000,0x0000,0x0000,0x0000,0x0000,0x0000,0x0000,0x0000,0x0000,
    0x0000,0x0000,0x0000,0x0000,0x0000,0x0000,0x0000,0x0000,0x0000,0x0000,0x0000,0x0000,0x0000,0x0000,0x0000,0x0000,
    0x0000,0x0000,0x0000,0x0000,0x0000,0x0000,0x0000,0x0000,0x0000,0x0000,0x0000,0x0000,0x0000,0x0000,0x0000,0x0000,
    0x0000,0x0000,0x0000,0x0000,0x0000,0x0000,0x0000,0x0000,0x0000,0x0000,0x0000,0x0000,0x0000,0x0000,0x0000,0x0000,
  },
  /* вгору */ {
    0x0000,0x0000,0x0000,0x0000,0x0000,0x0000,0x0000,0x0000,0x0000,0x0000,0x0000,0x0000,0x0000,0x0000,0x0000,0x0000,
    0x0000,0x0000,0x0000,0x0000,0x0000,0x0000,0x0000,0x0000,0x0000,0x0000,0x0000,0x0000,0x0000,0x0000,0x0000,0x0000,
    0x0000,0x0000,0x0000,0x0000,0x0000,0x0000,0x0000,0x0000,0x0000,0x0000,0x0000,0x0000,0x0000,0x0000,0x0000,0x0000,
    0x0000,0x0000,0x0000,0x0000,0x0000,0x0000,0x0000,0x0000,0x0000,0x0000,0x0000,0x0000,0x0000,0x0000,0x0000,0x0000,
    0x0000,0x0000,0x0000,0x0000,0x0000,0x0000,0x0000,0x0000,0x0000,0x0000,0x0000,0x0000,0x0000,0x0000,0x0000,0x0000,
    0x0000,0x0000,0x0000,0x0000,0x0000,0x0000,0x0000,0x0000,0x0000,0x0000,0x0000,0x0000,0x0000,0x0000,0x0000,0x0000,
    0x0000,0x0000,0x0000,0x0000,0x0000,0x0000,0x0000,0x0000,0x0000,0x0000,0x0000,0x0000,0x0000,0x0000,0x0000,0x0000,
    0x0000,0x0000,0x0000,0x0000,0x0000,0x0000,0x0000,0x0000,0x0000,0x0000,0x0000,0x0000,0x0000,0x0000,0x0000,0x0000,
    0x0000,0x0000,0x0000,0x0000,0x0000,0x0000,0x0000,0x0000,0x0000,0x0000,0x0000,0x0000,0x0000,0x0000,0x0000,0x0000,
    0x0000,0x0000,0x0000,0x0000,0x0000,0x0000,0x0000,0x0000,0x0000,0x0000,0x0000,0x0000,0x0000,0x0000,0x0000,0x0000,
    0x0000,0x0000,0x0000,0x0000,0x0000,0x0000,0x0000,0x0000,0x0000,0x0000,0x0000,0x0000,0x0000,0x0000,0x0000,0x0000,
    0x0000,0x0000,0x0000,0x0000,0x0000,0x0000,0x0000,0x0000,0x0000,0x0000,0x0000,0x0000,0x0000,0x0000,0x0000,0x0000,
    0x0000,0x0000,0x0000,0x0000,0x0000,0x0000,0x0000,0x0000,0x0000,0x0000,0x0000,0x0000,0x0000,0x0000,0x0000,0x0000,
    0x0000,0x0000,0x0841,0x18C3,0x2104,0x2945,0x2965,0x3186,0x3186,0x2965,0x2945,0x2104,0x18C3,0x0841,0x0000,0x0000,
    0x0000,0x0000,0x0000,0x0000,0x0000,0x0000,0x0000,0x0000,0x0000,0x0000,0x0000,0x0000,0x0000,0x0000,0x0000,0x0000,
    0x0000,0x0000,0x0000,0x0000,0x0000,0x0000,0x0000,0x0000,0x0000,0x0000,0x0000,0x0000,0x0000,0x0000,0x0000,0x0020,
    0x18C3,0x2965,0x3186,0x3186,0x3186,0x3186,0x3186,0x3186,0x3186,0x3186,0x3186,0x3186,0x3186,0x3186,0x2965,0x18C3,
    0x0020,0x0000,0x0000,0x0000,0x0000,0x0000,0x0000,0x0000,0x0000,0x0000,0x0000,0x0000,0x0000,0x0000,0x0000,0x0000,
    0x0000,0x0000,0x0000,0x0000,0x0000,0x0000,0x0000,0x0000,0x0000,0x0000,0x0000,0x0000,0x0000,0x0020,0x18E3,0x3186,
    0x3186,0x3186,0x3186,0x3186,0x3186,0x3186,0x3186,0x3186,0x3186,0x3186,0x3186,0x3186,0x3186,0x3186,0x3186,0x3186,
    0x3186,0x18E3,0x0020,0x0000,0x0000,0x0000,0x0000,0x0000,0x0000,0x0000,0x0000,0x0000,0x0000,0x0000,0x0000,0x0000,
    0x0000,0x0000,0x0000,0x0000,0x0000,0x0000,0x0000,0x0000,0x0000,0x0000,0x0000,0x0000,0x1082,0x2965,0x3186,0x3186,
    0x3186,0x3186,0x3186,0x3186,0x3186,0x3186,0x3186,0x3186,0x3186,0x3186,0x3186,0x3186,0x3186,0x3186,0x3186,0x3186,
    0x3186,0x3186,0x2965,0x1082,0x0000,0x0000,0x0000,0x0000,0x0000,0x0000,0x0000,0x0000,0x0000,0x0000,0x0000,0x0000,
    0x0000,0x0000,0x0000,0x0000,0x0000,0x0000,0x0000,0x0000,0x0000,0x0000,0x0000,0x18E3,0x3186,0x3186,0x3186,0x3186,
    0x3186,0x3186,0x3186,0x3186,0x3186,0x3186,0x3186,0x3186,0x3186,0x3186,0x3186,0x3186,0x3186,0x3186,0x3186,0x3186,
    0x3186,0x3186,0x3186,0x3186,0x18E3,0x0000,0x0000,0x0000,0x0000,0x0000,0x0000,0x0000,0x0000,0x0000,0x0000,0x0000,
    0x0000,0x0000,0x0000,0x0000,0x0000,0x0000,0x0000,0x0000,0x0000,0x0000,0x2104,0x3186,0x3186,0x3186,0x3186,0x3186,
    0x3186,0x3186,0x3186,0x3186,0x3186,0x3186,0x3186,0x3186,0x3186,0x3186,0x3186,0x3186,0x3186,0x3186,0x3186,0x3186,
    0x3186,0x3186,0x3186,0x3186,0x3186,0x2104,0x0000,0x0000,0x0000,0x0000,0x0000,0x0000,0x0000,0x0000,0x0000,0x0000,
    0x0000,0x0000,0x0000,0x0000,0x0000,0x0000,0x0000,0x0000,0x0000,0x2104,0x3186,0x3186,0x3186,0x3186,0x3186,0x3186,
    0x3186,0x3186,0x3186,0x3186,0x3186,0x3186,0x3186,0x3186,0x3186,0x3186,0x3186,0x3186,0x3186,0x3186,0x3186,0x3186,
    0x3186,0x3186,0x3186,0x3186,0x3186,0x3186,0x2104,0x0000,0x0000,0x0000,0x0000,0x0000,0x0000,0x0000,0x0000,0x0000,
    0x0000,0x0000,0x0000,0x0000,0x0000,0x0000,0x0000,0x0000,0x18E3,0x3186,0x3186,0x3186,0x3186,0x3186,0x3186,0x3186,
    0x3186,0x3186,0x3186,0x3186,0x3186,0x3186,0x3186,0x3186,0x3186,0x3186,0x3186,0x3186,0x3186,0x3186,0x3186,0x3186,
    0x3186,0x3186,0x3186,0x3186,0x3186,0x3186,0x3186,0x18E3,0x0000,0x0000,0x0000,0x0000,0x0000,0x0000,0x0000,0x0000,
    0x0000,0x0000,0x0000,0x0000,0x0000,0x0000,0x0000,0x1082,0x3186,0x3186,0x3186,0x3186,0x3186,0x3186,0x3186,0x3186,
    0x3186,0x3186,0x3186,0x3186,0x3186,0x3186,0x3186,0x3186,0x3186,0x3186,0x3186,0x3186,0x3186,0x3186,0x3186,0x3186,
    0x3186,0x3186,0x3186,0x3186,0x3186,0x3186,0x3186,0x3186,0x1082,0x0000,0x0000,0x0000,0x0000,0x0000,0x0000,0x0000,
    0x0000,0x0000,0x0000,0x0000,0x0000,0x0000,0x0020,0x2965,0x3186,0x3186,0x3186,0x3186,0x3186,0x3186,0x3186,0x3186,
    0x3186,0x3186,0x3186,0x3186,0x3186,0x3186,0x3186,0x3186,0x3186,0x3186,0x3186,0x3186,0x3186,0x3186,0x3186,0x3186,
    0x3186,0x3186,0x3186,0x3186,0x3186,0x3186,0x3186,0x3186,0x2965,0x0020,0x0000,0x0000,0x0000,0x0000,0x0000,0x0000,
    0x0000,0x0000,0x0000,0x0000,0x0000,0x0000,0x18E3,0x3186,0x3186,0x3186,0x3186,0x3186,0x3186,0x3186,0x3186,0x3186,
    0x3186,0x3186,0x3186,0x3186,0x3186,0x3186,0x3186,0x3186,0x3186,0x3186,0x3186,0x3186,0x3186,0x3186,0x3186,0x3186,
    0x3186,0x3186,0x3186,0x3186,0x3186,0x3186,0x3186,0x3186,0x3186,0x18E3,0x0000,0x0000,0x0000,0x0000,0x0000,0x0000,
    0x0000,0x0000,0x0000,0x0000,0x0000,0x0020,0x3186,0x3186,0x3186,0x3186,0x3186,0x3186,0x3186,0x3186,0x3186,0x3186,
    0x3186,0x3186,0x3186,0x3186,0x3186,0x3186,0x3186,0x3186,0x3186,0x3186,0x3186,0x3186,0x3186,0x3186,0x3186,0x3186,
    0x3186,0x3186,0x3186,0x3186,0x3186,0x3186,0x3186,0x3186,0x3186,0x3186,0x0020,0x0000,0x0000,0x0000,0x0000,0x0000,
    0x0000,0x0000,0x0000,0x0000,0x0000,0x18C3,0x3186,0x3186,0x3186,0x3186,0x3186,0x3186,0x3186,0x3186,0x3186,0x3186,
    0x3186,0x3186,0x3186,0x3186,0x3186,0x3186,0x3186,0x3186,0x3186,0x3186,0x3186,0x3186,0x3186,0x3186,0x3186,0x3186,
    0x3186,0x3186,0x3186,0x3186,0x3186,0x3186,0x3186,0x3186,0x3186,0x3186,0x18C3,0x0000,0x0000,0x0000,0x0000,0x0000,
    0x0000,0x0000,0x0000,0x0000,0x0000,0x2965,0x3186,0x3186,0x3186,0x3186,0x3186,0x3186,0x3186,0x3186,0x3186,0x3186,
    0x3186,0x3186,0x3186,0x3186,0x3186,0x3186,0x3186,0x3186,0x3186,0x3186,0x3186,0x3186,0x3186,0x3186,0x3186,0x3186,
    0x3186,0x3186,0x3186,0x3186,0x3186,0x3186,0x3186,0x3186,0x3186,0x3186,0x2965,0x0000,0x0000,0x0000,0x0000,0x0000,
    0x0000,0x0000,0x0000,0x0000,0x0841,0x3186,0x3186,0x3186,0x3186,0x3186,0x3186,0x3186,0x3186,0x3186,0x3186,0x3186,
    0x3186,0x3186,0x3186,0x3186,0x3186,0x3186,0x3186,0x3186,0x3186,0x3186,0x3186,0x3186,0x3186,0x3186,0x3186,0x3186,
    0x3186,0x3186,0x3186,0x3186,0x3186,0x3186,0x3186,0x3186,0x3186,0x3186,0x3186,0x0841,0x0000,0x0000,0x0000,0x0000,
    0x0000,0x0000,0x0000,0x0000,0x18C3,0x3186,0x3186,0x3186,0x3186,0x3186,0x3186,0x3186,0x3186,0x3186,0x3186,0x3186,
    0x3186,0x3186,0x3186,0x3186,0x3186,0x3186,0x3186,0x4206,0x4206,0x3186,0x3186,0x3186,0x3186,0x3186,0x3186,0x3186,
    0x3186,0x3186,0x3186,0x3186,0x3186,0x3186,0x3186,0x3186,0x3186,0x3186,0x3186,0x18C3,0x0000,0x0000,0x0000,0x0000,
    0x0000,0x0000,0x0000,0x0000,0x2104,0x3186,0x3186,0x3186,0x3186,0x3186,0x3186,0x3186,0x3186,0x3186,0x3186,0x3186,
    0x3186,0x3186,0x3186,0x3186,0x3186,0x3186,0x4206,0xC5CA,0xC5CA,0x4206,0x3186,0x3186,0x3186,0x3186,0x3186,0x3186,
    0x3186,0x3186,0x3186,0x3186,0x3186,0x3186,0x3186,0x3186,0x3186,0x3186,0x3186,0x2104,0x0000,0x0000,0x0000,0x0000,
    0x0000,0x0000,0x0000,0x0000,0x2945,0x3186,0x3186,0x3186,0x3186,0x3186,0x3186,0x3186,0x3186,0x3186,0x3186,0x3186,
    0x3186,0x3186,0x3186,0x3186,0x3186,0x4206,0xC5CA,0xE68B,0xE68B,0xC5CA,0x4206,0x3186,0x3186,0x3186,0x3186,0x3186,
    0x3186,0x3186,0x3186,0x3186,0x3186,0x3186,0x3186,0x3186,0x3186,0x3186,0x3186,0x2945,0x0000,0x0000,0x0000,0x0000,
    0x0000,0x0000,0x0000,0x0000,0x2965,0x3186,0x3186,0x3186,0x3186,0x3186,0x3186,0x3186,0x3186,0x3186,0x3186,0x3186,
    0x3186,0x3186,0x3186,0x3186,0x4206,0xC5CA,0xE68B,0xE68B,0xE68B,0xE68B,0xC5CA,0x4206,0x3186,0x3186,0x3186,0x3186,
    0x3186,0x3186,0x3186,0x3186,0x3186,0x3186,0x3186,0x3186,0x3186,0x3186,0x3186,0x2965,0x0000,0x0000,0x0000,0x0000,
    0x0000,0x0000,0x0000,0x0000,0x3186,0x3186,0x3186,0x3186,0x3186,0x3186,0x3186,0x3186,0x3186,0x3186,0x3186,0x3186,
    0x3186,0x3186,0x3186,0x4206,0xC5CA,0xE68B,0xE68B,0xE68B,0xE68B,0xE68B,0xE68B,0xC5CA,0x4206,0x3186,0x3186,0x3186,
    0x3186,0x3186,0x3186,0x3186,0x3186,0x3186,0x3186,0x3186,0x3186,0x3186,0x3186,0x3186,0x0000,0x0000,0x0000,0x0000,
    0x0000,0x0000,0x0000,0x0000,0x3186,0x3186,0x3186,0x3186,0x3186,0x3186,0x3186,0x3186,0x3186,0x3186,0x3186,0x3186,
    0x3186,0x3186,0x4206,0xC5CA,0xE68B,0xE68B,0xE68B,0xE68B,0xE68B,0xE68B,0xE68B,0xE68B,0xC5CA,0x4206,0x3186,0x3186,
    0x3186,0x3186,0x3186,0x3186,0x3186,0x3186,0x3186,0x3186,0x3186,0x3186,0x3186,0x3186,0x0000,0x0000,0x0000,0x0000,
    0x0000,0x0000,0x0000,0x0000,0x2965,0x3186,0x3186,0x3186,0x3186,0x3186,0x3186,0x3186,0x3186,0x3186,0x3186,0x3186,
    0x3186,0x4206,0xC5CA,0xE68B,0xE68B,0xE68B,0xE68B,0xE68B,0xE68B,0xE68B,0xE68B,0xE68B,0xE68B,0xC5CA,0x4206,0x3186,
    0x3186,0x3186,0x3186,0x3186,0x3186,0x3186,0x3186,0x3186,0x3186,0x3186,0x3186,0x2965,0x0000,0x0000,0x0000,0x0000,
    0x0000,0x0000,0x0000,0x0000,0x2945,0x3186,0x3186,0x3186,0x3186,0x3186,0x3186,0x3186,0x3186,0x3186,0x3186,0x3186,
    0x4206,0xC5CA,0xE68B,0xE68B,0xE68B,0xE68B,0xE68B,0xE68B,0xE68B,0xE68B,0xE68B,0xE68B,0xE68B,0xE68B,0xC5CA,0x4206,
    0x3186,0x3186,0x3186,0x3186,0x3186,0x3186,0x3186,0x3186,0x3186,0x3186,0x3186,0x2945,0x0000,0x0000,0x0000,0x0000,
    0x0000,0x0000,0x0000,0x0000,0x2104,0x3186,0x3186,0x3186,0x3186,0x3186,0x3186,0x3186,0x3186,0x3186,0x3186,0x3186,
    0x3186,0x3186,0x3186,0x3186,0x3186,0x3186,0x3186,0x3186,0x3186,0x3186,0x3186,0x3186,0x3186,0x3186,0x3186,0x3186,
    0x3186,0x3186,0x3186,0x3186,0x3186,0x3186,0x3186,0x3186,0x3186,0x3186,0x3186,0x2104,0x0000,0x0000,0x0000,0x0000,
    0x0000,0x0000,0x0000,0x0000,0x18C3,0x3186,0x3186,0x3186,0x3186,0x3186,0x3186,0x3186,0x3186,0x3186,0x3186,0x3186,
    0x3186,0x3186,0x3186,0x3186,0x3186,0x3186,0x3186,0x3186,0x3186,0x3186,0x3186,0x3186,0x3186,0x3186,0x3186,0x3186,
    0x3186,0x3186,0x3186,0x3186,0x3186,0x3186,0x3186,0x3186,0x3186,0x3186,0x3186,0x18C3,0x0000,0x0000,0x0000,0x0000,
    0x0000,0x0000,0x0000,0x0000,0x0841,0x3186,0x3186,0x3186,0x3186,0x3186,0x3186,0x3186,0x3186,0x3186,0x3186,0x3186,
    0x3186,0x3186,0x3186,0x3186,0x3186,0x3186,0x3186,0x3186,0x3186,0x3186,0x3186,0x3186,0x3186,0x3186,0x3186,0x3186,
    0x3186,0x3186,0x3186,0x3186,0x3186,0x3186,0x3186,0x3186,0x3186,0x3186,0x3186,0x0841,0x0000,0x0000,0x0000,0x0000,
    0x0000,0x0000,0x0000,0x0000,0x0000,0x2965,0x3186,0x3186,0x3186,0x3186,0x3186,0x3186,0x3186,0x3186,0x3186,0x3186,
    0x3186,0x3186,0x3186,0x3186,0x3186,0x3186,0x3186,0x3186,0x3186,0x3186,0x3186,0x3186,0x3186,0x3186,0x3186,0x3186,
    0x3186,0x3186,0x3186,0x3186,0x3186,0x3186,0x3186,0x3186,0x3186,0x3186,0x2965,0x0000,0x0000,0x0000,0x0000,0x0000,
    0x0000,0x0000,0x0000,0x0000,0x0000,0x18C3,0x3186,0x3186,0x3186,0x3186,0x3186,0x3186,0x3186,0x3186,0x3186,0x3186,
    0x3186,0x3186,0x3186,0x3186,0x3186,0x3186,0x3186,0x3186,0x3186,0x3186,0x3186,0x3186,0x3186,0x3186,0x3186,0x3186,
    0x3186,0x3186,0x3186,0x3186,0x3186,0x3186,0x3186,0x3186,0x3186,0x3186,0x18C3,0x0000,0x0000,0x0000,0x0000,0x0000,
    0x0000,0x0000,0x0000,0x0000,0x0000,0x0020,0x3186,0x3186,0x3186,0x3186,0x3186,0x3186,0x3186,0x3186,0x3186,0x3186,
    0x3186,0x3186,0x3186,0x3186,0x3186,0x3186,0x3186,0x3186,0x3186,0x3186,0x3186,0x3186,0x3186,0x3186,0x3186,0x3186,
    0x3186,0x3186,0x3186,0x3186,0x3186,0x3186,0x3186,0x3186,0x3186,0x3186,0x0020,0x0000,0x0000,0x0000,0x0000,0x0000,
    0x0000,0x0000,0x0000,0x0000,0x0000,0x0000,0x18E3,0x3186,0x3186,0x3186,0x3186,0x3186,0x3186,0x3186,0x3186,0x3186,
    0x3186,0x3186,0x3186,0x3186,0x3186,0x3186,0x3186,0x3186,0x3186,0x3186,0x3186,0x3186,0x3186,0x3186,0x3186,0x3186,
    0x3186,0x3186,0x3186,0x3186,0x3186,0x3186,0x3186,0x3186,0x3186,0x18E3,0x0000,0x0000,0x0000,0x0000,0x0000,0x0000,
    0x0000,0x0000,0x0000,0x0000,0x0000,0x0000,0x0020,0x2965,0x3186,0x3186,0x3186,0x3186,0x3186,0x3186,0x3186,0x3186,
    0x3186,0x3186,0x3186,0x3186,0x3186,0x3186,0x3186,0x3186,0x3186,0x3186,0x3186,0x3186,0x3186,0x3186,0x3186,0x3186,
    0x3186,0x3186,0x3186,0x3186,0x3186,0x3186,0x3186,0x3186,0x2965,0x0020,0x0000,0x0000,0x0000,0x0000,0x0000,0x0000,
    0x0000,0x0000,0x0000,0x0000,0x0000,0x0000,0x0000,0x1082,0x3186,0x3186,0x3186,0x3186,0x3186,0x3186,0x3186,0x3186,
    0x3186,0x3186,0x3186,0x3186,0x3186,0x3186,0x3186,0x3186,0x3186,0x3186,0x3186,0x3186,0x3186,0x3186,0x3186,0x3186,
    0x3186,0x3186,0x3186,0x3186,0x3186,0x3186,0x3186,0x3186,0x1082,0x0000,0x0000,0x0000,0x0000,0x0000,0x0000,0x0000,
    0x0000,0x0000,0x0000,0x0000,0x0000,0x0000,0x0000,0x0000,0x18E3,0x3186,0x3186,0x3186,0x3186,0x3186,0x3186,0x3186,
    0x3186,0x3186,0x3186,0x3186,0x3186,0x3186,0x3186,0x3186,0x3186,0x3186,0x3186,0x3186,0x3186,0x3186,0x3186,0x3186,
    0x3186,0x3186,0x3186,0x3186,0x3186,0x3186,0x3186,0x18E3,0x0000,0x0000,0x0000,0x0000,0x0000,0x0000,0x0000,0x0000,
    0x0000,0x0000,0x0000,0x0000,0x0000,0x0000,0x0000,0x0000,0x0000,0x2104,0x3186,0x3186,0x3186,0x3186,0x3186,0x3186,
    0x3186,0x3186,0x3186,0x3186,0x3186,0x3186,0x3186,0x3186,0x3186,0x3186,0x3186,0x3186,0x3186,0x3186,0x3186,0x3186,
    0x3186,0x3186,0x3186,0x3186,0x3186,0x3186,0x2104,0x0000,0x0000,0x0000,0x0000,0x0000,0x0000,0x0000,0x0000,0x0000,
    0x0000,0x0000,0x0000,0x0000,0x0000,0x0000,0x0000,0x0000,0x0000,0x0000,0x2104,0x3186,0x3186,0x3186,0x3186,0x3186,
    0x3186,0x3186,0x3186,0x3186,0x3186,0x3186,0x3186,0x3186,0x3186,0x3186,0x3186,0x3186,0x3186,0x3186,0x3186,0x3186,
    0x3186,0x3186,0x3186,0x3186,0x3186,0x2104,0x0000,0x0000,0x0000,0x0000,0x0000,0x0000,0x0000,0x0000,0x0000,0x0000,
    0x0000,0x0000,0x0000,0x0000,0x0000,0x0000,0x0000,0x0000,0x0000,0x0000,0x0000,0x18E3,0x3186,0x3186,0x3186,0x3186,
    0x3186,0x3186,0x3186,0x3186,0x3186,0x3186,0x3186,0x3186,0x3186,0x3186,0x3186,0x3186,0x3186,0x3186,0x3186,0x3186,
    0x3186,0x3186,0x3186,0x3186,0x18E3,0x0000,0x0000,0x0000,0x0000,0x0000,0x0000,0x0000,0x0000,0x0000,0x0000,0x0000,
    0x0000,0x0000,0x0000,0x0000,0x0000,0x0000,0x0000,0x0000,0x0000,0x0000,0x0000,0x0000,0x1082,0x2965,0x3186,0x3186,
    0x3186,0x3186,0x3186,0x3186,0x3186,0x3186,0x3186,0x3186,0x3186,0x3186,0x3186,0x3186,0x3186,0x3186,0x3186,0x3186,
    0x3186,0x3186,0x2965,0x1082,0x0000,0x0000,0x0000,0x0000,0x0000,0x0000,0x0000,0x0000,0x0000,0x0000,0x0000,0x0000,
    0x0000,0x0000,0x0000,0x0000,0x0000,0x0000,0x0000,0x0000,0x0000,0x0000,0x0000,0x0000,0x0000,0x0020,0x18E3,0x3186,
    0x3186,0x3186,0x3186,0x3186,0x3186,0x3186,0x3186,0x3186,0x3186,0x3186,0x3186,0x3186,0x3186,0x3186,0x3186,0x3186,
    0x3186,0x18E3,0x0020,0x0000,0x0000,0x0000,0x0000,0x0000,0x0000,0x0000,0x0000,0x0000,0x0000,0x0000,0x0000,0x0000,
    0x0000,0x0000,0x0000,0x0000,0x0000,0x0000,0x0000,0x0000,0x0000,0x0000,0x0000,0x0000,0x0000,0x0000,0x0000,0x0020,
    0x18C3,0x2965,0x3186,0x3186,0x3186,0x3186,0x3186,0x3186,0x3186,0x3186,0x3186,0x3186,0x3186,0x3186,0x2965,0x18C3,
    0x0020,0x0000,0x0000,0x0000,0x0000,0x0000,0x0000,0x0000,0x0000,0x0000,0x0000,0x0000,0x0000,0x0000,0x0000,0x0000,
    0x0000,0x0000,0x0000,0x0000,0x0000,0x0000,0x0000,0x0000,0x0000,0x0000,0x0000,0x0000,0x0000,0x0000,0x0000,0x0000,
    0x0000,0x0000,0x0841,0x18C3,0x2104,0x2945,0x2965,0x3186,0x3186,0x2965,0x2945,0x2104,0x18C3,0x0841,0x0000,0x0000,
    0x0000,0x0000,0x0000,0x0000,0x0000,0x0000,0x0000,0x0000,0x0000,0x0000,0x0000,0x0000,0x0000,0x0000,0x0000,0x0000,
    0x0000,0x0000,0x0000,0x0000,0x0000,0x0000,0x0000,0x0000,0x0000,0x0000,0x0000,0x0000,0x0000,0x0000,0x0000,0x0000,
    0x0000,0x0000,0x0000,0x0000,0x0000,0x0000,0x0000,0x0000,0x0000,0x0000,0x0000,0x0000,0x0000,0x0000,0x0000,0x0000,
    0x0000,0x0000,0x0000,0x0000,0x0000,0x0000,0x0000,0x0000,0x0000,0x0000,0x0000,0x0000,0x0000,0x0000,0x0000,0x0000,
    0x0000,0x0000,0x0000,0x0000,0x0000,0x0000,0x0000,0x0000,0x0000,0x0000,0x0000,0x0000,0x0000,0x0000,0x0000,0x0000,
    0x0000,0x0000,0x0000,0x0000,0x0000,0x0000,0x0000,0x0000,0x0000,0x0000,0x0000,0x0000,0x0000,0x0000,0x0000,0x0000,
    0x0000,0x0000,0x0000,0x0000,0x0000,0x0000,0x0000,0x0000,0x0000,0x0000,0x0000,0x0000,0x0000,0x0000,0x0000,0x0000,
    0x0000,0x0000,0x0000,0x0000,0x0000,0x0000,0x0000,0x0000,0x0000,0x0000,0x0000,0x0000,0x0000,0x0000,0x0000,0x0000,
    0x0000,0x0000,0x0000,0x0000,0x0000,0x0000,0x0000,0x0000,0x0000,0x0000,0x0000,0x0000,0x0000,0x0000,0x0000,0x0000,
    0x0000,0x0000,0x0000,0x0000,0x0000,0x0000,0x0000,0x0000,0x0000,0x0000,0x0000,0x0000,0x0000,0x0000,0x0000,0x0000,
    0x0000,0x0000,0x0000,0x0000,0x0000,0x0000,0x0000,0x0000,0x0000,0x0000,0x0000,0x0000,0x0000,0x0000,0x0000,0x0000,
    0x0000,0x0000,0x0000,0x0000,0x0000,0x0000,0x0000,0x0000,0x0000,0x0000,0x0000,0x0000,0x0000,0x0000,0x0000,0x0000,
    0x0000,0x0000,0x0000,0x0000,0x0000,0x0000,0x0000,0x0000,0x0000,0x0000,0x0000,0x0000,0x0000,0x0000,0x0000,0x0000,
  },
  /* вгору натиснута */ {
    0x0000,0x0000,0x0000,0x0000,0x0000,0x0000,0x0000,0x0000,0x0000,0x0000,0x0000,0x0000,0x0000,0x0000,0x0000,0x0000,
    0x0000,0x0000,0x0000,0x0000,0x0000,0x0000,0x0000,0x0000,0x0000,0x0000,0x0000,0x0000,0x0000,0x0000,0x0000,0x0000,
    0x0000,0x0000,0x0000,0x0000,0x0000,0x0000,0x0000,0x0000,0x0000,0x0000,0x0000,0x0000,0x0000,0x0000,0x0000,0x0000,
    0x0000,0x0000,0x0000,0x0000,0x0000,0x0000,0x0000,0x0000,0x0000,0x0000,0x0000,0x0000,0x0000,0x0000,0x0000,0x0000,
    0x0000,0x0000,0x0000,0x0000,0x0000,0x0000,0x0000,0x0000,0x0000,0x0000,0x0000,0x0000,0x0000,0x0000,0x0000,0x0000,
    0x0000,0x0000,0x0000,0x0000,0x0000,0x0000,0x0000,0x0000,0x0000,0x0000,0x0000,0x0000,0x0000,0x0000,0x0000,0x0000,
    0x0000,0x0000,0x0000,0x0000,0x0000,0x0000,0x0000,0x0000,0x0000,0x0000,0x0000,0x0000,0x0000,0x0000,0x0000,0x0000,
    0x0000,0x0000,0x0000,0x0000,0x0000,0x0000,0x0000,0x0000,0x0000,0x0000,0x0000,0x0000,0x0000,0x0000,0x0000,0x0000,
    0x0000,0x0000,0x0000,0x0000,0x0000,0x0000,0x0000,0x0000,0x0000,0x0000,0x0000,0x0000,0x0000,0x0000,0x0000,0x0000,
    0x0000,0x0000,0x0000,0x0000,0x0000,0x0000,0x0000,0x0000,0x0000,0x0000,0x0000,0x0000,0x0000,0x0000,0x0000,0x0000,
    0x0000,0x0000,0x0000,0x0000,0x0000,0x0000,0x0000,0x0000,0x0000,0x0000,0x0000,0x0000,0x0000,0x0000,0x0000,0x0000,
    0x0000,0x0000,0x0000,0x0000,0x0000,0x0000,0x0000,0x0000,0x0000,0x0000,0x0000,0x0000,0x0000,0x0000,0x0000,0x0000,
    0x0000,0x0000,0x0000,0x0000,0x0000,0x0000,0x0000,0x0000,0x0000,0x0000,0x0000,0x0000,0x0000,0x0000,0x0000,0x0000,
    0x0000,0x0000,0x39C3,0x7B87,0xA4C9,0xC5AA,0xD62B,0xDE6B,0xDE6B,0xD62B,0xC5AA,0xA4C9,0x7B87,0x39C3,0x0000,0x0000,
    0x0000,0x0000,0x0000,0x0000,0x0000,0x0000,0x0000,0x0000,0x0000,0x0000,0x0000,0x0000,0x0000,0x0000,0x0000,0x0000,
    0x0000,0x0000,0x0000,0x0000,0x0000,0x0000,0x0000,0x0000,0x0000,0x0000,0x0000,0x0000,0x0000,0x0000,0x0000,0x2102,
    0x83E7,0xCDEA,0xE68B,0xE68B,0xE68B,0xE68B,0xE68B,0xE68B,0xE68B,0xE68B,0xE68B,0xE68B,0xE68B,0xE68B,0xCDEA,0x83E7,
    0x2102,0x0000,0x0000,0x0000,0x0000,0x0000,0x0000,0x0000,0x0000,0x0000,0x0000,0x0000,0x0000,0x0000,0x0000,0x0000,
    0x0000,0x0000,0x0000,0x0000,0x0000,0x0000,0x0000,0x0000,0x0000,0x0000,0x0000,0x0000,0x0000,0x10A1,0x8C28,0xE68B,
    0xE68B,0xE68B,0xE68B,0xE68B,0xE68B,0xE68B,0xE68B,0xE68B,0xE68B,0xE68B,0xE68B,0xE68B,0xE68B,0xE68B,0xE68B,0xE68B,
    0xE68B,0x8C28,0x10A1,0x0000,0x0000,0x0000,0x0000,0x0000,0x0000,0x0000,0x0000,0x0000,0x0000,0x0000,0x0000,0x0000,
    0x0000,0x0000,0x0000,0x0000,0x0000,0x0000,0x0000,0x0000,0x0000,0x0000,0x0000,0x0000,0x62E5,0xD62B,0xE68B,0xE68B,
    0xE68B,0xE68B,0xE68B,0xE68B,0xE68B,0xE68B,0xE68B,0xE68B,0xE68B,0xE68B,0xE68B,0xE68B,0xE68B,0xE68B,0xE68B,0xE68B,
    0xE68B,0xE68B,0xD62B,0x62E5,0x0000,0x0000,0x0000,0x0000,0x0000,0x0000,0x0000,0x0000,0x0000,0x0000,0x0000,0x0000,
    0x0000,0x0000,0x0000,0x0000,0x0000,0x0000,0x0000,0x0000,0x0000,0x0000,0x0000,0x8C28,0xE68B,0xE68B,0xE68B,0xE68B,
    0xE68B,0xE68B,0xE68B,0xE68B,0xE68B,0xE68B,0xE68B,0xE68B,0xE68B,0xE68B,0xE68B,0xE68B,0xE68B,0xE68B,0xE68B,0xE68B,
    0xE68B,0xE68B,0xE68B,0xE68B,0x8C28,0x0000,0x0000,0x0000,0x0000,0x0000,0x0000,0x0000,0x0000,0x0000,0x0000,0x0000,
    0x0000,0x0000,0x0000,0x0000,0x0000,0x0000,0x0000,0x0000,0x0000,0x0000,0xA4C9,0xE68B,0xE68B,0xE68B,0xE68B,0xE68B,
    0xE68B,0xE68B,0xE68B,0xE68B,0xE68B,0xE68B,0xE68B,0xE68B,0xE68B,0xE68B,0xE68B,0xE68B,0xE68B,0xE68B,0xE68B,0xE68B,
    0xE68B,0xE68B,0xE68B,0xE68B,0xE68B,0xA4C9,0x0000,0x0000,0x0000,0x0000,0x0000,0x0000,0x0000,0x0000,0x0000,0x0000,
    0x0000,0x0000,0x0000,0x0000,0x0000,0x0000,0x0000,0x0000,0x0000,0xA4C9,0xE68B,0xE68B,0xE68B,0xE68B,0xE68B,0xE68B,
    0xE68B,0xE68B,0xE68B,0xE68B,0xE68B,0xE68B,0xE68B,0xE68B,0xE68B,0xE68B,0xE68B,0xE68B,0xE68B,0xE68B,0xE68B,0xE68B,
    0xE68B,0xE68B,0xE68B,0xE68B,0xE68B,0xE68B,0xA4C9,0x0000,0x0000,0x0000,0x0000,0x0000,0x0000,0x0000,0x0000,0x0000,
    0x0000,0x0000,0x0000,0x0000,0x0000,0x0000,0x0000,0x0000,0x8C28,0xE68B,0xE68B,0xE68B,0xE68B,0xE68B,0xE68B,0xE68B,
    0xE68B,0xE68B,0xE68B,0xE68B,0xE68B,0xE68B,0xE68B,0xE68B,0xE68B,0xE68B,0xE68B,0xE68B,0xE68B,0xE68B,0xE68B,0xE68B,
    0xE68B,0xE68B,0xE68B,0xE68B,0xE68B,0xE68B,0xE68B,0x8C28,0x0000,0x0000,0x0000,0x0000,0x0000,0x0000,0x0000,0x0000,
    0x0000,0x0000,0x0000,0x0000,0x0000,0x0000,0x0000,0x62E5,0xE68B,0xE68B,0xE68B,0xE68B,0xE68B,0xE68B,0xE68B,0xE68B,
    0xE68B,0xE68B,0xE68B,0xE68B,0xE68B,0xE68B,0xE68B,0xE68B,0xE68B,0xE68B,0xE68B,0xE68B,0xE68B,0xE68B,0xE68B,0xE68B,
    0xE68B,0xE68B,0xE68B,0xE68B,0xE68B,0xE68B,0xE68B,0xE68B,0x62E5,0x0000,0x0000,0x0000,0x0000,0x0000,0x0000,0x0000,
    0x0000,0x0000,0x0000,0x0000,0x0000,0x0000,0x10A1,0xD62B,0xE68B,0xE68B,0xE68B,0xE68B,0xE68B,0xE68B,0xE68B,0xE68B,
    0xE68B,0xE68B,0xE68B,0xE68B,0xE68B,0xE68B,0xE68B,0xE68B,0xE68B,0xE68B,0xE68B,0xE68B,0xE68B,0xE68B,0xE68B,0xE68B,
    0xE68B,0xE68B,0xE68B,0xE68B,0xE68B,0xE68B,0xE68B,0xE68B,0xD62B,0x10A1,0x0000,0x0000,0x0000,0x0000,0x0000,0x0000,
    0x0000,0x0000,0x0000,0x0000,0x0000,0x0000,0x8C28,0xE68B,0xE68B,0xE68B,0xE68B,0xE68B,0xE68B,0xE68B,0xE68B,0xE68B,
    0xE68B,0xE68B,0xE68B,0xE68B,0xE68B,0xE68B,0xE68B,0xE68B,0xE68B,0xE68B,0xE68B,0xE68B,0xE68B,0xE68B,0xE68B,0xE68B,
    0xE68B,0xE68B,0xE68B,0xE68B,0xE68B,0xE68B,0xE68B,0xE68B,0xE68B,0x8C28,0x0000,0x0000,0x0000,0x0000,0x0000,0x0000,
    0x0000,0x0000,0x0000,0x0000,0x0000,0x2102,0xE68B,0xE68B,0xE68B,0xE68B,0xE68B,0xE68B,0xE68B,0xE68B,0xE68B,0xE68B,
    0xE68B,0xE68B,0xE68B,0xE68B,0xE68B,0xE68B,0xE68B,0xE68B,0xE68B,0xE68B,0xE68B,0xE68B,0xE68B,0xE68B,0xE68B,0xE68B,
    0xE68B,0xE68B,0xE68B,0xE68B,0xE68B,0xE68B,0xE68B,0xE68B,0xE68B,0xE68B,0x2102,0x0000,0x0000,0x0000,0x0000,0x0000,
    0x0000,0x0000,0x0000,0x0000,0x0000,0x83E7,0xE68B,0xE68B,0xE68B,0xE68B,0xE68B,0xE68B,0xE68B,0xE68B,0xE68B,0xE68B,
    0xE68B,0xE68B,0xE68B,0xE68B,0xE68B,0xE68B,0xE68B,0xE68B,0xE68B,0xE68B,0xE68B,0xE68B,0xE68B,0xE68B,0xE68B,0xE68B,
    0xE68B,0xE68B,0xE68B,0xE68B,0xE68B,0xE68B,0xE68B,0xE68B,0xE68B,0xE68B,0x83E7,0x0000,0x0000,0x0000,0x0000,0x0000,
    0x0000,0x0000,0x0000,0x0000,0x0000,0xCDEA,0xE68B,0xE68B,0xE68B,0xE68B,0xE68B,0xE68B,0xE68B,0xE68B,0xE68B,0xE68B,
    0xE68B,0xE68B,0xE68B,0xE68B,0xE68B,0xE68B,0xE68B,0xE68B,0xE68B,0xE68B,0xE68B,0xE68B,0xE68B,0xE68B,0xE68B,0xE68B,
    0xE68B,0xE68B,0xE68B,0xE68B,0xE68B,0xE68B,0xE68B,0xE68B,0xE68B,0xE68B,0xCDEA,0x0000,0x0000,0x0000,0x0000,0x0000,
    0x0000,0x0000,0x0000,0x0000,0x39C3,0xE68B,0xE68B,0xE68B,0xE68B,0xE68B,0xE68B,0xE68B,0xE68B,0xE68B,0xE68B,0xE68B,
    0xE68B,0xE68B,0xE68B,0xE68B,0xE68B,0xE68B,0xE68B,0xE68B,0xE68B,0xE68B,0xE68B,0xE68B,0xE68B,0xE68B,0xE68B,0xE68B,
    0xE68B,0xE68B,0xE68B,0xE68B,0xE68B,0xE68B,0xE68B,0xE68B,0xE68B,0xE68B,0xE68B,0x39C3,0x0000,0x0000,0x0000,0x0000,
    0x0000,0x0000,0x0000,0x0000,0x7B87,0xE68B,0xE68B,0xE68B,0xE68B,0xE68B,0xE68B,0xE68B,0xE68B,0xE68B,0xE68B,0xE68B,
    0xE68B,0xE68B,0xE68B,0xE68B,0xE68B,0xE68B,0xE68B,0xCDEA,0xCDEA,0xE68B,0xE68B,0xE68B,0xE68B,0xE68B,0xE68B,0xE68B,
    0xE68B,0xE68B,0xE68B,0xE68B,0xE68B,0xE68B,0xE68B,0xE68B,0xE68B,0xE68B,0xE68B,0x7B87,0x0000,0x0000,0x0000,0x0000,
    0x0000,0x0000,0x0000,0x0000,0xA4C9,0xE68B,0xE68B,0xE68B,0xE68B,0xE68B,0xE68B,0xE68B,0xE68B,0xE68B,0xE68B,0xE68B,
    0xE68B,0xE68B,0xE68B,0xE68B,0xE68B,0xE68B,0xCDEA,0x2101,0x2101,0xCDEA,0xE68B,0xE68B,0xE68B,0xE68B,0xE68B,0xE68B,
    0xE68B,0xE68B,0xE68B,0xE68B,0xE68B,0xE68B,0xE68B,0xE68B,0xE68B,0xE68B,0xE68B,0xA4C9,0x0000,0x0000,0x0000,0x0000,
    0x0000,0x0000,0x0000,0x0000,0xC5AA,0xE68B,0xE68B,0xE68B,0xE68B,0xE68B,0xE68B,0xE68B,0xE68B,0xE68B,0xE68B,0xE68B,
    0xE68B,0xE68B,0xE68B,0xE68B,0xE68B,0xCDEA,0x2101,0x0000,0x0000,0x2101,0xCDEA,0xE68B,0xE68B,0xE68B,0xE68B,0xE68B,
    0xE68B,0xE68B,0xE68B,0xE68B,0xE68B,0xE68B,0xE68B,0xE68B,0xE68B,0xE68B,0xE68B,0xC5AA,0x0000,0x0000,0x0000,0x0000,
    0x0000,0x0000,0x0000,0x0000,0xD62B,0xE68B,0xE68B,0xE68B,0xE68B,0xE68B,0xE68B,0xE68B,0xE68B,0xE68B,0xE68B,0xE68B,
    0xE68B,0xE68B,0xE68B,0xE68B,0xCDEA,0x2101,0x0000,0x0000,0x0000,0x0000,0x2101,0xCDEA,0xE68B,0xE68B,0xE68B,0xE68B,
    0xE68B,0xE68B,0xE68B,0xE68B,0xE68B,0xE68B,0xE68B,0xE68B,0xE68B,0xE68B,0xE68B,0xD62B,0x0000,0x0000,0x0000,0x0000,
    0x0000,0x0000,0x0000,0x0000,0xDE6B,0xE68B,0xE68B,0xE68B,0xE68B,0xE68B,0xE68B,0xE68B,0xE68B,0xE68B,0xE68B,0xE68B,
    0xE68B,0xE68B,0xE68B,0xCDEA,0x2101,0x0000,0x0000,0x0000,0x0000,0x0000,0x0000,0x2101,0xCDEA,0xE68B,0xE68B,0xE68B,
    0xE68B,0xE68B,0xE68B,0xE68B,0xE68B,0xE68B,0xE68B,0xE68B,0xE68B,0xE68B,0xE68B,0xDE6B,0x0000,0x0000,0x0000,0x0000,
    0x0000,0x0000,0x0000,0x0000,0xDE6B,0xE68B,0xE68B,0xE68B,0xE68B,0xE68B,0xE68B,0xE68B,0xE68B,0xE68B,0xE68B,0xE68B,
    0xE68B,0xE68B,0xCDEA,0x2101,0x0000,0x0000,0x0000,0x0000,0x0000,0x0000,0x0000,0x0000,0x2101,0xCDEA,0xE68B,0xE68B,
    0xE68B,0xE68B,0xE68B,0xE68B,0xE68B,0xE68B,0xE68B,0xE68B,0xE68B,0xE68B,0xE68B,0xDE6B,0x0000,0x0000,0x0000,0x0000,
    0x0000,0x0000,0x0000,0x0000,0xD62B,0xE68B,0xE68B,0xE68B,0xE68B,0xE68B,0xE68B,0xE68B,0xE68B,0xE68B,0xE68B,0xE68B,
    0xE68B,0xCDEA,0x2101,0x0000,0x0000,0x0000,0x0000,0x0000,0x0000,0x0000,0x0000,0x0000,0x0000,0x2101,0xCDEA,0xE68B,
    0xE68B,0xE68B,0xE68B,0xE68B,0xE68B,0xE68B,0xE68B,0xE68B,0xE68B,0xE68B,0xE68B,0xD62B,0x0000,0x0000,0x0000,0x0000,
    0x0000,0x0000,0x0000,0x0000,0xC5AA,0xE68B,0xE68B,0xE68B,0xE68B,0xE68B,0xE68B,0xE68B,0xE68B,0xE68B,0xE68B,0xE68B,
    0xCDEA,0x2101,0x0000,0x0000,0x0000,0x0000,0x0000,0x0000,0x0000,0x0000,0x0000,0x0000,0x0000,0x0000,0x2101,0xCDEA,
    0xE68B,0xE68B,0xE68B,0xE68B,0xE68B,0xE68B,0xE68B,0xE68B,0xE68B,0xE68B,0xE68B,0xC5AA,0x0000,0x0000,0x0000,0x0000,
    0x0000,0x0000,0x0000,0x0000,0xA4C9,0xE68B,0xE68B,0xE68B,0xE68B,0xE68B,0xE68B,0xE68B,0xE68B,0xE68B,0xE68B,0xE68B,
    0xE68B,0xE68B,0xE68B,0xE68B,0xE68B,0xE68B,0xE68B,0xE68B,0xE68B,0xE68B,0xE68B,0xE68B,0xE68B,0xE68B,0xE68B,0xE68B,
    0xE68B,0xE68B,0xE68B,0xE68B,0xE68B,0xE68B,0xE68B,0xE68B,0xE68B,0xE68B,0xE68B,0xA4C9,0x0000,0x0000,0x0000,0x0000,
    0x0000,0x0000,0x0000,0x0000,0x7B87,0xE68B,0xE68B,0xE68B,0xE68B,0xE68B,0xE68B,0xE68B,0xE68B,0xE68B,0xE68B,0xE68B,
    0xE68B,0xE68B,0xE68B,0xE68B,0xE68B,0xE68B,0xE68B,0xE68B,0xE68B,0xE68B,0xE68B,0xE68B,0xE68B,0xE68B,0xE68B,0xE68B,
    0xE68B,0xE68B,0xE68B,0xE68B,0xE68B,0xE68B,0xE68B,0xE68B,0xE68B,0xE68B,0xE68B,0x7B87,0x0000,0x0000,0x0000,0x0000,
    0x0000,0x0000,0x0000,0x0000,0x39C3,0xE68B,0xE68B,0xE68B,0xE68B,0xE68B,0xE68B,0xE68B,0xE68B,0xE68B,0xE68B,0xE68B,
    0xE68B,0xE68B,0xE68B,0xE68B,0xE68B,0xE68B,0xE68B,0xE68B,0xE68B,0xE68B,0xE68B,0xE68B,0xE68B,0xE68B,0xE68B,0xE68B,
    0xE68B,0xE68B,0xE68B,0xE68B,0xE68B,0xE68B,0xE68B,0xE68B,0xE68B,0xE68B,0xE68B,0x39C3,0x0000,0x0000,0x0000,0x0000,
    0x0000,0x0000,0x0000,0x0000,0x0000,0xCDEA,0xE68B,0xE68B,0xE68B,0xE68B,0xE68B,0xE68B,0xE68B,0xE68B,0xE68B,0xE68B,
    0xE68B,0xE68B,0xE68B,0xE68B,0xE68B,0xE68B,0xE68B,0xE68B,0xE68B,0xE68B,0xE68B,0xE68B,0xE68B,0xE68B,0xE68B,0xE68B,
    0xE68B,0xE68B,0xE68B,0xE68B,0xE68B,0xE68B,0xE68B,0xE68B,0xE68B,0xE68B,0xCDEA,0x0000,0x0000,0x0000,0x0000,0x0000,
    0x0000,0x0000,0x0000,0x0000,0x0000,0x83E7,0xE68B,0xE68B,0xE68B,0xE68B,0xE68B,0xE68B,0xE68B,0xE68B,0xE68B,0xE68B,
    0xE68B,0xE68B,0xE68B,0xE68B,0xE68B,0xE68B,0xE68B,0xE68B,0xE68B,0xE68B,0xE68B,0xE68B,0xE68B,0xE68B,0xE68B,0xE68B,
    0xE68B,0xE68B,0xE68B,0xE68B,0xE68B,0xE68B,0xE68B,0xE68B,0xE68B,0xE68B,0x83E7,0x0000,0x0000,0x0000,0x0000,0x0000,
    0x0000,0x0000,0x0000,0x0000,0x0000,0x2102,0xE68B,0xE68B,0xE68B,0xE68B,0xE68B,0xE68B,0xE68B,0xE68B,0xE68B,0xE68B,
    0xE68B,0xE68B,0xE68B,0xE68B,0xE68B,0xE68B,0xE68B,0xE68B,0xE68B,0xE68B,0xE68B,0xE68B,0xE68B,0xE68B,0xE68B,0xE68B,
    0xE68B,0xE68B,0xE68B,0xE68B,0xE68B,0xE68B,0xE68B,0xE68B,0xE68B,0xE68B,0x2102,0x0000,0x0000,0x0000,0x0000,0x0000,
    0x0000,0x0000,0x0000,0x0000,0x0000,0x0000,0x8C28,0xE68B,0xE68B,0xE68B,0xE68B,0xE68B,0xE68B,0xE68B,0xE68B,0xE68B,
    0xE68B,0xE68B,0xE68B,0xE68B,0xE68B,0xE68B,0xE68B,0xE68B,0xE68B,0xE68B,0xE68B,0xE68B,0xE68B,0xE68B,0xE68B,0xE68B,
    0xE68B,0xE68B,0xE68B,0xE68B,0xE68B,0xE68B,0xE68B,0xE68B,0xE68B,0x8C28,0x0000,0x0000,0x0000,0x0000,0x0000,0x0000,
    0x0000,0x0000,0x0000,0x0000,0x0000,0x0000,0x10A1,0xD62B,0xE68B,0xE68B,0xE68B,0xE68B,0xE68B,0xE68B,0xE68B,0xE68B,
    0xE68B,0xE68B,0xE68B,0xE68B,0xE68B,0xE68B,0xE68B,0xE68B,0xE68B,0xE68B,0xE68B,0xE68B,0xE68B,0xE68B,0xE68B,0xE68B,
    0xE68B,0xE68B,0xE68B,0xE68B,0xE68B,0xE68B,0xE68B,0xE68B,0xD62B,0x10A1,0x0000,0x0000,0x0000,0x0000,0x0000,0x0000,
    0x0000,0x0000,0x0000,0x0000,0x0000,0x0000,0x0000,0x62E5,0xE68B,0xE68B,0xE68B,0xE68B,0xE68B,0xE68B,0xE68B,0xE68B,
    0xE68B,0xE68B,0xE68B,0xE68B,0xE68B,0xE68B,0xE68B,0xE68B,0xE68B,0xE68B,0xE68B,0xE68B,0xE68B,0xE68B,0xE68B,0xE68B,
    0xE68B,0xE68B,0xE68B,0xE68B,0xE68B,0xE68B,0xE68B,0xE68B,0x62E5,0x0000,0x0000,0x0000,0x0000,0x0000,0x0000,0x0000,
    0x0000,0x0000,0x0000,0x0000,0x0000,0x0000,0x0000,0x0000,0x8C28,0xE68B,0xE68B,0xE68B,0xE68B,0xE68B,0xE68B,0xE68B,
    0xE68B,0xE68B,0xE68B,0xE68B,0xE68B,0xE68B,0xE68B,0xE68B,0xE68B,0xE68B,0xE68B,0xE68B,0xE68B,0xE68B,0xE68B,0xE68B,
    0xE68B,0xE68B,0xE68B,0xE68B,0xE68B,0xE68B,0xE68B,0x8C28,0x0000,0x0000,0x0000,0x0000,0x0000,0x0000,0x0000,0x0000,
    0x0000,0x0000,0x0000,0x0000,0x0000,0x0000,0x0000,0x0000,0x0000,0xA4C9,0xE68B,0xE68B,0xE68B,0xE68B,0xE68B,0xE68B,
    0xE68B,0xE68B,0xE68B,0xE68B,0xE68B,0xE68B,0xE68B,0xE68B,0xE68B,0xE68B,0xE68B,0xE68B,0xE68B,0xE68B,0xE68B,0xE68B,
    0xE68B,0xE68B,0xE68B,0xE68B,0xE68B,0xE68B,0xA4C9,0x0000,0x0000,0x0000,0x0000,0x0000,0x0000,0x0000,0x0000,0x0000,
    0x0000,0x0000,0x0000,0x0000,0x0000,0x0000,0x0000,0x0000,0x0000,0x0000,0xA4C9,0xE68B,0xE68B,0xE68B,0xE68B,0xE68B,
    0xE68B,0xE68B,0xE68B,0xE68B,0xE68B,0xE68B,0xE68B,0xE68B,0xE68B,0xE68B,0xE68B,0xE68B,0xE68B,0xE68B,0xE68B,0xE68B,
    0xE68B,0xE68B,0xE68B,0xE68B,0xE68B,0xA4C9,0x0000,0x0000,0x0000,0x0000,0x0000,0x0000,0x0000,0x0000,0x0000,0x0000,
    0x0000,0x0000,0x0000,0x0000,0x0000,0x0000,0x0000,0x0000,0x0000,0x0000,0x0000,0x8C28,0xE68B,0xE68B,0xE68B,0xE68B,
    0xE68B,0xE68B,0xE68B,0xE68B,0xE68B,0xE68B,0xE68B,0xE68B,0xE68B,0xE68B,0xE68B,0xE68B,0xE68B,0xE68B,0xE68B,0xE68B,
    0xE68B,0xE68B,0xE68B,0xE68B,0x8C28,0x0000,0x0000,0x0000,0x0000,0x0000,0x0000,0x0000,0x0000,0x0000,0x0000,0x0000,
    0x0000,0x0000,0x0000,0x0000,0x0000,0x0000,0x0000,0x0000,0x0000,0x0000,0x0000,0x0000,0x62E5,0xD62B,0xE68B,0xE68B,
    0xE68B,0xE68B,0xE68B,0xE68B,0xE68B,0xE68B,0xE68B,0xE68B,0xE68B,0xE68B,0xE68B,0xE68B,0xE68B,0xE68B,0xE68B,0xE68B,
    0xE68B,0xE68B,0xD62B,0x62E5,0x0000,0x0000,0x0000,0x0000,0x0000,0x0000,0x0000,0x0000,0x0000,0x0000,0x0000,0x0000,
    0x0000,0x0000,0x0000,0x0000,0x0000,0x0000,0x0000,0x0000,0x0000,0x0000,0x0000,0x0000,0x0000,0x10A1,0x8C28,0xE68B,
    0xE68B,0xE68B,0xE68B,0xE68B,0xE68B,0xE68B,0xE68B,0xE68B,0xE68B,0xE68B,0xE68B,0xE68B,0xE68B,0xE68B,0xE68B,0xE68B,
    0xE68B,0x8C28,0x10A1,0x0000,0x0000,0x0000,0x0000,0x0000,0x0000,0x0000,0x0000,0x0000,0x0000,0x0000,0x0000,0x0000,
    0x0000,0x0000,0x0000,0x0000,0x0000,0x0000,0x0000,0x0000,0x0000,0x0000,0x0000,0x0000,0x0000,0x0000,0x0000,0x2102,
    0x83E7,0xCDEA,0xE68B,0xE68B,0xE68B,0xE68B,0xE68B,0xE68B,0xE68B,0xE68B,0xE68B,0xE68B,0xE68B,0xE68B,0xCDEA,0x83E7,
    0x2102,0x0000,0x0000,0x0000,0x0000,0x0000,0x0000,0x0000,0x0000,0x0000,0x0000,0x0000,0x0000,0x0000,0x0000,0x0000,
    0x0000,0x0000,0x0000,0x0000,0x0000,0x0000,0x0000,0x0000,0x0000,0x0000,0x0000,0x0000,0x0000,0x0000,0x0000,0x0000,
    0x0000,0x0000,0x39C3,0x7B87,0xA4C9,0xC5AA,0xD62B,0xDE6B,0xDE6B,0xD62B,0xC5AA,0xA4C9,0x7B87,0x39C3,0x0000,0x0000,
    0x0000,0x0000,0x0000,0x0000,0x0000,0x0000,0x0000,0x0000,0x0000,0x0000,0x0000,0x0000,0x0000,0x0000,0x0000,0x0000,
    0x0000,0x0000,0x0000,0x0000,0x0000,0x0000,0x0000,0x0000,0x0000,0x0000,0x0000,0x0000,0x0000,0x0000,0x0000,0x0000,
    0x0000,0x0000,0x0000,0x0000,0x0000,0x0000,0x0000,0x0000,0x0000,0x0000,0x0000,0x0000,0x0000,0x0000,0x0000,0x0000,
    0x0000,0x0000,0x0000,0x0000,0x0000,0x0000,0x0000,0x0000,0x0000,0x0000,0x0000,0x0000,0x0000,0x0000,0x0000,0x0000,
    0x0000,0x0000,0x0000,0x0000,0x0000,0x0000,0x0000,0x0000,0x0000,0x0000,0x0000,0x0000,0x0000,0x0000,0x0000,0x0000,
    0x0000,0x0000,0x0000,0x0000,0x0000,0x0000,0x0000,0x0000,0x0000,0x0000,0x0000,0x0000,0x0000,0x0000,0x0000,0x0000,
    0x0000,0x0000,0x0000,0x0000,0x0000,0x0000,0x0000,0x0000,0x0000,0x0000,0x0000,0x0000,0x0000,0x0000,0x0000,0x0000,
    0x0000,0x0000,0x0000,0x0000,0x0000,0x0000,0x0000,0x0000,0x0000,0x0000,0x0000,0x0000,0x0000,0x0000,0x0000,0x0000,
    0x0000,0x0000,0x0000,0x0000,0x0000,0x0000,0x0000,0x0000,0x0000,0x0000,0x0000,0x0000,0x0000,0x0000,0x0000,0x0000,
    0x0000,0x0000,0x0000,0x0000,0x0000,0x0000,0x0000,0x0000,0x0000,0x0000,0x0000,0x0000,0x0000,0x0000,0x0000,0x0000,
    0x0000,0x0000,0x0000,0x0000,0x0000,0x0000,0x0000,0x0000,0x0000,0x0000,0x0000,0x0000,0x0000,0x0000,0x0000,0x0000,
    0x0000,0x0000,0x0000,0x0000,0x0000,0x0000,0x0000,0x0000,0x0000,0x0000,0x0000,0x0000,0x0000,0x0000,0x0000,0x0000,
    0x0000,0x0000,0x0000,0x0000,0x0000,0x0000,0x0000,0x0000,0x0000,0x0000,0x0000,0x0000,0x0000,0x0000,0x0000,0x0000,
  },
  /* грати */ {
    0x0000,0x0000,0x0000,0x0000,0x0000,0x0000,0x0000,0x0000,0x0000,0x0000,0x0000,0x0000,0x0000,0x0000,0x0000,0x0000,
    0x0000,0x0000,0x0000,0x0000,0x0000,0x0000,0x0000,0x0000,0x0000,0x0000,0x0000,0x0000,0x0000,0x0000,0x0000,0x0000,
    0x0000,0x0000,0x0000,0x0000,0x0000,0x0000,0x0000,0x0000,0x0000,0x0000,0x0000,0x0000,0x0000,0x0000,0x0000,0x0000,
    0x0000,0x0000,0x0000,0x0000,0x0000,0x0000,0x0000,0x0000,0x0000,0x0000,0x0000,0x0000,0x0000,0x0000,0x0000,0x0000,
    0x0000,0x0000,0x0000,0x0000,0x0000,0x0000,0x0000,0x0000,0x0000,0x0000,0x0000,0x0000,0x0000,0x0000,0x0000,0x0000,
    0x0000,0x0000,0x0000,0x0000,0x0000,0x0000,0x0000,0x0000,0x0000,0x0000,0x0000,0x0000,0x0000,0x0000,0x0000,0x0000,
    0x0000,0x0000,0x0000,0x0000,0x0000,0x0000,0x0000,0x0000,0x0000,0x0000,0x0000,0x0000,0x0000,0x0000,0x0000,0x0000,
    0x0000,0x0000,0x0000,0x0000,0x0000,0x0000,0x0000,0x0000,0x0000,0x0000,0x0000,0x0000,0x0000,0x0000,0x0000,0x0000,
    0x0000,0x0000,0x0000,0x0000,0x0000,0x0000,0x0000,0x0000,0x0000,0x0000,0x0000,0x0000,0x0000,0x0000,0x0000,0x0000,
    0x0000,0x0000,0x0000,0x0000,0x0000,0x0000,0x0000,0x0000,0x0000,0x0000,0x0000,0x0000,0x0000,0x0000,0x0000,0x0000,
    0x0000,0x0000,0x0000,0x0000,0x0000,0x0000,0x0000,0x0000,0x0000,0x0000,0x0000,0x0000,0x0000,0x0000,0x0000,0x0000,
    0x0000,0x0000,0x0000,0x0000,0x0000,0x0000,0x0000,0x0000,0x0000,0x0000,0x0000,0x0000,0x0000,0x0000,0x0000,0x0000,
    0x0000,0x0000,0x0000,0x0000,0x0000,0x0000,0x0000,0x0000,0x0000,0x0000,0x0000,0x0000,0x0000,0x0000,0x0000,0x0000,
    0x0000,0x0000,0x0841,0x18C3,0x2104,0x2945,0x2965,0x3186,0x3186,0x2965,0x2945,0x2104,0x18C3,0x0841,0x0000,0x0000,
    0x0000,0x0000,0x0000,0x0000,0x0000,0x0000,0x0000,0x0000,0x0000,0x0000,0x0000,0x0000,0x0000,0x0000,0x0000,0x0000,
    0x0000,0x0000,0x0000,0x0000,0x0000,0x0000,0x0000,0x0000,0x0000,0x0000,0x0000,0x0000,0x0000,0x0000,0x0000,0x0020,
    0x18C3,0x2965,0x3186,0x3186,0x3186,0x3186,0x3186,0x3186,0x3186,0x3186,0x3186,0x3186,0x3186,0x3186,0x2965,0x18C3,
    0x0020,0x0000,0x0000,0x0000,0x0000,0x0000,0x0000,0x0000,0x0000,0x0000,0x0000,0x0000,0x0000,0x0000,0x0000,0x0000,
    0x0000,0x0000,0x0000,0x0000,0x0000,0x0000,0x0000,0x0000,0x0000,0x0000,0x0000,0x0000,0x0000,0x0020,0x18E3,0x3186,
    0x3186,0x3186,0x3186,0x3186,0x3186,0x3186,0x3186,0x3186,0x3186,0x3186,0x3186,0x3186,0x3186,0x3186,0x3186,0x3186,
    0x3186,0x18E3,0x0020,0x0000,0x0000,0x0000,0x0000,0x0000,0x0000,0x0000,0x0000,0x0000,0x0000,0x0000,0x0000,0x0000,
    0x0000,0x0000,0x0000,0x0000,0x0000,0x0000,0x0000,0x0000,0x0000,0x0000,0x0000,0x0000,0x1082,0x2965,0x3186,0x3186,
    0x3186,0x3186,0x3186,0x3186,0x3186,0x3186,0x3186,0x3186,0x3186,0x3186,0x3186,0x3186,0x3186,0x3186,0x3186,0x3186,
    0x3186,0x3186,0x2965,0x1082,0x0000,0x0000,0x0000,0x0000,0x0000,0x0000,0x0000,0x0000,0x0000,0x0000,0x0000,0x0000,
    0x0000,0x0000,0x0000,0x0000,0x0000,0x0000,0x0000,0x0000,0x0000,0x0000,0x0000,0x18E3,0x3186,0x3186,0x3186,0x3186,
    0x3186,0x3186,0x3186,0x3186,0x3186,0x3186,0x3186,0x3186,0x3186,0x3186,0x3186,0x3186,0x3186,0x3186,0x3186,0x3186,
    0x3186,0x3186,0x3186,0x3186,0x18E3,0x0000,0x0000,0x0000,0x0000,0x0000,0x0000,0x0000,0x0000,0x0000,0x0000,0x0000,
    0x0000,0x0000,0x0000,0x0000,0x0000,0x0000,0x0000,0x0000,0x0000,0x0000,0x2104,0x3186,0x3186,0x3186,0x3186,0x3186,
    0x3186,0x3186,0x3186,0x3186,0x3186,0x3186,0x3186,0x3186,0x3186,0x3186,0x3186,0x3186,0x3186,0x3186,0x3186,0x3186,
    0x3186,0x3186,0x3186,0x3186,0x3186,0x2104,0x0000,0x0000,0x0000,0x0000,0x0000,0x0000,0x0000,0x0000,0x0000,0x0000,
    0x0000,0x0000,0x0000,0x0000,0x0000,0x0000,0x0000,0x0000,0x0000,0x2104,0x3186,0x3186,0x3186,0x3186,0x3186,0x3186,
    0x3186,0x3186,0x3186,0x3186,0x3186,0x3186,0x3186,0x3186,0x3186,0x3186,0x3186,0x3186,0x3186,0x3186,0x3186,0x3186,
    0x3186,0x3186,0x3186,0x3186,0x3186,0x3186,0x2104,0x0000,0x0000,0x0000,0x0000,0x0000,0x0000,0x0000,0x0000,0x0000,
    0x0000,0x0000,0x0000,0x0000,0x0000,0x0000,0x0000,0x0000,0x18E3,0x3186,0x3186,0x3186,0x3186,0x3186,0x3186,0x3186,
    0x3186,0x3186,0x3186,0x3186,0x3186,0x3186,0x3186,0x3186,0x3186,0x3186,0x3186,0x3186,0x3186,0x3186,0x3186,0x3186,
    0x3186,0x3186,0x3186,0x3186,0x3186,0x3186,0x3186,0x18E3,0x0000,0x0000,0x0000,0x0000,0x0000,0x0000,0x0000,0x0000,
    0x0000,0x0000,0x0000,0x0000,0x0000,0x0000,0x0000,0x1082,0x3186,0x3186,0x3186,0x3186,0x3186,0x3186,0x3186,0x3186,
    0x3186,0x3186,0x3186,0x3186,0x3186,0x3186,0x3186,0x3186,0x3186,0x3186,0x3186,0x3186,0x3186,0x3186,0x3186,0x3186,
    0x3186,0x3186,0x3186,0x3186,0x3186,0x3186,0x3186,0x3186,0x1082,0x0000,0x0000,0x0000,0x0000,0x0000,0x0000,0x0000,
    0x0000,0x0000,0x0000,0x0000,0x0000,0x0000,0x0020,0x2965,0x3186,0x3186,0x3186,0x3186,0x3186,0x3186,0x3186,0x3186,
    0x3186,0x3186,0x3186,0x3186,0x3186,0x3186,0x3186,0x3186,0x3186,0x3186,0x3186,0x3186,0x3186,0x3186,0x3186,0x3186,
    0x3186,0x3186,0x3186,0x3186,0x3186,0x3186,0x3186,0x3186,0x2965,0x0020,0x0000,0x0000,0x0000,0x0000,0x0000,0x0000,
    0x0000,0x0000,0x0000,0x0000,0x0000,0x0000,0x18E3,0x3186,0x3186,0x3186,0x3186,0x3186,0x3186,0x3186,0x3186,0x3186,
    0x3186,0x3186,0x3186,0x3186,0x3186,0x3186,0x3186,0x3186,0x3186,0x3186,0x3186,0x3186,0x3186,0x3186,0x3186,0x3186,
    0x3186,0x3186,0x3186,0x3186,0x3186,0x3186,0x3186,0x3186,0x3186,0x18E3,0x0000,0x0000,0x0000,0x0000,0x0000,0x0000,
    0x0000,0x0000,0x0000,0x0000,0x0000,0x0020,0x3186,0x3186,0x3186,0x3186,0x3186,0x3186,0x3186,0x3186,0x3186,0x3186,
    0x3186,0x3186,0x3186,0x3186,0x3186,0x3186,0x3186,0x3186,0x3186,0x3186,0x3186,0x3186,0x3186,0x3186,0x3186,0x3186,
    0x3186,0x3186,0x3186,0x3186,0x3186,0x3186,0x3186,0x3186,0x3186,0x3186,0x0020,0x0000,0x0000,0x0000,0x0000,0x0000,
    0x0000,0x0000,0x0000,0x0000,0x0000,0x18C3,0x3186,0x3186,0x3186,0x3186,0x3186,0x3186,0x3186,0x3186,0x3186,0x3186,
    0x3186,0x3186,0x3186,0x3186,0x3186,0x3186,0x3186,0x3186,0x3186,0x3186,0x3186,0x3186,0x3186,0x3186,0x3186,0x3186,
    0x3186,0x3186,0x3186,0x3186,0x3186,0x3186,0x3186,0x3186,0x3186,0x3186,0x18C3,0x0000,0x0000,0x0000,0x0000,0x0000,
    0x0000,0x0000,0x0000,0x0000,0x0000,0x2965,0x3186,0x3186,0x3186,0x3186,0x3186,0x3186,0x3186,0x3186,0x3186,0x3186,
    0x3186,0x3186,0x3186,0x3186,0x9469,0x39C6,0x3186,0x3186,0x3186,0x3186,0x3186,0x3186,0x3186,0x3186,0x3186,0x3186,
    0x3186,0x3186,0x3186,0x3186,0x3186,0x3186,0x3186,0x3186,0x3186,0x3186,0x2965,0x0000,0x0000,0x0000,0x0000,0x0000,
    0x0000,0x0000,0x0000,0x0000,0x0841,0x3186,0x3186,0x3186,0x3186,0x3186,0x3186,0x3186,0x3186,0x3186,0x3186,0x3186,
    0x3186,0x3186,0x3186,0x3186,0xE68B,0xCDEA,0x6307,0x3186,0x3186,0x3186,0x3186,0x3186,0x3186,0x3186,0x3186,0x3186,
    0x3186,0x3186,0x3186,0x3186,0x3186,0x3186,0x3186,0x3186,0x3186,0x3186,0x3186,0x0841,0x0000,0x0000,0x0000,0x0000,
    0x0000,0x0000,0x0000,0x0000,0x18C3,0x3186,0x3186,0x3186,0x3186,0x3186,0x3186,0x3186,0x3186,0x3186,0x3186,0x3186,
    0x3186,0x3186,0x3186,0x3186,0xE68B,0xE68B,0xE68B,0xA4E9,0x4206,0x3186,0x3186,0x3186,0x3186,0x3186,0x3186,0x3186,
    0x3186,0x3186,0x3186,0x3186,0x3186,0x3186,0x3186,0x3186,0x3186,0x3186,0x3186,0x18C3,0x0000,0x0000,0x0000,0x0000,
    0x0000,0x0000,0x0000,0x0000,0x2104,0x3186,0x3186,0x3186,0x3186,0x3186,0x3186,0x3186,0x3186,0x3186,0x3186,0x3186,
    0x3186,0x3186,0x3186,0x3186,0xE68B,0xE68B,0xE68B,0xE68B,0xD62B,0x7B88,0x3186,0x3186,0x3186,0x3186,0x3186,0x3186,
    0x3186,0x3186,0x3186,0x3186,0x3186,0x3186,0x3186,0x3186,0x3186,0x3186,0x3186,0x2104,0x0000,0x0000,0x0000,0x0000,
    0x0000,0x0000,0x0000,0x0000,0x2945,0x3186,0x3186,0x3186,0x3186,0x3186,0x3186,0x3186,0x3186,0x3186,0x3186,0x3186,
    0x3186,0x3186,0x3186,0x3186,0xE68B,0xE68B,0xE68B,0xE68B,0xE68B,0xE68B,0xB54A,0x4A47,0x3186,0x3186,0x3186,0x3186,
    0x3186,0x3186,0x3186,0x3186,0x3186,0x3186,0x3186,0x3186,0x3186,0x3186,0x3186,0x2945,0x0000,0x0000,0x0000,0x0000,
    0x0000,0x0000,0x0000,0x0000,0x2965,0x3186,0x3186,0x3186,0x3186,0x3186,0x3186,0x3186,0x3186,0x3186,0x3186,0x3186,
    0x3186,0x3186,0x3186,0x3186,0xE68B,0xE68B,0xE68B,0xE68B,0xE68B,0xE68B,0xE68B,0xDE6B,0x8C08,0x31A6,0x3186,0x3186,
    0x3186,0x3186,0x3186,0x3186,0x3186,0x3186,0x3186,0x3186,0x3186,0x3186,0x3186,0x2965,0x0000,0x0000,0x0000,0x0000,
    0x0000,0x0000,0x0000,0x0000,0x3186,0x3186,0x3186,0x3186,0x3186,0x3186,0x3186,0x3186,0x3186,0x3186,0x3186,0x3186,
    0x3186,0x3186,0x3186,0x3186,0xE68B,0xE68B,0xE68B,0xE68B,0xE68B,0xE68B,0xE68B,0xE68B,0xE68B,0xC5CA,0x5AA7,0x3186,
    0x3186,0x3186,0x3186,0x3186,0x3186,0x3186,0x3186,0x3186,0x3186,0x3186,0x3186,0x3186,0x0000,0x0000,0x0000,0x0000,
    0x0000,0x0000,0x0000,0x0000,0x3186,0x3186,0x3186,0x3186,0x3186,0x3186,0x3186,0x3186,0x3186,0x3186,0x3186,0x3186,
    0x3186,0x3186,0x3186,0x3186,0xE68B,0xE68B,0xE68B,0xE68B,0xE68B,0xE68B,0xE68B,0xE68B,0xE68B,0xD62B,0x6B48,0x3186,
    0x3186,0x3186,0x3186,0x3186,0x3186,0x3186,0x3186,0x3186,0x3186,0x3186,0x3186,0x3186,0x0000,0x0000,0x0000,0x0000,
    0x0000,0x0000,0x0000,0x0000,0x2965,0x3186,0x3186,0x3186,0x3186,0x3186,0x3186,0x3186,0x3186,0x3186,0x3186,0x3186,
    0x3186,0x3186,0x3186,0x3186,0xE68B,0xE68B,0xE68B,0xE68B,0xE68B,0xE68B,0xE68B,0xE68B,0x9CA9,0x39C6,0x3186,0x3186,
    0x3186,0x3186,0x3186,0x3186,0x3186,0x3186,0x3186,0x3186,0x3186,0x3186,0x3186,0x2965,0x0000,0x0000,0x0000,0x0000,
    0x0000,0x0000,0x0000,0x0000,0x2945,0x3186,0x3186,0x3186,0x3186,0x3186,0x3186,0x3186,0x3186,0x3186,0x3186,0x3186,
    0x3186,0x3186,0x3186,0x3186,0xE68B,0xE68B,0xE68B,0xE68B,0xE68B,0xE68B,0xC5CA,0x5AC7,0x3186,0x3186,0x3186,0x3186,
    0x3186,0x3186,0x3186,0x3186,0x3186,0x3186,0x3186,0x3186,0x3186,0x3186,0x3186,0x2945,0x0000,0x0000,0x0000,0x0000,
    0x0000,0x0000,0x0000,0x0000,0x2104,0x3186,0x3186,0x3186,0x3186,0x3186,0x3186,0x3186,0x3186,0x3186,0x3186,0x3186,
    0x3186,0x3186,0x3186,0x3186,0xE68B,0xE68B,0xE68B,0xE68B,0xDE6B,0x8C29,0x31A6,0x3186,0x3186,0x3186,0x3186,0x3186,
    0x3186,0x3186,0x3186,0x3186,0x3186,0x3186,0x3186,0x3186,0x3186,0x3186,0x3186,0x2104,0x0000,0x0000,0x0000,0x0000,
    0x0000,0x0000,0x0000,0x0000,0x18C3,0x3186,0x3186,0x3186,0x3186,0x3186,0x3186,0x3186,0x3186,0x3186,0x3186,0x3186,
    0x3186,0x3186,0x3186,0x3186,0xE68B,0xE68B,0xE68B,0xBD6A,0x5267,0x3186,0x3186,0x3186,0x3186,0x3186,0x3186,0x3186,
    0x3186,0x3186,0x3186,0x3186,0x3186,0x3186,0x3186,0x3186,0x3186,0x3186,0x3186,0x18C3,0x0000,0x0000,0x0000,0x0000,
    0x0000,0x0000,0x0000,0x0000,0x0841,0x3186,0x3186,0x3186,0x3186,0x3186,0x3186,0x3186,0x3186,0x3186,0x3186,0x3186,
    0x3186,0x3186,0x3186,0x3186,0xE68B,0xD64B,0x7BA8,0x31A6,0x3186,0x3186,0x3186,0x3186,0x3186,0x3186,0x3186,0x3186,
    0x3186,0x3186,0x3186,0x3186,0x3186,0x3186,0x3186,0x3186,0x3186,0x3186,0x3186,0x0841,0x0000,0x0000,0x0000,0x0000,
    0x0000,0x0000,0x0000,0x0000,0x0000,0x2965,0x3186,0x3186,0x3186,0x3186,0x3186,0x3186,0x3186,0x3186,0x3186,0x3186,
    0x3186,0x3186,0x3186,0x3186,0xAD09,0x4226,0x3186,0x3186,0x3186,0x3186,0x3186,0x3186,0x3186,0x3186,0x3186,0x3186,
    0x3186,0x3186,0x3186,0x3186,0x3186,0x3186,0x3186,0x3186,0x3186,0x3186,0x2965,0x0000,0x0000,0x0000,0x0000,0x0000,
    0x0000,0x0000,0x0000,0x0000,0x0000,0x18C3,0x3186,0x3186,0x3186,0x3186,0x3186,0x3186,0x3186,0x3186,0x3186,0x3186,
    0x3186,0x3186,0x3186,0x3186,0x3186,0x3186,0x3186,0x3186,0x3186,0x3186,0x3186,0x3186,0x3186,0x3186,0x3186,0x3186,
    0x3186,0x3186,0x3186,0x3186,0x3186,0x3186,0x3186,0x3186,0x3186,0x3186,0x18C3,0x0000,0x0000,0x0000,0x0000,0x0000,
    0x0000,0x0000,0x0000,0x0000,0x0000,0x0020,0x3186,0x3186,0x3186,0x3186,0x3186,0x3186,0x3186,0x3186,0x3186,0x3186,
    0x3186,0x3186,0x3186,0x3186,0x3186,0x3186,0x3186,0x3186,0x3186,0x3186,0x3186,0x3186,0x3186,0x3186,0x3186,0x3186,
    0x3186,0x3186,0x3186,0x3186,0x3186,0x3186,0x3186,0x3186,0x3186,0x3186,0x0020,0x0000,0x0000,0x0000,0x0000,0x0000,
    0x0000,0x0000,0x0000,0x0000,0x0000,0x0000,0x18E3,0x3186,0x3186,0x3186,0x3186,0x3186,0x3186,0x3186,0x3186,0x3186,
    0x3186,0x3186,0x3186,0x3186,0x3186,0x3186,0x3186,0x3186,0x3186,0x3186,0x3186,0x3186,0x3186,0x3186,0x3186,0x3186,
    0x3186,0x3186,0x3186,0x3186,0x3186,0x3186,0x3186,0x3186,0x3186,0x18E3,0x0000,0x0000,0x0000,0x0000,0x0000,0x0000,
    0x0000,0x0000,0x0000,0x0000,0x0000,0x0000,0x0020,0x2965,0x3186,0x3186,0x3186,0x3186,0x3186,0x3186,0x3186,0x3186,
    0x3186,0x3186,0x3186,0x3186,0x3186,0x3186,0x3186,0x3186,0x3186,0x3186,0x3186,0x3186,0x3186,0x3186,0x3186,0x3186,
    0x3186,0x3186,0x3186,0x3186,0x3186,0x3186,0x3186,0x3186,0x2965,0x0020,0x0000,0x0000,0x0000,0x0000,0x0000,0x0000,
    0x0000,0x0000,0x0000,0x0000,0x0000,0x0000,0x0000,0x1082,0x3186,0x3186,0x3186,0x3186,0x3186,0x3186,0x3186,0x3186,
    0x3186,0x3186,0x3186,0x3186,0x3186,0x3186,0x3186,0x3186,0x3186,0x3186,0x3186,0x3186,0x3186,0x3186,0x3186,0x3186,
    0x3186,0x3186,0x3186,0x3186,0x3186,0x3186,0x3186,0x3186,0x1082,0x0000,0x0000,0x0000,0x0000,0x0000,0x0000,0x0000,
    0x0000,0x0000,0x0000,0x0000,0x0000,0x0000,0x0000,0x0000,0x18E3,0x3186,0x3186,0x3186,0x3186,0x3186,0x3186,0x3186,
    0x3186,0x3186,0x3186,0x3186,0x3186,0x3186,0x3186,0x3186,0x3186,0x3186,0x3186,0x3186,0x3186,0x3186,0x3186,0x3186,
    0x3186,0x3186,0x3186,0x3186,0x3186,0x3186,0x3186,0x18E3,0x0000,0x0000,0x0000,0x0000,0x0000,0x0000,0x0000,0x0000,
    0x0000,0x0000,0x0000,0x0000,0x0000,0x0000,0x0000,0x0000,0x0000,0x2104,0x3186,0x3186,0x3186,0x3186,0x3186,0x3186,
    0x3186,0x3186,0x3186,0x3186,0x3186,0x3186,0x3186,0x3186,0x3186,0x3186,0x3186,0x3186,0x3186,0x3186,0x3186,0x3186,
    0x3186,0x3186,0x3186,0x3186,0x3186,0x3186,0x2104,0x0000,0x0000,0x0000,0x0000,0x0000,0x0000,0x0000,0x0000,0x0000,
    0x0000,0x0000,0x0000,0x0000,0x0000,0x0000,0x0000,0x0000,0x0000,0x0000,0x2104,0x3186,0x3186,0x3186,0x3186,0x3186,
    0x3186,0x3186,0x3186,0x3186,0x3186,0x3186,0x3186,0x3186,0x3186,0x3186,0x3186,0x3186,0x3186,0x3186,0x3186,0x3186,
    0x3186,0x3186,0x3186,0x3186,0x3186,0x2104,0x0000,0x0000,0x0000,0x0000,0x0000,0x0000,0x0000,0x0000,0x0000,0x0000,
    0x0000,0x0000,0x0000,0x0000,0x0000,0x0000,0x0000,0x0000,0x0000,0x0000,0x0000,0x18E3,0x3186,0x3186,0x3186,0x3186,
    0x3186,0x3186,0x3186,0x3186,0x3186,0x3186,0x3186,0x3186,0x3186,0x3186,0x3186,0x3186,0x3186,0x3186,0x3186,0x3186,
    0x3186,0x3186,0x3186,0x3186,0x18E3,0x0000,0x0000,0x0000,0x0000,0x0000,0x0000,0x0000,0x0000,0x0000,0x0000,0x0000,
    0x0000,0x0000,0x0000,0x0000,0x0000,0x0000,0x0000,0x0000,0x0000,0x0000,0x0000,0x0000,0x1082,0x2965,0x3186,0x3186,
    0x3186,0x3186,0x3186,0x3186,0x3186,0x3186,0x3186,0x3186,0x3186,0x3186,0x3186,0x3186,0x3186,0x3186,0x3186,0x3186,
    0x3186,0x3186,0x2965,0x1082,0x0000,0x0000,0x0000,0x0000,0x0000,0x0000,0x0000,0x0000,0x0000,0x0000,0x0000,0x0000,
    0x0000,0x0000,0x0000,0x0000,0x0000,0x0000,0x0000,0x0000,0x0000,0x0000,0x0000,0x0000,0x0000,0x0020,0x18E3,0x3186,
    0x3186,0x3186,0x3186,0x3186,0x3186,0x3186,0x3186,0x3186,0x3186,0x3186,0x3186,0x3186,0x3186,0x3186,0x3186,0x3186,
    0x3186,0x18E3,0x0020,0x0000,0x0000,0x0000,0x0000,0x0000,0x0000,0x0000,0x0000,0x0000,0x0000,0x0000,0x0000,0x0000,
    0x0000,0x0000,0x0000,0x0000,0x0000,0x0000,0x0000,0x0000,0x0000,0x0000,0x0000,0x0000,0x0000,0x0000,0x0000,0x0020,
    0x18C3,0x2965,0x3186,0x3186,0x3186,0x3186,0x3186,0x3186,0x3186,0x3186,0x3186,0x3186,0x3186,0x3186,0x2965,0x18C3,
    0x0020,0x0000,0x0000,0x0000,0x0000,0x0000,0x0000,0x0000,0x0000,0x0000,0x0000,0x0000,0x0000,0x0000,0x0000,0x0000,
    0x0000,0x0000,0x0000,0x0000,0x0000,0x0000,0x0000,0x0000,0x0000,0x0000,0x0000,0x0000,0x0000,0x0000,0x0000,0x0000,
    0x0000,0x0000,0x0841,0x18C3,0x2104,0x2945,0x2965,0x3186,0x3186,0x2965,0x2945,0x2104,0x18C3,0x0841,0x0000,0x0000,
    0x0000,0x0000,0x0000,0x0000,0x0000,0x0000,0x0000,0x0000,0x0000,0x0000,0x0000,0x0000,0x0000,0x0000,0x0000,0x0000,
    0x0000,0x0000,0x0000,0x0000,0x0000,0x0000,0x0000,0x0000,0x0000,0x0000,0x0000,0x0000,0x0000,0x0000,0x0000,0x0000,
    0x0000,0x0000,0x0000,0x0000,0x0000,0x0000,0x0000,0x0000,0x0000,0x0000,0x0000,0x0000,0x0000,0x0000,0x0000,0x0000,
    0x0000,0x0000,0x0000,0x0000,0x0000,0x0000,0x0000,0x0000,0x0000,0x0000,0x0000,0x0000,0x0000,0x0000,0x0000,0x0000,
    0x0000,0x0000,0x0000,0x0000,0x0000,0x0000,0x0000,0x0000,0x0000,0x0000,0x0000,0x0000,0x0000,0x0000,0x0000,0x0000,
    0x0000,0x0000,0x0000,0x0000,0x0000,0x0000,0x0000,0x0000,0x0000,0x0000,0x0000,0x0000,0x0000,0x0000,0x0000,0x0000,
    0x0000,0x0000,0x0000,0x0000,0x0000,0x0000,0x0000,0x0000,0x0000,0x0000,0x0000,0x0000,0x0000,0x0000,0x0000,0x0000,
    0x0000,0x0000,0x0000,0x0000,0x0000,0x0000,0x0000,0x0000,0x0000,0x0000,0x0000,0x0000,0x0000,0x0000,0x0000,0x0000,
    0x0000,0x0000,0x0000,0x0000,0x0000,0x0000,0x0000,0x0000,0x0000,0x0000,0x0000,0x0000,0x0000,0x0000,0x0000,0x0000,
    0x0000,0x0000,0x0000,0x0000,0x0000,0x0000,0x0000,0x0000,0x0000,0x0000,0x0000,0x0000,0x0000,0x0000,0x0000,0x0000,
    0x0000,0x0000,0x0000,0x0000,0x0000,0x0000,0x0000,0x0000,0x0000,0x0000,0x0000,0x0000,0x0000,0x0000,0x0000,0x0000,
    0x0000,0x0000,0x0000,0x0000,0x0000,0x0000,0x0000,0x0000,0x0000,0x0000,0x0000,0x0000,0x0000,0x0000,0x0000,0x0000,
    0x0000,0x0000,0x0000,0x0000,0x0000,0x0000,0x0000,0x0000,0x0000,0x0000,0x0000,0x0000,0x0000,0x0000,0x0000,0x0000,
  },
  /* грати натиснута */ {
    0x0000,0x0000,0x0000,0x0000,0x0000,0x0000,0x0000,0x0000,0x0000,0x0000,0x0000,0x0000,0x0000,0x0000,0x0000,0x0000,
    0x0000,0x0000,0x0000,0x0000,0x0000,0x0000,0x0000,0x0000,0x0000,0x0000,0x0000,0x0000,0x0000,0x0000,0x0000,0x0000,
    0x0000,0x0000,0x0000,0x0000,0x0000,0x0000,0x0000,0x0000,0x0000,0x0000,0x0000,0x0000,0x0000,0x0000,0x0000,0x0000,
    0x0000,0x0000,0x0000,0x0000,0x0000,0x0000,0x0000,0x0000,0x0000,0x0000,0x0000,0x0000,0x0000,0x0000,0x0000,0x0000,
    0x0000,0x0000,0x0000,0x0000,0x0000,0x0000,0x0000,0x0000,0x0000,0x0000,0x0000,0x0000,0x0000,0x0000,0x0000,0x0000,
    0x0000,0x0000,0x0000,0x0000,0x0000,0x0000,0x0000,0x0000,0x0000,0x0000,0x0000,0x0000,0x0000,0x0000,0x0000,0x0000,
    0x0000,0x0000,0x0000,0x0000,0x0000,0x0000,0x0000,0x0000,0x0000,0x0000,0x0000,0x0000,0x0000,0x0000,0x0000,0x0000,
    0x0000,0x0000,0x0000,0x0000,0x0000,0x0000,0x0000,0x0000,0x0000,0x0000,0x0000,0x0000,0x0000,0x0000,0x0000,0x0000,
    0x0000,0x0000,0x0000,0x0000,0x0000,0x0000,0x0000,0x0000,0x0000,0x0000,0x0000,0x0000,0x0000,0x0000,0x0000,0x0000,
    0x0000,0x0000,0x0000,0x0000,0x0000,0x0000,0x0000,0x0000,0x0000,0x0000,0x0000,0x0000,0x0000,0x0000,0x0000,0x0000,
    0x0000,0x0000,0x0000,0x0000,0x0000,0x0000,0x0000,0x0000,0x0000,0x0000,0x0000,0x0000,0x0000,0x0000,0x0000,0x0000,
    0x0000,0x0000,0x0000,0x0000,0x0000,0x0000,0x0000,0x0000,0x0000,0x0000,0x0000,0x0000,0x0000,0x0000,0x0000,0x0000,
    0x0000,0x0000,0x0000,0x0000,0x0000,0x0000,0x0000,0x0000,0x0000,0x0000,0x0000,0x0000,0x0000,0x0000,0x0000,0x0000,
    0x0000,0x0000,0x39C3,0x7B87,0xA4C9,0xC5AA,0xD62B,0xDE6B,0xDE6B,0xD62B,0xC5AA,0xA4C9,0x7B87,0x39C3,0x0000,0x0000,
    0x0000,0x0000,0x0000,0x0000,0x0000,0x0000,0x0000,0x0000,0x0000,0x0000,0x0000,0x0000,0x0000,0x0000,0x0000,0x0000,
    0x0000,0x0000,0x0000,0x0000,0x0000,0x0000,0x0000,0x0000,0x0000,0x0000,0x0000,0x0000,0x0000,0x0000,0x0000,0x2102,
    0x83E7,0xCDEA,0xE68B,0xE68B,0xE68B,0xE68B,0xE68B,0xE68B,0xE68B,0xE68B,0xE68B,0xE68B,0xE68B,0xE68B,0xCDEA,0x83E7,
    0x2102,0x0000,0x0000,0x0000,0x0000,0x0000,0x0000,0x0000,0x0000,0x0000,0x0000,0x0000,0x0000,0x0000,0x0000,0x0000,
    0x0000,0x0000,0x0000,0x0000,0x0000,0x0000,0x0000,0x0000,0x0000,0x0000,0x0000,0x0000,0x0000,0x10A1,0x8C28,0xE68B,
    0xE68B,0xE68B,0xE68B,0xE68B,0xE68B,0xE68B,0xE68B,0xE68B,0xE68B,0xE68B,0xE68B,0xE68B,0xE68B,0xE68B,0xE68B,0xE68B,
    0xE68B,0x8C28,0x10A1,0x0000,0x0000,0x0000,0x0000,0x0000,0x0000,0x0000,0x0000,0x0000,0x0000,0x0000,0x0000,0x0000,
    0x0000,0x0000,0x0000,0x0000,0x0000,0x0000,0x0000,0x0000,0x0000,0x0000,0x0000,0x0000,0x62E5,0xD62B,0xE68B,0xE68B,
    0xE68B,0xE68B,0xE68B,0xE68B,0xE68B,0xE68B,0xE68B,0xE68B,0xE68B,0xE68B,0xE68B,0xE68B,0xE68B,0xE68B,0xE68B,0xE68B,
    0xE68B,0xE68B,0xD62B,0x62E5,0x0000,0x0000,0x0000,0x0000,0x0000,0x0000,0x0000,0x0000,0x0000,0x0000,0x0000,0x0000,
    0x0000,0x0000,0x0000,0x0000,0x0000,0x0000,0x0000,0x0000,0x0000,0x0000,0x0000,0x8C28,0xE68B,0xE68B,0xE68B,0xE68B,
    0xE68B,0xE68B,0xE68B,0xE68B,0xE68B,0xE68B,0xE68B,0xE68B,0xE68B,0xE68B,0xE68B,0xE68B,0xE68B,0xE68B,0xE68B,0xE68B,
    0xE68B,0xE68B,0xE68B,0xE68B,0x8C28,0x0000,0x0000,0x0000,0x0000,0x0000,0x0000,0x0000,0x0000,0x0000,0x0000,0x0000,
    0x0000,0x0000,0x0000,0x0000,0x0000,0x0000,0x0000,0x0000,0x0000,0x0000,0xA4C9,0xE68B,0xE68B,0xE68B,0xE68B,0xE68B,
    0xE68B,0xE68B,0xE68B,0xE68B,0xE68B,0xE68B,0xE68B,0xE68B,0xE68B,0xE68B,0xE68B,0xE68B,0xE68B,0xE68B,0xE68B,0xE68B,
    0xE68B,0xE68B,0xE68B,0xE68B,0xE68B,0xA4C9,0x0000,0x0000,0x0000,0x0000,0x0000,0x0000,0x0000,0x0000,0x0000,0x0000,
    0x0000,0x0000,0x0000,0x0000,0x0000,0x0000,0x0000,0x0000,0x0000,0xA4C9,0xE68B,0xE68B,0xE68B,0xE68B,0xE68B,0xE68B,
    0xE68B,0xE68B,0xE68B,0xE68B,0xE68B,0xE68B,0xE68B,0xE68B,0xE68B,0xE68B,0xE68B,0xE68B,0xE68B,0xE68B,0xE68B,0xE68B,
    0xE68B,0xE68B,0xE68B,0xE68B,0xE68B,0xE68B,0xA4C9,0x0000,0x0000,0x0000,0x0000,0x0000,0x0000,0x0000,0x0000,0x0000,
    0x0000,0x0000,0x0000,0x0000,0x0000,0x0000,0x0000,0x0000,0x8C28,0xE68B,0xE68B,0xE68B,0xE68B,0xE68B,0xE68B,0xE68B,
    0xE68B,0xE68B,0xE68B,0xE68B,0xE68B,0xE68B,0xE68B,0xE68B,0xE68B,0xE68B,0xE68B,0xE68B,0xE68B,0xE68B,0xE68B,0xE68B,
    0xE68B,0xE68B,0xE68B,0xE68B,0xE68B,0xE68B,0xE68B,0x8C28,0x0000,0x0000,0x0000,0x0000,0x0000,0x0000,0x0000,0x0000,
    0x0000,0x0000,0x0000,0x0000,0x0000,0x0000,0x0000,0x62E5,0xE68B,0xE68B,0xE68B,0xE68B,0xE68B,0xE68B,0xE68B,0xE68B,
    0xE68B,0xE68B,0xE68B,0xE68B,0xE68B,0xE68B,0xE68B,0xE68B,0xE68B,0xE68B,0xE68B,0xE68B,0xE68B,0xE68B,0xE68B,0xE68B,
    0xE68B,0xE68B,0xE68B,0xE68B,0xE68B,0xE68B,0xE68B,0xE68B,0x62E5,0x0000,0x0000,0x0000,0x0000,0x0000,0x0000,0x0000,
    0x0000,0x0000,0x0000,0x0000,0x0000,0x0000,0x10A1,0xD62B,0xE68B,0xE68B,0xE68B,0xE68B,0xE68B,0xE68B,0xE68B,0xE68B,
    0xE68B,0xE68B,0xE68B,0xE68B,0xE68B,0xE68B,0xE68B,0xE68B,0xE68B,0xE68B,0xE68B,0xE68B,0xE68B,0xE68B,0xE68B,0xE68B,
    0xE68B,0xE68B,0xE68B,0xE68B,0xE68B,0xE68B,0xE68B,0xE68B,0xD62B,0x10A1,0x0000,0x0000,0x0000,0x0000,0x0000,0x0000,
    0x0000,0x0000,0x0000,0x0000,0x0000,0x0000,0x8C28,0xE68B,0xE68B,0xE68B,0xE68B,0xE68B,0xE68B,0xE68B,0xE68B,0xE68B,
    0xE68B,0xE68B,0xE68B,0xE68B,0xE68B,0xE68B,0xE68B,0xE68B,0xE68B,0xE68B,0xE68B,0xE68B,0xE68B,0xE68B,0xE68B,0xE68B,
    0xE68B,0xE68B,0xE68B,0xE68B,0xE68B,0xE68B,0xE68B,0xE68B,0xE68B,0x8C28,0x0000,0x0000,0x0000,0x0000,0x0000,0x0000,
    0x0000,0x0000,0x0000,0x0000,0x0000,0x2102,0xE68B,0xE68B,0xE68B,0xE68B,0xE68B,0xE68B,0xE68B,0xE68B,0xE68B,0xE68B,
    0xE68B,0xE68B,0xE68B,0xE68B,0xE68B,0xE68B,0xE68B,0xE68B,0xE68B,0xE68B,0xE68B,0xE68B,0xE68B,0xE68B,0xE68B,0xE68B,
    0xE68B,0xE68B,0xE68B,0xE68B,0xE68B,0xE68B,0xE68B,0xE68B,0xE68B,0xE68B,0x2102,0x0000,0x0000,0x0000,0x0000,0x0000,
    0x0000,0x0000,0x0000,0x0000,0x0000,0x83E7,0xE68B,0xE68B,0xE68B,0xE68B,0xE68B,0xE68B,0xE68B,0xE68B,0xE68B,0xE68B,
    0xE68B,0xE68B,0xE68B,0xE68B,0xE68B,0xE68B,0xE68B,0xE68B,0xE68B,0xE68B,0xE68B,0xE68B,0xE68B,0xE68B,0xE68B,0xE68B,
    0xE68B,0xE68B,0xE68B,0xE68B,0xE68B,0xE68B,0xE68B,0xE68B,0xE68B,0xE68B,0x83E7,0x0000,0x0000,0x0000,0x0000,0x0000,
    0x0000,0x0000,0x0000,0x0000,0x0000,0xCDEA,0xE68B,0xE68B,0xE68B,0xE68B,0xE68B,0xE68B,0xE68B,0xE68B,0xE68B,0xE68B,
    0xE68B,0xE68B,0xE68B,0xE68B,0x5AC4,0xD62A,0xE68B,0xE68B,0xE68B,0xE68B,0xE68B,0xE68B,0xE68B,0xE68B,0xE68B,0xE68B,
    0xE68B,0xE68B,0xE68B,0xE68B,0xE68B,0xE68B,0xE68B,0xE68B,0xE68B,0xE68B,0xCDEA,0x0000,0x0000,0x0000,0x0000,0x0000,
    0x0000,0x0000,0x0000,0x0000,0x39C3,0xE68B,0xE68B,0xE68B,0xE68B,0xE68B,0xE68B,0xE68B,0xE68B,0xE68B,0xE68B,0xE68B,
    0xE68B,0xE68B,0xE68B,0xE68B,0x0000,0x18A1,0x9C88,0xE68B,0xE68B,0xE68B,0xE68B,0xE68B,0xE68B,0xE68B,0xE68B,0xE68B,
    0xE68B,0xE68B,0xE68B,0xE68B,0xE68B,0xE68B,0xE68B,0xE68B,0xE68B,0xE68B,0xE68B,0x39C3,0x0000,0x0000,0x0000,0x0000,
    0x0000,0x0000,0x0000,0x0000,0x7B87,0xE68B,0xE68B,0xE68B,0xE68B,0xE68B,0xE68B,0xE68B,0xE68B,0xE68B,0xE68B,0xE68B,
    0xE68B,0xE68B,0xE68B,0xE68B,0x0000,0x0000,0x0000,0x4A23,0xCDEA,0xE68B,0xE68B,0xE68B,0xE68B,0xE68B,0xE68B,0xE68B,
    0xE68B,0xE68B,0xE68B,0xE68B,0xE68B,0xE68B,0xE68B,0xE68B,0xE68B,0xE68B,0xE68B,0x7B87,0x0000,0x0000,0x0000,0x0000,
    0x0000,0x0000,0x0000,0x0000,0xA4C9,0xE68B,0xE68B,0xE68B,0xE68B,0xE68B,0xE68B,0xE68B,0xE68B,0xE68B,0xE68B,0xE68B,
    0xE68B,0xE68B,0xE68B,0xE68B,0x0000,0x0000,0x0000,0x0000,0x0860,0x83E6,0xE68B,0xE68B,0xE68B,0xE68B,0xE68B,0xE68B,
    0xE68B,0xE68B,0xE68B,0xE68B,0xE68B,0xE68B,0xE68B,0xE68B,0xE68B,0xE68B,0xE68B,0xA4C9,0x0000,0x0000,0x0000,0x0000,
    0x0000,0x0000,0x0000,0x0000,0xC5AA,0xE68B,0xE68B,0xE68B,0xE68B,0xE68B,0xE68B,0xE68B,0xE68B,0xE68B,0xE68B,0xE68B,
    0xE68B,0xE68B,0xE68B,0xE68B,0x0000,0x0000,0x0000,0x0000,0x0000,0x0000,0x3182,0xBD89,0xE68B,0xE68B,0xE68B,0xE68B,
    0xE68B,0xE68B,0xE68B,0xE68B,0xE68B,0xE68B,0xE68B,0xE68B,0xE68B,0xE68B,0xE68B,0xC5AA,0x0000,0x0000,0x0000,0x0000,
    0x0000,0x0000,0x0000,0x0000,0xD62B,0xE68B,0xE68B,0xE68B,0xE68B,0xE68B,0xE68B,0xE68B,0xE68B,0xE68B,0xE68B,0xE68B,
    0xE68B,0xE68B,0xE68B,0xE68B,0x0000,0x0000,0x0000,0x0000,0x0000,0x0000,0x0000,0x0020,0x7345,0xDE6B,0xE68B,0xE68B,
    0xE68B,0xE68B,0xE68B,0xE68B,0xE68B,0xE68B,0xE68B,0xE68B,0xE68B,0xE68B,0xE68B,0xD62B,0x0000,0x0000,0x0000,0x0000,
    0x0000,0x0000,0x0000,0x0000,0xDE6B,0xE68B,0xE68B,0xE68B,0xE68B,0xE68B,0xE68B,0xE68B,0xE68B,0xE68B,0xE68B,0xE68B,
    0xE68B,0xE68B,0xE68B,0xE68B,0x0000,0x0000,0x0000,0x0000,0x0000,0x0000,0x0000,0x0000,0x0000,0x2101,0xAD08,0xE68B,
    0xE68B,0xE68B,0xE68B,0xE68B,0xE68B,0xE68B,0xE68B,0xE68B,0xE68B,0xE68B,0xE68B,0xDE6B,0x0000,0x0000,0x0000,0x0000,
    0x0000,0x0000,0x0000,0x0000,0xDE6B,0xE68B,0xE68B,0xE68B,0xE68B,0xE68B,0xE68B,0xE68B,0xE68B,0xE68B,0xE68B,0xE68B,
    0xE68B,0xE68B,0xE68B,0xE68B,0x0000,0x0000,0x0000,0x0000,0x0000,0x0000,0x0000,0x0000,0x0000,0x1080,0x9447,0xE68B,
    0xE68B,0xE68B,0xE68B,0xE68B,0xE68B,0xE68B,0xE68B,0xE68B,0xE68B,0xE68B,0xE68B,0xDE6B,0x0000,0x0000,0x0000,0x0000,
    0x0000,0x0000,0x0000,0x0000,0xD62B,0xE68B,0xE68B,0xE68B,0xE68B,0xE68B,0xE68B,0xE68B,0xE68B,0xE68B,0xE68B,0xE68B,
    0xE68B,0xE68B,0xE68B,0xE68B,0x0000,0x0000,0x0000,0x0000,0x0000,0x0000,0x0000,0x0000,0x5264,0xD60A,0xE68B,0xE68B,
    0xE68B,0xE68B,0xE68B,0xE68B,0xE68B,0xE68B,0xE68B,0xE68B,0xE68B,0xE68B,0xE68B,0xD62B,0x0000,0x0000,0x0000,0x0000,
    0x0000,0x0000,0x0000,0x0000,0xC5AA,0xE68B,0xE68B,0xE68B,0xE68B,0xE68B,0xE68B,0xE68B,0xE68B,0xE68B,0xE68B,0xE68B,
    0xE68B,0xE68B,0xE68B,0xE68B,0x0000,0x0000,0x0000,0x0000,0x0000,0x0000,0x18E1,0xA4E8,0xE68B,0xE68B,0xE68B,0xE68B,
    0xE68B,0xE68B,0xE68B,0xE68B,0xE68B,0xE68B,0xE68B,0xE68B,0xE68B,0xE68B,0xE68B,0xC5AA,0x0000,0x0000,0x0000,0x0000,
    0x0000,0x0000,0x0000,0x0000,0xA4C9,0xE68B,0xE68B,0xE68B,0xE68B,0xE68B,0xE68B,0xE68B,0xE68B,0xE68B,0xE68B,0xE68B,
    0xE68B,0xE68B,0xE68B,0xE68B,0x0000,0x0000,0x0000,0x0000,0x0000,0x6B05,0xDE4B,0xE68B,0xE68B,0xE68B,0xE68B,0xE68B,
    0xE68B,0xE68B,0xE68B,0xE68B,0xE68B,0xE68B,0xE68B,0xE68B,0xE68B,0xE68B,0xE68B,0xA4C9,0x0000,0x0000,0x0000,0x0000,
    0x0000,0x0000,0x0000,0x0000,0x7B87,0xE68B,0xE68B,0xE68B,0xE68B,0xE68B,0xE68B,0xE68B,0xE68B,0xE68B,0xE68B,0xE68B,
    0xE68B,0xE68B,0xE68B,0xE68B,0x0000,0x0000,0x0000,0x3162,0xB549,0xE68B,0xE68B,0xE68B,0xE68B,0xE68B,0xE68B,0xE68B,
    0xE68B,0xE68B,0xE68B,0xE68B,0xE68B,0xE68B,0xE68B,0xE68B,0xE68B,0xE68B,0xE68B,0x7B87,0x0000,0x0000,0x0000,0x0000,
    0x0000,0x0000,0x0000,0x0000,0x39C3,0xE68B,0xE68B,0xE68B,0xE68B,0xE68B,0xE68B,0xE68B,0xE68B,0xE68B,0xE68B,0xE68B,
    0xE68B,0xE68B,0xE68B,0xE68B,0x0000,0x0840,0x7BA6,0xDE6B,0xE68B,0xE68B,0xE68B,0xE68B,0xE68B,0xE68B,0xE68B,0xE68B,
    0xE68B,0xE68B,0xE68B,0xE68B,0xE68B,0xE68B,0xE68B,0xE68B,0xE68B,0xE68B,0xE68B,0x39C3,0x0000,0x0000,0x0000,0x0000,
    0x0000,0x0000,0x0000,0x0000,0x0000,0xCDEA,0xE68B,0xE68B,0xE68B,0xE68B,0xE68B,0xE68B,0xE68B,0xE68B,0xE68B,0xE68B,
    0xE68B,0xE68B,0xE68B,0xE68B,0x41E3,0xC5AA,0xE68B,0xE68B,0xE68B,0xE68B,0xE68B,0xE68B,0xE68B,0xE68B,0xE68B,0xE68B,
    0xE68B,0xE68B,0xE68B,0xE68B,0xE68B,0xE68B,0xE68B,0xE68B,0xE68B,0xE68B,0xCDEA,0x0000,0x0000,0x0000,0x0000,0x0000,
    0x0000,0x0000,0x0000,0x0000,0x0000,0x83E7,0xE68B,0xE68B,0xE68B,0xE68B,0xE68B,0xE68B,0xE68B,0xE68B,0xE68B,0xE68B,
    0xE68B,0xE68B,0xE68B,0xE68B,0xE68B,0xE68B,0xE68B,0xE68B,0xE68B,0xE68B,0xE68B,0xE68B,0xE68B,0xE68B,0xE68B,0xE68B,
    0xE68B,0xE68B,0xE68B,0xE68B,0xE68B,0xE68B,0xE68B,0xE68B,0xE68B,0xE68B,0x83E7,0x0000,0x0000,0x0000,0x0000,0x0000,
    0x0000,0x0000,0x0000,0x0000,0x0000,0x2102,0xE68B,0xE68B,0xE68B,0xE68B,0xE68B,0xE68B,0xE68B,0xE68B,0xE68B,0xE68B,
    0xE68B,0xE68B,0xE68B,0xE68B,0xE68B,0xE68B,0xE68B,0xE68B,0xE68B,0xE68B,0xE68B,0xE68B,0xE68B,0xE68B,0xE68B,0xE68B,
    0xE68B,0xE68B,0xE68B,0xE68B,0xE68B,0xE68B,0xE68B,0xE68B,0xE68B,0xE68B,0x2102,0x0000,0x0000,0x0000,0x0000,0x0000,
    0x0000,0x0000,0x0000,0x0000,0x0000,0x0000,0x8C28,0xE68B,0xE68B,0xE68B,0xE68B,0xE68B,0xE68B,0xE68B,0xE68B,0xE68B,
    0xE68B,0xE68B,0xE68B,0xE68B,0xE68B,0xE68B,0xE68B,0xE68B,0xE68B,0xE68B,0xE68B,0xE68B,0xE68B,0xE68B,0xE68B,0xE68B,
    0xE68B,0xE68B,0xE68B,0xE68B,0xE68B,0xE68B,0xE68B,0xE68B,0xE68B,0x8C28,0x0000,0x0000,0x0000,0x0000,0x0000,0x0000,
    0x0000,0x0000,0x0000,0x0000,0x0000,0x0000,0x10A1,0xD62B,0xE68B,0xE68B,0xE68B,0xE68B,0xE68B,0xE68B,0xE68B,0xE68B,
    0xE68B,0xE68B,0xE68B,0xE68B,0xE68B,0xE68B,0xE68B,0xE68B,0xE68B,0xE68B,0xE68B,0xE68B,0xE68B,0xE68B,0xE68B,0xE68B,
    0xE68B,0xE68B,0xE68B,0xE68B,0xE68B,0xE68B,0xE68B,0xE68B,0xD62B,0x10A1,0x0000,0x0000,0x0000,0x0000,0x0000,0x0000,
    0x0000,0x0000,0x0000,0x0000,0x0000,0x0000,0x0000,0x62E5,0xE68B,0xE68B,0xE68B,0xE68B,0xE68B,0xE68B,0xE68B,0xE68B,
    0xE68B,0xE68B,0xE68B,0xE68B,0xE68B,0xE68B,0xE68B,0xE68B,0xE68B,0xE68B,0xE68B,0xE68B,0xE68B,0xE68B,0xE68B,0xE68B,
    0xE68B,0xE68B,0xE68B,0xE68B,0xE68B,0xE68B,0xE68B,0xE68B,0x62E5,0x0000,0x0000,0x0000,0x0000,0x0000,0x0000,0x0000,
    0x0000,0x0000,0x0000,0x0000,0x0000,0x0000,0x0000,0x0000,0x8C28,0xE68B,0xE68B,0xE68B,0xE68B,0xE68B,0xE68B,0xE68B,
    0xE68B,0xE68B,0xE68B,0xE68B,0xE68B,0xE68B,0xE68B,0xE68B,0xE68B,0xE68B,0xE68B,0xE68B,0xE68B,0xE68B,0xE68B,0xE68B,
    0xE68B,0xE68B,0xE68B,0xE68B,0xE68B,0xE68B,0xE68B,0x8C28,0x0000,0x0000,0x0000,0x0000,0x0000,0x0000,0x0000,0x0000,
    0x0000,0x0000,0x0000,0x0000,0x0000,0x0000,0x0000,0x0000,0x0000,0xA4C9,0xE68B,0xE68B,0xE68B,0xE68B,0xE68B,0xE68B,
    0xE68B,0xE68B,0xE68B,0xE68B,0xE68B,0xE68B,0xE68B,0xE68B,0xE68B,0xE68B,0xE68B,0xE68B,0xE68B,0xE68B,0xE68B,0xE68B,
    0xE68B,0xE68B,0xE68B,0xE68B,0xE68B,0xE68B,0xA4C9,0x0000,0x0000,0x0000,0x0000,0x0000,0x0000,0x0000,0x0000,0x0000,
    0x0000,0x0000,0x0000,0x0000,0x0000,0x0000,0x0000,0x0000,0x0000,0x0000,0xA4C9,0xE68B,0xE68B,0xE68B,0xE68B,0xE68B,
    0xE68B,0xE68B,0xE68B,0xE68B,0xE68B,0xE68B,0xE68B,0xE68B,0xE68B,0xE68B,0xE68B,0xE68B,0xE68B,0xE68B,0xE68B,0xE68B,
    0xE68B,0xE68B,0xE68B,0xE68B,0xE68B,0xA4C9,0x0000,0x0000,0x0000,0x0000,0x0000,0x0000,0x0000,0x0000,0x0000,0x0000,
    0x0000,0x0000,0x0000,0x0000,0x0000,0x0000,0x0000,0x0000,0x0000,0x0000,0x0000,0x8C28,0xE68B,0xE68B,0xE68B,0xE68B,
    0xE68B,0xE68B,0xE68B,0xE68B,0xE68B,0xE68B,0xE68B,0xE68B,0xE68B,0xE68B,0xE68B,0xE68B,0xE68B,0xE68B,0xE68B,0xE68B,
    0xE68B,0xE68B,0xE68B,0xE68B,0x8C28,0x0000,0x0000,0x0000,0x0000,0x0000,0x0000,0x0000,0x0000,0x0000,0x0000,0x0000,
    0x0000,0x0000,0x0000,0x0000,0x0000,0x0000,0x0000,0x0000,0x0000,0x0000,0x0000,0x0000,0x62E5,0xD62B,0xE68B,0xE68B,
    0xE68B,0xE68B,0xE68B,0xE68B,0xE68B,0xE68B,0xE68B,0xE68B,0xE68B,0xE68B,0xE68B,0xE68B,0xE68B,0xE68B,0xE68B,0xE68B,
    0xE68B,0xE68B,0xD62B,0x62E5,0x0000,0x0000,0x0000,0x0000,0x0000,0x0000,0x0000,0x0000,0x0000,0x0000,0x0000,0x0000,
    0x0000,0x0000,0x0000,0x0000,0x0000,0x0000,0x0000,0x0000,0x0000,0x0000,0x0000,0x0000,0x0000,0x10A1,0x8C28,0xE68B,
    0xE68B,0xE68B,0xE68B,0xE68B,0xE68B,0xE68B,0xE68B,0xE68B,0xE68B,0xE68B,0xE68B,0xE68B,0xE68B,0xE68B,0xE68B,0xE68B,
    0xE68B,0x8C28,0x10A1,0x0000,0x0000,0x0000,0x0000,0x0000,0x0000,0x0000,0x0000,0x0000,0x0000,0x0000,0x0000,0x0000,
    0x0000,0x0000,0x0000,0x0000,0x0000,0x0000,0x0000,0x0000,0x0000,0x0000,0x0000,0x0000,0x0000,0x0000,0x0000,0x2102,
    0x83E7,0xCDEA,0xE68B,0xE68B,0xE68B,0xE68B,0xE68B,0xE68B,0xE68B,0xE68B,0xE68B,0xE68B,0xE68B,0xE68B,0xCDEA,0x83E7,
    0x2102,0x0000,0x0000,0x0000,0x0000,0x0000,0x0000,0x0000,0x0000,0x0000,0x0000,0x0000,0x0000,0x0000,0x0000,0x0000,
    0x0000,0x0000,0x0000,0x0000,0x0000,0x0000,0x0000,0x0000,0x0000,0x0000,0x0000,0x0000,0x0000,0x0000,0x0000,0x0000,
    0x0000,0x0000,0x39C3,0x7B87,0xA4C9,0xC5AA,0xD62B,0xDE6B,0xDE6B,0xD62B,0xC5AA,0xA4C9,0x7B87,0x39C3,0x0000,0x0000,
    0x0000,0x0000,0x0000,0x0000,0x0000,0x0000,0x0000,0x0000,0x0000,0x0000,0x0000,0x0000,0x0000,0x0000,0x0000,0x0000,
    0x0000,0x0000,0x0000,0x0000,0x0000,0x0000,0x0000,0x0000,0x0000,0x0000,0x0000,0x0000,0x0000,0x0000,0x0000,0x0000,
    0x0000,0x0000,0x0000,0x0000,0x0000,0x0000,0x0000,0x0000,0x0000,0x0000,0x0000,0x0000,0x0000,0x0000,0x0000,0x0000,
    0x0000,0x0000,0x0000,0x0000,0x0000,0x0000,0x0000,0x0000,0x0000,0x0000,0x0000,0x0000,0x0000,0x0000,0x0000,0x0000,
    0x0000,0x0000,0x0000,0x0000,0x0000,0x0000,0x0000,0x0000,0x0000,0x0000,0x0000,0x0000,0x0000,0x0000,0x0000,0x0000,
    0x0000,0x0000,0x0000,0x0000,0x0000,0x0000,0x0000,0x0000,0x0000,0x0000,0x0000,0x0000,0x0000,0x0000,0x0000,0x0000,
    0x0000,0x0000,0x0000,0x0000,0x0000,0x0000,0x0000,0x0000,0x0000,0x0000,0x0000,0x0000,0x0000,0x0000,0x0000,0x0000,
    0x0000,0x0000,0x0000,0x0000,0x0000,0x0000,0x0000,0x0000,0x0000,0x0000,0x0000,0x0000,0x0000,0x0000,0x0000,0x0000,
    0x0000,0x0000,0x0000,0x0000,0x0000,0x0000,0x0000,0x0000,0x0000,0x0000,0x0000,0x0000,0x0000,0x0000,0x0000,0x0000,
    0x0000,0x0000,0x0000,0x0000,0x0000,0x0000,0x0000,0x0000,0x0000,0x0000,0x0000,0x0000,0x0000,0x0000,0x0000,0x0000,
    0x0000,0x0000,0x0000,0x0000,0x0000,0x0000,0x0000,0x0000,0x0000,0x0000,0x0000,0x0000,0x0000,0x0000,0x0000,0x0000,
    0x0000,0x0000,0x0000,0x0000,0x0000,0x0000,0x0000,0x0000,0x0000,0x0000,0x0000,0x0000,0x0000,0x0000,0x0000,0x0000,
    0x0000,0x0000,0x0000,0x0000,0x0000,0x0000,0x0000,0x0000,0x0000,0x0000,0x0000,0x0000,0x0000,0x0000,0x0000,0x0000,
  },
  /* назад */ {
    0x0000,0x0000,0x0000,0x0000,0x0000,0x0000,0x0000,0x0000,0x0000,0x0000,0x0000,0x0000,0x0000,0x0000,0x0000,0x0000,
    0x0000,0x0000,0x0000,0x0000,0x0000,0x0000,0x0000,0x0000,0x0000,0x0000,0x0000,0x0000,0x0000,0x0000,0x0000,0x0000,
    0x0000,0x0000,0x0000,0x0000,0x0000,0x0000,0x0000,0x0000,0x0000,0x0000,0x0000,0x0000,0x0000,0x0000,0x0000,0x0000,
    0x0000,0x0000,0x0000,0x0000,0x0000,0x0000,0x0000,0x0000,0x0000,0x0000,0x0000,0x0000,0x0000,0x0000,0x0000,0x0000,
    0x0000,0x0000,0x0000,0x0000,0x0000,0x0000,0x0000,0x0000,0x0000,0x0000,0x0000,0x0000,0x0000,0x0000,0x0000,0x0000,
    0x0000,0x0000,0x0000,0x0000,0x0000,0x0000,0x0000,0x0000,0x0000,0x0000,0x0000,0x0000,0x0000,0x0000,0x0000,0x0000,
    0x0000,0x0000,0x0000,0x0000,0x0000,0x0000,0x0000,0x0000,0x0000,0x0000,0x0000,0x0000,0x0000,0x0000,0x0000,0x0000,
    0x0000,0x0000,0x0000,0x0000,0x0000,0x0000,0x0000,0x0000,0x0000,0x0000,0x0000,0x0000,0x0000,0x0000,0x0000,0x0000,
    0x0000,0x0000,0x0000,0x0000,0x0000,0x0000,0x0000,0x0000,0x0000,0x0000,0x0000,0x0000,0x0000,0x0000,0x0000,0x0000,
    0x0000,0x0000,0x0000,0x0000,0x0000,0x0000,0x0000,0x0000,0x0000,0x0000,0x0000,0x0000,0x0000,0x0000,0x0000,0x0000,
    0x0000,0x0000,0x0000,0x0000,0x0000,0x0000,0x0000,0x0000,0x0000,0x0000,0x0000,0x0000,0x0000,0x0000,0x0000,0x0000,
    0x0000,0x0000,0x0000,0x0000,0x0000,0x0000,0x0000,0x0000,0x0000,0x0000,0x0000,0x0000,0x0000,0x0000,0x0000,0x0000,
    0x0000,0x0000,0x0000,0x0000,0x0000,0x0000,0x0000,0x0000,0x0000,0x0000,0x0000,0x0000,0x0000,0x0000,0x0000,0x0000,
    0x0000,0x0000,0x0841,0x18C3,0x2104,0x2945,0x2965,0x3186,0x3186,0x2965,0x2945,0x2104,0x18C3,0x0841,0x0000,0x0000,
    0x0000,0x0000,0x0000,0x0000,0x0000,0x0000,0x0000,0x0000,0x0000,0x0000,0x0000,0x0000,0x0000,0x0000,0x0000,0x0000,
    0x0000,0x0000,0x0000,0x0000,0x0000,0x0000,0x0000,0x0000,0x0000,0x0000,0x0000,0x0000,0x0000,0x0000,0x0000,0x0020,
    0x18C3,0x2965,0x3186,0x3186,0x3186,0x3186,0x3186,0x3186,0x3186,0x3186,0x3186,0x3186,0x3186,0x3186,0x2965,0x18C3,
    0x0020,0x0000,0x0000,0x0000,0x0000,0x0000,0x0000,0x0000,0x0000,0x0000,0x0000,0x0000,0x0000,0x0000,0x0000,0x0000,
    0x0000,0x0000,0x0000,0x0000,0x0000,0x0000,0x0000,0x0000,0x0000,0x0000,0x0000,0x0000,0x0000,0x0020,0x18E3,0x3186,
    0x3186,0x3186,0x3186,0x3186,0x3186,0x3186,0x3186,0x3186,0x3186,0x3186,0x3186,0x3186,0x3186,0x3186,0x3186,0x3186,
    0x3186,0x18E3,0x0020,0x0000,0x0000,0x0000,0x0000,0x0000,0x0000,0x0000,0x0000,0x0000,0x0000,0x0000,0x0000,0x0000,
    0x0000,0x0000,0x0000,0x0000,0x0000,0x0000,0x0000,0x0000,0x0000,0x0000,0x0000,0x0000,0x1082,0x2965,0x3186,0x3186,
    0x3186,0x3186,0x3186,0x3186,0x3186,0x3186,0x3186,0x3186,0x3186,0x3186,0x3186,0x3186,0x3186,0x3186,0x3186,0x3186,
    0x3186,0x3186,0x2965,0x1082,0x0000,0x0000,0x0000,0x0000,0x0000,0x0000,0x0000,0x0000,0x0000,0x0000,0x0000,0x0000,
    0x0000,0x0000,0x0000,0x0000,0x0000,0x0000,0x0000,0x0000,0x0000,0x0000,0x0000,0x18E3,0x3186,0x3186,0x3186,0x3186,
    0x3186,0x3186,0x3186,0x3186,0x3186,0x3186,0x3186,0x3186,0x3186,0x3186,0x3186,0x3186,0x3186,0x3186,0x3186,0x3186,
    0x3186,0x3186,0x3186,0x3186,0x18E3,0x0000,0x0000,0x0000,0x0000,0x0000,0x0000,0x0000,0x0000,0x0000,0x0000,0x0000,
    0x0000,0x0000,0x0000,0x0000,0x0000,0x0000,0x0000,0x0000,0x0000,0x0000,0x2104,0x3186,0x3186,0x3186,0x3186,0x3186,
    0x3186,0x3186,0x3186,0x3186,0x3186,0x3186,0x3186,0x3186,0x3186,0x3186,0x3186,0x3186,0x3186,0x3186,0x3186,0x3186,
    0x3186,0x3186,0x3186,0x3186,0x3186,0x2104,0x0000,0x0000,0x0000,0x0000,0x0000,0x0000,0x0000,0x0000,0x0000,0x0000,
    0x0000,0x0000,0x0000,0x0000,0x0000,0x0000,0x0000,0x0000,0x0000,0x2104,0x3186,0x3186,0x3186,0x3186,0x3186,0x3186,
    0x3186,0x3186,0x3186,0x3186,0x3186,0x3186,0x3186,0x3186,0x3186,0x3186,0x3186,0x3186,0x3186,0x3186,0x3186,0x3186,
    0x3186,0x3186,0x3186,0x3186,0x3186,0x3186,0x2104,0x0000,0x0000,0x0000,0x0000,0x0000,0x0000,0x0000,0x0000,0x0000,
    0x0000,0x0000,0x0000,0x0000,0x0000,0x0000,0x0000,0x0000,0x18E3,0x3186,0x3186,0x3186,0x3186,0x3186,0x3186,0x3186,
    0x3186,0x3186,0x3186,0x3186,0x3186,0x3186,0x3186,0x3186,0x3186,0x3186,0x3186,0x3186,0x3186,0x3186,0x3186,0x3186,
    0x3186,0x3186,0x3186,0x3186,0x3186,0x3186,0x3186,0x18E3,0x0000,0x0000,0x0000,0x0000,0x0000,0x0000,0x0000,0x0000,
    0x0000,0x0000,0x0000,0x0000,0x0000,0x0000,0x0000,0x1082,0x3186,0x3186,0x3186,0x3186,0x3186,0x3186,0x3186,0x3186,
    0x3186,0x3186,0x3186,0x3186,0x3186,0x3186,0x3186,0x3186,0x3186,0x3186,0x3186,0x3186,0x3186,0x3186,0x3186,0x3186,
    0x3186,0x3186,0x3186,0x3186,0x3186,0x3186,0x3186,0x3186,0x1082,0x0000,0x0000,0x0000,0x0000,0x0000,0x0000,0x0000,
    0x0000,0x0000,0x0000,0x0000,0x0000,0x0000,0x0020,0x2965,0x3186,0x3186,0x3186,0x3186,0x3186,0x3186,0x3186,0x3186,
    0x3186,0x3186,0x3186,0x3186,0x3186,0x3186,0x3186,0x3186,0x3186,0x3186,0x3186,0x3186,0x3186,0x3186,0x3186,0x3186,
    0x3186,0x3186,0x3186,0x3186,0x3186,0x3186,0x3186,0x3186,0x2965,0x0020,0x0000,0x0000,0x0000,0x0000,0x0000,0x0000,
    0x0000,0x0000,0x0000,0x0000,0x0000,0x0000,0x18E3,0x3186,0x3186,0x3186,0x3186,0x3186,0x3186,0x3186,0x3186,0x3186,
    0x3186,0x3186,0x3186,0x3186,0x3186,0x3186,0x3186,0x3186,0x3186,0x3186,0x3186,0x3186,0x3186,0x3186,0x3186,0x3186,
    0x3186,0x3186,0x3186,0x3186,0x3186,0x3186,0x3186,0x3186,0x3186,0x18E3,0x0000,0x0000,0x0000,0x0000,0x0000,0x0000,
    0x0000,0x0000,0x0000,0x0000,0x0000,0x0020,0x3186,0x3186,0x3186,0x3186,0x3186,0x3186,0x3186,0x3186,0x3186,0x3186,
    0x3186,0x3186,0x3186,0x3186,0x3186,0x3186,0x3186,0x3186,0x3186,0x3186,0x3186,0x3186,0x3186,0x3186,0x3186,0x3186,
    0x3186,0x3186,0x3186,0x3186,0x3186,0x3186,0x3186,0x3186,0x3186,0x3186,0x0020,0x0000,0x0000,0x0000,0x0000,0x0000,
    0x0000,0x0000,0x0000,0x0000,0x0000,0x18C3,0x3186,0x3186,0x3186,0x3186,0x3186,0x3186,0x3186,0x3186,0x3186,0x3186,
    0x3186,0x3186,0x3186,0x3186,0x3186,0x3186,0x3186,0x3186,0x3186,0x3186,0x3186,0x3186,0x3186,0x3186,0x3186,0x3186,
    0x3186,0x3186,0x3186,0x3186,0x3186,0x3186,0x3186,0x3186,0x3186,0x3186,0x18C3,0x0000,0x0000,0x0000,0x0000,0x0000,
    0x0000,0x0000,0x0000,0x0000,0x0000,0x2965,0x3186,0x3186,0x3186,0x3186,0x3186,0x3186,0x3186,0x3186,0x3186,0x3186,
    0x3186,0x3186,0x3186,0x3186,0x3186,0x3186,0x3186,0x3186,0x3186,0x3186,0x3186,0x3186,0x3186,0x3186,0x3186,0x3186,
    0x3186,0x3186,0x3186,0x3186,0x3186,0x3186,0x3186,0x3186,0x3186,0x3186,0x2965,0x0000,0x0000,0x0000,0x0000,0x0000,
    0x0000,0x0000,0x0000,0x0000,0x0841,0x3186,0x3186,0x3186,0x3186,0x3186,0x3186,0x3186,0x3186,0x3186,0x3186,0x3186,
    0x3186,0x3186,0x3186,0x3186,0x3186,0x3186,0x3186,0x3186,0x3186,0x3186,0x3186,0x3186,0x3186,0x3186,0x3186,0x3186,
    0x3186,0x3186,0x3186,0x3186,0x3186,0x3186,0x3186,0x3186,0x3186,0x3186,0x3186,0x0841,0x0000,0x0000,0x0000,0x0000,
    0x0000,0x0000,0x0000,0x0000,0x18C3,0x3186,0x3186,0x3186,0x3186,0x3186,0x3186,0x3186,0x3186,0x3186,0x6B27,0x3186,
    0x3186,0x3186,0x3186,0x3186,0x3186,0x3186,0x3186,0x3186,0x3186,0x3186,0x3186,0x3186,0x3186,0x3186,0x3186,0x3186,
    0x3186,0x3186,0x3186,0x3186,0x3186,0x3186,0x3186,0x3186,0x3186,0x3186,0x3186,0x18C3,0x0000,0x0000,0x0000,0x0000,
    0x0000,0x0000,0x0000,0x0000,0x2104,0x3186,0x3186,0x3186,0x3186,0x3186,0x3186,0x3186,0x3186,0x3186,0xDE6B,0x6B27,
    0x3186,0x3186,0x3186,0x3186,0x4226,0x83E8,0xAD2A,0xC5CA,0xCDEA,0xCDEA,0xAD09,0x83E8,0x4206,0x3186,0x3186,0x3186,
    0x3186,0x3186,0x3186,0x3186,0x3186,0x3186,0x3186,0x3186,0x3186,0x3186,0x3186,0x2104,0x0000,0x0000,0x0000,0x0000,
    0x0000,0x0000,0x0000,0x0000,0x2945,0x3186,0x3186,0x3186,0x3186,0x3186,0x3186,0x3186,0x3186,0x3186,0xE68B,0xDE6B,
    0x6B27,0x3186,0x4206,0xA4E9,0xDE6B,0xE68B,0xE68B,0xE68B,0xE68B,0xE68B,0xE68B,0xE68B,0xDE6B,0x9C89,0x39C6,0x3186,
    0x3186,0x3186,0x3186,0x3186,0x3186,0x3186,0x3186,0x3186,0x3186,0x3186,0x3186,0x2945,0x0000,0x0000,0x0000,0x0000,
    0x0000,0x0000,0x0000,0x0000,0x2965,0x3186,0x3186,0x3186,0x3186,0x3186,0x3186,0x3186,0x3186,0x3186,0xE68B,0xE68B,
    0xDE6B,0x8C29,0xD62B,0xE68B,0xE68B,0xE68B,0xC5CA,0xA4A9,0x9CA9,0xA4A9,0xC5CA,0xE68B,0xE68B,0xE68B,0xCE0B,0x5287,
    0x3186,0x3186,0x3186,0x3186,0x3186,0x3186,0x3186,0x3186,0x3186,0x3186,0x3186,0x2965,0x0000,0x0000,0x0000,0x0000,
    0x0000,0x0000,0x0000,0x0000,0x3186,0x3186,0x3186,0x3186,0x3186,0x3186,0x3186,0x3186,0x3186,0x3186,0xE68B,0xE68B,
    0xE68B,0xE68B,0xE68B,0xE68B,0xA4A9,0x4A46,0x3186,0x3186,0x3186,0x3186,0x3186,0x5287,0xAD09,0xE68B,0xE68B,0xD64B,
    0x5287,0x3186,0x3186,0x3186,0x3186,0x3186,0x3186,0x3186,0x3186,0x3186,0x3186,0x3186,0x0000,0x0000,0x0000,0x0000,
    0x0000,0x0000,0x0000,0x0000,0x3186,0x3186,0x3186,0x3186,0x3186,0x3186,0x3186,0x3186,0x3186,0x3186,0xE68B,0xE68B,
    0xE68B,0xE68B,0xE68B,0xA4A9,0x3186,0x3186,0x3186,0x3186,0x3186,0x3186,0x3186,0x3186,0x3186,0x7BA8,0xE68B,0xE68B,
    0xCE0B,0x39C6,0x3186,0x3186,0x3186,0x3186,0x3186,0x3186,0x3186,0x3186,0x3186,0x3186,0x0000,0x0000,0x0000,0x0000,
    0x0000,0x0000,0x0000,0x0000,0x2965,0x3186,0x3186,0x3186,0x3186,0x3186,0x3186,0x3186,0x3186,0x3186,0xE68B,0xE68B,
    0xE68B,0xE68B,0xE68B,0xE68B,0x7BA8,0x3186,0x3186,0x3186,0x3186,0x3186,0x3186,0x3186,0x3186,0x3186,0x7BA8,0xE68B,
    0xE68B,0x9C89,0x3186,0x3186,0x3186,0x3186,0x3186,0x3186,0x3186,0x3186,0x3186,0x2965,0x0000,0x0000,0x0000,0x0000,
    0x0000,0x0000,0x0000,0x0000,0x2945,0x3186,0x3186,0x3186,0x3186,0x3186,0x3186,0x3186,0x3186,0x3186,0xE68B,0xE68B,
    0xE68B,0xE68B,0xE68B,0xE68B,0xE68B,0x7BA8,0x3186,0x3186,0x3186,0x3186,0x3186,0x3186,0x3186,0x3186,0x3186,0xB54A,
    0xE68B,0xDE6B,0x4206,0x3186,0x3186,0x3186,0x3186,0x3186,0x3186,0x3186,0x3186,0x2945,0x0000,0x0000,0x0000,0x0000,
    0x0000,0x0000,0x0000,0x0000,0x2104,0x3186,0x3186,0x3186,0x3186,0x3186,0x3186,0x3186,0x3186,0x3186,0xE68B,0xE68B,
    0xE68B,0xE68B,0xE68B,0xE68B,0xE68B,0xE68B,0x7BA8,0x3186,0x3186,0x3186,0x3186,0x3186,0x3186,0x3186,0x3186,0x5AC7,
    0xCDEA,0x9449,0x4A46,0x3186,0x3186,0x3186,0x3186,0x3186,0x3186,0x3186,0x3186,0x2104,0x0000,0x0000,0x0000,0x0000,
    0x0000,0x0000,0x0000,0x0000,0x18C3,0x3186,0x3186,0x3186,0x3186,0x3186,0x3186,0x3186,0x3186,0x3186,0x3186,0x3186,
    0x3186,0x3186,0x3186,0x3186,0x3186,0x3186,0x3186,0x3186,0x3186,0x3186,0x3186,0x3186,0x3186,0x3186,0x3186,0x3186,
    0x3186,0x3186,0x3186,0x3186,0x3186,0x3186,0x3186,0x3186,0x3186,0x3186,0x3186,0x18C3,0x0000,0x0000,0x0000,0x0000,
    0x0000,0x0000,0x0000,0x0000,0x0841,0x3186,0x3186,0x3186,0x3186,0x3186,0x3186,0x3186,0x3186,0x3186,0x3186,0x3186,
    0x3186,0x3186,0x3186,0x3186,0x3186,0x3186,0x3186,0x3186,0x3186,0x3186,0x3186,0x3186,0x3186,0x3186,0x3186,0x3186,
    0x3186,0x3186,0x3186,0x3186,0x3186,0x3186,0x3186,0x3186,0x3186,0x3186,0x3186,0x0841,0x0000,0x0000,0x0000,0x0000,
    0x0000,0x0000,0x0000,0x0000,0x0000,0x2965,0x3186,0x3186,0x3186,0x3186,0x3186,0x3186,0x3186,0x3186,0x3186,0x3186,
    0x3186,0x3186,0x3186,0x3186,0x3186,0x3186,0x3186,0x3186,0x3186,0x3186,0x3186,0x3186,0x3186,0x3186,0x3186,0x3186,
    0x3186,0x3186,0x3186,0x3186,0x3186,0x3186,0x3186,0x3186,0x3186,0x3186,0x2965,0x0000,0x0000,0x0000,0x0000,0x0000,
    0x0000,0x0000,0x0000,0x0000,0x0000,0x18C3,0x3186,0x3186,0x3186,0x3186,0x3186,0x3186,0x3186,0x3186,0x3186,0x3186,
    0x3186,0x3186,0x3186,0x3186,0x3186,0x3186,0x3186,0x3186,0x3186,0x3186,0x3186,0x3186,0x3186,0x3186,0x3186,0x3186,
    0x3186,0x3186,0x3186,0x3186,0x3186,0x3186,0x3186,0x3186,0x3186,0x3186,0x18C3,0x0000,0x0000,0x0000,0x0000,0x0000,
    0x0000,0x0000,0x0000,0x0000,0x0000,0x0020,0x3186,0x3186,0x3186,0x3186,0x3186,0x3186,0x3186,0x3186,0x3186,0x3186,
    0x3186,0x3186,0x3186,0x3186,0x3186,0x3186,0x3186,0x3186,0x3186,0x3186,0x3186,0x3186,0x3186,0x3186,0x3186,0x3186,
    0x3186,0x3186,0x3186,0x3186,0x3186,0x3186,0x3186,0x3186,0x3186,0x3186,0x0020,0x0000,0x0000,0x0000,0x0000,0x0000,
    0x0000,0x0000,0x0000,0x0000,0x0000,0x0000,0x18E3,0x3186,0x3186,0x3186,0x3186,0x3186,0x3186,0x3186,0x3186,0x3186,
    0x3186,0x3186,0x3186,0x3186,0x3186,0x3186,0x3186,0x3186,0x3186,0x3186,0x3186,0x3186,0x3186,0x3186,0x3186,0x3186,
    0x3186,0x3186,0x3186,0x3186,0x3186,0x3186,0x3186,0x3186,0x3186,0x18E3,0x0000,0x0000,0x0000,0x0000,0x0000,0x0000,
    0x0000,0x0000,0x0000,0x0000,0x0000,0x0000,0x0020,0x2965,0x3186,0x3186,0x3186,0x3186,0x3186,0x3186,0x3186,0x3186,
    0x3186,0x3186,0x3186,0x3186,0x3186,0x3186,0x3186,0x3186,0x3186,0x3186,0x3186,0x3186,0x3186,0x3186,0x3186,0x3186,
    0x3186,0x3186,0x3186,0x3186,0x3186,0x3186,0x3186,0x3186,0x2965,0x0020,0x0000,0x0000,0x0000,0x0000,0x0000,0x0000,
    0x0000,0x0000,0x0000,0x0000,0x0000,0x0000,0x0000,0x1082,0x3186,0x3186,0x3186,0x3186,0x3186,0x3186,0x3186,0x3186,
    0x3186,0x3186,0x3186,0x3186,0x3186,0x3186,0x3186,0x3186,0x3186,0x3186,0x3186,0x3186,0x3186,0x3186,0x3186,0x3186,
    0x3186,0x3186,0x3186,0x3186,0x3186,0x3186,0x3186,0x3186,0x1082,0x0000,0x0000,0x0000,0x0000,0x0000,0x0000,0x0000,
    0x0000,0x0000,0x0000,0x0000,0x0000,0x0000,0x0000,0x0000,0x18E3,0x3186,0x3186,0x3186,0x3186,0x3186,0x3186,0x3186,
    0x3186,0x3186,0x3186,0x3186,0x3186,0x3186,0x3186,0x3186,0x3186,0x3186,0x3186,0x3186,0x3186,0x3186,0x3186,0x3186,
    0x3186,0x3186,0x3186,0x3186,0x3186,0x3186,0x3186,0x18E3,0x0000,0x0000,0x0000,0x0000,0x0000,0x0000,0x0000,0x0000,
    0x0000,0x0000,0x0000,0x0000,0x0000,0x0000,0x0000,0x0000,0x0000,0x2104,0x3186,0x3186,0x3186,0x3186,0x3186,0x3186,
    0x3186,0x3186,0x3186,0x3186,0x3186,0x3186,0x3186,0x3186,0x3186,0x3186,0x3186,0x3186,0x3186,0x3186,0x3186,0x3186,
    0x3186,0x3186,0x3186,0x3186,0x3186,0x3186,0x2104,0x0000,0x0000,0x0000,0x0000,0x0000,0x0000,0x0000,0x0000,0x0000,
    0x0000,0x0000,0x0000,0x0000,0x0000,0x0000,0x0000,0x0000,0x0000,0x0000,0x2104,0x3186,0x3186,0x3186,0x3186,0x3186,
    0x3186,0x3186,0x3186,0x3186,0x3186,0x3186,0x3186,0x3186,0x3186,0x3186,0x3186,0x3186,0x3186,0x3186,0x3186,0x3186,
    0x3186,0x3186,0x3186,0x3186,0x3186,0x2104,0x0000,0x0000,0x0000,0x0000,0x0000,0x0000,0x0000,0x0000,0x0000,0x0000,
    0x0000,0x0000,0x0000,0x0000,0x0000,0x0000,0x0000,0x0000,0x0000,0x0000,0x0000,0x18E3,0x3186,0x3186,0x3186,0x3186,
    0x3186,0x3186,0x3186,0x3186,0x3186,0x3186,0x3186,0x3186,0x3186,0x3186,0x3186,0x3186,0x3186,0x3186,0x3186,0x3186,
    0x3186,0x3186,0x3186,0x3186,0x18E3,0x0000,0x0000,0x0000,0x0000,0x0000,0x0000,0x0000,0x0000,0x0000,0x0000,0x0000,
    0x0000,0x0000,0x0000,0x0000,0x0000,0x0000,0x0000,0x0000,0x0000,0x0000,0x0000,0x0000,0x1082,0x2965,0x3186,0x3186,
    0x3186,0x3186,0x3186,0x3186,0x3186,0x3186,0x3186,0x3186,0x3186,0x3186,0x3186,0x3186,0x3186,0x3186,0x3186,0x3186,
    0x3186,0x3186,0x2965,0x1082,0x0000,0x0000,0x0000,0x0000,0x0000,0x0000,0x0000,0x0000,0x0000,0x0000,0x0000,0x0000,
    0x0000,0x0000,0x0000,0x0000,0x0000,0x0000,0x0000,0x0000,0x0000,0x0000,0x0000,0x0000,0x0000,0x0020,0x18E3,0x3186,
    0x3186,0x3186,0x3186,0x3186,0x3186,0x3186,0x3186,0x3186,0x3186,0x3186,0x3186,0x3186,0x3186,0x3186,0x3186,0x3186,
    0x3186,0x18E3,0x0020,0x0000,0x0000,0x0000,0x0000,0x0000,0x0000,0x0000,0x0000,0x0000,0x0000,0x0000,0x0000,0x0000,
    0x0000,0x0000,0x0000,0x0000,0x0000,0x0000,0x0000,0x0000,0x0000,0x0000,0x0000,0x0000,0x0000,0x0000,0x0000,0x0020,
    0x18C3,0x2965,0x3186,0x3186,0x3186,0x3186,0x3186,0x3186,0x3186,0x3186,0x3186,0x3186,0x3186,0x3186,0x2965,0x18C3,
    0x0020,0x0000,0x0000,0x0000,0x0000,0x0000,0x0000,0x0000,0x0000,0x0000,0x0000,0x0000,0x0000,0x0000,0x0000,0x0000,
    0x0000,0x0000,0x0000,0x0000,0x0000,0x0000,0x0000,0x0000,0x0000,0x0000,0x0000,0x0000,0x0000,0x0000,0x0000,0x0000,
    0x0000,0x0000,0x0841,0x18C3,0x2104,0x2945,0x2965,0x3186,0x3186,0x2965,0x2945,0x2104,0x18C3,0x0841,0x0000,0x0000,
    0x0000,0x0000,0x0000,0x0000,0x0000,0x0000,0x0000,0x0000,0x0000,0x0000,0x0000,0x0000,0x0000,0x0000,0x0000,0x0000,
    0x0000,0x0000,0x0000,0x0000,0x0000,0x0000,0x0000,0x0000,0x0000,0x0000,0x0000,0x0000,0x0000,0x0000,0x0000,0x0000,
    0x0000,0x0000,0x0000,0x0000,0x0000,0x0000,0x0000,0x0000,0x0000,0x0000,0x0000,0x0000,0x0000,0x0000,0x0000,0x0000,
    0x0000,0x0000,0x0000,0x0000,0x0000,0x0000,0x0000,0x0000,0x0000,0x0000,0x0000,0x0000,0x0000,0x0000,0x0000,0x0000,
    0x0000,0x0000,0x0000,0x0000,0x0000,0x0000,0x0000,0x0000,0x0000,0x0000,0x0000,0x0000,0x0000,0x0000,0x0000,0x0000,
    0x0000,0x0000,0x0000,0x0000,0x0000,0x0000,0x0000,0x0000,0x0000,0x0000,0x0000,0x0000,0x0000,0x0000,0x0000,0x0000,
    0x0000,0x0000,0x0000,0x0000,0x0000,0x0000,0x0000,0x0000,0x0000,0x0000,0x0000,0x0000,0x0000,0x0000,0x0000,0x0000,
    0x0000,0x0000,0x0000,0x0000,0x0000,0x0000,0x0000,0x0000,0x0000,0x0000,0x0000,0x0000,0x0000,0x0000,0x0000,0x0000,
    0x0000,0x0000,0x0000,0x0000,0x0000,0x0000,0x0000,0x0000,0x0000,0x0000,0x0000,0x0000,0x0000,0x0000,0x0000,0x0000,
    0x0000,0x0000,0x0000,0x0000,0x0000,0x0000,0x0000,0x0000,0x0000,0x0000,0x0000,0x0000,0x0000,0x0000,0x0000,0x0000,
    0x0000,0x0000,0x0000,0x0000,0x0000,0x0000,0x0000,0x0000,0x0000,0x0000,0x0000,0x0000,0x0000,0x0000,0x0000,0x0000,
    0x0000,0x0000,0x0000,0x0000,0x0000,0x0000,0x0000,0x0000,0x0000,0x0000,0x0000,0x0000,0x0000,0x0000,0x0000,0x0000,
    0x0000,0x0000,0x0000,0x0000,0x0000,0x0000,0x0000,0x0000,0x0000,0x0000,0x0000,0x0000,0x0000,0x0000,0x0000,0x0000,
  },
  /* назад натиснута */ {
    0x0000,0x0000,0x0000,0x0000,0x0000,0x0000,0x0000,0x0000,0x0000,0x0000,0x0000,0x0000,0x0000,0x0000,0x0000,0x0000,
    0x0000,0x0000,0x0000,0x0000,0x0000,0x0000,0x0000,0x0000,0x0000,0x0000,0x0000,0x0000,0x0000,0x0000,0x0000,0x0000,
    0x0000,0x0000,0x0000,0x0000,0x0000,0x0000,0x0000,0x0000,0x0000,0x0000,0x0000,0x0000,0x0000,0x0000,0x0000,0x0000,
    0x0000,0x0000,0x0000,0x0000,0x0000,0x0000,0x0000,0x0000,0x0000,0x0000,0x0000,0x0000,0x0000,0x0000,0x0000,0x0000,
    0x0000,0x0000,0x0000,0x0000,0x0000,0x0000,0x0000,0x0000,0x0000,0x0000,0x0000,0x0000,0x0000,0x0000,0x0000,0x0000,
    0x0000,0x0000,0x0000,0x0000,0x0000,0x0000,0x0000,0x0000,0x0000,0x0000,0x0000,0x0000,0x0000,0x0000,0x0000,0x0000,
    0x0000,0x0000,0x0000,0x0000,0x0000,0x0000,0x0000,0x0000,0x0000,0x0000,0x0000,0x0000,0x0000,0x0000,0x0000,0x0000,
    0x0000,0x0000,0x0000,0x0000,0x0000,0x0000,0x0000,0x0000,0x0000,0x0000,0x0000,0x0000,0x0000,0x0000,0x0000,0x0000,
    0x0000,0x0000,0x0000,0x0000,0x0000,0x0000,0x0000,0x0000,0x0000,0x0000,0x0000,0x0000,0x0000,0x0000,0x0000,0x0000,
    0x0000,0x0000,0x0000,0x0000,0x0000,0x0000,0x0000,0x0000,0x0000,0x0000,0x0000,0x0000,0x0000,0x0000,0x0000,0x0000,
    0x0000,0x0000,0x0000,0x0000,0x0000,0x0000,0x0000,0x0000,0x0000,0x0000,0x0000,0x0000,0x0000,0x0000,0x0000,0x0000,
    0x0000,0x0000,0x0000,0x0000,0x0000,0x0000,0x0000,0x0000,0x0000,0x0000,0x0000,0x0000,0x0000,0x0000,0x0000,0x0000,
    0x0000,0x0000,0x0000,0x0000,0x0000,0x0000,0x0000,0x0000,0x0000,0x0000,0x0000,0x0000,0x0000,0x0000,0x0000,0x0000,
    0x0000,0x0000,0x39C3,0x7B87,0xA4C9,0xC5AA,0xD62B,0xDE6B,0xDE6B,0xD62B,0xC5AA,0xA4C9,0x7B87,0x39C3,0x0000,0x0000,
    0x0000,0x0000,0x0000,0x0000,0x0000,0x0000,0x0000,0x0000,0x0000,0x0000,0x0000,0x0000,0x0000,0x0000,0x0000,0x0000,
    0x0000,0x0000,0x0000,0x0000,0x0000,0x0000,0x0000,0x0000,0x0000,0x0000,0x0000,0x0000,0x0000,0x0000,0x0000,0x2102,
    0x83E7,0xCDEA,0xE68B,0xE68B,0xE68B,0xE68B,0xE68B,0xE68B,0xE68B,0xE68B,0xE68B,0xE68B,0xE68B,0xE68B,0xCDEA,0x83E7,
    0x2102,0x0000,0x0000,0x0000,0x0000,0x0000,0x0000,0x0000,0x0000,0x0000,0x0000,0x0000,0x0000,0x0000,0x0000,0x0000,
    0x0000,0x0000,0x0000,0x0000,0x0000,0x0000,0x0000,0x0000,0x0000,0x0000,0x0000,0x0000,0x0000,0x10A1,0x8C28,0xE68B,
    0xE68B,0xE68B,0xE68B,0xE68B,0xE68B,0xE68B,0xE68B,0xE68B,0xE68B,0xE68B,0xE68B,0xE68B,0xE68B,0xE68B,0xE68B,0xE68B,
    0xE68B,0x8C28,0x10A1,0x0000,0x0000,0x0000,0x0000,0x0000,0x0000,0x0000,0x0000,0x0000,0x0000,0x0000,0x0000,0x0000,
    0x0000,0x0000,0x0000,0x0000,0x0000,0x0000,0x0000,0x0000,0x0000,0x0000,0x0000,0x0000,0x62E5,0xD62B,0xE68B,0xE68B,
    0xE68B,0xE68B,0xE68B,0xE68B,0xE68B,0xE68B,0xE68B,0xE68B,0xE68B,0xE68B,0xE68B,0xE68B,0xE68B,0xE68B,0xE68B,0xE68B,
    0xE68B,0xE68B,0xD62B,0x62E5,0x0000,0x0000,0x0000,0x0000,0x0000,0x0000,0x0000,0x0000,0x0000,0x0000,0x0000,0x0000,
    0x0000,0x0000,0x0000,0x0000,0x0000,0x0000,0x0000,0x0000,0x0000,0x0000,0x0000,0x8C28,0xE68B,0xE68B,0xE68B,0xE68B,
    0xE68B,0xE68B,0xE68B,0xE68B,0xE68B,0xE68B,0xE68B,0xE68B,0xE68B,0xE68B,0xE68B,0xE68B,0xE68B,0xE68B,0xE68B,0xE68B,
    0xE68B,0xE68B,0xE68B,0xE68B,0x8C28,0x0000,0x0000,0x0000,0x0000,0x0000,0x0000,0x0000,0x0000,0x0000,0x0000,0x0000,
    0x0000,0x0000,0x0000,0x0000,0x0000,0x0000,0x0000,0x0000,0x0000,0x0000,0xA4C9,0xE68B,0xE68B,0xE68B,0xE68B,0xE68B,
    0xE68B,0xE68B,0xE68B,0xE68B,0xE68B,0xE68B,0xE68B,0xE68B,0xE68B,0xE68B,0xE68B,0xE68B,0xE68B,0xE68B,0xE68B,0xE68B,
    0xE68B,0xE68B,0xE68B,0xE68B,0xE68B,0xA4C9,0x0000,0x0000,0x0000,0x0000,0x0000,0x0000,0x0000,0x0000,0x0000,0x0000,
    0x0000,0x0000,0x0000,0x0000,0x0000,0x0000,0x0000,0x0000,0x0000,0xA4C9,0xE68B,0xE68B,0xE68B,0xE68B,0xE68B,0xE68B,
    0xE68B,0xE68B,0xE68B,0xE68B,0xE68B,0xE68B,0xE68B,0xE68B,0xE68B,0xE68B,0xE68B,0xE68B,0xE68B,0xE68B,0xE68B,0xE68B,
    0xE68B,0xE68B,0xE68B,0xE68B,0xE68B,0xE68B,0xA4C9,0x0000,0x0000,0x0000,0x0000,0x0000,0x0000,0x0000,0x0000,0x0000,
    0x0000,0x0000,0x0000,0x0000,0x0000,0x0000,0x0000,0x0000,0x8C28,0xE68B,0xE68B,0xE68B,0xE68B,0xE68B,0xE68B,0xE68B,
    0xE68B,0xE68B,0xE68B,0xE68B,0xE68B,0xE68B,0xE68B,0xE68B,0xE68B,0xE68B,0xE68B,0xE68B,0xE68B,0xE68B,0xE68B,0xE68B,
    0xE68B,0xE68B,0xE68B,0xE68B,0xE68B,0xE68B,0xE68B,0x8C28,0x0000,0x0000,0x0000,0x0000,0x0000,0x0000,0x0000,0x0000,
    0x0000,0x0000,0x0000,0x0000,0x0000,0x0000,0x0000,0x62E5,0xE68B,0xE68B,0xE68B,0xE68B,0xE68B,0xE68B,0xE68B,0xE68B,
    0xE68B,0xE68B,0xE68B,0xE68B,0xE68B,0xE68B,0xE68B,0xE68B,0xE68B,0xE68B,0xE68B,0xE68B,0xE68B,0xE68B,0xE68B,0xE68B,
    0xE68B,0xE68B,0xE68B,0xE68B,0xE68B,0xE68B,0xE68B,0xE68B,0x62E5,0x0000,0x0000,0x0000,0x0000,0x0000,0x0000,0x0000,
    0x0000,0x0000,0x0000,0x0000,0x0000,0x0000,0x10A1,0xD62B,0xE68B,0xE68B,0xE68B,0xE68B,0xE68B,0xE68B,0xE68B,0xE68B,
    0xE68B,0xE68B,0xE68B,0xE68B,0xE68B,0xE68B,0xE68B,0xE68B,0xE68B,0xE68B,0xE68B,0xE68B,0xE68B,0xE68B,0xE68B,0xE68B,
    0xE68B,0xE68B,0xE68B,0xE68B,0xE68B,0xE68B,0xE68B,0xE68B,0xD62B,0x10A1,0x0000,0x0000,0x0000,0x0000,0x0000,0x0000,
    0x0000,0x0000,0x0000,0x0000,0x0000,0x0000,0x8C28,0xE68B,0xE68B,0xE68B,0xE68B,0xE68B,0xE68B,0xE68B,0xE68B,0xE68B,
    0xE68B,0xE68B,0xE68B,0xE68B,0xE68B,0xE68B,0xE68B,0xE68B,0xE68B,0xE68B,0xE68B,0xE68B,0xE68B,0xE68B,0xE68B,0xE68B,
    0xE68B,0xE68B,0xE68B,0xE68B,0xE68B,0xE68B,0xE68B,0xE68B,0xE68B,0x8C28,0x0000,0x0000,0x0000,0x0000,0x0000,0x0000,
    0x0000,0x0000,0x0000,0x0000,0x0000,0x2102,0xE68B,0xE68B,0xE68B,0xE68B,0xE68B,0xE68B,0xE68B,0xE68B,0xE68B,0xE68B,
    0xE68B,0xE68B,0xE68B,0xE68B,0xE68B,0xE68B,0xE68B,0xE68B,0xE68B,0xE68B,0xE68B,0xE68B,0xE68B,0xE68B,0xE68B,0xE68B,
    0xE68B,0xE68B,0xE68B,0xE68B,0xE68B,0xE68B,0xE68B,0xE68B,0xE68B,0xE68B,0x2102,0x0000,0x0000,0x0000,0x0000,0x0000,
    0x0000,0x0000,0x0000,0x0000,0x0000,0x83E7,0xE68B,0xE68B,0xE68B,0xE68B,0xE68B,0xE68B,0xE68B,0xE68B,0xE68B,0xE68B,
    0xE68B,0xE68B,0xE68B,0xE68B,0xE68B,0xE68B,0xE68B,0xE68B,0xE68B,0xE68B,0xE68B,0xE68B,0xE68B,0xE68B,0xE68B,0xE68B,
    0xE68B,0xE68B,0xE68B,0xE68B,0xE68B,0xE68B,0xE68B,0xE68B,0xE68B,0xE68B,0x83E7,0x0000,0x0000,0x0000,0x0000,0x0000,
    0x0000,0x0000,0x0000,0x0000,0x0000,0xCDEA,0xE68B,0xE68B,0xE68B,0xE68B,0xE68B,0xE68B,0xE68B,0xE68B,0xE68B,0xE68B,
    0xE68B,0xE68B,0xE68B,0xE68B,0xE68B,0xE68B,0xE68B,0xE68B,0xE68B,0xE68B,0xE68B,0xE68B,0xE68B,0xE68B,0xE68B,0xE68B,
    0xE68B,0xE68B,0xE68B,0xE68B,0xE68B,0xE68B,0xE68B,0xE68B,0xE68B,0xE68B,0xCDEA,0x0000,0x0000,0x0000,0x0000,0x0000,
    0x0000,0x0000,0x0000,0x0000,0x39C3,0xE68B,0xE68B,0xE68B,0xE68B,0xE68B,0xE68B,0xE68B,0xE68B,0xE68B,0xE68B,0xE68B,
    0xE68B,0xE68B,0xE68B,0xE68B,0xE68B,0xE68B,0xE68B,0xE68B,0xE68B,0xE68B,0xE68B,0xE68B,0xE68B,0xE68B,0xE68B,0xE68B,
    0xE68B,0xE68B,0xE68B,0xE68B,0xE68B,0xE68B,0xE68B,0xE68B,0xE68B,0xE68B,0xE68B,0x39C3,0x0000,0x0000,0x0000,0x0000,
    0x0000,0x0000,0x0000,0x0000,0x7B87,0xE68B,0xE68B,0xE68B,0xE68B,0xE68B,0xE68B,0xE68B,0xE68B,0xE68B,0x9467,0xE68B,
    0xE68B,0xE68B,0xE68B,0xE68B,0xE68B,0xE68B,0xE68B,0xE68B,0xE68B,0xE68B,0xE68B,0xE68B,0xE68B,0xE68B,0xE68B,0xE68B,
    0xE68B,0xE68B,0xE68B,0xE68B,0xE68B,0xE68B,0xE68B,0xE68B,0xE68B,0xE68B,0xE68B,0x7B87,0x0000,0x0000,0x0000,0x0000,
    0x0000,0x0000,0x0000,0x0000,0xA4C9,0xE68B,0xE68B,0xE68B,0xE68B,0xE68B,0xE68B,0xE68B,0xE68B,0xE68B,0x0000,0x9467,
    0xE68B,0xE68B,0xE68B,0xE68B,0xC5AA,0x7366,0x39C3,0x18E1,0x18C1,0x18C1,0x41E3,0x7366,0xCDEA,0xE68B,0xE68B,0xE68B,
    0xE68B,0xE68B,0xE68B,0xE68B,0xE68B,0xE68B,0xE68B,0xE68B,0xE68B,0xE68B,0xE68B,0xA4C9,0x0000,0x0000,0x0000,0x0000,
    0x0000,0x0000,0x0000,0x0000,0xC5AA,0xE68B,0xE68B,0xE68B,0xE68B,0xE68B,0xE68B,0xE68B,0xE68B,0xE68B,0x0000,0x0000,
    0x9467,0xE68B,0xC5CA,0x4A23,0x0000,0x0000,0x0000,0x0000,0x0000,0x0000,0x0000,0x0000,0x0000,0x5284,0xD60A,0xE68B,
    0xE68B,0xE68B,0xE68B,0xE68B,0xE68B,0xE68B,0xE68B,0xE68B,0xE68B,0xE68B,0xE68B,0xC5AA,0x0000,0x0000,0x0000,0x0000,
    0x0000,0x0000,0x0000,0x0000,0xD62B,0xE68B,0xE68B,0xE68B,0xE68B,0xE68B,0xE68B,0xE68B,0xE68B,0xE68B,0x0000,0x0000,
    0x0000,0x6B05,0x1080,0x0000,0x0000,0x0000,0x2101,0x5244,0x5264,0x5244,0x2101,0x0000,0x0000,0x0000,0x1081,0xB529,
    0xE68B,0xE68B,0xE68B,0xE68B,0xE68B,0xE68B,0xE68B,0xE68B,0xE68B,0xE68B,0xE68B,0xD62B,0x0000,0x0000,0x0000,0x0000,
    0x0000,0x0000,0x0000,0x0000,0xDE6B,0xE68B,0xE68B,0xE68B,0xE68B,0xE68B,0xE68B,0xE68B,0xE68B,0xE68B,0x0000,0x0000,
    0x0000,0x0000,0x0000,0x0000,0x5244,0xC589,0xE68B,0xE68B,0xE68B,0xE68B,0xE68B,0xB529,0x41E3,0x0000,0x0000,0x0840,
    0xB529,0xE68B,0xE68B,0xE68B,0xE68B,0xE68B,0xE68B,0xE68B,0xE68B,0xE68B,0xE68B,0xDE6B,0x0000,0x0000,0x0000,0x0000,
    0x0000,0x0000,0x0000,0x0000,0xDE6B,0xE68B,0xE68B,0xE68B,0xE68B,0xE68B,0xE68B,0xE68B,0xE68B,0xE68B,0x0000,0x0000,
    0x0000,0x0000,0x0000,0x5244,0xE68B,0xE68B,0xE68B,0xE68B,0xE68B,0xE68B,0xE68B,0xE68B,0xE68B,0x7BA6,0x0000,0x0000,
    0x1081,0xD60A,0xE68B,0xE68B,0xE68B,0xE68B,0xE68B,0xE68B,0xE68B,0xE68B,0xE68B,0xDE6B,0x0000,0x0000,0x0000,0x0000,
    0x0000,0x0000,0x0000,0x0000,0xD62B,0xE68B,0xE68B,0xE68B,0xE68B,0xE68B,0xE68B,0xE68B,0xE68B,0xE68B,0x0000,0x0000,
    0x0000,0x0000,0x0000,0x0000,0x7BA6,0xE68B,0xE68B,0xE68B,0xE68B,0xE68B,0xE68B,0xE68B,0xE68B,0xE68B,0x7BA6,0x0000,
    0x0000,0x5284,0xE68B,0xE68B,0xE68B,0xE68B,0xE68B,0xE68B,0xE68B,0xE68B,0xE68B,0xD62B,0x0000,0x0000,0x0000,0x0000,
    0x0000,0x0000,0x0000,0x0000,0xC5AA,0xE68B,0xE68B,0xE68B,0xE68B,0xE68B,0xE68B,0xE68B,0xE68B,0xE68B,0x0000,0x0000,
    0x0000,0x0000,0x0000,0x0000,0x0000,0x7BA6,0xE68B,0xE68B,0xE68B,0xE68B,0xE68B,0xE68B,0xE68B,0xE68B,0xE68B,0x39A2,
    0x0000,0x0000,0xCDEA,0xE68B,0xE68B,0xE68B,0xE68B,0xE68B,0xE68B,0xE68B,0xE68B,0xC5AA,0x0000,0x0000,0x0000,0x0000,
    0x0000,0x0000,0x0000,0x0000,0xA4C9,0xE68B,0xE68B,0xE68B,0xE68B,0xE68B,0xE68B,0xE68B,0xE68B,0xE68B,0x0000,0x0000,
    0x0000,0x0000,0x0000,0x0000,0x0000,0x0000,0x7BA6,0xE68B,0xE68B,0xE68B,0xE68B,0xE68B,0xE68B,0xE68B,0xE68B,0xA4E8,
    0x18A1,0x62C5,0xC589,0xE68B,0xE68B,0xE68B,0xE68B,0xE68B,0xE68B,0xE68B,0xE68B,0xA4C9,0x0000,0x0000,0x0000,0x0000,
    0x0000,0x0000,0x0000,0x0000,0x7B87,0xE68B,0xE68B,0xE68B,0xE68B,0xE68B,0xE68B,0xE68B,0xE68B,0xE68B,0xE68B,0xE68B,
    0xE68B,0xE68B,0xE68B,0xE68B,0xE68B,0xE68B,0xE68B,0xE68B,0xE68B,0xE68B,0xE68B,0xE68B,0xE68B,0xE68B,0xE68B,0xE68B,
    0xE68B,0xE68B,0xE68B,0xE68B,0xE68B,0xE68B,0xE68B,0xE68B,0xE68B,0xE68B,0xE68B,0x7B87,0x0000,0x0000,0x0000,0x0000,
    0x0000,0x0000,0x0000,0x0000,0x39C3,0xE68B,0xE68B,0xE68B,0xE68B,0xE68B,0xE68B,0xE68B,0xE68B,0xE68B,0xE68B,0xE68B,
    0xE68B,0xE68B,0xE68B,0xE68B,0xE68B,0xE68B,0xE68B,0xE68B,0xE68B,0xE68B,0xE68B,0xE68B,0xE68B,0xE68B,0xE68B,0xE68B,
    0xE68B,0xE68B,0xE68B,0xE68B,0xE68B,0xE68B,0xE68B,0xE68B,0xE68B,0xE68B,0xE68B,0x39C3,0x0000,0x0000,0x0000,0x0000,
    0x0000,0x0000,0x0000,0x0000,0x0000,0xCDEA,0xE68B,0xE68B,0xE68B,0xE68B,0xE68B,0xE68B,0xE68B,0xE68B,0xE68B,0xE68B,
    0xE68B,0xE68B,0xE68B,0xE68B,0xE68B,0xE68B,0xE68B,0xE68B,0xE68B,0xE68B,0xE68B,0xE68B,0xE68B,0xE68B,0xE68B,0xE68B,
    0xE68B,0xE68B,0xE68B,0xE68B,0xE68B,0xE68B,0xE68B,0xE68B,0xE68B,0xE68B,0xCDEA,0x0000,0x0000,0x0000,0x0000,0x0000,
    0x0000,0x0000,0x0000,0x0000,0x0000,0x83E7,0xE68B,0xE68B,0xE68B,0xE68B,0xE68B,0xE68B,0xE68B,0xE68B,0xE68B,0xE68B,
    0xE68B,0xE68B,0xE68B,0xE68B,0xE68B,0xE68B,0xE68B,0xE68B,0xE68B,0xE68B,0xE68B,0xE68B,0xE68B,0xE68B,0xE68B,0xE68B,
    0xE68B,0xE68B,0xE68B,0xE68B,0xE68B,0xE68B,0xE68B,0xE68B,0xE68B,0xE68B,0x83E7,0x0000,0x0000,0x0000,0x0000,0x0000,
    0x0000,0x0000,0x0000,0x0000,0x0000,0x2102,0xE68B,0xE68B,0xE68B,0xE68B,0xE68B,0xE68B,0xE68B,0xE68B,0xE68B,0xE68B,
    0xE68B,0xE68B,0xE68B,0xE68B,0xE68B,0xE68B,0xE68B,0xE68B,0xE68B,0xE68B,0xE68B,0xE68B,0xE68B,0xE68B,0xE68B,0xE68B,
    0xE68B,0xE68B,0xE68B,0xE68B,0xE68B,0xE68B,0xE68B,0xE68B,0xE68B,0xE68B,0x2102,0x0000,0x0000,0x0000,0x0000,0x0000,
    0x0000,0x0000,0x0000,0x0000,0x0000,0x0000,0x8C28,0xE68B,0xE68B,0xE68B,0xE68B,0xE68B,0xE68B,0xE68B,0xE68B,0xE68B,
    0xE68B,0xE68B,0xE68B,0xE68B,0xE68B,0xE68B,0xE68B,0xE68B,0xE68B,0xE68B,0xE68B,0xE68B,0xE68B,0xE68B,0xE68B,0xE68B,
    0xE68B,0xE68B,0xE68B,0xE68B,0xE68B,0xE68B,0xE68B,0xE68B,0xE68B,0x8C28,0x0000,0x0000,0x0000,0x0000,0x0000,0x0000,
    0x0000,0x0000,0x0000,0x0000,0x0000,0x0000,0x10A1,0xD62B,0xE68B,0xE68B,0xE68B,0xE68B,0xE68B,0xE68B,0xE68B,0xE68B,
    0xE68B,0xE68B,0xE68B,0xE68B,0xE68B,0xE68B,0xE68B,0xE68B,0xE68B,0xE68B,0xE68B,0xE68B,0xE68B,0xE68B,0xE68B,0xE68B,
    0xE68B,0xE68B,0xE68B,0xE68B,0xE68B,0xE68B,0xE68B,0xE68B,0xD62B,0x10A1,0x0000,0x0000,0x0000,0x0000,0x0000,0x0000,
    0x0000,0x0000,0x0000,0x0000,0x0000,0x0000,0x0000,0x62E5,0xE68B,0xE68B,0xE68B,0xE68B,0xE68B,0xE68B,0xE68B,0xE68B,
    0xE68B,0xE68B,0xE68B,0xE68B,0xE68B,0xE68B,0xE68B,0xE68B,0xE68B,0xE68B,0xE68B,0xE68B,0xE68B,0xE68B,0xE68B,0xE68B,
    0xE68B,0xE68B,0xE68B,0xE68B,0xE68B,0xE68B,0xE68B,0xE68B,0x62E5,0x0000,0x0000,0x0000,0x0000,0x0000,0x0000,0x0000,
    0x0000,0x0000,0x0000,0x0000,0x0000,0x0000,0x0000,0x0000,0x8C28,0xE68B,0xE68B,0xE68B,0xE68B,0xE68B,0xE68B,0xE68B,
    0xE68B,0xE68B,0xE68B,0xE68B,0xE68B,0xE68B,0xE68B,0xE68B,0xE68B,0xE68B,0xE68B,0xE68B,0xE68B,0xE68B,0xE68B,0xE68B,
    0xE68B,0xE68B,0xE68B,0xE68B,0xE68B,0xE68B,0xE68B,0x8C28,0x0000,0x0000,0x0000,0x0000,0x0000,0x0000,0x0000,0x0000,
    0x0000,0x0000,0x0000,0x0000,0x0000,0x0000,0x0000,0x0000,0x0000,0xA4C9,0xE68B,0xE68B,0xE68B,0xE68B,0xE68B,0xE68B,
    0xE68B,0xE68B,0xE68B,0xE68B,0xE68B,0xE68B,0xE68B,0xE68B,0xE68B,0xE68B,0xE68B,0xE68B,0xE68B,0xE68B,0xE68B,0xE68B,
    0xE68B,0xE68B,0xE68B,0xE68B,0xE68B,0xE68B,0xA4C9,0x0000,0x0000,0x0000,0x0000,0x0000,0x0000,0x0000,0x0000,0x0000,
    0x0000,0x0000,0x0000,0x0000,0x0000,0x0000,0x0000,0x0000,0x0000,0x0000,0xA4C9,0xE68B,0xE68B,0xE68B,0xE68B,0xE68B,
    0xE68B,0xE68B,0xE68B,0xE68B,0xE68B,0xE68B,0xE68B,0xE68B,0xE68B,0xE68B,0xE68B,0xE68B,0xE68B,0xE68B,0xE68B,0xE68B,
    0xE68B,0xE68B,0xE68B,0xE68B,0xE68B,0xA4C9,0x0000,0x0000,0x0000,0x0000,0x0000,0x0000,0x0000,0x0000,0x0000,0x0000,
    0x0000,0x0000,0x0000,0x0000,0x0000,0x0000,0x0000,0x0000,0x0000,0x0000,0x0000,0x8C28,0xE68B,0xE68B,0xE68B,0xE68B,
    0xE68B,0xE68B,0xE68B,0xE68B,0xE68B,0xE68B,0xE68B,0xE68B,0xE68B,0xE68B,0xE68B,0xE68B,0xE68B,0xE68B,0xE68B,0xE68B,
    0xE68B,0xE68B,0xE68B,0xE68B,0x8C28,0x0000,0x0000,0x0000,0x0000,0x0000,0x0000,0x0000,0x0000,0x0000,0x0000,0x0000,
    0x0000,0x0000,0x0000,0x0000,0x0000,0x0000,0x0000,0x0000,0x0000,0x0000,0x0000,0x0000,0x62E5,0xD62B,0xE68B,0xE68B,
    0xE68B,0xE68B,0xE68B,0xE68B,0xE68B,0xE68B,0xE68B,0xE68B,0xE68B,0xE68B,0xE68B,0xE68B,0xE68B,0xE68B,0xE68B,0xE68B,
    0xE68B,0xE68B,0xD62B,0x62E5,0x0000,0x0000,0x0000,0x0000,0x0000,0x0000,0x0000,0x0000,0x0000,0x0000,0x0000,0x0000,
    0x0000,0x0000,0x0000,0x0000,0x0000,0x0000,0x0000,0x0000,0x0000,0x0000,0x0000,0x0000,0x0000,0x10A1,0x8C28,0xE68B,
    0xE68B,0xE68B,0xE68B,0xE68B,0xE68B,0xE68B,0xE68B,0xE68B,0xE68B,0xE68B,0xE68B,0xE68B,0xE68B,0xE68B,0xE68B,0xE68B,
    0xE68B,0x8C28,0x10A1,0x0000,0x0000,0x0000,0x0000,0x0000,0x0000,0x0000,0x0000,0x0000,0x0000,0x0000,0x0000,0x0000,
    0x0000,0x0000,0x0000,0x0000,0x0000,0x0000,0x0000,0x0000,0x0000,0x0000,0x0000,0x0000,0x0000,0x0000,0x0000,0x2102,
    0x83E7,0xCDEA,0xE68B,0xE68B,0xE68B,0xE68B,0xE68B,0xE68B,0xE68B,0xE68B,0xE68B,0xE68B,0xE68B,0xE68B,0xCDEA,0x83E7,
    0x2102,0x0000,0x0000,0x0000,0x0000,0x0000,0x0000,0x0000,0x0000,0x0000,0x0000,0x0000,0x0000,0x0000,0x0000,0x0000,
    0x0000,0x0000,0x0000,0x0000,0x0000,0x0000,0x0000,0x0000,0x0000,0x0000,0x0000,0x0000,0x0000,0x0000,0x0000,0x0000,
    0x0000,0x0000,0x39C3,0x7B87,0xA4C9,0xC5AA,0xD62B,0xDE6B,0xDE6B,0xD62B,0xC5AA,0xA4C9,0x7B87,0x39C3,0x0000,0x0000,
    0x0000,0x0000,0x0000,0x0000,0x0000,0x0000,0x0000,0x0000,0x0000,0x0000,0x0000,0x0000,0x0000,0x0000,0x0000,0x0000,
    0x0000,0x0000,0x0000,0x0000,0x0000,0x0000,0x0000,0x0000,0x0000,0x0000,0x0000,0x0000,0x0000,0x0000,0x0000,0x0000,
    0x0000,0x0000,0x0000,0x0000,0x0000,0x0000,0x0000,0x0000,0x0000,0x0000,0x0000,0x0000,0x0000,0x0000,0x0000,0x0000,
    0x0000,0x0000,0x0000,0x0000,0x0000,0x0000,0x0000,0x0000,0x0000,0x0000,0x0000,0x0000,0x0000,0x0000,0x0000,0x0000,
    0x0000,0x0000,0x0000,0x0000,0x0000,0x0000,0x0000,0x0000,0x0000,0x0000,0x0000,0x0000,0x0000,0x0000,0x0000,0x0000,
    0x0000,0x0000,0x0000,0x0000,0x0000,0x0000,0x0000,0x0000,0x0000,0x0000,0x0000,0x0000,0x0000,0x0000,0x0000,0x0000,
    0x0000,0x0000,0x0000,0x0000,0x0000,0x0000,0x0000,0x0000,0x0000,0x0000,0x0000,0x0000,0x0000,0x0000,0x0000,0x0000,
    0x0000,0x0000,0x0000,0x0000,0x0000,0x0000,0x0000,0x0000,0x0000,0x0000,0x0000,0x0000,0x0000,0x0000,0x0000,0x0000,
    0x0000,0x0000,0x0000,0x0000,0x0000,0x0000,0x0000,0x0000,0x0000,0x0000,0x0000,0x0000,0x0000,0x0000,0x0000,0x0000,
    0x0000,0x0000,0x0000,0x0000,0x0000,0x0000,0x0000,0x0000,0x0000,0x0000,0x0000,0x0000,0x0000,0x0000,0x0000,0x0000,
    0x0000,0x0000,0x0000,0x0000,0x0000,0x0000,0x0000,0x0000,0x0000,0x0000,0x0000,0x0000,0x0000,0x0000,0x0000,0x0000,
    0x0000,0x0000,0x0000,0x0000,0x0000,0x0000,0x0000,0x0000,0x0000,0x0000,0x0000,0x0000,0x0000,0x0000,0x0000,0x0000,
    0x0000,0x0000,0x0000,0x0000,0x0000,0x0000,0x0000,0x0000,0x0000,0x0000,0x0000,0x0000,0x0000,0x0000,0x0000,0x0000,
  },
};
#endif
