#ifndef weathericons_h
#define weathericons_h
#include <Arduino.h>

/*  Значки погоди, узяті з рідного проєкту Nextion (nextion/NX4024K032.HMI):
    саме ті картинки, що показує панель, без перемальовування. Витягнуті з
    файлу як PNG і переведені в RGB565 на чорному тлі.
    Порядок збігається з offset, який рахує timekeeper.cpp:
      0 — ясно
      1 — мала хмарність
      2 — хмарно
      3 — суцільна хмарність
      4 — злива
      5 — дощ
      6 — гроза
      7 — сніг
      8 — туман
      9 — невідомо
*/
#define WEATHER_ICON_W 48
#define WEATHER_ICON_H 38

const uint16_t weatherIcons[10][1824] PROGMEM = {
  /* ясно */ {
    0x0000,0x0000,0x0000,0x0000,0x0000,0x0000,0x0000,0x0000,0x0000,0x0000,0x0000,0x0000,0x0000,0x0000,0x0000,0x0000,
    0x0000,0x0000,0x0000,0x0000,0x0000,0x0000,0x0000,0x0000,0x0000,0x0000,0x0000,0x0000,0x0000,0x0000,0x0000,0x0000,
    0x0000,0x0000,0x0000,0x0000,0x0000,0x0000,0x0000,0x0000,0x0000,0x0000,0x0000,0x0000,0x0000,0x0000,0x0000,0x0000,
    0x0000,0x0000,0x0000,0x0000,0x0000,0x0000,0x0000,0x0000,0x0000,0x0000,0x0000,0x0000,0x0000,0x0000,0x0000,0x0000,
    0x0000,0x0000,0x0000,0x0000,0x0000,0x0000,0x0000,0x0000,0x0000,0x0000,0x0000,0x0000,0x0000,0x0000,0x0000,0x0000,
    0x0000,0x0000,0x0000,0x0000,0x0000,0x0000,0x0000,0x0000,0x0000,0x0000,0x0000,0x0000,0x0000,0x0000,0x0000,0x0000,
    0x0000,0x0000,0x0000,0x0000,0x0000,0x0000,0x0000,0x0000,0x0000,0x0000,0x0000,0x0000,0x0000,0x0000,0x0000,0x0000,
    0x0000,0x0000,0x0000,0x18C1,0x5A23,0x93A5,0xB467,0xC4C7,0xC4C7,0xB487,0x93C6,0x6264,0x2101,0x0020,0x0000,0x0000,
    0x0000,0x0000,0x0000,0x0000,0x0000,0x0000,0x0000,0x0000,0x0000,0x0000,0x0000,0x0000,0x0000,0x0000,0x0000,0x0000,
    0x0000,0x0000,0x0000,0x0000,0x0000,0x0000,0x0000,0x0000,0x0000,0x0000,0x0000,0x0000,0x0000,0x0000,0x0000,0x0000,
    0x0020,0x6AC4,0xB487,0xEDC9,0xEDE9,0xEDE9,0xEDE9,0xEDE9,0xEDE9,0xEDE9,0xEDE9,0xEDE9,0xEDE9,0xBCA7,0x7B04,0x1080,
    0x0000,0x0000,0x0000,0x0000,0x0000,0x0000,0x0000,0x0000,0x0000,0x0000,0x0000,0x0000,0x0000,0x0000,0x0000,0x0000,
    0x0000,0x0000,0x0000,0x0000,0x0000,0x0000,0x0000,0x0000,0x0000,0x0000,0x0000,0x0000,0x0000,0x0000,0x0000,0x5A63,
    0xD548,0xEDE9,0xEDE9,0xEDE9,0xEDC9,0xEDC9,0xEDE9,0xEDE9,0xEDE9,0xEDE9,0xEDC9,0xEDC9,0xEDC9,0xEDE9,0xEDE9,0xDD88,
    0x72E4,0x0000,0x0000,0x0000,0x0000,0x0000,0x0000,0x0000,0x0000,0x0000,0x0000,0x0000,0x0000,0x0000,0x0000,0x0000,
    0x0000,0x0000,0x0000,0x0000,0x0000,0x0000,0x0000,0x0000,0x0000,0x0000,0x0000,0x0000,0x0000,0x1880,0xB487,0xEDE9,
    0xEDE9,0xEDE9,0xEDE9,0xEDE9,0xEDE9,0xEDE9,0xEDE9,0xEDE9,0xEDE9,0xEDE9,0xEDE9,0xEDE9,0xEDE9,0xEDE9,0xEDE9,0xEDE9,
    0xEDE9,0xCD08,0x20E1,0x0000,0x0000,0x0000,0x0000,0x0000,0x0000,0x0000,0x0000,0x0000,0x0000,0x0000,0x0000,0x0000,
    0x0000,0x0000,0x0000,0x0000,0x0000,0x0000,0x0000,0x0000,0x0000,0x0000,0x0000,0x0000,0x20E1,0xD568,0xEDE9,0xEDC9,
    0xEDE9,0xEDE9,0xEDE9,0xEDE9,0xEDE9,0xEDE9,0xEDE9,0xEDE9,0xEDE9,0xEDE9,0xEDE9,0xEDE9,0xEDE9,0xEDE9,0xEDE9,0xEDE9,
    0xEDC9,0xEDE9,0xE5C9,0x41A2,0x0000,0x0000,0x0000,0x0000,0x0000,0x0000,0x0000,0x0000,0x0000,0x0000,0x0000,0x0000,
    0x0000,0x0000,0x0000,0x0000,0x0000,0x0000,0x0000,0x0000,0x0000,0x0000,0x0000,0x3121,0xE5C9,0xEDE9,0xEDE9,0xEDE9,
    0xEDE9,0xEDE9,0xEDE9,0xEDE9,0xEDE9,0xEDE9,0xEDE9,0xEDE9,0xEDE9,0xEDE9,0xEDE9,0xEDE9,0xEDE9,0xEDE9,0xEDE9,0xEDE9,
    0xEDE9,0xEDE9,0xEDE9,0xEDE9,0x4A03,0x0000,0x0000,0x0000,0x0000,0x0000,0x0000,0x0000,0x0000,0x0000,0x0000,0x0000,
    0x0000,0x0000,0x0000,0x0000,0x0000,0x0000,0x0000,0x0000,0x0000,0x0000,0x1881,0xE5A9,0xEDE9,0xEDE9,0xEDE9,0xEDE9,
    0xEDE9,0xEDE9,0xEDE9,0xEDE9,0xEDE9,0xEDE9,0xEDE9,0xEDE9,0xEDE9,0xEDE9,0xEDE9,0xEDE9,0xEDE9,0xEDE9,0xEDE9,0xEDE9,
    0xEDE9,0xEDE9,0xEDE9,0xEDE9,0xEDE9,0x2921,0x0000,0x0000,0x0000,0x0000,0x0000,0x0000,0x0000,0x0000,0x0000,0x0000,
    0x0000,0x0000,0x0000,0x0000,0x0000,0x0000,0x0000,0x0000,0x0000,0x0000,0xBC87,0xEDE9,0xEDE9,0xEDE9,0xEDE9,0xEDE9,
    0xEDE9,0xEDE9,0xEDE9,0xEDE9,0xEDE9,0xEDE9,0xEDE9,0xEDE9,0xEDE9,0xEDE9,0xEDE9,0xEDE9,0xEDE9,0xEDE9,0xEDE9,0xEDE9,
    0xEDE9,0xEDE9,0xEDE9,0xEDE9,0xEDE9,0xD548,0x0840,0x0000,0x0000,0x0000,0x0000,0x0000,0x0000,0x0000,0x0000,0x0000,
    0x0000,0x0000,0x0000,0x0000,0x0000,0x0000,0x0000,0x0000,0x0000,0x6AA4,0xEDE9,0xEDE9,0xEDE9,0xEDE9,0xEDE9,0xEDE9,
    0xEDE9,0xEDE9,0xEDE9,0xEDE9,0xEDE9,0xEDE9,0xEDE9,0xEDE9,0xEDE9,0xEDE9,0xEDE9,0xEDE9,0xEDE9,0xEDE9,0xEDE9,0xEDE9,
    0xEDE9,0xEDE9,0xEDE9,0xEDE9,0xEDE9,0xEDE9,0x93C6,0x0000,0x0000,0x0000,0x0000,0x0000,0x0000,0x0000,0x0000,0x0000,
    0x0000,0x0000,0x0000,0x0000,0x0000,0x0000,0x0000,0x0000,0x0000,0xE5A9,0xEDE9,0xEDE9,0xEDE9,0xEDE9,0xEDE9,0xEDE9,
    0xEDE9,0xEDE9,0xEDE9,0xEDE9,0xEDE9,0xEDE9,0xEDE9,0xEDE9,0xEDE9,0xEDE9,0xEDE9,0xEDE9,0xEDE9,0xEDE9,0xEDE9,0xEDE9,
    0xEDE9,0xEDE9,0xEDE9,0xEDE9,0xEDE9,0xEDE9,0xEDE9,0x18A1,0x0000,0x0000,0x0000,0x0000,0x0000,0x0000,0x0000,0x0000,
    0x0000,0x0000,0x0000,0x0000,0x0000,0x0000,0x0000,0x0000,0x7B25,0xEDE9,0xEDE9,0xEDE9,0xEDE9,0xEDE9,0xEDE9,0xEDE9,
    0xEDE9,0xEDE9,0xEDE9,0xEDE9,0xEDE9,0xEDE9,0xEDE9,0xEDE9,0xEDE9,0xEDE9,0xEDE9,0xEDE9,0xEDE9,0xEDE9,0xEDE9,0xEDE9,
    0xEDE9,0xEDE9,0xEDE9,0xEDE9,0xEDE9,0xEDE9,0xEDE9,0xA406,0x0000,0x0000,0x0000,0x0000,0x0000,0x0000,0x0000,0x0000,
    0x0000,0x0000,0x0000,0x0000,0x0000,0x0000,0x0000,0x0000,0xC4C7,0xEDE9,0xEDE9,0xEDE9,0xEDE9,0xEDE9,0xEDE9,0xEDE9,
    0xEDE9,0xEDE9,0xEDE9,0xEDE9,0xEDE9,0xEDE9,0xEDE9,0xEDE9,0xEDE9,0xEDE9,0xEDE9,0xEDE9,0xEDE9,0xEDE9,0xEDE9,0xEDE9,
    0xEDE9,0xEDE9,0xEDE9,0xEDE9,0xEDE9,0xEDE9,0xEDE9,0xD528,0x1080,0x0000,0x0000,0x0000,0x0000,0x0000,0x0000,0x0000,
    0x0000,0x0000,0x0000,0x0000,0x0000,0x0000,0x0000,0x3142,0xEDE9,0xEDE9,0xEDE9,0xEDE9,0xEDE9,0xEDE9,0xEDE9,0xEDE9,
    0xEDE9,0xEDE9,0xEDE9,0xEDE9,0xEDE9,0xEDE9,0xEDE9,0xEDE9,0xEDE9,0xEDE9,0xEDE9,0xEDE9,0xEDE9,0xEDE9,0xEDE9,0xEDE9,
    0xEDE9,0xEDE9,0xEDE9,0xEDE9,0xEDE9,0xEDE9,0xEDE9,0xEDE9,0x4A03,0x0000,0x0000,0x0000,0x0000,0x0000,0x0000,0x0000,
    0x0000,0x0000,0x0000,0x0000,0x0000,0x0000,0x0000,0x6AA4,0xEDE9,0xEDE9,0xEDE9,0xEDE9,0xEDE9,0xEDE9,0xEDE9,0xEDE9,
    0xEDE9,0xEDE9,0xEDE9,0xEDE9,0xEDE9,0xEDE9,0xEDE9,0xEDE9,0xEDE9,0xEDE9,0xEDE9,0xEDE9,0xEDE9,0xEDE9,0xEDE9,0xEDE9,
    0xEDE9,0xEDE9,0xEDE9,0xEDE9,0xEDE9,0xEDE9,0xEDE9,0xEDE9,0x93A6,0x0000,0x0000,0x0000,0x0000,0x0000,0x0000,0x0000,
    0x0000,0x0000,0x0000,0x0000,0x0000,0x0000,0x0000,0xA406,0xEDE9,0xEDE9,0xEDE9,0xEDE9,0xEDE9,0xEDE9,0xEDE9,0xEDE9,
    0xEDE9,0xEDE9,0xEDE9,0xEDE9,0xEDE9,0xEDE9,0xEDE9,0xEDE9,0xEDE9,0xEDE9,0xEDE9,0xEDE9,0xEDE9,0xEDE9,0xEDE9,0xEDE9,
    0xEDE9,0xEDE9,0xEDE9,0xEDE9,0xEDE9,0xEDE9,0xEDE9,0xEDE9,0xC508,0x0000,0x0000,0x0000,0x0000,0x0000,0x0000,0x0000,
    0x0000,0x0000,0x0000,0x0000,0x0000,0x0000,0x0000,0xCD08,0xEDE9,0xEDE9,0xEDE9,0xEDE9,0xEDE9,0xEDE9,0xEDE9,0xEDE9,
    0xEDE9,0xEDE9,0xEDE9,0xEDE9,0xEDE9,0xEDE9,0xEDE9,0xEDE9,0xEDE9,0xEDE9,0xEDE9,0xEDE9,0xEDE9,0xEDE9,0xEDE9,0xEDE9,
    0xEDE9,0xEDE9,0xEDE9,0xEDE9,0xEDE9,0xEDE9,0xEDE9,0xEDE9,0xDD88,0x0000,0x0000,0x0000,0x0000,0x0000,0x0000,0x0000,
    0x0000,0x0000,0x0000,0x0000,0x0000,0x0000,0x0000,0xDD68,0xEDE9,0xEDE9,0xEDE9,0xEDE9,0xEDE9,0xEDE9,0xEDE9,0xEDE9,
    0xEDE9,0xEDE9,0xEDE9,0xEDE9,0xEDE9,0xEDE9,0xEDE9,0xEDE9,0xEDE9,0xEDE9,0xEDE9,0xEDE9,0xEDE9,0xEDE9,0xEDE9,0xEDE9,
    0xEDE9,0xEDE9,0xEDE9,0xEDE9,0xEDE9,0xEDE9,0xEDE9,0xEDE9,0xE5A9,0x0000,0x0000,0x0000,0x0000,0x0000,0x0000,0x0000,
    0x0000,0x0000,0x0000,0x0000,0x0000,0x0000,0x0000,0xDD88,0xEDE9,0xEDE9,0xEDE9,0xEDE9,0xEDE9,0xEDE9,0xEDE9,0xEDE9,
    0xEDE9,0xEDE9,0xEDE9,0xEDE9,0xEDE9,0xEDE9,0xEDE9,0xEDE9,0xEDE9,0xEDE9,0xEDE9,0xEDE9,0xEDE9,0xEDE9,0xEDE9,0xEDE9,
    0xEDE9,0xEDE9,0xEDE9,0xEDE9,0xEDE9,0xEDE9,0xEDE9,0xEDE9,0xE5A9,0x0000,0x0000,0x0000,0x0000,0x0000,0x0000,0x0000,
    0x0000,0x0000,0x0000,0x0000,0x0000,0x0000,0x0000,0xDD68,0xEDE9,0xEDE9,0xEDE9,0xEDE9,0xEDE9,0xEDE9,0xEDE9,0xEDE9,
    0xEDE9,0xEDE9,0xEDE9,0xEDE9,0xEDE9,0xEDE9,0xEDE9,0xEDE9,0xEDE9,0xEDE9,0xEDE9,0xEDE9,0xEDE9,0xEDE9,0xEDE9,0xEDE9,
    0xEDE9,0xEDE9,0xEDE9,0xEDE9,0xEDE9,0xEDE9,0xEDE9,0xEDE9,0xE5A9,0x0000,0x0000,0x0000,0x0000,0x0000,0x0000,0x0000,
    0x0000,0x0000,0x0000,0x0000,0x0000,0x0000,0x0000,0xC4C7,0xEDE9,0xEDE9,0xEDE9,0xEDE9,0xEDE9,0xEDE9,0xEDE9,0xEDE9,
    0xEDE9,0xEDE9,0xEDE9,0xEDE9,0xEDE9,0xEDE9,0xEDE9,0xEDE9,0xEDE9,0xEDE9,0xEDE9,0xEDE9,0xEDE9,0xEDE9,0xEDE9,0xEDE9,
    0xEDE9,0xEDE9,0xEDE9,0xEDE9,0xEDE9,0xEDE9,0xEDE9,0xEDE9,0xDD68,0x0000,0x0000,0x0000,0x0000,0x0000,0x0000,0x0000,
    0x0000,0x0000,0x0000,0x0000,0x0000,0x0000,0x0000,0x9BC6,0xEDE9,0xEDE9,0xEDE9,0xEDE9,0xEDE9,0xEDE9,0xEDE9,0xEDE9,
    0xEDE9,0xEDE9,0xEDE9,0xEDE9,0xEDE9,0xEDE9,0xEDE9,0xEDE9,0xEDE9,0xEDE9,0xEDE9,0xEDE9,0xEDE9,0xEDE9,0xEDE9,0xEDE9,
    0xEDE9,0xEDE9,0xEDE9,0xEDE9,0xEDE9,0xEDE9,0xEDE9,0xEDE9,0xC4E7,0x0000,0x0000,0x0000,0x0000,0x0000,0x0000,0x0000,
    0x0000,0x0000,0x0000,0x0000,0x0000,0x0000,0x0000,0x6264,0xEDE9,0xEDE9,0xEDE9,0xEDE9,0xEDE9,0xEDE9,0xEDE9,0xEDE9,
    0xEDE9,0xEDE9,0xEDE9,0xEDE9,0xEDE9,0xEDE9,0xEDE9,0xEDE9,0xEDE9,0xEDE9,0xEDE9,0xEDE9,0xEDE9,0xEDE9,0xEDE9,0xEDE9,
    0xEDE9,0xEDE9,0xEDE9,0xEDE9,0xEDE9,0xEDE9,0xEDE9,0xEDE9,0x8B85,0x0000,0x0000,0x0000,0x0000,0x0000,0x0000,0x0000,
    0x0000,0x0000,0x0000,0x0000,0x0000,0x0000,0x0000,0x2901,0xE5A9,0xEDE9,0xEDE9,0xEDE9,0xEDE9,0xEDE9,0xEDE9,0xEDE9,
    0xEDE9,0xEDE9,0xEDE9,0xEDE9,0xEDE9,0xEDE9,0xEDE9,0xEDE9,0xEDE9,0xEDE9,0xEDE9,0xEDE9,0xEDE9,0xEDE9,0xEDE9,0xEDE9,
    0xEDE9,0xEDE9,0xEDE9,0xEDE9,0xEDE9,0xEDE9,0xEDE9,0xEDE9,0x41A2,0x0000,0x0000,0x0000,0x0000,0x0000,0x0000,0x0000,
    0x0000,0x0000,0x0000,0x0000,0x0000,0x0000,0x0000,0x0000,0xBCC7,0xEDE9,0xEDE9,0xEDE9,0xEDE9,0xEDE9,0xEDE9,0xEDE9,
    0xEDE9,0xEDE9,0xEDE9,0xEDE9,0xEDE9,0xEDE9,0xEDE9,0xEDE9,0xEDE9,0xEDE9,0xEDE9,0xEDE9,0xEDE9,0xEDE9,0xEDE9,0xEDE9,
    0xEDE9,0xEDE9,0xEDE9,0xEDE9,0xEDE9,0xEDE9,0xEDE9,0xD528,0x1060,0x0000,0x0000,0x0000,0x0000,0x0000,0x0000,0x0000,
    0x0000,0x0000,0x0000,0x0000,0x0000,0x0000,0x0000,0x0000,0x6284,0xEDE9,0xEDE9,0xEDE9,0xEDE9,0xEDE9,0xEDE9,0xEDE9,
    0xEDE9,0xEDE9,0xEDE9,0xEDE9,0xEDE9,0xEDE9,0xEDE9,0xEDE9,0xEDE9,0xEDE9,0xEDE9,0xEDE9,0xEDE9,0xEDE9,0xEDE9,0xEDE9,
    0xEDE9,0xEDE9,0xEDE9,0xEDE9,0xEDE9,0xEDE9,0xEDE9,0x93A6,0x0000,0x0000,0x0000,0x0000,0x0000,0x0000,0x0000,0x0000,
    0x0000,0x0000,0x0000,0x0000,0x0000,0x0000,0x0000,0x0000,0x0000,0xDD89,0xEDE9,0xEDE9,0xEDE9,0xEDE9,0xEDE9,0xEDE9,
    0xEDE9,0xEDE9,0xEDE9,0xEDE9,0xEDE9,0xEDE9,0xEDE9,0xEDE9,0xEDE9,0xEDE9,0xEDE9,0xEDE9,0xEDE9,0xEDE9,0xEDE9,0xEDE9,
    0xEDE9,0xEDE9,0xEDE9,0xEDE9,0xEDE9,0xEDE9,0xEDE9,0x0840,0x0000,0x0000,0x0000,0x0000,0x0000,0x0000,0x0000,0x0000,
    0x0000,0x0000,0x0000,0x0000,0x0000,0x0000,0x0000,0x0000,0x0000,0x5223,0xEDE9,0xEDE9,0xEDE9,0xEDE9,0xEDE9,0xEDE9,
    0xEDE9,0xEDE9,0xEDE9,0xEDE9,0xEDE9,0xEDE9,0xEDE9,0xEDE9,0xEDE9,0xEDE9,0xEDE9,0xEDE9,0xEDE9,0xEDE9,0xEDE9,0xEDE9,
    0xEDE9,0xEDE9,0xEDE9,0xEDE9,0xEDE9,0xEDE9,0x7B04,0x0000,0x0000,0x0000,0x0000,0x0000,0x0000,0x0000,0x0000,0x0000,
    0x0000,0x0000,0x0000,0x0000,0x0000,0x0000,0x0000,0x0000,0x0000,0x0000,0xA406,0xEDE9,0xEDE9,0xEDE9,0xEDE9,0xEDE9,
    0xEDE9,0xEDE9,0xEDE9,0xEDE9,0xEDE9,0xEDE9,0xEDE9,0xEDE9,0xEDE9,0xEDE9,0xEDE9,0xEDE9,0xEDE9,0xEDE9,0xEDE9,0xEDE9,
    0xEDE9,0xEDE9,0xEDE9,0xEDE9,0xEDE9,0xC4E7,0x0000,0x0000,0x0000,0x0000,0x0000,0x0000,0x0000,0x0000,0x0000,0x0000,
    0x0000,0x0000,0x0000,0x0000,0x0000,0x0000,0x0000,0x0000,0x0000,0x0000,0x0000,0xD548,0xEDE9,0xEDC9,0xEDE9,0xEDE9,
    0xEDE9,0xEDE9,0xEDE9,0xEDE9,0xEDE9,0xEDE9,0xEDE9,0xEDE9,0xEDE9,0xEDE9,0xEDE9,0xEDE9,0xEDE9,0xEDE9,0xEDE9,0xEDE9,
    0xEDE9,0xEDE9,0xEDC9,0xEDE9,0xEDE9,0x18A1,0x0000,0x0000,0x0000,0x0000,0x0000,0x0000,0x0000,0x0000,0x0000,0x0000,
    0x0000,0x0000,0x0000,0x0000,0x0000,0x0000,0x0000,0x0000,0x0000,0x0000,0x0000,0x1080,0xDD68,0xEDE9,0xEDE9,0xEDE9,
    0xEDE9,0xEDE9,0xEDE9,0xEDE9,0xEDE9,0xEDE9,0xEDE9,0xEDE9,0xEDE9,0xEDE9,0xEDE9,0xEDE9,0xEDE9,0xEDE9,0xEDE9,0xEDE9,
    0xEDE9,0xEDC9,0xEDE9,0xEDE9,0x3142,0x0000,0x0000,0x0000,0x0000,0x0000,0x0000,0x0000,0x0000,0x0000,0x0000,0x0000,
    0x0000,0x0000,0x0000,0x0000,0x0000,0x0000,0x0000,0x0000,0x0000,0x0000,0x0000,0x0000,0x1060,0xC4E8,0xEDE9,0xEDE9,
    0xEDE9,0xEDE9,0xEDE9,0xEDE9,0xEDE9,0xEDE9,0xEDE9,0xEDE9,0xEDE9,0xEDE9,0xEDE9,0xEDE9,0xEDE9,0xEDE9,0xEDE9,0xEDE9,
    0xEDE9,0xEDE9,0xDD89,0x2921,0x0000,0x0000,0x0000,0x0000,0x0000,0x0000,0x0000,0x0000,0x0000,0x0000,0x0000,0x0000,
    0x0000,0x0000,0x0000,0x0000,0x0000,0x0000,0x0000,0x0000,0x0000,0x0000,0x0000,0x0000,0x0000,0x0000,0x93A5,0xEDE9,
    0xEDE9,0xEDC9,0xEDC9,0xEDE9,0xEDE9,0xEDE9,0xEDE9,0xEDE9,0xEDE9,0xEDE9,0xEDE9,0xEDE9,0xEDE9,0xEDC9,0xE5C9,0xEDE9,
    0xEDE9,0xA406,0x0860,0x0000,0x0000,0x0000,0x0000,0x0000,0x0000,0x0000,0x0000,0x0000,0x0000,0x0000,0x0000,0x0000,
    0x0000,0x0000,0x0000,0x0000,0x0000,0x0000,0x0000,0x0000,0x0000,0x0000,0x0000,0x0000,0x0000,0x0000,0x0000,0x3982,
    0xBC87,0xEDE9,0xEDE9,0xEDE9,0xEDE9,0xEDE9,0xEDE9,0xEDE9,0xEDE9,0xEDE9,0xEDE9,0xEDE9,0xEDE9,0xEDE9,0xEDE9,0xCD08,
    0x5203,0x0000,0x0000,0x0000,0x0000,0x0000,0x0000,0x0000,0x0000,0x0000,0x0000,0x0000,0x0000,0x0000,0x0000,0x0000,
    0x0000,0x0000,0x0000,0x0000,0x0000,0x0000,0x0000,0x0000,0x0000,0x0000,0x0000,0x0000,0x0000,0x0000,0x0000,0x0000,
    0x0000,0x41A2,0x9BC6,0xDD88,0xEDE9,0xEDE9,0xEDE9,0xEDE9,0xEDE9,0xEDE9,0xEDE9,0xEDE9,0xE5A9,0xA426,0x5203,0x0840,
    0x0000,0x0000,0x0000,0x0000,0x0000,0x0000,0x0000,0x0000,0x0000,0x0000,0x0000,0x0000,0x0000,0x0000,0x0000,0x0000,
    0x0000,0x0000,0x0000,0x0000,0x0000,0x0000,0x0000,0x0000,0x0000,0x0000,0x0000,0x0000,0x0000,0x0000,0x0000,0x0000,
    0x0000,0x0000,0x0000,0x0020,0x41A2,0x6AA4,0x7B04,0x7B25,0x7B25,0x7B04,0x6AC4,0x49E3,0x1060,0x0000,0x0000,0x0000,
    0x0000,0x0000,0x0000,0x0000,0x0000,0x0000,0x0000,0x0000,0x0000,0x0000,0x0000,0x0000,0x0000,0x0000,0x0000,0x0000,
    0x0000,0x0000,0x0000,0x0000,0x0000,0x0000,0x0000,0x0000,0x0000,0x0000,0x0000,0x0000,0x0000,0x0000,0x0000,0x0000,
    0x0000,0x0000,0x0000,0x0000,0x0000,0x0000,0x0000,0x0000,0x0000,0x0000,0x0000,0x0000,0x0000,0x0000,0x0000,0x0000,
    0x0000,0x0000,0x0000,0x0000,0x0000,0x0000,0x0000,0x0000,0x0000,0x0000,0x0000,0x0000,0x0000,0x0000,0x0000,0x0000,
  },
  /* мала хмарність */ {
    0x0000,0x0000,0x0000,0x0000,0x0000,0x0000,0x0000,0x0000,0x0000,0x0000,0x0000,0x0000,0x0000,0x0000,0x0000,0x0000,
    0x0000,0x0000,0x0000,0x0000,0x0000,0x0000,0x0000,0x0000,0x0000,0x0000,0x0000,0x0000,0x0000,0x0000,0x0000,0x0000,
    0x0000,0x0000,0x0000,0x0000,0x0000,0x0000,0x0000,0x0000,0x0000,0x0000,0x0000,0x0000,0x0000,0x0000,0x0000,0x0000,
    0x0000,0x0000,0x0000,0x0000,0x0000,0x0000,0x0000,0x0000,0x0000,0x0000,0x0000,0x0000,0x0000,0x0000,0x0000,0x0000,
    0x0000,0x0000,0x0000,0x0000,0x0000,0x0000,0x0000,0x0000,0x0000,0x0000,0x0000,0x0000,0x0000,0x0000,0x0000,0x0000,
    0x0000,0x0000,0x0000,0x0000,0x0000,0x0000,0x0000,0x0000,0x0000,0x0000,0x0000,0x0000,0x0000,0x0000,0x0000,0x0000,
    0x0000,0x0000,0x0000,0x0000,0x0000,0x0000,0x0000,0x0000,0x0000,0x0000,0x0000,0x0000,0x0000,0x0000,0x0000,0x0000,
    0x0000,0x0000,0x0000,0x0000,0x0000,0x0000,0x0000,0x0000,0x0000,0x0000,0x0000,0x0000,0x0000,0x0000,0x0000,0x0000,
    0x0000,0x0000,0x0000,0x0000,0x0000,0x0000,0x0000,0x0000,0x0000,0x0000,0x0000,0x0000,0x0000,0x0000,0x0000,0x0000,
    0x0000,0x0000,0x0000,0x0000,0x0000,0x0000,0x0000,0x0000,0x0000,0x0000,0x0000,0x0000,0x0000,0x0000,0x0000,0x0000,
    0x0000,0x0000,0x0000,0x0000,0x0000,0x0000,0x0000,0x0000,0x0000,0x0000,0x0000,0x0000,0x0000,0x0000,0x0000,0x0000,
    0x0000,0x0000,0x0000,0x0000,0x0000,0x0000,0x0000,0x0000,0x0000,0x0000,0x0000,0x0000,0x0000,0x0000,0x0000,0x0000,
    0x0000,0x0000,0x0000,0x0000,0x0000,0x0000,0x0000,0x0000,0x0000,0x0000,0x0000,0x0000,0x0000,0x0000,0x0000,0x0000,
    0x0000,0x0000,0x0000,0x0000,0x0000,0x0000,0x0000,0x0000,0x0000,0x0000,0x0000,0x0000,0x0000,0x0000,0x0840,0x49E3,
    0x8B65,0xAC46,0xB487,0xAC26,0x8B65,0x41C2,0x0820,0x0000,0x0000,0x0000,0x0000,0x0000,0x0000,0x0000,0x0000,0x0000,
    0x0000,0x0000,0x0000,0x0000,0x0000,0x0000,0x0000,0x0000,0x0000,0x0000,0x0000,0x0000,0x0000,0x0000,0x0000,0x0000,
    0x0000,0x0000,0x0000,0x0000,0x0000,0x0000,0x0000,0x0000,0x0000,0x0000,0x0000,0x0000,0x2901,0x8B85,0xE5A9,0xEDE9,
    0xEDE9,0xEDE9,0xEDE9,0xEDE9,0xEDE9,0xEDE9,0xDD88,0x8365,0x20E1,0x0000,0x0000,0x0000,0x0000,0x0000,0x0000,0x0000,
    0x0000,0x0000,0x0000,0x0000,0x0000,0x0000,0x0000,0x0000,0x0000,0x0000,0x0000,0x0000,0x0000,0x0000,0x0000,0x0000,
    0x0000,0x0000,0x0000,0x0000,0x0000,0x0000,0x0000,0x0000,0x0000,0x0000,0x0000,0x6AA4,0xEDC9,0xEDE9,0xEDE9,0xEDC9,
    0xEDE9,0xEDE9,0xEDE9,0xEDE9,0xEDE9,0xEDC9,0xEDE9,0xEDE9,0xE5A9,0x5A43,0x0000,0x0000,0x0000,0x0000,0x0000,0x0000,
    0x0000,0x0000,0x0000,0x0000,0x0000,0x0000,0x0000,0x0000,0x0000,0x0000,0x0000,0x0000,0x0000,0x0000,0x0000,0x0000,
    0x0000,0x0020,0x10A2,0x1082,0x0000,0x0000,0x0000,0x0000,0x0000,0x0000,0x9BE6,0xEDE9,0xEDE9,0xEDE9,0xEDE9,0xEDE9,
    0xEDE9,0xEDE9,0xEDE9,0xEDE9,0xEDE9,0xEDE9,0xEDE9,0xEDE9,0xEDE9,0xEDE9,0x93A5,0x0000,0x0000,0x0000,0x0000,0x0000,
    0x0000,0x0000,0x0000,0x0000,0x0000,0x0000,0x0000,0x0000,0x0000,0x0000,0x0000,0x0000,0x0000,0x0000,0x0000,0x3186,
    0x8C51,0xBDF7,0xD69A,0xCE79,0xB5B6,0x738E,0x10A2,0x0000,0x0000,0x9BE6,0xEDE9,0xEDE9,0xEDE9,0xEDE9,0xEDE9,0xEDE9,
    0xEDE9,0xEDE9,0xEDE9,0xEDE9,0xEDE9,0xEDE9,0xEDE9,0xEDE9,0xEDE9,0xEDC9,0xEDE9,0x8B65,0x0000,0x0000,0x0000,0x0000,
    0x0000,0x0000,0x0000,0x0000,0x0000,0x0000,0x0000,0x0000,0x0000,0x0000,0x0000,0x0000,0x0000,0x0861,0xB5B6,0xF79E,
    0xF79E,0xF79E,0xF79E,0xF79E,0xF79E,0xF79E,0xF79E,0x73AE,0x6241,0xEDC8,0xEDE9,0xEDE9,0xEDE9,0xEDE9,0xEDE9,0xEDE9,
    0xEDE9,0xEDE9,0xEDE9,0xEDE9,0xEDE9,0xEDE9,0xEDE9,0xEDE9,0xEDE9,0xEDE9,0xEDE9,0xEDE9,0x5A43,0x0000,0x0000,0x0000,
    0x0000,0x0000,0x0000,0x0000,0x0000,0x0000,0x0000,0x0000,0x0000,0x0000,0x0000,0x0000,0x2124,0xDEFB,0xF79E,0xF79E,
    0xF79E,0xF79E,0xF79E,0xF79E,0xF79E,0xF79E,0xF79E,0xF7DF,0xF739,0xEDA6,0xEDC8,0xEDE9,0xEDE9,0xEDE9,0xEDE9,0xEDE9,
    0xEDE9,0xEDE9,0xEDE9,0xEDE9,0xEDE9,0xEDE9,0xEDE9,0xEDE9,0xEDE9,0xEDE9,0xEDE9,0xEDE9,0xE5A9,0x18A1,0x0000,0x0000,
    0x0000,0x0000,0x0000,0x0000,0x0000,0x0000,0x0000,0x0000,0x0000,0x0000,0x0000,0x0841,0xE71C,0xF79E,0xF79E,0xF79E,
    0xF79E,0xF79E,0xF79E,0xF79E,0xF79E,0xF79E,0xF79E,0xF77D,0xF7FF,0xF717,0xED85,0xEDE9,0xEDE9,0xEDE9,0xEDE9,0xEDE9,
    0xEDE9,0xEDE9,0xEDE9,0xEDE9,0xEDE9,0xEDE9,0xEDE9,0xEDE9,0xEDE9,0xEDE9,0xEDE9,0xE5C9,0xEDE9,0x7B04,0x0000,0x0000,
    0x0000,0x0000,0x0000,0x0000,0x0000,0x0000,0x0000,0x0000,0x0000,0x0000,0x0000,0xA514,0xF79E,0xEF7D,0xF79E,0xF79E,
    0xF79E,0xF79E,0xF79E,0xF79E,0xF79E,0xF79E,0xF79E,0xF79E,0xF79E,0xF7FF,0xEE70,0xEDA6,0xEDE9,0xEDE9,0xEDE9,0xEDE9,
    0xEDE9,0xEDE9,0xEDE9,0xEDE9,0xEDE9,0xEDE9,0xEDE9,0xEDE9,0xEDE9,0xEDE9,0xEDE9,0xEDE9,0xEDE9,0xDD68,0x0000,0x0000,
    0x0000,0x0000,0x0000,0x0000,0x0000,0x0000,0x0000,0x0000,0x0000,0x0000,0x2965,0xF79E,0xF79E,0xF79E,0xF79E,0xF79E,
    0xF79E,0xF79E,0xF79E,0xF79E,0xF79E,0xF79E,0xF79E,0xF79E,0xF79E,0xF7BF,0xF77C,0xEDA6,0xEDE9,0xEDE9,0xEDC8,0xEDC8,
    0xEDE9,0xEDE9,0xEDE9,0xEDE9,0xEDE9,0xEDE9,0xEDE9,0xEDE9,0xEDE9,0xEDE9,0xEDE9,0xEDE9,0xEDE9,0xEDE9,0x41C2,0x0000,
    0x0000,0x0000,0x0000,0x0000,0x0000,0x0000,0x0000,0x0000,0x0000,0x0000,0x73AE,0xF79E,0xF79E,0xF79E,0xF79E,0xF79E,
    0xF79E,0xF79E,0xF79E,0xF79E,0xF79E,0xF79E,0xF79E,0xF79E,0xF79E,0xF79E,0xF7DF,0xEE0C,0xEDA6,0xEDA6,0xEDC7,0xEDC7,
    0xEDA6,0xEDC7,0xEDEA,0xEDE9,0xEDE9,0xEDE9,0xEDE9,0xEDE9,0xEDE9,0xEDE9,0xEDE9,0xEDE9,0xEDE9,0xEDE9,0x7B04,0x0000,
    0x0000,0x0000,0x0000,0x0000,0x0000,0x0000,0x0000,0x0000,0x0000,0x0000,0xA534,0xF79E,0xF79E,0xF79E,0xF79E,0xF79E,
    0xF79E,0xF79E,0xF79E,0xF79E,0xF79E,0xF79E,0xF79E,0xF79E,0xF79E,0xF79D,0xF7DF,0xEE6F,0xEDC8,0xF739,0xF79C,0xF79C,
    0xF738,0xEE0B,0xED85,0xEDE9,0xEDE9,0xEDE9,0xEDE9,0xEDE9,0xEDE9,0xEDE9,0xEDE9,0xEDE9,0xEDE9,0xEDE9,0x8345,0x0000,
    0x0000,0x0000,0x0000,0x0000,0x0000,0x0000,0x0000,0x0000,0x0000,0x0841,0xBDF7,0xF79E,0xF79E,0xF79E,0xF79E,0xF79E,
    0xF79E,0xF79E,0xF79E,0xF79E,0xF79E,0xF79E,0xF79E,0xF79E,0xF79E,0xF79E,0xF7BE,0xF75A,0xF7BE,0xF7DF,0xF7BF,0xF7BF,
    0xF7DF,0xF7DF,0xEE91,0xED85,0xEDEA,0xEDE9,0xEDE9,0xEDE9,0xEDE9,0xEDE9,0xEDE9,0xEDE9,0xEDE9,0xEDE9,0x8B65,0x0000,
    0x0000,0x0000,0x0000,0x0000,0x0000,0x0000,0x0000,0x0000,0x0000,0x0000,0xAD75,0xF79E,0xF79E,0xF79E,0xF79E,0xF79E,
    0xF79E,0xF79E,0xF79E,0xF79E,0xF79E,0xF79E,0xF79E,0xF79E,0xF79E,0xF79E,0xF79E,0xF7BF,0xF7BF,0xF79E,0xF79E,0xF79E,
    0xF79E,0xF7BF,0xF7FF,0xEE4E,0xEDA7,0xEDE9,0xEDE9,0xEDE9,0xEDE9,0xEDE9,0xEDE9,0xEDE9,0xEDE9,0xEDE9,0x8345,0x0000,
    0x0000,0x0000,0x0000,0x0000,0x0000,0x0000,0x0000,0x2945,0x4228,0x4208,0xB596,0xF79E,0xF79E,0xF79E,0xF79E,0xF79E,
    0xF79E,0xF79E,0xF79E,0xF79E,0xF79E,0xF79E,0xF79E,0xF79E,0xF79E,0xF79E,0xF79E,0xF79E,0xF79E,0xF79E,0xF79E,0xF79E,
    0xF79E,0xF79E,0xF7BF,0xF77C,0xEDA7,0xEDE9,0xEDE9,0xEDE9,0xEDE9,0xEDE9,0xEDE9,0xEDE9,0xEDE9,0xEDE9,0x7B25,0x0000,
    0x0000,0x0000,0x0000,0x0000,0x0000,0x4A49,0xC618,0xF79E,0xF79E,0xF79E,0xF79E,0xF79E,0xF79E,0xF79E,0xF79E,0xF79E,
    0xF79E,0xF79E,0xF79E,0xF79E,0xF79E,0xF79E,0xF79E,0xF79E,0xF79E,0xF79E,0xF79E,0xF79E,0xF79E,0xF79E,0xF79E,0xF79E,
    0xF79E,0xF79E,0xF79E,0xF7DF,0xEE0B,0xEDC8,0xEDE9,0xEDE9,0xEDE9,0xEDE9,0xEDE9,0xEDE9,0xEDE9,0xEDE9,0x6263,0x0000,
    0x0000,0x0000,0x0000,0x0000,0x9CD3,0xF79E,0xF79E,0xF79E,0xF79E,0xF79E,0xF79E,0xF79E,0xF79E,0xF79E,0xF79E,0xF79E,
    0xF79E,0xF79E,0xF79E,0xF79E,0xF79E,0xF79E,0xF79E,0xF79E,0xF79E,0xF79E,0xF79E,0xF79E,0xF79E,0xF79E,0xF79E,0xF79E,
    0xF79E,0xF79E,0xF79E,0xF7DF,0xEE2C,0xEDA7,0xEDE9,0xEDE9,0xEDE9,0xEDE9,0xEDE9,0xEDE9,0xEDE9,0xEDE9,0x1060,0x0000,
    0x0000,0x0000,0x0000,0xA514,0xF79E,0xF79E,0xF79E,0xF79E,0xF79E,0xF79E,0xF79E,0xF79E,0xF79E,0xF79E,0xF79E,0xF79E,
    0xF79E,0xF79E,0xF79E,0xF79E,0xF79E,0xF79E,0xF79E,0xF79E,0xF79E,0xF79E,0xF79E,0xF79E,0xF79E,0xF79E,0xF79E,0xF79E,
    0xF79E,0xF79E,0xF7BE,0xF7BE,0xEDC8,0xED85,0xEDA6,0xEDA7,0xEDE9,0xEDE9,0xEDE9,0xEDC9,0xEDE9,0x9BE6,0x0000,0x0000,
    0x0000,0x0000,0x52AA,0xF79E,0xEF7D,0xF79E,0xF79E,0xF79E,0xF79E,0xF79E,0xF79E,0xF79E,0xF79E,0xF79E,0xF79E,0xF79E,
    0xF79E,0xF79E,0xF79E,0xF79E,0xF79E,0xF79E,0xF79E,0xF79E,0xF79E,0xF79E,0xF79E,0xF79E,0xF79E,0xF79E,0xF79E,0xF79E,
    0xF79E,0xF79E,0xF79E,0xF79D,0xF738,0xF739,0xF717,0xEE6F,0xED85,0xEDC8,0xEDE9,0xEDC9,0xEDE9,0x3962,0x0000,0x0000,
    0x0000,0x0000,0xCE79,0xF79E,0xF79E,0xF79E,0xF79E,0xF79E,0xF79E,0xF79E,0xF79E,0xF79E,0xF79E,0xF79E,0xF79E,0xF79E,
    0xF79E,0xF79E,0xF79E,0xF79E,0xF79E,0xF79E,0xF79E,0xF79E,0xF79E,0xF79E,0xF79E,0xF79E,0xF79E,0xF79E,0xF79E,0xF79E,
    0xF79E,0xF79E,0xF79E,0xF79E,0xF7DF,0xF7BF,0xF7DF,0xF7DF,0xF717,0xEDA6,0xEDC8,0xEDEA,0x93A5,0x0000,0x0000,0x0000,
    0x0000,0x4208,0xF79E,0xF79E,0xF79E,0xF79E,0xF79E,0xF79E,0xF79E,0xF79E,0xF79E,0xF79E,0xF79E,0xF79E,0xF79E,0xF79E,
    0xF79E,0xF79E,0xF79E,0xF79E,0xF79E,0xF79E,0xF79E,0xF79E,0xF79E,0xF79E,0xF79E,0xF79E,0xF79E,0xF79E,0xF79E,0xF79E,
    0xF79E,0xF79E,0xF79E,0xF79E,0xF79E,0xF79E,0xF79E,0xF79E,0xF7FF,0xF75A,0xEDA6,0xBC86,0x0020,0x0000,0x0000,0x0000,
    0x0000,0x7BCF,0xF79E,0xF79E,0xF79E,0xF79E,0xF79E,0xF79E,0xF79E,0xF79E,0xF79E,0xF79E,0xF79E,0xF79E,0xF79E,0xF79E,
    0xF79E,0xF79E,0xF79E,0xF79E,0xF79E,0xF79E,0xF79E,0xF79E,0xF79E,0xF79E,0xF79E,0xF79E,0xF79E,0xF79E,0xF79E,0xF79E,
    0xF79E,0xF79E,0xF79E,0xF79E,0xF79E,0xF79E,0xF79E,0xF79E,0xF79E,0xF7DF,0xD5D0,0x1040,0x0000,0x0000,0x0000,0x0000,
    0x0000,0x8C71,0xF79E,0xF79E,0xF79E,0xF79E,0xF79E,0xF79E,0xF79E,0xF79E,0xF79E,0xF79E,0xF79E,0xF79E,0xF79E,0xF79E,
    0xF79E,0xF79E,0xF79E,0xF79E,0xF79E,0xF79E,0xF79E,0xF79E,0xF79E,0xF79E,0xF79E,0xF79E,0xF79E,0xF79E,0xF79E,0xF79E,
    0xF79E,0xF79E,0xF79E,0xF79E,0xF79E,0xF79E,0xF79E,0xF79E,0xF79E,0xF79E,0xBE18,0x0000,0x0000,0x0000,0x0000,0x0000,
    0x0000,0x8410,0xF79E,0xF79E,0xF79E,0xF79E,0xF79E,0xF79E,0xF79E,0xF79E,0xF79E,0xF79E,0xF79E,0xF79E,0xF79E,0xF79E,
    0xF79E,0xF79E,0xF79E,0xF79E,0xF79E,0xF79E,0xF79E,0xF79E,0xF79E,0xF79E,0xF79E,0xF79E,0xF79E,0xF79E,0xF79E,0xF79E,
    0xF79E,0xF79E,0xF79E,0xF79E,0xF79E,0xF79E,0xF79E,0xF79E,0xF79E,0xF79E,0xF79E,0x1082,0x0000,0x0000,0x0000,0x0000,
    0x0000,0x4A69,0xF79E,0xF79E,0xF79E,0xF79E,0xF79E,0xF79E,0xF79E,0xF79E,0xF79E,0xF79E,0xF79E,0xF79E,0xF79E,0xF79E,
    0xF79E,0xF79E,0xF79E,0xF79E,0xF79E,0xF79E,0xF79E,0xF79E,0xF79E,0xF79E,0xF79E,0xF79E,0xF79E,0xF79E,0xF79E,0xF79E,
    0xF79E,0xF79E,0xF79E,0xF79E,0xF79E,0xF79E,0xF79E,0xF79E,0xF79E,0xF79E,0xF79E,0x1082,0x0000,0x0000,0x0000,0x0000,
    0x0000,0x0000,0xE71C,0xF79E,0xF79E,0xF79E,0xF79E,0xF79E,0xF79E,0xF79E,0xF79E,0xF79E,0xF79E,0xF79E,0xF79E,0xF79E,
    0xF79E,0xF79E,0xF79E,0xF79E,0xF79E,0xF79E,0xF79E,0xF79E,0xF79E,0xF79E,0xF79E,0xF79E,0xF79E,0xF79E,0xF79E,0xF79E,
    0xF79E,0xF79E,0xF79E,0xF79E,0xF79E,0xF79E,0xF79E,0xF79E,0xF79E,0xF79E,0xF79E,0x0861,0x0000,0x0000,0x0000,0x0000,
    0x0000,0x0000,0x73AE,0xF79E,0xEF7D,0xF79E,0xF79E,0xF79E,0xF79E,0xF79E,0xF79E,0xF79E,0xF79E,0xF79E,0xF79E,0xF79E,
    0xF79E,0xF79E,0xF79E,0xF79E,0xF79E,0xF79E,0xF79E,0xF79E,0xF79E,0xF79E,0xF79E,0xF79E,0xF79E,0xF79E,0xF79E,0xF79E,
    0xF79E,0xF79E,0xF79E,0xF79E,0xF79E,0xF79E,0xF79E,0xF79E,0xF79E,0xF79E,0xBDF7,0x0000,0x0000,0x0000,0x0000,0x0000,
    0x0000,0x0000,0x0000,0xBDF7,0xF79E,0xF79E,0xF79E,0xF79E,0xF79E,0xF79E,0xF79E,0xF79E,0xF79E,0xF79E,0xF79E,0xF79E,
    0xF79E,0xF79E,0xF79E,0xF79E,0xF79E,0xF79E,0xF79E,0xF79E,0xF79E,0xF79E,0xF79E,0xF79E,0xF79E,0xF79E,0xF79E,0xF79E,
    0xF79E,0xF79E,0xF79E,0xF79E,0xF79E,0xF79E,0xF79E,0xF79E,0xF79E,0xF79E,0x4208,0x0000,0x0000,0x0000,0x0000,0x0000,
    0x0000,0x0000,0x0000,0x0841,0xC618,0xF79E,0xF79E,0xF79E,0xF79E,0xF79E,0xF79E,0xF79E,0xF79E,0xF79E,0xF79E,0xF79E,
    0xF79E,0xF79E,0xF79E,0xF79E,0xF79E,0xF79E,0xF79E,0xF79E,0xF79E,0xF79E,0xF79E,0xF79E,0xF79E,0xF79E,0xF79E,0xF79E,
    0xF79E,0xF79E,0xF79E,0xF79E,0xF79E,0xF79E,0xF79E,0xF79E,0xF79E,0x8410,0x0000,0x0000,0x0000,0x0000,0x0000,0x0000,
    0x0000,0x0000,0x0000,0x0000,0x0000,0x7BEF,0xDEFB,0xF79E,0xF79E,0xF79E,0xF79E,0xF79E,0xF79E,0xF79E,0xF79E,0xF79E,
    0xF79E,0xF79E,0xF79E,0xF79E,0xF79E,0xF79E,0xF79E,0xF79E,0xF79E,0xF79E,0xF79E,0xF79E,0xF79E,0xF79E,0xF79E,0xF79E,
    0xF79E,0xF79E,0xF79E,0xF79E,0xF79E,0xF79E,0xF79E,0xDEFB,0x6B4D,0x0000,0x0000,0x0000,0x0000,0x0000,0x0000,0x0000,
    0x0000,0x0000,0x0000,0x0000,0x0000,0x0000,0x10A2,0x5ACB,0x6B4D,0x6B6D,0x6B6D,0x6B6D,0x6B6D,0x6B6D,0x6B6D,0x6B6D,
    0x6B6D,0x6B6D,0x6B6D,0x6B6D,0x6B6D,0x6B6D,0x6B6D,0x6B6D,0x6B6D,0x6B6D,0x6B6D,0x6B6D,0x6B6D,0x6B6D,0x6B6D,0x6B6D,
    0x6B6D,0x6B6D,0x6B6D,0x6B6D,0x6B6D,0x6B4D,0x5AEB,0x18C3,0x0000,0x0000,0x0000,0x0000,0x0000,0x0000,0x0000,0x0000,
    0x0000,0x0000,0x0000,0x0000,0x0000,0x0000,0x0000,0x0000,0x0000,0x0000,0x0000,0x0000,0x0000,0x0000,0x0000,0x0000,
    0x0000,0x0000,0x0000,0x0000,0x0000,0x0000,0x0000,0x0000,0x0000,0x0000,0x0000,0x0000,0x0000,0x0000,0x0000,0x0000,
    0x0000,0x0000,0x0000,0x0000,0x0000,0x0000,0x0000,0x0000,0x0000,0x0000,0x0000,0x0000,0x0000,0x0000,0x0000,0x0000,
    0x0000,0x0000,0x0000,0x0000,0x0000,0x0000,0x0000,0x0000,0x0000,0x0000,0x0000,0x0000,0x0000,0x0000,0x0000,0x0000,
    0x0000,0x0000,0x0000,0x0000,0x0000,0x0000,0x0000,0x0000,0x0000,0x0000,0x0000,0x0000,0x0000,0x0000,0x0000,0x0000,
    0x0000,0x0000,0x0000,0x0000,0x0000,0x0000,0x0000,0x0000,0x0000,0x0000,0x0000,0x0000,0x0000,0x0000,0x0000,0x0000,
    0x0000,0x0000,0x0000,0x0000,0x0000,0x0000,0x0000,0x0000,0x0000,0x0000,0x0000,0x0000,0x0000,0x0000,0x0000,0x0000,
    0x0000,0x0000,0x0000,0x0000,0x0000,0x0000,0x0000,0x0000,0x0000,0x0000,0x0000,0x0000,0x0000,0x0000,0x0000,0x0000,
    0x0000,0x0000,0x0000,0x0000,0x0000,0x0000,0x0000,0x0000,0x0000,0x0000,0x0000,0x0000,0x0000,0x0000,0x0000,0x0000,
  },
  /* хмарно */ {
    0x0000,0x0000,0x0000,0x0000,0x0000,0x0000,0x0000,0x0000,0x0000,0x0000,0x0000,0x0000,0x0000,0x0000,0x0000,0x0000,
    0x0000,0x0000,0x0000,0x0000,0x0000,0x0000,0x0000,0x0000,0x0000,0x0000,0x0000,0x0000,0x0000,0x0000,0x0000,0x0000,
    0x0000,0x0000,0x0000,0x0000,0x0000,0x0000,0x0000,0x0000,0x0000,0x0000,0x0000,0x0000,0x0000,0x0000,0x0000,0x0000,
    0x0000,0x0000,0x0000,0x0000,0x0000,0x0000,0x0000,0x0000,0x0000,0x0000,0x0000,0x0000,0x0000,0x0000,0x0000,0x0000,
    0x0000,0x0000,0x0000,0x0000,0x0000,0x0000,0x0000,0x0000,0x0000,0x0000,0x0000,0x0000,0x0000,0x0000,0x0000,0x0000,
    0x0000,0x0000,0x0000,0x0000,0x0000,0x0000,0x0000,0x0000,0x0000,0x0000,0x0000,0x0000,0x0000,0x0000,0x0000,0x0000,
    0x0000,0x0000,0x0000,0x0000,0x0000,0x0000,0x0000,0x0000,0x0000,0x0000,0x0000,0x0000,0x0000,0x0000,0x0000,0x0000,
    0x0000,0x0000,0x0000,0x0000,0x0000,0x0000,0x0000,0x0000,0x0000,0x0000,0x0000,0x0000,0x0000,0x0000,0x0000,0x0000,
    0x0000,0x0000,0x0000,0x0000,0x0000,0x0000,0x0000,0x0000,0x0000,0x0000,0x0000,0x0000,0x0000,0x0000,0x0000,0x0000,
    0x0000,0x0000,0x0000,0x0000,0x0000,0x0000,0x0000,0x0000,0x0000,0x0000,0x0000,0x0000,0x0000,0x0000,0x0000,0x0000,
    0x0000,0x0000,0x0000,0x0000,0x0000,0x0000,0x0000,0x0000,0x0000,0x0000,0x0000,0x0000,0x0000,0x0000,0x0000,0x0000,
    0x0000,0x0000,0x0000,0x0000,0x0000,0x0000,0x0000,0x0000,0x0000,0x0000,0x0000,0x0000,0x0000,0x0000,0x0000,0x0000,
    0x0000,0x0000,0x0000,0x0000,0x0000,0x0000,0x0000,0x0000,0x0000,0x0000,0x0000,0x0000,0x0000,0x0000,0x0000,0x0000,
    0x0000,0x0000,0x0000,0x0000,0x0000,0x0000,0x0000,0x0000,0x0000,0x0000,0x0000,0x0000,0x0000,0x0000,0x0000,0x0000,
    0x0000,0x0000,0x0000,0x0000,0x0000,0x0000,0x0000,0x0000,0x0000,0x0000,0x0000,0x0000,0x0000,0x0000,0x0000,0x0000,
    0x0000,0x0000,0x0000,0x0000,0x0000,0x0000,0x0000,0x0000,0x0000,0x0000,0x0000,0x0000,0x0000,0x0000,0x0000,0x0000,
    0x0000,0x0000,0x0000,0x0000,0x0000,0x0000,0x0000,0x0000,0x0000,0x0000,0x0000,0x0000,0x0000,0x0000,0x0000,0x0000,
    0x0000,0x0000,0x0000,0x0000,0x0000,0x0000,0x0000,0x0000,0x0000,0x0000,0x0000,0x0000,0x0000,0x0000,0x0000,0x0000,
    0x0000,0x0000,0x0000,0x0000,0x0000,0x0000,0x0000,0x0000,0x0000,0x0000,0x0000,0x0000,0x0000,0x0000,0x0000,0x0000,
    0x0000,0x0000,0x4228,0x8410,0x9492,0x8C51,0x5AEB,0x0841,0x0000,0x0000,0x0000,0x0000,0x0000,0x0000,0x0000,0x0000,
    0x0000,0x0000,0x0000,0x0000,0x0000,0x0000,0x0000,0x0000,0x0000,0x0000,0x0000,0x0000,0x0000,0x0000,0x0000,0x0000,
    0x0000,0x0000,0x0000,0x0000,0x0000,0x0000,0x0000,0x0000,0x0000,0x0000,0x0000,0x0000,0x0000,0x0000,0x0000,0x0000,
    0x73AE,0xE71C,0xF79E,0xF79E,0xF79E,0xF79E,0xF79E,0xEF7D,0x9CF3,0x1082,0x0000,0x0000,0x0000,0x0000,0x0000,0x0000,
    0x0000,0x0000,0x0000,0x0000,0x0000,0x0000,0x0000,0x0000,0x0000,0x0000,0x0000,0x0000,0x0000,0x0000,0x0000,0x0000,
    0x0000,0x0000,0x0000,0x0000,0x0000,0x0000,0x0000,0x0000,0x0000,0x0000,0x0000,0x0000,0x0000,0x0000,0x0861,0xB596,
    0xF79E,0xF79E,0xF79E,0xF79E,0xF79E,0xF79E,0xF79E,0xF79E,0xF79E,0xE73C,0x39E7,0x0000,0x0000,0x0000,0x0000,0x0000,
    0x0000,0x0000,0x0000,0x0000,0x0000,0x0000,0x0000,0x0000,0x0000,0x0000,0x0000,0x0000,0x0000,0x0000,0x0000,0x0000,
    0x0000,0x0000,0x0000,0x0000,0x0000,0x0000,0x0000,0x0000,0x0000,0x0000,0x0000,0x0000,0x0000,0x0000,0xCE59,0xF79E,
    0xF79E,0xF79E,0xF79E,0xF79E,0xF79E,0xF79E,0xF79E,0xF79E,0xF79E,0xF79E,0xF79E,0x3186,0x0000,0x0000,0x0000,0x0000,
    0x0000,0x0000,0x0000,0x0000,0x0000,0x0000,0x0000,0x0000,0x0000,0x0000,0x0000,0x0000,0x0000,0x0000,0x0000,0x0000,
    0x0000,0x0000,0x0000,0x0000,0x0000,0x0000,0x0000,0x0000,0x0000,0x0000,0x0000,0x0000,0x0000,0x9492,0xF79E,0xF79E,
    0xF79E,0xF79E,0xF79E,0xF79E,0xF79E,0xF79E,0xF79E,0xF79E,0xF79E,0xF79E,0xF79E,0xCE79,0x0000,0x0000,0x0000,0x0000,
    0x0000,0x0000,0x0000,0x0000,0x0000,0x0000,0x0000,0x0000,0x0000,0x0000,0x0000,0x0000,0x0000,0x0000,0x0000,0x0000,
    0x0000,0x0000,0x0000,0x0000,0x0000,0x0000,0x0000,0x0000,0x0000,0x0000,0x0000,0x0000,0x2124,0xEF7D,0xF79E,0xF79E,
    0xF79E,0xF79E,0xF79E,0xF79E,0xF79E,0xF79E,0xF79E,0xF79E,0xF79E,0xF79E,0xF79E,0xF79E,0x738E,0x0000,0x0000,0x0000,
    0x0000,0x0000,0x0000,0x0000,0x0000,0x0000,0x0000,0x0000,0x0000,0x0000,0x0000,0x0000,0x0000,0x0000,0x0000,0x0000,
    0x0000,0x0000,0x0000,0x0000,0x0000,0x0000,0x0000,0x0000,0x0000,0x0000,0x0000,0x0000,0x7BCF,0xF79E,0xF79E,0xF79E,
    0xF79E,0xF79E,0xF79E,0xF79E,0xF79E,0xF79E,0xF79E,0xF79E,0xF79E,0xF79E,0xF79E,0xF79E,0xBDF7,0x0020,0x0000,0x0000,
    0x0000,0x0000,0x0000,0x0000,0x0000,0x0000,0x0000,0x0000,0x0000,0x0000,0x0000,0x0000,0x0000,0x0000,0x0000,0x0000,
    0x0000,0x0000,0x0000,0x0000,0x0000,0x0000,0x0000,0x0000,0x0000,0x0000,0x0000,0x0020,0xBDD7,0xF79E,0xF79E,0xF79E,
    0xF79E,0xF79E,0xF79E,0xF79E,0xF79E,0xF79E,0xF79E,0xF79E,0xF79E,0xF79E,0xF79E,0xF79E,0xDEFB,0x0841,0x2124,0x7BCF,
    0x9492,0x8410,0x4A49,0x0000,0x0000,0x0000,0x0000,0x0000,0x0000,0x0000,0x0000,0x0000,0x0000,0x0000,0x0000,0x0000,
    0x0000,0x0000,0x0000,0x0000,0x0000,0x0000,0x0000,0x0000,0x0000,0x0000,0x0000,0x1082,0xDEDA,0xF79E,0xF79E,0xF79E,
    0xF79E,0xF79E,0xF79E,0xF79E,0xF79E,0xF79E,0xF79E,0xF79E,0xF79E,0xF79E,0xF79E,0xF79E,0xEF5C,0x94B2,0xF79E,0xF79E,
    0xF79E,0xF79E,0xF79E,0xB596,0x0861,0x0000,0x0000,0x0000,0x0000,0x0000,0x0000,0x0000,0x0000,0x0000,0x0000,0x0000,
    0x0000,0x0000,0x0000,0x0000,0x0000,0x0000,0x0000,0x0000,0x0000,0x0000,0x0000,0x0841,0xD6BA,0xF79E,0xF79E,0xF79E,
    0xF79E,0xF79E,0xF79E,0xF79E,0xF79E,0xF79E,0xF79E,0xF79E,0xF79E,0xF79E,0xF79E,0xF79E,0xF79E,0xF79E,0xF79E,0xF79E,
    0xF79E,0xF79E,0xF79E,0xF79E,0xBDD7,0x0000,0x0000,0x0000,0x0000,0x0000,0x0000,0x0000,0x0000,0x0000,0x0000,0x0000,
    0x0000,0x0000,0x0000,0x0000,0x0000,0x0000,0x0000,0x0000,0x0000,0x0861,0x2124,0x18E3,0xCE58,0xF79E,0xF79E,0xF79E,
    0xF79E,0xF79E,0xF79E,0xF79E,0xF79E,0xF79E,0xF79E,0xF79E,0xF79E,0xF79E,0xF79E,0xF79E,0xF79E,0xF79D,0xF79E,0xF79E,
    0xF79E,0xF79E,0xF79E,0xF79E,0xF79E,0x4A49,0x0000,0x0000,0x0000,0x0000,0x0000,0x0000,0x0000,0x0000,0x0000,0x0000,
    0x0000,0x0000,0x0000,0x0000,0x0000,0x0000,0x0000,0x31A6,0x94B2,0xF79E,0xF79E,0xF79E,0xF79E,0xF79E,0xF79E,0xF79E,
    0xF79E,0xF79E,0xF79E,0xF79E,0xF79E,0xF79E,0xF79E,0xF79E,0xF79E,0xF79E,0xF79E,0xF79E,0xF79E,0xF79E,0xF79E,0xF79E,
    0xF79E,0xF79E,0xF79E,0xF79E,0xF79E,0xA534,0x0000,0x0000,0x0000,0x0000,0x0000,0x0000,0x0000,0x0000,0x0000,0x0000,
    0x0000,0x0000,0x0000,0x0000,0x0000,0x0000,0x738E,0xF79E,0xF79E,0xF79E,0xEF7D,0xEF7D,0xF79E,0xF79E,0xF79E,0xF79E,
    0xF79E,0xF79E,0xF79E,0xF79E,0xF79E,0xF79E,0xF79E,0xF79E,0xF79E,0xF79E,0xF79E,0xF79E,0xF79E,0xF79E,0xF79E,0xF79E,
    0xF79E,0xF79E,0xF79E,0xF79E,0xF79E,0xBDD6,0x0000,0x0000,0x0000,0x0000,0x0000,0x0000,0x0000,0x0000,0x0000,0x0000,
    0x0000,0x0000,0x0000,0x0000,0x0000,0x8430,0xF79E,0xF79E,0xF79E,0xF79E,0xF79E,0xF79E,0xF79E,0xF79E,0xF79E,0xF79E,
    0xF79E,0xF79E,0xF79E,0xF79E,0xF79E,0xF79E,0xF79E,0xF79E,0xF79E,0xF79E,0xF79E,0xF79E,0xF79E,0xF79E,0xF79E,0xF79E,
    0xF79E,0xF79E,0xF79E,0xF79E,0xF79E,0x94B2,0x0000,0x0000,0x0000,0x0000,0x0000,0x0000,0x0000,0x0000,0x0000,0x0000,
    0x0000,0x0000,0x0000,0x0000,0x4208,0xF79E,0xF79D,0xF79E,0xF79E,0xF79E,0xF79E,0xF79E,0xF79E,0xF79E,0xF79E,0xF79E,
    0xF79E,0xF79E,0xF79E,0xF79E,0xF79E,0xF79E,0xF79E,0xF79E,0xF79E,0xF79E,0xF79E,0xF79E,0xF79E,0xF79E,0xF79E,0xF79E,
    0xF79E,0xF79E,0xF79E,0xF79E,0xF79E,0xC618,0xA534,0xA534,0x6B4D,0x0841,0x0000,0x0000,0x0000,0x0000,0x0000,0x0000,
    0x0000,0x0000,0x0000,0x0000,0xC618,0xF79E,0xF79E,0xF79E,0xF79E,0xF79E,0xF79E,0xF79E,0xF79E,0xF79E,0xF79E,0xF79E,
    0xF79E,0xF79E,0xF79E,0xF79E,0xF79E,0xF79E,0xF79E,0xF79E,0xF79E,0xF79E,0xF79E,0xF79E,0xF79E,0xF79E,0xF79E,0xF79E,
    0xF79E,0xF79E,0xF79E,0xF79E,0xF79D,0xF79E,0xF79E,0xF79E,0xF79E,0xE71C,0x4A49,0x0000,0x0000,0x0000,0x0000,0x0000,
    0x0000,0x0000,0x0000,0x39C7,0xF79E,0xF79E,0xF79E,0xF79E,0xF79E,0xF79E,0xF79E,0xF79E,0xF79E,0xF79E,0xF79E,0xF79E,
    0xF79E,0xF79E,0xF79E,0xF79E,0xF79E,0xF79E,0xF79E,0xF79E,0xF79E,0xF79E,0xF79E,0xF79E,0xF79E,0xF79E,0xF79E,0xF79E,
    0xF79E,0xF79E,0xF79E,0xF79E,0xF79E,0xF79E,0xF79E,0xF79E,0xF79E,0xF79E,0xF79E,0x39C7,0x0000,0x0000,0x0000,0x0000,
    0x0000,0x0000,0x0000,0x6B4D,0xF79E,0xF79E,0xF79E,0xF79E,0xF79E,0xF79E,0xF79E,0xF79E,0xF79E,0xF79E,0xF79E,0xF79E,
    0xF79E,0xF79E,0xF79E,0xF79E,0xF79E,0xF79E,0xF79E,0xF79E,0xF79E,0xF79E,0xF79E,0xF79E,0xF79E,0xF79E,0xF79E,0xF79E,
    0xF79E,0xF79E,0xF79E,0xF79E,0xF79E,0xF79E,0xF79E,0xF79E,0xF79E,0xF79E,0xF79E,0xD69A,0x0020,0x0000,0x0000,0x0000,
    0x0000,0x0000,0x0000,0x7BCF,0xF79E,0xF79E,0xF79E,0xF79E,0xF79E,0xF79E,0xF79E,0xF79E,0xF79E,0xF79E,0xF79E,0xF79E,
    0xF79E,0xF79E,0xF79E,0xF79E,0xF79E,0xF79E,0xF79E,0xF79E,0xF79E,0xF79E,0xF79E,0xF79E,0xF79E,0xF79E,0xF79E,0xF79E,
    0xF79E,0xF79E,0xF79E,0xF79E,0xF79E,0xF79E,0xF79E,0xF79E,0xF79E,0xF79E,0xF79E,0xF79E,0x5AEB,0x0000,0x0000,0x0000,
    0x0000,0x0000,0x0000,0x738E,0xF79E,0xF79E,0xF79E,0xF79E,0xF79E,0xF79E,0xF79E,0xF79E,0xF79E,0xF79E,0xF79E,0xF79E,
    0xF79E,0xF79E,0xF79E,0xF79E,0xF79E,0xF79E,0xF79E,0xF79E,0xF79E,0xF79E,0xF79E,0xF79E,0xF79E,0xF79E,0xF79E,0xF79E,
    0xF79E,0xF79E,0xF79E,0xF79E,0xF79E,0xF79E,0xF79E,0xF79E,0xF79E,0xF79E,0xF79E,0xF79E,0x73AE,0x0000,0x0000,0x0000,
    0x0000,0x0000,0x0000,0x4228,0xF79E,0xF79E,0xF79E,0xF79E,0xF79E,0xF79E,0xF79E,0xF79E,0xF79E,0xF79E,0xF79E,0xF79E,
    0xF79E,0xF79E,0xF79E,0xF79E,0xF79E,0xF79E,0xF79E,0xF79E,0xF79E,0xF79E,0xF79E,0xF79E,0xF79E,0xF79E,0xF79E,0xF79E,
    0xF79E,0xF79E,0xF79E,0xF79E,0xF79E,0xF79E,0xF79E,0xF79E,0xF79E,0xF79E,0xF79E,0xF79E,0x7BCF,0x0000,0x0000,0x0000,
    0x0000,0x0000,0x0000,0x0000,0xD699,0xF79E,0xF79E,0xF79E,0xF79E,0xF79E,0xF79E,0xF79E,0xF79E,0xF79E,0xF79E,0xF79E,
    0xF79E,0xF79E,0xF79E,0xF79E,0xF79E,0xF79E,0xF79E,0xF79E,0xF79E,0xF79E,0xF79E,0xF79E,0xF79E,0xF79E,0xF79E,0xF79E,
    0xF79E,0xF79E,0xF79E,0xF79E,0xF79E,0xF79E,0xF79E,0xF79E,0xF79E,0xF79E,0xF79E,0xF79E,0x738E,0x0000,0x0000,0x0000,
    0x0000,0x0000,0x0000,0x0000,0x5AEB,0xF79E,0xEF7D,0xF79E,0xF79E,0xF79E,0xF79E,0xF79E,0xF79E,0xF79E,0xF79E,0xF79E,
    0xF79E,0xF79E,0xF79E,0xF79E,0xF79E,0xF79E,0xF79E,0xF79E,0xF79E,0xF79E,0xF79E,0xF79E,0xF79E,0xF79E,0xF79E,0xF79E,
    0xF79E,0xF79E,0xF79E,0xF79E,0xF79E,0xF79E,0xF79E,0xF79E,0xF79E,0xF79E,0xF79E,0xF79E,0x39E7,0x0000,0x0000,0x0000,
    0x0000,0x0000,0x0000,0x0000,0x0000,0xAD55,0xF79E,0xF79E,0xF79E,0xF79E,0xF79E,0xF79E,0xF79E,0xF79E,0xF79E,0xF79E,
    0xF79E,0xF79E,0xF79E,0xF79E,0xF79E,0xF79E,0xF79E,0xF79E,0xF79E,0xF79E,0xF79E,0xF79E,0xF79E,0xF79E,0xF79E,0xF79E,
    0xF79E,0xF79E,0xF79E,0xF79E,0xF79E,0xF79E,0xF79E,0xF79E,0xF79E,0xF79D,0xF79E,0xAD75,0x0000,0x0000,0x0000,0x0000,
    0x0000,0x0000,0x0000,0x0000,0x0000,0x0000,0xA534,0xF79E,0xF79E,0xF79E,0xF79E,0xF79E,0xF79E,0xF79E,0xF79E,0xF79E,
    0xF79E,0xF79E,0xF79E,0xF79E,0xF79E,0xF79E,0xF79E,0xF79E,0xF79E,0xF79E,0xF79E,0xF79E,0xF79E,0xF79E,0xF79E,0xF79E,
    0xF79E,0xF79E,0xF79E,0xF79E,0xF79E,0xF79E,0xF79E,0xF79E,0xF79E,0xF79E,0xCE79,0x0861,0x0000,0x0000,0x0000,0x0000,
    0x0000,0x0000,0x0000,0x0000,0x0000,0x0000,0x0000,0x632C,0xC638,0xF79E,0xF79E,0xF79E,0xF79E,0xF79E,0xF79E,0xF79E,
    0xF79E,0xF79E,0xF79E,0xF79E,0xF79E,0xF79E,0xF79E,0xF79E,0xF79E,0xF79E,0xF79E,0xF79E,0xF79E,0xF79E,0xF79E,0xF79E,
    0xF79E,0xF79E,0xF79E,0xF79E,0xF79E,0xF79E,0xF79E,0xF79E,0xEF7D,0x94B2,0x0861,0x0000,0x0000,0x0000,0x0000,0x0000,
    0x0000,0x0000,0x0000,0x0000,0x0000,0x0000,0x0000,0x0000,0x0000,0x4208,0x4A49,0x4A49,0x4A49,0x4A49,0x4A49,0x4A49,
    0x4A49,0x4A49,0x4A49,0x4A49,0x4A49,0x4A49,0x4A49,0x4A49,0x4A49,0x4A49,0x4A49,0x4A49,0x4A49,0x4A49,0x4A49,0x4A49,
    0x4A49,0x4A49,0x4A49,0x4A49,0x4A49,0x4A49,0x4A49,0x4A49,0x2965,0x0000,0x0000,0x0000,0x0000,0x0000,0x0000,0x0000,
    0x0000,0x0000,0x0000,0x0000,0x0000,0x0000,0x0000,0x0000,0x0000,0x0000,0x0000,0x0000,0x0000,0x0000,0x0000,0x0000,
    0x0000,0x0000,0x0000,0x0000,0x0000,0x0000,0x0000,0x0000,0x0000,0x0000,0x0000,0x0000,0x0000,0x0000,0x0000,0x0000,
    0x0000,0x0000,0x0000,0x0000,0x0000,0x0000,0x0000,0x0000,0x0000,0x0000,0x0000,0x0000,0x0000,0x0000,0x0000,0x0000,
    0x0000,0x0000,0x0000,0x0000,0x0000,0x0000,0x0000,0x0000,0x0000,0x0000,0x0000,0x0000,0x0000,0x0000,0x0000,0x0000,
    0x0000,0x0000,0x0000,0x0000,0x0000,0x0000,0x0000,0x0000,0x0000,0x0000,0x0000,0x0000,0x0000,0x0000,0x0000,0x0000,
    0x0000,0x0000,0x0000,0x0000,0x0000,0x0000,0x0000,0x0000,0x0000,0x0000,0x0000,0x0000,0x0000,0x0000,0x0000,0x0000,
    0x0000,0x0000,0x0000,0x0000,0x0000,0x0000,0x0000,0x0000,0x0000,0x0000,0x0000,0x0000,0x0000,0x0000,0x0000,0x0000,
    0x0000,0x0000,0x0000,0x0000,0x0000,0x0000,0x0000,0x0000,0x0000,0x0000,0x0000,0x0000,0x0000,0x0000,0x0000,0x0000,
    0x0000,0x0000,0x0000,0x0000,0x0000,0x0000,0x0000,0x0000,0x0000,0x0000,0x0000,0x0000,0x0000,0x0000,0x0000,0x0000,
    0x0000,0x0000,0x0000,0x0000,0x0000,0x0000,0x0000,0x0000,0x0000,0x0000,0x0000,0x0000,0x0000,0x0000,0x0000,0x0000,
    0x0000,0x0000,0x0000,0x0000,0x0000,0x0000,0x0000,0x0000,0x0000,0x0000,0x0000,0x0000,0x0000,0x0000,0x0000,0x0000,
    0x0000,0x0000,0x0000,0x0000,0x0000,0x0000,0x0000,0x0000,0x0000,0x0000,0x0000,0x0000,0x0000,0x0000,0x0000,0x0000,
    0x0000,0x0000,0x0000,0x0000,0x0000,0x0000,0x0000,0x0000,0x0000,0x0000,0x0000,0x0000,0x0000,0x0000,0x0000,0x0000,
    0x0000,0x0000,0x0000,0x0000,0x0000,0x0000,0x0000,0x0000,0x0000,0x0000,0x0000,0x0000,0x0000,0x0000,0x0000,0x0000,
    0x0000,0x0000,0x0000,0x0000,0x0000,0x0000,0x0000,0x0000,0x0000,0x0000,0x0000,0x0000,0x0000,0x0000,0x0000,0x0000,
  },
  /* суцільна хмарність */ {
    0x0000,0x0000,0x0000,0x0000,0x0000,0x0000,0x0000,0x0000,0x0000,0x0000,0x0000,0x0000,0x0000,0x0000,0x0000,0x0000,
    0x0000,0x0000,0x0000,0x0000,0x0000,0x0000,0x0000,0x0000,0x0000,0x0000,0x0000,0x0000,0x0000,0x0000,0x0000,0x0000,
    0x0000,0x0000,0x0000,0x0000,0x0000,0x0000,0x0000,0x0000,0x0000,0x0000,0x0000,0x0000,0x0000,0x0000,0x0000,0x0000,
    0x0000,0x0000,0x0000,0x0000,0x0000,0x0000,0x0000,0x0000,0x0000,0x0000,0x0000,0x0000,0x0000,0x0000,0x0000,0x0000,
    0x0000,0x0000,0x0000,0x0000,0x0000,0x0000,0x0000,0x0000,0x0000,0x0000,0x0000,0x0000,0x0000,0x0000,0x0000,0x0000,
    0x0000,0x0000,0x0000,0x0000,0x0000,0x0000,0x0000,0x0000,0x0000,0x0000,0x0000,0x0000,0x0000,0x0000,0x0000,0x0000,
    0x0000,0x0000,0x0000,0x0000,0x0000,0x0000,0x0000,0x0000,0x0000,0x0000,0x0000,0x0000,0x0000,0x0000,0x0000,0x0000,
    0x0000,0x0000,0x0000,0x0000,0x0000,0x0000,0x0000,0x0000,0x0000,0x0000,0x0000,0x0000,0x0000,0x0000,0x0000,0x0000,
    0x0000,0x0000,0x0000,0x0000,0x0000,0x0000,0x0000,0x0000,0x0000,0x0000,0x0000,0x0000,0x0000,0x0000,0x0000,0x0000,
    0x0000,0x0000,0x0000,0x0000,0x0000,0x0000,0x0000,0x0000,0x0000,0x0000,0x0000,0x0000,0x0000,0x0000,0x0000,0x0000,
    0x0000,0x0000,0x0000,0x0000,0x0000,0x0000,0x0000,0x0000,0x0000,0x0000,0x0000,0x0000,0x0000,0x0000,0x0000,0x0000,
    0x0000,0x0000,0x0000,0x0000,0x0000,0x0000,0x0000,0x0000,0x0000,0x0000,0x0000,0x0000,0x0000,0x0000,0x0000,0x0000,
    0x0000,0x0000,0x0000,0x0000,0x0000,0x0000,0x0000,0x0000,0x0000,0x0000,0x0000,0x0000,0x0000,0x0000,0x0000,0x0000,
    0x0000,0x0000,0x0000,0x0000,0x0000,0x0000,0x0000,0x0000,0x0000,0x1082,0x2965,0x31A6,0x31A6,0x2124,0x0841,0x0000,
    0x0000,0x0000,0x0000,0x0000,0x0000,0x0000,0x0000,0x0000,0x0000,0x0000,0x0000,0x0000,0x0000,0x0000,0x0000,0x0000,
    0x0000,0x0000,0x0000,0x0000,0x0000,0x0000,0x0000,0x0000,0x0000,0x0000,0x0000,0x0000,0x0000,0x0000,0x0000,0x0000,
    0x0000,0x0000,0x0000,0x0000,0x0000,0x0000,0x0000,0x1082,0x39E7,0x4A49,0x4A49,0x4A49,0x4A49,0x4A49,0x4A49,0x3186,
    0x0000,0x0000,0x0000,0x0000,0x0000,0x0000,0x0000,0x0000,0x0000,0x0000,0x0000,0x0000,0x0000,0x0000,0x0000,0x0000,
    0x0000,0x0000,0x0000,0x0000,0x0000,0x0000,0x0000,0x0000,0x0000,0x0000,0x0000,0x0000,0x0000,0x0000,0x0000,0x0000,
    0x0000,0x0000,0x0000,0x0000,0x0000,0x0000,0x18C3,0x4A49,0x4A49,0x4229,0x4A49,0x4A49,0x4A49,0x4229,0x4229,0x4A49,
    0x39C7,0x0020,0x0000,0x0000,0x0000,0x0000,0x0000,0x0000,0x0000,0x0000,0x0000,0x0000,0x0000,0x0000,0x0000,0x0000,
    0x0000,0x0000,0x0000,0x0000,0x0000,0x0000,0x0000,0x0000,0x0000,0x0000,0x0000,0x0000,0x0000,0x0000,0x0000,0x0000,
    0x0000,0x0000,0x0000,0x0000,0x0000,0x1082,0x4A49,0x4A49,0x4229,0x4A49,0x4A49,0x4A49,0x4A49,0x4A49,0x4A49,0x4A49,
    0x4A49,0x39C7,0x0000,0x0000,0x0000,0x0000,0x0000,0x0000,0x0000,0x0000,0x0000,0x0000,0x0000,0x0000,0x0000,0x0000,
    0x0000,0x0000,0x0000,0x0000,0x0000,0x0000,0x0000,0x0000,0x0000,0x0000,0x0000,0x0000,0x0000,0x0000,0x0000,0x4228,
    0x6B4D,0x6B6D,0x5AEB,0x18E3,0x0000,0x18C3,0x4A49,0x4A49,0x4A49,0x4A49,0x4A49,0x4A49,0x4A49,0x4A49,0x4A49,0x4A49,
    0x4229,0x4A49,0x10A3,0x0000,0x0000,0x0000,0x0000,0x0000,0x0000,0x0000,0x0000,0x0000,0x0000,0x0000,0x0000,0x0000,
    0x0000,0x0000,0x0000,0x0000,0x0000,0x0000,0x0000,0x0000,0x0000,0x0000,0x0000,0x0000,0x1082,0x8430,0xDEFB,0xF79E,
    0xF79E,0xF79E,0xF79E,0xF79D,0xBDD7,0x6B4D,0x2124,0x4A49,0x4A49,0x4A49,0x4A49,0x4A49,0x4A49,0x4A49,0x4A49,0x4A49,
    0x4A49,0x4A49,0x31A7,0x0000,0x0000,0x0000,0x0000,0x0000,0x0000,0x0000,0x0000,0x0000,0x0000,0x0000,0x0000,0x0000,
    0x0000,0x0000,0x0000,0x0000,0x0000,0x0000,0x0000,0x0000,0x0000,0x0000,0x0000,0x3186,0xDEDB,0xF79E,0xF79E,0xF79E,
    0xF79E,0xF79E,0xF79E,0xF79E,0xF7BE,0xFFFF,0xAD55,0x2125,0x4228,0x4A49,0x4A49,0x4A49,0x4A49,0x4A49,0x4A49,0x4A49,
    0x4A49,0x4A49,0x4208,0x1082,0x2125,0x39C7,0x31A7,0x2945,0x0841,0x0000,0x0000,0x0000,0x0000,0x0000,0x0000,0x0000,
    0x0000,0x0000,0x0000,0x0000,0x0000,0x0000,0x0000,0x0000,0x0000,0x0000,0x2965,0xEF7D,0xF79E,0xEF7D,0xF79E,0xF79E,
    0xF79E,0xF79E,0xF79E,0xF79E,0xF79D,0xF79D,0xFFFF,0xAD75,0x2124,0x4A49,0x4A49,0x4A49,0x4A49,0x4A49,0x4A49,0x4A49,
    0x4A49,0x4A49,0x4229,0x4228,0x4A49,0x4A49,0x4A49,0x4A49,0x4208,0x0841,0x0000,0x0000,0x0000,0x0000,0x0000,0x0000,
    0x0000,0x0000,0x0000,0x0000,0x0000,0x0000,0x0000,0x0000,0x0000,0x1082,0xD6BA,0xF79E,0xF79E,0xF79E,0xF79E,0xF79E,
    0xF79E,0xF79E,0xF79E,0xF79E,0xF79E,0xF79E,0xF79E,0xFFFF,0x8C51,0x2125,0x4A69,0x4A49,0x4A49,0x4A49,0x4A49,0x4A49,
    0x4A49,0x4A49,0x4A49,0x4A49,0x4A49,0x4A49,0x4A49,0x4229,0x4A49,0x31A7,0x0000,0x0000,0x0000,0x0000,0x0000,0x0000,
    0x0000,0x0000,0x0000,0x0000,0x0000,0x0000,0x0000,0x0000,0x0000,0x6B6D,0xF79E,0xF79E,0xF79E,0xF79E,0xF79E,0xF79E,
    0xF79E,0xF79E,0xF79E,0xF79E,0xF79E,0xF79E,0xF79E,0xFFDF,0xF79E,0x31A7,0x4208,0x4A49,0x4A49,0x4A49,0x4A49,0x4A49,
    0x4A49,0x4A49,0x4A49,0x4A49,0x4A49,0x4A49,0x4A49,0x4A49,0x4A49,0x4229,0x1082,0x0000,0x0000,0x0000,0x0000,0x0000,
    0x0000,0x0000,0x0000,0x0000,0x0000,0x0000,0x0000,0x0000,0x0000,0xDEDA,0xF79E,0xF79E,0xF79E,0xF79E,0xF79E,0xF79E,
    0xF79E,0xF79E,0xF79E,0xF79E,0xF79E,0xF79E,0xF79E,0xEF7D,0xFFFF,0x8C71,0x2966,0x39C7,0x31A6,0x31A6,0x31A6,0x4208,
    0x4A6A,0x4229,0x4A49,0x4A49,0x4A49,0x4A49,0x4A49,0x4A49,0x4A49,0x4A49,0x10A2,0x0000,0x0000,0x0000,0x0000,0x0000,
    0x0000,0x0000,0x0000,0x0000,0x0000,0x0000,0x0000,0x0000,0x31A6,0xF79E,0xF79E,0xF79E,0xF79E,0xF79E,0xF79E,0xF79E,
    0xF79E,0xF79E,0xF79E,0xF79E,0xF79E,0xF79E,0xF79E,0xF79D,0xFFFF,0xB5B6,0x10A3,0x630C,0x8431,0x9492,0x73AE,0x4208,
    0x2965,0x4A49,0x4A49,0x4A49,0x4A49,0x4A49,0x4A49,0x4A49,0x4A49,0x4228,0x10A2,0x0020,0x0000,0x0000,0x0000,0x0000,
    0x0000,0x0000,0x0000,0x0000,0x0000,0x0000,0x0000,0x0000,0x52AA,0xF79E,0xF79E,0xF79E,0xF79E,0xF79E,0xF79E,0xF79E,
    0xF79E,0xF79E,0xF79E,0xF79E,0xF79E,0xF79E,0xF79E,0xF79E,0xFFFF,0xC618,0xA534,0xFFFF,0xFFFF,0xFFFF,0xFFFF,0xF7BE,
    0x632C,0x2965,0x4A49,0x4A49,0x4A49,0x4A49,0x4A49,0x4A49,0x4A49,0x4229,0x4208,0x4208,0x39C7,0x10A2,0x0000,0x0000,
    0x0000,0x0000,0x0000,0x0000,0x0000,0x0000,0x0000,0x0000,0x5ACA,0xF79E,0xF79E,0xF79E,0xF79E,0xF79E,0xF79E,0xF79E,
    0xF79E,0xF79E,0xF79E,0xF79E,0xF79E,0xF79E,0xF79E,0xF79E,0xEF7D,0xFFDF,0xFFFF,0xF7BE,0xF79E,0xF79E,0xF79E,0xFFFF,
    0xFFFF,0x632D,0x2966,0x4A49,0x4229,0x4A49,0x4A49,0x4A49,0x4A49,0x4A49,0x4A49,0x4A49,0x4A49,0x4A49,0x2945,0x0000,
    0x0000,0x0000,0x0000,0x0000,0x0000,0x0000,0x0020,0x0000,0x4A69,0xF79E,0xF79E,0xF79E,0xF79E,0xF79E,0xF79E,0xF79E,
    0xF79E,0xF79E,0xF79E,0xF79E,0xF79E,0xF79E,0xF79E,0xF79E,0xF79E,0xF79E,0xF79D,0xF79E,0xF79E,0xF79E,0xF79E,0xF79D,
    0xFFFF,0xEF7D,0x39C7,0x4228,0x4A49,0x4A49,0x4A49,0x4A49,0x4A49,0x4A49,0x4A49,0x4A49,0x4A49,0x4A49,0x4A49,0x18C3,
    0x0000,0x0000,0x0000,0x0000,0x4208,0xAD55,0xEF7D,0xF79E,0xEF7D,0xF79E,0xF79E,0xF79E,0xF79E,0xF79E,0xF79E,0xF79E,
    0xF79E,0xF79E,0xF79E,0xF79E,0xF79E,0xF79E,0xF79E,0xF79E,0xF79E,0xF79E,0xF79E,0xF79E,0xF79E,0xF79E,0xF79E,0xF79E,
    0xEF7D,0xFFFF,0x6B4D,0x3186,0x4A69,0x4A49,0x4A49,0x4A49,0x4A49,0x4A49,0x4A49,0x4A49,0x4A49,0x4229,0x4A49,0x39E7,
    0x0000,0x0000,0x0841,0xA534,0xF79E,0xF79E,0xF79E,0xF79E,0xF79E,0xF79E,0xF79E,0xF79E,0xF79E,0xF79E,0xF79E,0xF79E,
    0xF79E,0xF79E,0xF79E,0xF79E,0xF79E,0xF79E,0xF79E,0xF79E,0xF79E,0xF79E,0xF79E,0xF79E,0xF79E,0xF79E,0xF79E,0xF79E,
    0xF79D,0xFFFF,0x7BF0,0x2965,0x4A69,0x4A49,0x4A49,0x4A49,0x4A49,0x4A49,0x4A49,0x4A49,0x4A49,0x4A49,0x4A49,0x4228,
    0x0000,0x0000,0xCE79,0xF79E,0xF79E,0xF79E,0xF79E,0xF79E,0xF79E,0xF79E,0xF79E,0xF79E,0xF79E,0xF79E,0xF79E,0xF79E,
    0xF79E,0xF79E,0xF79E,0xF79E,0xF79E,0xF79E,0xF79E,0xF79E,0xF79E,0xF79E,0xF79E,0xF79E,0xF79E,0xF79E,0xF79E,0xF79E,
    0xF79D,0xFFFF,0x5AEB,0x10A3,0x31A7,0x39C7,0x4A49,0x4A49,0x4229,0x4A49,0x4A49,0x4A49,0x4A49,0x4A49,0x4A49,0x4208,
    0x0000,0x9CF3,0xF79E,0xF79E,0xF79E,0xF79E,0xF79E,0xF79E,0xF79E,0xF79E,0xF79E,0xF79E,0xF79E,0xF79E,0xF79E,0xF79E,
    0xF79E,0xF79E,0xF79E,0xF79E,0xF79E,0xF79E,0xF79E,0xF79E,0xF79E,0xF79E,0xF79E,0xF79E,0xF79E,0xF79E,0xF79E,0xF79E,
    0xF79E,0xF7BE,0xB596,0xB5B6,0x9CD3,0x528A,0x2965,0x4208,0x4A49,0x4A49,0x4A49,0x4A49,0x4A49,0x4A49,0x4A49,0x39E7,
    0x2965,0xF79E,0xF79E,0xF79E,0xF79E,0xF79E,0xF79E,0xF79E,0xF79E,0xF79E,0xF79E,0xF79E,0xF79E,0xF79E,0xF79E,0xF79E,
    0xF79E,0xF79E,0xF79E,0xF79E,0xF79E,0xF79E,0xF79E,0xF79E,0xF79E,0xF79E,0xF79E,0xF79E,0xF79E,0xF79E,0xF79E,0xF79E,
    0xF79E,0xF79D,0xFFFF,0xFFFF,0xFFFF,0xFFFF,0xB596,0x2945,0x39E8,0x4A69,0x4A49,0x4A49,0x4A49,0x4A49,0x4A49,0x2104,
    0x9492,0xF79E,0xF79E,0xF79E,0xF79E,0xF79E,0xF79E,0xF79E,0xF79E,0xF79E,0xF79E,0xF79E,0xF79E,0xF79E,0xF79E,0xF79E,
    0xF79E,0xF79E,0xF79E,0xF79E,0xF79E,0xF79E,0xF79E,0xF79E,0xF79E,0xF79E,0xF79E,0xF79E,0xF79E,0xF79E,0xF79E,0xF79E,
    0xF79E,0xF79E,0xF79E,0xF79E,0xF79E,0xF7BE,0xFFFF,0xCE59,0x2966,0x4229,0x4A49,0x4229,0x4A49,0x4A49,0x2966,0x0000,
    0xCE79,0xF79E,0xF79E,0xF79E,0xF79E,0xF79E,0xF79E,0xF79E,0xF79E,0xF79E,0xF79E,0xF79E,0xF79E,0xF79E,0xF79E,0xF79E,
    0xF79E,0xF79E,0xF79E,0xF79E,0xF79E,0xF79E,0xF79E,0xF79E,0xF79E,0xF79E,0xF79E,0xF79E,0xF79E,0xF79E,0xF79E,0xF79E,
    0xF79E,0xF79E,0xF79E,0xF79E,0xF79E,0xF79E,0xF79D,0xFFFF,0x9492,0x18E4,0x4A69,0x4A49,0x4229,0x2104,0x0000,0x0000,
    0xEF5D,0xF79E,0xF79E,0xF79E,0xF79E,0xF79E,0xF79E,0xF79E,0xF79E,0xF79E,0xF79E,0xF79E,0xF79E,0xF79E,0xF79E,0xF79E,
    0xF79E,0xF79E,0xF79E,0xF79E,0xF79E,0xF79E,0xF79E,0xF79E,0xF79E,0xF79E,0xF79E,0xF79E,0xF79E,0xF79E,0xF79E,0xF79E,
    0xF79E,0xF79E,0xF79E,0xF79E,0xF79E,0xF79E,0xF79D,0xF7BE,0xE73C,0x0000,0x0020,0x0841,0x0000,0x0000,0x0000,0x0000,
    0xE71B,0xF79E,0xF79E,0xF79E,0xF79E,0xF79E,0xF79E,0xF79E,0xF79E,0xF79E,0xF79E,0xF79E,0xF79E,0xF79E,0xF79E,0xF79E,
    0xF79E,0xF79E,0xF79E,0xF79E,0xF79E,0xF79E,0xF79E,0xF79E,0xF79E,0xF79E,0xF79E,0xF79E,0xF79E,0xF79E,0xF79E,0xF79E,
    0xF79E,0xF79E,0xF79E,0xF79E,0xF79E,0xF79E,0xF79E,0xEF7D,0xF7BE,0x2124,0x0000,0x0000,0x0000,0x0000,0x0000,0x0000,
    0xB596,0xF79E,0xF79E,0xF79E,0xF79E,0xF79E,0xF79E,0xF79E,0xF79E,0xF79E,0xF79E,0xF79E,0xF79E,0xF79E,0xF79E,0xF79E,
    0xF79E,0xF79E,0xF79E,0xF79E,0xF79E,0xF79E,0xF79E,0xF79E,0xF79E,0xF79E,0xF79E,0xF79E,0xF79E,0xF79E,0xF79E,0xF79E,
    0xF79E,0xF79E,0xF79E,0xF79E,0xF79E,0xF79E,0xF79E,0xF79E,0xF79E,0x4228,0x0000,0x0000,0x0000,0x0000,0x0000,0x0000,
    0x5AEB,0xF79E,0xF79E,0xF79E,0xF79E,0xF79E,0xF79E,0xF79E,0xF79E,0xF79E,0xF79E,0xF79E,0xF79E,0xF79E,0xF79E,0xF79E,
    0xF79E,0xF79E,0xF79E,0xF79E,0xF79E,0xF79E,0xF79E,0xF79E,0xF79E,0xF79E,0xF79E,0xF79E,0xF79E,0xF79E,0xF79E,0xF79E,
    0xF79E,0xF79E,0xF79E,0xF79E,0xF79E,0xF79E,0xF79E,0xF79D,0xF79E,0x2945,0x0000,0x0000,0x0000,0x0000,0x0000,0x0000,
    0x0861,0xDEDA,0xF79E,0xF79E,0xF79E,0xF79E,0xF79E,0xF79E,0xF79E,0xF79E,0xF79E,0xF79E,0xF79E,0xF79E,0xF79E,0xF79E,
    0xF79E,0xF79E,0xF79E,0xF79E,0xF79E,0xF79E,0xF79E,0xF79E,0xF79E,0xF79E,0xF79E,0xF79E,0xF79E,0xF79E,0xF79E,0xF79E,
    0xF79E,0xF79E,0xF79E,0xF79E,0xF79E,0xF79E,0xF79E,0xF79E,0xD6BA,0x0000,0x0000,0x0000,0x0000,0x0000,0x0000,0x0000,
    0x0000,0x4208,0xF79E,0xF79E,0xF79E,0xF79E,0xF79E,0xF79E,0xF79E,0xF79E,0xF79E,0xF79E,0xF79E,0xF79E,0xF79E,0xF79E,
    0xF79E,0xF79E,0xF79E,0xF79E,0xF79E,0xF79E,0xF79E,0xF79E,0xF79E,0xF79E,0xF79E,0xF79E,0xF79E,0xF79E,0xF79E,0xF79E,
    0xF79E,0xF79E,0xF79E,0xF79E,0xF79E,0xF79E,0xF79E,0xF79E,0x6B6D,0x0000,0x0000,0x0000,0x0000,0x0000,0x0000,0x0000,
    0x0000,0x0000,0x5AEB,0xF79E,0xF79E,0xF79E,0xF79E,0xF79E,0xF79E,0xF79E,0xF79E,0xF79E,0xF79E,0xF79E,0xF79E,0xF79E,
    0xF79E,0xF79E,0xF79E,0xF79E,0xF79E,0xF79E,0xF79E,0xF79E,0xF79E,0xF79E,0xF79E,0xF79E,0xF79E,0xF79E,0xF79E,0xF79E,
    0xF79E,0xF79E,0xF79E,0xF79E,0xF79E,0xF79E,0xF79E,0xA513,0x0000,0x0000,0x0000,0x0000,0x0000,0x0000,0x0000,0x0000,
    0x0000,0x0000,0x0000,0x3186,0xBDD6,0xF79E,0xF79E,0xF79E,0xF79E,0xF79E,0xF79E,0xF79E,0xF79E,0xF79E,0xF79E,0xF79E,
    0xF79E,0xF79E,0xF79E,0xF79E,0xF79E,0xF79E,0xF79E,0xF79E,0xF79E,0xF79E,0xF79E,0xF79E,0xF79E,0xF79E,0xF79E,0xF79E,
    0xF79E,0xF79E,0xF79E,0xF79E,0xF79E,0xEF5D,0x8430,0x0000,0x0000,0x0000,0x0000,0x0000,0x0000,0x0000,0x0000,0x0000,
    0x0000,0x0000,0x0000,0x0000,0x0000,0x39E7,0x630C,0x6B4D,0x6B4D,0x6B4D,0x6B4D,0x6B4D,0x6B4D,0x6B4D,0x6B4D,0x6B4D,
    0x6B4D,0x6B4D,0x6B4D,0x6B4D,0x6B4D,0x6B4D,0x6B4D,0x6B4D,0x6B4D,0x6B4D,0x6B4D,0x6B4D,0x6B4D,0x6B4D,0x6B4D,0x6B4D,
    0x6B4D,0x6B4D,0x6B4D,0x6B4D,0x632C,0x2124,0x0000,0x0000,0x0000,0x0000,0x0000,0x0000,0x0000,0x0000,0x0000,0x0000,
    0x0000,0x0000,0x0000,0x0000,0x0020,0x0000,0x0000,0x0000,0x0000,0x0000,0x0000,0x0000,0x0000,0x0000,0x0000,0x0000,
    0x0000,0x0000,0x0000,0x0000,0x0000,0x0000,0x0000,0x0000,0x0000,0x0000,0x0000,0x0000,0x0000,0x0000,0x0000,0x0000,
    0x0000,0x0000,0x0000,0x0000,0x0000,0x0000,0x0000,0x0000,0x0000,0x0000,0x0000,0x0000,0x0000,0x0000,0x0000,0x0000,
    0x0000,0x0000,0x0000,0x0000,0x0000,0x0000,0x0000,0x0000,0x0000,0x0000,0x0000,0x0000,0x0000,0x0000,0x0000,0x0000,
    0x0000,0x0000,0x0000,0x0000,0x0000,0x0000,0x0000,0x0000,0x0000,0x0000,0x0000,0x0000,0x0000,0x0000,0x0000,0x0000,
    0x0000,0x0000,0x0000,0x0000,0x0000,0x0000,0x0000,0x0000,0x0000,0x0000,0x0000,0x0000,0x0000,0x0000,0x0000,0x0000,
    0x0000,0x0000,0x0000,0x0000,0x0000,0x0000,0x0000,0x0000,0x0000,0x0000,0x0000,0x0000,0x0000,0x0000,0x0000,0x0000,
    0x0000,0x0000,0x0000,0x0000,0x0000,0x0000,0x0000,0x0000,0x0000,0x0000,0x0000,0x0000,0x0000,0x0000,0x0000,0x0000,
    0x0000,0x0000,0x0000,0x0000,0x0000,0x0000,0x0000,0x0000,0x0000,0x0000,0x0000,0x0000,0x0000,0x0000,0x0000,0x0000,
  },
  /* злива */ {
    0x0000,0x0000,0x0000,0x0000,0x0000,0x0000,0x0000,0x0000,0x0000,0x0000,0x0000,0x0000,0x0000,0x0000,0x0000,0x0000,
    0x0000,0x0000,0x0000,0x0000,0x0000,0x0000,0x0000,0x0000,0x0000,0x0000,0x0000,0x0000,0x0000,0x0000,0x0000,0x0000,
    0x0000,0x0000,0x0000,0x0000,0x0000,0x0000,0x0000,0x0000,0x0000,0x0000,0x0000,0x0000,0x0000,0x0000,0x0000,0x0000,
    0x0000,0x0000,0x0000,0x0000,0x0000,0x0000,0x0000,0x0000,0x0000,0x0000,0x0000,0x0000,0x0000,0x0000,0x0000,0x0000,
    0x0000,0x0000,0x0000,0x0000,0x0000,0x0000,0x0000,0x0000,0x0020,0x18E3,0x2945,0x2945,0x18C3,0x0000,0x0000,0x0000,
    0x0000,0x0000,0x0000,0x0000,0x0000,0x0000,0x0000,0x0000,0x0000,0x0000,0x0000,0x0000,0x0000,0x0000,0x0000,0x0000,
    0x0000,0x0000,0x0000,0x0000,0x0000,0x0000,0x0000,0x0000,0x0000,0x0000,0x0000,0x0000,0x0000,0x0000,0x0000,0x0000,
    0x0000,0x0000,0x0000,0x0000,0x0000,0x0000,0x0000,0x18E3,0x4208,0x4A49,0x4A49,0x4A49,0x4A49,0x4208,0x1082,0x0000,
    0x0000,0x0000,0x0000,0x0000,0x0000,0x0000,0x0000,0x0000,0x0000,0x0000,0x0000,0x0000,0x0000,0x0000,0x0000,0x0000,
    0x0000,0x0000,0x0000,0x0000,0x0000,0x0000,0x0000,0x0000,0x0000,0x0000,0x0000,0x0000,0x0000,0x0000,0x0000,0x0000,
    0x0000,0x0000,0x0000,0x0000,0x0000,0x0000,0x2104,0x4A49,0x4A49,0x4A49,0x4A49,0x4A49,0x4A49,0x4A49,0x4A49,0x10A2,
    0x0000,0x0000,0x0000,0x0000,0x0000,0x0000,0x0000,0x0000,0x0000,0x0000,0x0000,0x0000,0x0000,0x0000,0x0000,0x0000,
    0x0000,0x0000,0x0000,0x0000,0x0000,0x0000,0x0000,0x0000,0x0000,0x0000,0x0000,0x0000,0x0000,0x0000,0x0000,0x0000,
    0x0000,0x10A2,0x18C3,0x0000,0x0000,0x0000,0x4229,0x4A49,0x4A49,0x4A49,0x4A49,0x4A49,0x4A49,0x4229,0x4A49,0x4228,
    0x0000,0x0000,0x0000,0x0000,0x0000,0x0000,0x0000,0x0000,0x0000,0x0000,0x0000,0x0000,0x0000,0x0000,0x0000,0x0000,
    0x0000,0x0000,0x0000,0x0000,0x0000,0x0000,0x0000,0x0000,0x0000,0x0000,0x0000,0x0000,0x0000,0x0000,0x2104,0x7BEF,
    0xD6BA,0xF79E,0xF79E,0xDEDB,0x7BEF,0x4208,0x2125,0x4A49,0x4A49,0x4A49,0x4A49,0x4A49,0x4A49,0x4A49,0x4229,0x4A49,
    0x2104,0x0000,0x0000,0x0000,0x0000,0x0000,0x0000,0x0000,0x0000,0x0000,0x0000,0x0000,0x0000,0x0000,0x0000,0x0000,
    0x0000,0x0000,0x0000,0x0000,0x0000,0x0000,0x0000,0x0000,0x0000,0x0000,0x0000,0x0000,0x0000,0x4A49,0xEF5D,0xF79E,
    0xF79E,0xF79E,0xF79E,0xF79E,0xF7BE,0xFFFF,0x8410,0x2124,0x4A49,0x4A49,0x4A49,0x4A49,0x4A49,0x4A49,0x4A49,0x4A49,
    0x3186,0x18C3,0x39C7,0x39C7,0x2104,0x0000,0x0000,0x0000,0x0000,0x0000,0x0000,0x0000,0x0000,0x0000,0x0000,0x0000,
    0x0000,0x0000,0x0000,0x0000,0x0000,0x0000,0x0000,0x0000,0x0000,0x0000,0x0000,0x0000,0x4A49,0xF79E,0xF79E,0xF79E,
    0xF79E,0xF79E,0xF79E,0xF79E,0xF79D,0xFFDF,0xFFFF,0x7BF0,0x2965,0x4A49,0x4A49,0x4A49,0x4A49,0x4A49,0x4A49,0x4A49,
    0x4A49,0x4A49,0x4A49,0x4A49,0x4A49,0x3186,0x0000,0x0000,0x0000,0x0000,0x0000,0x0000,0x0000,0x0000,0x0000,0x0000,
    0x0000,0x0000,0x0000,0x0000,0x0000,0x0000,0x0000,0x0000,0x0000,0x0000,0x0000,0x0861,0xDEFB,0xF79E,0xF79E,0xF79E,
    0xF79E,0xF79E,0xF79E,0xF79E,0xF79E,0xF79E,0xFFDF,0xFFFF,0x4A6A,0x39E7,0x4A49,0x4A49,0x4A49,0x4A49,0x4A49,0x4A49,
    0x4A49,0x4A49,0x4A49,0x4A49,0x4A49,0x4A49,0x10A2,0x0000,0x0000,0x0000,0x0000,0x0000,0x0000,0x0000,0x0000,0x0000,
    0x0000,0x0000,0x0000,0x0000,0x0000,0x0000,0x0000,0x0000,0x0000,0x0000,0x0000,0x632C,0xF79E,0xEF7D,0xF79E,0xF79E,
    0xF79E,0xF79E,0xF79E,0xF79E,0xF79E,0xF79E,0xF79D,0xFFFF,0xAD55,0x2124,0x39C7,0x3186,0x3186,0x39E8,0x4A49,0x4A49,
    0x4A49,0x4A49,0x4A49,0x4A49,0x4229,0x4A49,0x2124,0x0000,0x0000,0x0000,0x0000,0x0000,0x0000,0x0000,0x0000,0x0000,
    0x0000,0x0000,0x0000,0x0000,0x0000,0x0000,0x0000,0x0000,0x0000,0x0000,0x0000,0xA514,0xF79E,0xF79D,0xF79E,0xF79E,
    0xF79E,0xF79E,0xF79E,0xF79E,0xF79E,0xF79E,0xF79E,0xFFFF,0xDEDB,0x2104,0x73AF,0xAD75,0x94B2,0x4A49,0x3186,0x4A49,
    0x4A49,0x4A49,0x4A49,0x4A49,0x4A49,0x4A49,0x2104,0x0841,0x0000,0x0000,0x0000,0x0000,0x0000,0x0000,0x0000,0x0000,
    0x0000,0x0000,0x0000,0x0000,0x0000,0x0000,0x0000,0x0000,0x0000,0x0000,0x0000,0xC638,0xF79E,0xF79E,0xF79E,0xF79E,
    0xF79E,0xF79E,0xF79E,0xF79E,0xF79E,0xF79E,0xF79E,0xF7BE,0xE73C,0xDEDB,0xFFFF,0xFFFF,0xFFFF,0xFFFF,0x8410,0x2945,
    0x4A49,0x4A49,0x4A49,0x4A49,0x4A49,0x4A49,0x4228,0x4208,0x4208,0x10A2,0x0000,0x0000,0x0000,0x0000,0x0000,0x0000,
    0x0000,0x0000,0x0000,0x0000,0x0000,0x0000,0x0000,0x0000,0x0000,0x0000,0x0000,0xB5B6,0xF79E,0xF79E,0xF79E,0xF79E,
    0xF79E,0xF79E,0xF79E,0xF79E,0xF79E,0xF79E,0xF79E,0xF79D,0xF7BE,0xFFFF,0xF79E,0xF79E,0xF79E,0xFFFF,0xFFFF,0x6B6D,
    0x3186,0x4A49,0x4A49,0x4A49,0x4A49,0x4229,0x4A49,0x4A49,0x4A49,0x4A49,0x10A2,0x0000,0x0000,0x0000,0x0000,0x0000,
    0x0000,0x0000,0x0000,0x0000,0x0000,0x0000,0x0000,0x0000,0x632C,0xB596,0xBDD6,0xDEFB,0xF79E,0xF79E,0xF79E,0xF79E,
    0xF79E,0xF79E,0xF79E,0xF79E,0xF79E,0xF79E,0xF79E,0xF79E,0xF79E,0xF79E,0xF79E,0xF79E,0xF79E,0xF79D,0xFFFF,0xBDF7,
    0x2945,0x4A69,0x4A49,0x4A49,0x4A49,0x4A49,0x4A49,0x4A49,0x4229,0x4A49,0x39E8,0x0000,0x0000,0x0000,0x0000,0x0000,
    0x0000,0x0000,0x0000,0x0000,0x0000,0x0000,0x4228,0xDEFB,0xF79E,0xF79E,0xF79E,0xF79E,0xF79E,0xF79E,0xF79E,0xF79E,
    0xF79E,0xF79E,0xF79E,0xF79E,0xF79E,0xF79E,0xF79E,0xF79E,0xF79E,0xF79E,0xF79E,0xF79E,0xF79E,0xF79E,0xFFFF,0xD6BA,
    0x2945,0x4229,0x4A69,0x4A49,0x4229,0x4A49,0x4A49,0x4A49,0x4A49,0x4229,0x4A49,0x0020,0x0000,0x0000,0x0000,0x0000,
    0x0000,0x0000,0x0000,0x0000,0x0000,0x39C7,0xF79E,0xF79E,0xF79E,0xF79E,0xF79E,0xF79E,0xF79E,0xF79E,0xF79E,0xF79E,
    0xF79E,0xF79E,0xF79E,0xF79E,0xF79E,0xF79E,0xF79E,0xF79E,0xF79E,0xF79E,0xF79E,0xF79E,0xF79E,0xF79E,0xFFFF,0xBDD7,
    0x2104,0x39C7,0x2965,0x4208,0x4A49,0x4A49,0x4A49,0x4A49,0x4A49,0x4229,0x4A49,0x0020,0x0000,0x0000,0x0000,0x0000,
    0x0000,0x0000,0x0000,0x0000,0x0000,0xD6BA,0xF79E,0xF79D,0xF79E,0xF79E,0xF79E,0xF79E,0xF79E,0xF79E,0xF79E,0xF79E,
    0xF79E,0xF79E,0xF79E,0xF79E,0xF79E,0xF79E,0xF79E,0xF79E,0xF79E,0xF79E,0xF79E,0xF79E,0xF79E,0xF79E,0xF7BE,0xEF5C,
    0xE71C,0xDEFB,0xA514,0x3186,0x39C7,0x4A69,0x4229,0x4A49,0x4229,0x4A49,0x39E8,0x0000,0x0000,0x0000,0x0000,0x0000,
    0x0000,0x0000,0x0000,0x0000,0x52AA,0xF79E,0xEF7D,0xF79E,0xF79E,0xF79E,0xF79E,0xF79E,0xF79E,0xF79E,0xF79E,0xF79E,
    0xF79E,0xF79E,0xF79E,0xF79E,0xF79E,0xF79E,0xF79E,0xF79E,0xF79E,0xF79E,0xF79E,0xF79E,0xF79E,0xF79E,0xF79E,0xF7BE,
    0xFFFF,0xFFFF,0xFFFF,0xE73C,0x39E7,0x4208,0x4A49,0x4A49,0x4A49,0x4A49,0x1082,0x0000,0x0000,0x0000,0x0000,0x0000,
    0x0000,0x0000,0x0000,0x0000,0xA534,0xF79E,0xF79E,0xF79E,0xF79E,0xF79E,0xF79E,0xF79E,0xF79E,0xF79E,0xF79E,0xF79E,
    0xF79E,0xF79E,0xF79E,0xF79E,0xF79E,0xF79E,0xF79E,0xF79E,0xF79E,0xF79E,0xF79E,0xF79E,0xF79E,0xF79E,0xF79E,0xF79E,
    0xF79E,0xF79D,0xEF7D,0xFFFF,0xC638,0x18C3,0x4A69,0x4A49,0x39C7,0x1082,0x0000,0x0000,0x0000,0x0000,0x0000,0x0000,
    0x0000,0x0000,0x0020,0x0000,0xBDD7,0xF79E,0xF79E,0xF79E,0xF79E,0xF79E,0xF79E,0xF79E,0xF79E,0xF79E,0xF79E,0xF79E,
    0xF79E,0xF79E,0xF79E,0xF79E,0xF79E,0xF79E,0xF79E,0xF79E,0xF79E,0xF79E,0xF79E,0xF79E,0xF79E,0xF79E,0xF79E,0xF79E,
    0xF79E,0xF79E,0xF79E,0xF79E,0xFFDF,0x18E3,0x0000,0x0020,0x0000,0x0000,0x0000,0x0000,0x0000,0x0000,0x0000,0x0000,
    0x0000,0x0000,0x0000,0x0000,0xAD75,0xF79E,0xF79E,0xF79E,0xF79E,0xF79E,0xF79E,0xF79E,0xF79E,0xF79E,0xF79E,0xF79E,
    0xF79E,0xF79E,0xF79E,0xF79E,0xF79E,0xF79E,0xF79E,0xF79E,0xF79E,0xF79E,0xF79E,0xF79E,0xF79E,0xF79E,0xF79E,0xF79E,
    0xF79E,0xF79E,0xF79E,0xF79E,0xF79E,0x4A69,0x0000,0x0000,0x0000,0x0000,0x0000,0x0000,0x0000,0x0000,0x0000,0x0000,
    0x0000,0x0000,0x0000,0x0000,0x52AA,0xF79E,0xEF7D,0xF79E,0xF79E,0xF79E,0xF79E,0xF79E,0xF79E,0xF79E,0xF79E,0xF79E,
    0xF79E,0xF79E,0xF79E,0xF79E,0xF79E,0xF79E,0xF79E,0xF79E,0xF79E,0xF79E,0xF79E,0xF79E,0xF79E,0xF79E,0xF79E,0xF79E,
    0xF79E,0xF79E,0xF79E,0xF79E,0xF79E,0x52AA,0x0000,0x0000,0x0000,0x0000,0x0000,0x0000,0x0000,0x0000,0x0000,0x0000,
    0x0000,0x0000,0x0000,0x0000,0x0000,0xDEDB,0xF79E,0xF79E,0xF79E,0xF79E,0xF79E,0xF79E,0xF79E,0xF79E,0xF79E,0xFFDE,
    0xF79E,0xF79E,0xF79E,0xF79E,0xF79E,0xF79E,0xF79E,0xF79E,0xF79E,0xF79E,0xF79E,0xF79E,0xF79E,0xF79E,0xF79E,0xF79E,
    0xF79E,0xF79E,0xF79E,0xF79E,0xF79E,0x1082,0x0000,0x0000,0x0000,0x0000,0x0000,0x0000,0x0000,0x0000,0x0000,0x0000,
    0x0000,0x0000,0x0000,0x0000,0x0000,0x4228,0xF79E,0xF79E,0xF79E,0xF79E,0xF79E,0xF79E,0xF79E,0xEF7D,0xFFFF,0xFFFF,
    0xFFFF,0xF79D,0xF79E,0xF79E,0xF79E,0xF79E,0xF79E,0xF79E,0xF79E,0xF79E,0xF79E,0xF79E,0xF79E,0xF79E,0xF79E,0xF79E,
    0xF79E,0xF79E,0xF79E,0xF79E,0x9CD3,0x0000,0x0000,0x0000,0x0000,0x0000,0x0000,0x0000,0x0000,0x0000,0x0000,0x0000,
    0x0000,0x0000,0x0000,0x0000,0x0000,0x0000,0x4A49,0xE71B,0xF79E,0xF79E,0xF79E,0xF79E,0xF79E,0xFFFF,0xD69A,0x2104,
    0xB5B6,0xFFFF,0xF79E,0xF79E,0xF79E,0xF79E,0xF79E,0xF79E,0xF79E,0xF79E,0xF79E,0xF79E,0xF79E,0xF79E,0xF79E,0xF79E,
    0xF79E,0xF79E,0xF79E,0xA514,0x0000,0x0000,0x0000,0x0000,0x0000,0x0000,0x0000,0x0000,0x0000,0x0000,0x0000,0x0000,
    0x0000,0x0000,0x0000,0x0000,0x0000,0x0000,0x0000,0x10A2,0x6B6D,0xBDF7,0xCE79,0xCE59,0xCE59,0xDEDB,0x6B4D,0x0841,
    0x8410,0xD69A,0xCE59,0xCE59,0xCE59,0xCE59,0xCE59,0xCE59,0xCE79,0xD69A,0xD69A,0xCE59,0xCE59,0xCE59,0xCE59,0xCE59,
    0xCE79,0xB5B6,0x52AA,0x0000,0x0000,0x0000,0x0000,0x0000,0x0000,0x0000,0x0000,0x0000,0x0000,0x0000,0x0000,0x0000,
    0x0000,0x0000,0x0000,0x0000,0x0000,0x0000,0x0000,0x0000,0x0000,0x0000,0x0000,0x0000,0x0000,0x0000,0x18E3,0x4208,
    0x0020,0x0000,0x0000,0x0000,0x0000,0x0000,0x0000,0x0000,0x0000,0x0000,0x0000,0x0000,0x0000,0x0000,0x0000,0x0000,
    0x0000,0x0000,0x0000,0x0000,0x0000,0x0000,0x0000,0x0000,0x0000,0x0000,0x0000,0x0000,0x0000,0x0000,0x0000,0x0000,
    0x0000,0x0000,0x0000,0x0000,0x0000,0x0000,0x0000,0x0000,0x0000,0x0000,0x0000,0x0000,0x0000,0x0000,0x0000,0x0841,
    0x0000,0x0000,0x0000,0x0000,0x0000,0x0000,0x0000,0x0000,0x0000,0x2965,0x10A2,0x0000,0x0000,0x0000,0x0000,0x0000,
    0x0000,0x0000,0x0000,0x0000,0x0000,0x0000,0x0000,0x0000,0x0000,0x0000,0x0000,0x0000,0x0000,0x0000,0x0000,0x0000,
    0x0000,0x0000,0x0000,0x0000,0x0000,0x0000,0x0000,0x0000,0x0000,0x0000,0x0000,0x0000,0x0000,0x0000,0x0000,0x0000,
    0x0000,0x0000,0x0020,0x2945,0x0020,0x0000,0x0000,0x0000,0x2124,0x4A49,0x39C7,0x0000,0x0000,0x0000,0x0000,0x0000,
    0x0000,0x0000,0x0000,0x0000,0x0000,0x0000,0x0000,0x0000,0x0000,0x0000,0x0000,0x0000,0x0000,0x0000,0x0000,0x0000,
    0x0000,0x0000,0x0000,0x0000,0x0000,0x0000,0x0000,0x0000,0x0000,0x0000,0x0000,0x0000,0x1082,0x39C7,0x18C3,0x0000,
    0x0000,0x0000,0x2945,0x4A49,0x3186,0x0000,0x0000,0x0000,0x10A2,0x4208,0x18C3,0x0000,0x0000,0x0000,0x0000,0x0000,
    0x0000,0x0000,0x0000,0x0000,0x0000,0x0000,0x0000,0x0000,0x0000,0x0000,0x0000,0x0000,0x0000,0x0000,0x0000,0x0000,
    0x0000,0x0000,0x0000,0x0000,0x0000,0x0000,0x0000,0x0000,0x0000,0x0000,0x0000,0x0000,0x2124,0x4A49,0x31A7,0x0000,
    0x0000,0x0020,0x4228,0x4A49,0x1082,0x0000,0x0000,0x0000,0x0000,0x0020,0x0000,0x0000,0x0000,0x0000,0x0000,0x0000,
    0x0000,0x0000,0x0000,0x0000,0x0000,0x0000,0x0000,0x0000,0x0000,0x0000,0x0000,0x0000,0x0000,0x0000,0x0000,0x0000,
    0x0000,0x0000,0x0000,0x0000,0x0000,0x0000,0x0000,0x0000,0x0000,0x0000,0x0000,0x0020,0x4228,0x4A49,0x10A2,0x0000,
    0x0000,0x1082,0x4A49,0x4208,0x0000,0x0000,0x0000,0x0000,0x0000,0x0000,0x0000,0x0000,0x0000,0x0000,0x0000,0x0000,
    0x0000,0x0000,0x0000,0x0000,0x0000,0x0000,0x0000,0x0000,0x0000,0x0000,0x0000,0x0000,0x0000,0x0000,0x0000,0x0000,
    0x0000,0x0000,0x0000,0x0000,0x0000,0x0000,0x0000,0x0000,0x0000,0x0000,0x0000,0x0841,0x4A49,0x4208,0x0000,0x0000,
    0x0000,0x0000,0x1082,0x0861,0x0000,0x0000,0x0000,0x0000,0x0000,0x0000,0x0000,0x0000,0x0000,0x0000,0x0000,0x0000,
    0x0000,0x0000,0x0000,0x0000,0x0000,0x0000,0x0000,0x0000,0x0000,0x0000,0x0000,0x0000,0x0000,0x0000,0x0000,0x0000,
    0x0000,0x0000,0x0000,0x0000,0x0000,0x0000,0x0000,0x0000,0x0000,0x0000,0x0000,0x0000,0x0020,0x0841,0x0000,0x0000,
    0x0000,0x18E3,0x0000,0x0000,0x0000,0x0000,0x0862,0x39E7,0x18E3,0x0000,0x0000,0x0000,0x0000,0x0000,0x0000,0x0000,
    0x0000,0x0000,0x0000,0x0000,0x0000,0x0000,0x0000,0x0000,0x0000,0x0000,0x0000,0x0000,0x0000,0x0000,0x0000,0x0000,
    0x0000,0x0000,0x0000,0x0000,0x0000,0x0000,0x0000,0x0000,0x0000,0x0000,0x0000,0x0000,0x0000,0x0000,0x0000,0x0000,
    0x18E3,0x4A49,0x39C7,0x0000,0x0000,0x0000,0x31A6,0x4A49,0x2945,0x0000,0x0000,0x0000,0x0000,0x0000,0x0000,0x0000,
    0x0000,0x0000,0x0000,0x0000,0x0000,0x0000,0x0000,0x0000,0x0000,0x0000,0x0000,0x0000,0x0000,0x0000,0x0000,0x0000,
    0x0000,0x0000,0x0000,0x0000,0x0000,0x0000,0x0000,0x0000,0x0000,0x0000,0x0000,0x0000,0x0000,0x0000,0x0000,0x0000,
    0x18C3,0x4A49,0x18E3,0x0000,0x0000,0x0841,0x4229,0x4A49,0x1082,0x0000,0x0000,0x0000,0x0000,0x0000,0x0000,0x0000,
    0x0000,0x0000,0x0000,0x0000,0x0000,0x0000,0x0000,0x0000,0x0000,0x0000,0x0000,0x0000,0x0000,0x0000,0x0000,0x0000,
    0x0000,0x0000,0x0000,0x0000,0x0000,0x0000,0x0000,0x0000,0x0000,0x0000,0x0000,0x0000,0x0000,0x0000,0x0000,0x0000,
    0x0000,0x0000,0x0000,0x0000,0x0000,0x0000,0x2104,0x2104,0x0000,0x0000,0x0000,0x0000,0x0000,0x0000,0x0000,0x0000,
    0x0000,0x0000,0x0000,0x0000,0x0000,0x0000,0x0000,0x0000,0x0000,0x0000,0x0000,0x0000,0x0000,0x0000,0x0000,0x0000,
    0x0000,0x0000,0x0000,0x0000,0x0000,0x0000,0x0000,0x0000,0x0000,0x0000,0x0000,0x0000,0x0000,0x0000,0x0000,0x0000,
    0x0000,0x0000,0x0000,0x0000,0x0000,0x0000,0x0000,0x0000,0x0000,0x0000,0x0000,0x0000,0x0000,0x0000,0x0000,0x0000,
    0x0000,0x0000,0x0000,0x0000,0x0000,0x0000,0x0000,0x0000,0x0000,0x0000,0x0000,0x0000,0x0000,0x0000,0x0000,0x0000,
  },
  /* дощ */ {
    0x0000,0x0000,0x0000,0x0000,0x0000,0x0000,0x0000,0x0000,0x0000,0x0000,0x0000,0x0000,0x0000,0x0000,0x0000,0x0000,
    0x0000,0x0000,0x0000,0x0000,0x0000,0x0000,0x0000,0x0000,0x0000,0x0000,0x0000,0x0000,0x0000,0x0000,0x0000,0x0000,
    0x0000,0x0000,0x0000,0x0000,0x0000,0x0000,0x0000,0x0000,0x0000,0x0000,0x0000,0x0000,0x0000,0x0000,0x0000,0x0000,
    0x0000,0x0000,0x0000,0x0000,0x0000,0x0000,0x0000,0x0000,0x0000,0x0000,0x0000,0x0000,0x0000,0x0000,0x0000,0x0000,
    0x0000,0x0000,0x0000,0x0000,0x0000,0x0000,0x0000,0x0000,0x0000,0x0000,0x0000,0x0000,0x0000,0x2901,0x6284,0x7B25,
    0x7B25,0x6284,0x2921,0x0000,0x0000,0x0000,0x0000,0x0000,0x0000,0x0000,0x0000,0x0000,0x0000,0x0000,0x0000,0x0000,
    0x0000,0x0000,0x0000,0x0000,0x0000,0x0000,0x0000,0x0000,0x0000,0x0000,0x0000,0x0000,0x0000,0x0000,0x0000,0x0000,
    0x0000,0x0000,0x0000,0x0000,0x0000,0x0000,0x0000,0x0000,0x0000,0x0000,0x0000,0x5203,0xBCA7,0xEDE9,0xEDE9,0xEDE9,
    0xEDE9,0xEDE9,0xEDE9,0xC4E8,0x5A63,0x0000,0x0000,0x0000,0x0000,0x0000,0x0000,0x0000,0x0000,0x0000,0x0000,0x0000,
    0x0000,0x0000,0x0000,0x0000,0x0000,0x0000,0x0000,0x0000,0x0000,0x0000,0x0000,0x0000,0x0000,0x0000,0x0000,0x0000,
    0x0000,0x0000,0x0000,0x0000,0x0000,0x0000,0x0000,0x0000,0x0000,0x0840,0xA406,0xEDE9,0xEDE9,0xEDE9,0xEDE9,0xEDE9,
    0xEDE9,0xEDE9,0xEDE9,0xEDE9,0xEDE9,0xAC67,0x1080,0x0000,0x0000,0x0000,0x0000,0x0000,0x0000,0x0000,0x0000,0x0000,
    0x0000,0x0000,0x0000,0x0000,0x0000,0x0000,0x0000,0x0000,0x0000,0x0000,0x0000,0x0000,0x0000,0x0000,0x0000,0x0000,
    0x0000,0x18E3,0x4A49,0x632C,0x4A69,0x2104,0x0000,0x0000,0x0000,0xCD08,0xEDE9,0xEDC9,0xEDE9,0xEDE9,0xEDE9,0xEDE9,
    0xEDE9,0xEDE9,0xEDE9,0xEDE9,0xEDC9,0xEDE9,0xDD68,0x1060,0x0000,0x0000,0x0000,0x0000,0x0000,0x0000,0x0000,0x0000,
    0x0000,0x0000,0x0000,0x0000,0x0000,0x0000,0x0000,0x0000,0x0000,0x0000,0x0000,0x0000,0x0000,0x0000,0x0000,0x2104,
    0xB596,0xF79E,0xF79E,0xF79E,0xF79E,0xF79E,0xBDD7,0x18C3,0xABA3,0xEDE9,0xEDE9,0xEDE9,0xEDE9,0xEDE9,0xEDE9,0xEDE9,
    0xEDE9,0xEDE9,0xEDE9,0xEDE9,0xEDE9,0xEDE9,0xEDE9,0xC4C7,0x0000,0x0000,0x0000,0x0000,0x0000,0x0000,0x0000,0x0000,
    0x0000,0x0000,0x0000,0x0000,0x0000,0x0000,0x0000,0x0000,0x0000,0x0000,0x0000,0x0000,0x0000,0x0000,0x39C7,0xEF7D,
    0xF79E,0xF79E,0xF79E,0xF79E,0xF79E,0xF79E,0xF79E,0xEF9F,0xEE2E,0xED65,0xEDEA,0xEDE9,0xEDE9,0xEDE9,0xEDE9,0xEDE9,
    0xEDE9,0xEDE9,0xEDE9,0xEDE9,0xEDE9,0xEDE9,0xEDE9,0xEDE9,0x6AC4,0x0000,0x0000,0x0000,0x0000,0x0000,0x0000,0x0000,
    0x0000,0x0000,0x0000,0x0000,0x0000,0x0000,0x0000,0x0000,0x0000,0x0000,0x0000,0x0000,0x0000,0x10A2,0xF79E,0xF79E,
    0xF79E,0xF79E,0xF79E,0xF79E,0xF79E,0xF79E,0xF79E,0xF79E,0xF7DF,0xEE0B,0xED87,0xEDE9,0xEDE9,0xEDE9,0xEDE9,0xEDE9,
    0xEDE9,0xEDE9,0xEDE9,0xEDE9,0xEDE9,0xEDE9,0xEDE9,0xEDE9,0xE5A9,0x0000,0x0000,0x0000,0x0000,0x0000,0x0000,0x0000,
    0x0000,0x0000,0x0000,0x0000,0x0000,0x0000,0x0000,0x0000,0x0000,0x0000,0x0000,0x0020,0x0000,0xAD55,0xF79E,0xF79E,
    0xF79E,0xF79E,0xF79E,0xF79E,0xF79E,0xF79E,0xF79E,0xF79E,0xF7BF,0xF739,0xED86,0xEDC9,0xEDE9,0xEDE9,0xEDE9,0xEDE9,
    0xEDE9,0xEDE9,0xEDE9,0xEDE9,0xEDE9,0xEDE9,0xEDE9,0xEDE9,0xEDE9,0x5A23,0x0000,0x0000,0x0000,0x0000,0x0000,0x0000,
    0x0000,0x0000,0x0000,0x0000,0x0000,0x0000,0x0000,0x0000,0x0000,0x0000,0x0000,0x0000,0x18C3,0xE73C,0xF79E,0xF79E,
    0xF79E,0xF79E,0xF79E,0xF79E,0xF79E,0xF79E,0xF79E,0xF79E,0xF79E,0xF7BF,0xEE2C,0xED64,0xED86,0xED87,0xED86,0xEDA8,
    0xEE0A,0xEDE9,0xEDE9,0xEDE9,0xEDE9,0xEDE9,0xEDE9,0xEDE9,0xEDE9,0x9BC6,0x0000,0x0000,0x0000,0x0000,0x0000,0x0000,
    0x0000,0x0000,0x0000,0x0000,0x0000,0x0000,0x0000,0x0000,0x0000,0x0000,0x0000,0x0000,0x52AA,0xF79E,0xF79E,0xF79E,
    0xF79E,0xF79E,0xF79E,0xF79E,0xF79E,0xF79E,0xF79E,0xF79E,0xF79E,0xF7BF,0xEE4F,0xEE4F,0xF738,0xF759,0xF716,0xEE0B,
    0xED66,0xEDE9,0xEDE9,0xEDE9,0xEDE9,0xEDE9,0xEDE9,0xEDE9,0xEDE9,0xA406,0x0000,0x0000,0x0000,0x0000,0x0000,0x0000,
    0x0000,0x0000,0x0000,0x0000,0x0000,0x0000,0x0000,0x0000,0x0000,0x0000,0x0000,0x0000,0x5ACB,0xF79E,0xF79E,0xF79E,
    0xF79E,0xF79E,0xF79E,0xF79E,0xF79E,0xF79E,0xF79E,0xF79E,0xF79E,0xF79E,0xF79C,0xF7BF,0xF7BF,0xF79F,0xF7BF,0xF7BF,
    0xEE0C,0xEDA7,0xEDE9,0xEDE9,0xEDE9,0xEDE9,0xEDE9,0xEDE9,0xEDE9,0xA426,0x0000,0x0000,0x0000,0x0000,0x0000,0x0000,
    0x0000,0x0000,0x0000,0x0000,0x0000,0x0000,0x0000,0x0000,0x0000,0x0000,0x0020,0x10A2,0x630C,0xF79E,0xF79E,0xF79E,
    0xF79E,0xF79E,0xF79E,0xF79E,0xF79E,0xF79E,0xF79E,0xF79E,0xF79E,0xF79E,0xF7BF,0xF79E,0xF79E,0xF79E,0xF79E,0xF7BF,
    0xF79D,0xEDA8,0xEDC8,0xEDE9,0xEDE9,0xEDE9,0xEDE9,0xEDE9,0xEDE9,0xA406,0x0000,0x0000,0x0000,0x0000,0x0000,0x0000,
    0x0000,0x0000,0x0000,0x0000,0x0000,0x0000,0x0000,0x0000,0x0861,0x7BCF,0xC638,0xDEFB,0xDEFB,0xF79E,0xF79E,0xF79E,
    0xF79E,0xF79E,0xF79E,0xF79E,0xF79E,0xF79E,0xF79E,0xF79E,0xF79E,0xF79E,0xF79E,0xF79E,0xF79E,0xF79E,0xF79E,0xF79E,
    0xF7DF,0xEE4F,0xEDA7,0xEDE9,0xEDE9,0xEDE9,0xEDE9,0xEDE9,0xEDE9,0x93A5,0x0000,0x0000,0x0000,0x0000,0x0000,0x0000,
    0x0000,0x0000,0x0000,0x0000,0x0000,0x0000,0x0000,0x3186,0xDEFB,0xF79E,0xF79E,0xF79E,0xF79E,0xF79E,0xF79E,0xF79E,
    0xF79E,0xF79E,0xF79E,0xF79E,0xF79E,0xF79E,0xF79E,0xF79E,0xF79E,0xF79E,0xF79E,0xF79E,0xF79E,0xF79E,0xF79E,0xF79E,
    0xF7DF,0xEE91,0xED44,0xEDC8,0xEDEA,0xEDE9,0xEDE9,0xEDC9,0xEDE9,0x3982,0x0000,0x0000,0x0000,0x0000,0x0000,0x0000,
    0x0000,0x0000,0x0000,0x0000,0x0000,0x0000,0x1082,0xE73C,0xF79E,0xF79E,0xF79E,0xF79E,0xF79E,0xF79E,0xF79E,0xF79E,
    0xF79E,0xF79E,0xF79E,0xF79E,0xF79E,0xF79E,0xF79E,0xF79E,0xF79E,0xF79E,0xF79E,0xF79E,0xF79E,0xF79E,0xF79E,0xF79E,
    0xF7BF,0xEE4E,0xEDC9,0xEDC8,0xED86,0xEDC9,0xEDE9,0xEDE9,0xCD08,0x0000,0x0000,0x0000,0x0000,0x0000,0x0000,0x0000,
    0x0000,0x0000,0x0000,0x0000,0x0000,0x0000,0x9CD3,0xF79E,0xF79E,0xF79E,0xF79E,0xF79E,0xF79E,0xF79E,0xF79E,0xF79E,
    0xF79E,0xF79E,0xF79E,0xF79E,0xF79E,0xF79E,0xF79E,0xF79E,0xF79E,0xF79E,0xF79E,0xF79E,0xF79E,0xF79E,0xF79E,0xF79E,
    0xF79E,0xF79E,0xF7BE,0xF79E,0xEED4,0xED65,0xEDC8,0xEDE9,0x5A23,0x0000,0x0000,0x0000,0x0000,0x0000,0x0000,0x0000,
    0x0000,0x0000,0x0000,0x0000,0x0000,0x2124,0xE73C,0xF79E,0xF79E,0xF79E,0xF79E,0xF79E,0xF79E,0xF79E,0xF79E,0xF79E,
    0xF79E,0xF79E,0xF79E,0xF79E,0xF79E,0xF79E,0xF79E,0xF79E,0xF79E,0xF79E,0xF79E,0xF79E,0xF79E,0xF79E,0xF79E,0xF79E,
    0xF79E,0xF79E,0xF79E,0xF7BF,0xF7DF,0xEF18,0xED66,0x9BA5,0x0000,0x0000,0x0000,0x0000,0x0000,0x0000,0x0000,0x0000,
    0x0000,0x0000,0x0000,0x0000,0x0000,0x52AA,0xF79E,0xF79E,0xF79E,0xF79E,0xF79E,0xF79E,0xF79E,0xF79E,0xF79E,0xF79E,
    0xF79E,0xF79E,0xF79E,0xF79E,0xF79E,0xF79E,0xF79E,0xF79E,0xF79E,0xF79E,0xF79E,0xF79E,0xF79E,0xF79E,0xF79E,0xF79E,
    0xF79E,0xF79E,0xF79E,0xF79E,0xF79E,0xF7BF,0xACCE,0x0000,0x0000,0x0000,0x0000,0x0000,0x0000,0x0000,0x0000,0x0000,
    0x0000,0x0000,0x0000,0x0000,0x0000,0x5AEB,0xF79E,0xF79E,0xF79E,0xF79E,0xF79E,0xF79E,0xF79E,0xF79E,0xF79E,0xF79E,
    0xF79E,0xF79E,0xF79E,0xF79E,0xF79E,0xF79E,0xF79E,0xF79E,0xF79E,0xF79E,0xF79E,0xF79E,0xF79E,0xF79E,0xF79E,0xF79E,
    0xF79E,0xF79E,0xF79E,0xF79E,0xF79E,0xF79E,0xA556,0x0000,0x0000,0x0000,0x0000,0x0000,0x0000,0x0000,0x0000,0x0000,
    0x0000,0x0000,0x0000,0x0000,0x0000,0x4A49,0xF79E,0xF79E,0xF79E,0xF79E,0xF79E,0xF79E,0xF79E,0xF79E,0xF79E,0xF79E,
    0xF79E,0xF79E,0xF79E,0xF79E,0xF79E,0xF79E,0xF79E,0xF79E,0xF79E,0xF79E,0xF79E,0xF79E,0xF79E,0xF79E,0xF79E,0xF79E,
    0xF79E,0xF79E,0xF79E,0xF79E,0xF79E,0xF79E,0xEF7D,0x0000,0x0000,0x0000,0x0000,0x0000,0x0000,0x0000,0x0000,0x0000,
    0x0000,0x0000,0x0000,0x0000,0x0000,0x0841,0xD69A,0xF79E,0xF79E,0xF79E,0xF79E,0xF79E,0xF79E,0xF79E,0xF79E,0xF79E,
    0xF79E,0xF79E,0xF79E,0xF79E,0xF79E,0xF79E,0xF79E,0xF79E,0xF79E,0xF79E,0xF79E,0xF79E,0xF79E,0xF79E,0xF79E,0xF79E,
    0xF79E,0xF79E,0xF79E,0xF79E,0xF79E,0xF79E,0xDEFB,0x0000,0x0000,0x0000,0x0000,0x0000,0x0000,0x0000,0x0000,0x0000,
    0x0000,0x0000,0x0000,0x0000,0x0000,0x0000,0x6B4D,0xF79E,0xF79E,0xF79E,0xF79E,0xF79E,0xF79E,0xF79E,0xF79E,0xF79E,
    0xF7BE,0xF7BE,0xF79E,0xF79E,0xF79E,0xF79E,0xF79E,0xF79E,0xF79E,0xF79E,0xF79E,0xF79E,0xF79E,0xF79E,0xF79E,0xF79E,
    0xF79E,0xF79E,0xF79E,0xF79E,0xF79E,0xF79E,0x94B2,0x0000,0x0000,0x0000,0x0000,0x0000,0x0000,0x0000,0x0000,0x0000,
    0x0000,0x0000,0x0000,0x0000,0x0000,0x0000,0x0000,0xB596,0xF79E,0xF79E,0xF79E,0xF79E,0xF79E,0xF79E,0xF79E,0xF7BE,
    0xFFFF,0xFFDF,0xF79E,0xF79E,0xF79E,0xF79E,0xF79E,0xF79E,0xF79E,0xF79E,0xF79E,0xF79E,0xF79E,0xF79E,0xF79E,0xF79E,
    0xF79E,0xF79E,0xF79E,0xF79E,0xF79E,0xF79E,0x2945,0x0000,0x0000,0x0000,0x0000,0x0000,0x0000,0x0000,0x0000,0x0000,
    0x0000,0x0000,0x0000,0x0000,0x0000,0x0000,0x0000,0x0000,0x9492,0xF79E,0xF79E,0xF79E,0xF79E,0xF79E,0xF7BE,0xFFDF,
    0x4228,0x5AAB,0xFFFF,0xF7BE,0xF79E,0xF79E,0xF79E,0xF79E,0xF79E,0xF79E,0xF79E,0xF79E,0xF79E,0xF79E,0xF79E,0xF79E,
    0xF79E,0xF79E,0xF79E,0xF79E,0xE71C,0x39C7,0x0000,0x0000,0x0000,0x0000,0x0000,0x0000,0x0000,0x0000,0x0000,0x0000,
    0x0000,0x0000,0x0000,0x0000,0x0000,0x0000,0x0000,0x0000,0x0000,0x3186,0x6B4D,0x94B2,0x9CD3,0x94B2,0x94B2,0x8C31,
    0x2104,0x4A49,0x9CD3,0x94B2,0x94B2,0x94B2,0x94B2,0x94B2,0x94B2,0x94B2,0x9CD3,0x9CD3,0x9CD3,0x94B2,0x94B2,0x94B2,
    0x94B2,0x9CD3,0x94B2,0x630C,0x18C3,0x0000,0x0000,0x0000,0x0000,0x0000,0x0000,0x0000,0x0000,0x0000,0x0000,0x0000,
    0x0000,0x0000,0x0000,0x0000,0x0000,0x0000,0x0000,0x0000,0x0000,0x0000,0x0000,0x0000,0x0000,0x0000,0x0000,0x0000,
    0x4208,0x18C3,0x0000,0x0000,0x0000,0x0000,0x0000,0x0000,0x0000,0x0000,0x0000,0x0000,0x0000,0x0000,0x0000,0x0000,
    0x0000,0x0000,0x0000,0x0000,0x0000,0x0000,0x0000,0x0000,0x0000,0x0000,0x0000,0x0000,0x0000,0x0000,0x0000,0x0000,
    0x0000,0x0000,0x0000,0x0000,0x0000,0x0000,0x0000,0x0000,0x0000,0x0000,0x0000,0x0000,0x0000,0x0000,0x0000,0x0000,
    0x0000,0x0000,0x0000,0x0000,0x0000,0x0000,0x0000,0x0000,0x0000,0x0000,0x18E3,0x3186,0x0020,0x0000,0x0000,0x0000,
    0x0000,0x0000,0x0000,0x0000,0x0000,0x0000,0x0000,0x0000,0x0000,0x0000,0x0000,0x0000,0x0000,0x0000,0x0000,0x0000,
    0x0000,0x0000,0x0000,0x0000,0x0000,0x0000,0x0000,0x0000,0x0000,0x0000,0x0000,0x0000,0x0000,0x0000,0x0000,0x0000,
    0x0000,0x0000,0x0000,0x0000,0x2124,0x18E3,0x0000,0x0000,0x0000,0x0020,0x4229,0x4A49,0x10A2,0x0000,0x0000,0x0000,
    0x0000,0x0000,0x0000,0x0000,0x0000,0x0000,0x0000,0x0000,0x0000,0x0000,0x0000,0x0000,0x0000,0x0000,0x0000,0x0000,
    0x0000,0x0000,0x0000,0x0000,0x0000,0x0000,0x0000,0x0000,0x0000,0x0000,0x0000,0x0000,0x0000,0x0000,0x2965,0x2965,
    0x0000,0x0000,0x0000,0x0861,0x4A49,0x4A49,0x0841,0x0000,0x0000,0x0000,0x2965,0x3186,0x0000,0x0000,0x0000,0x0000,
    0x0000,0x0000,0x0000,0x0000,0x0000,0x0000,0x0000,0x0000,0x0000,0x0000,0x0000,0x0000,0x0000,0x0000,0x0000,0x0000,
    0x0000,0x0000,0x0000,0x0000,0x0000,0x0000,0x0000,0x0000,0x0000,0x0000,0x0000,0x0000,0x0000,0x0841,0x4A49,0x4A49,
    0x0020,0x0000,0x0000,0x2924,0x4A49,0x3186,0x0000,0x0000,0x0000,0x0000,0x0000,0x0000,0x0000,0x0000,0x0000,0x0000,
    0x0000,0x0000,0x0000,0x0000,0x0000,0x0000,0x0000,0x0000,0x0000,0x0000,0x0000,0x0000,0x0000,0x0000,0x0000,0x0000,
    0x0000,0x0000,0x0000,0x0000,0x0000,0x0000,0x0000,0x0000,0x0000,0x0000,0x0000,0x0000,0x0000,0x3186,0x4A49,0x2945,
    0x0000,0x0000,0x0000,0x31A6,0x4A49,0x10A2,0x0000,0x0000,0x0000,0x0000,0x0000,0x0000,0x0000,0x0000,0x0000,0x0000,
    0x0000,0x0000,0x0000,0x0000,0x0000,0x0000,0x0000,0x0000,0x0000,0x0000,0x0000,0x0000,0x0000,0x0000,0x0000,0x0000,
    0x0000,0x0000,0x0000,0x0000,0x0000,0x0000,0x0000,0x0000,0x0000,0x0000,0x0000,0x0000,0x0000,0x2965,0x4A49,0x1082,
    0x0000,0x0000,0x0000,0x0020,0x1082,0x0000,0x0000,0x0000,0x0000,0x0000,0x0000,0x0000,0x0000,0x0000,0x0000,0x0000,
    0x0000,0x0000,0x0000,0x0000,0x0000,0x0000,0x0000,0x0000,0x0000,0x0000,0x0000,0x0000,0x0000,0x0000,0x0000,0x0000,
    0x0000,0x0000,0x0000,0x0000,0x0000,0x0000,0x0000,0x0000,0x0000,0x0000,0x0000,0x0000,0x0000,0x0000,0x0020,0x0000,
    0x0000,0x0000,0x1082,0x10A2,0x0000,0x0000,0x0000,0x0000,0x3186,0x39C7,0x0841,0x0000,0x0000,0x0000,0x0000,0x0000,
    0x0000,0x0000,0x0000,0x0000,0x0000,0x0000,0x0000,0x0000,0x0000,0x0000,0x0000,0x0000,0x0000,0x0000,0x0000,0x0000,
    0x0000,0x0000,0x0000,0x0000,0x0000,0x0000,0x0000,0x0000,0x0000,0x0000,0x0000,0x0000,0x0000,0x0000,0x0000,0x0000,
    0x0000,0x0020,0x4A49,0x4A49,0x0841,0x0000,0x0000,0x0861,0x4A49,0x4A49,0x0861,0x0000,0x0000,0x0000,0x0000,0x0000,
    0x0000,0x0000,0x0000,0x0000,0x0000,0x0000,0x0000,0x0000,0x0000,0x0000,0x0000,0x0000,0x0000,0x0000,0x0000,0x0000,
    0x0000,0x0000,0x0000,0x0000,0x0000,0x0000,0x0000,0x0000,0x0000,0x0000,0x0000,0x0000,0x0000,0x0000,0x0000,0x0000,
    0x0000,0x0020,0x39C7,0x3186,0x0000,0x0000,0x0000,0x2945,0x4A49,0x3166,0x0000,0x0000,0x0000,0x0000,0x0000,0x0000,
    0x0000,0x0000,0x0000,0x0000,0x0000,0x0000,0x0000,0x0000,0x0000,0x0000,0x0000,0x0000,0x0000,0x0000,0x0000,0x0000,
    0x0000,0x0000,0x0000,0x0000,0x0000,0x0000,0x0000,0x0000,0x0000,0x0000,0x0000,0x0000,0x0000,0x0000,0x0000,0x0000,
    0x0000,0x0000,0x0000,0x0000,0x0000,0x0000,0x0000,0x0861,0x2945,0x0841,0x0000,0x0000,0x0000,0x0000,0x0000,0x0000,
    0x0000,0x0000,0x0000,0x0000,0x0000,0x0000,0x0000,0x0000,0x0000,0x0000,0x0000,0x0000,0x0000,0x0000,0x0000,0x0000,
    0x0000,0x0000,0x0000,0x0000,0x0000,0x0000,0x0000,0x0000,0x0000,0x0000,0x0000,0x0000,0x0000,0x0000,0x0000,0x0000,
    0x0000,0x0000,0x0000,0x0000,0x0000,0x0000,0x0000,0x0000,0x0000,0x0000,0x0000,0x0000,0x0000,0x0000,0x0000,0x0000,
    0x0000,0x0000,0x0000,0x0000,0x0000,0x0000,0x0000,0x0000,0x0000,0x0000,0x0000,0x0000,0x0000,0x0000,0x0000,0x0000,
  },
  /* гроза */ {
    0x0000,0x0000,0x0000,0x0000,0x0000,0x0000,0x0000,0x0000,0x0000,0x0000,0x0000,0x0000,0x0000,0x0000,0x0000,0x0000,
    0x0000,0x0000,0x0000,0x0000,0x0000,0x0000,0x0000,0x0000,0x0861,0x2945,0x39E7,0x4228,0x39E7,0x2945,0x0861,0x0000,
    0x0000,0x0000,0x0000,0x0000,0x0000,0x0000,0x0000,0x0000,0x0000,0x0000,0x0000,0x0000,0x0000,0x0000,0x0000,0x0000,
    0x0000,0x0000,0x0000,0x0000,0x0000,0x0000,0x0000,0x0000,0x0000,0x0000,0x0000,0x0000,0x0000,0x0000,0x0000,0x0000,
    0x0000,0x0000,0x0000,0x0000,0x0000,0x0000,0x0000,0x2945,0x4A49,0x4A49,0x4A49,0x4A49,0x4A49,0x4A49,0x4A49,0x2125,
    0x0000,0x0000,0x0000,0x0000,0x0000,0x0000,0x0000,0x0000,0x0000,0x0000,0x0000,0x0000,0x0000,0x0000,0x0000,0x0000,
    0x0000,0x0000,0x0000,0x0000,0x0000,0x0000,0x0000,0x0000,0x0000,0x0000,0x0000,0x0000,0x0000,0x0000,0x0000,0x0020,
    0x0000,0x0000,0x0020,0x0000,0x0000,0x0000,0x3166,0x4A49,0x4A49,0x4A29,0x4A49,0x4A49,0x4A49,0x4A29,0x4A49,0x4A49,
    0x2965,0x0000,0x0000,0x0000,0x0000,0x0000,0x0000,0x0000,0x0000,0x0000,0x0000,0x0000,0x0000,0x0000,0x0000,0x0000,
    0x0000,0x0000,0x0000,0x0000,0x0000,0x0000,0x0000,0x0000,0x0000,0x0000,0x0000,0x0000,0x0000,0x0000,0x0000,0x0000,
    0x0000,0x0000,0x0000,0x0000,0x0000,0x18C3,0x4A49,0x4A49,0x4A49,0x4A49,0x4A49,0x4A49,0x4A49,0x4A49,0x4A49,0x4A49,
    0x4A49,0x18C3,0x0000,0x0000,0x0000,0x0000,0x0000,0x0000,0x0000,0x0000,0x0000,0x0000,0x0000,0x0000,0x0000,0x0000,
    0x0000,0x0000,0x0000,0x0000,0x0000,0x0000,0x0000,0x0000,0x0000,0x0000,0x0000,0x0000,0x0000,0x0020,0x6B6D,0xA534,
    0xBDD7,0xBDD7,0xA534,0x73AE,0x0861,0x18C3,0x4228,0x4A49,0x4A49,0x4A49,0x4A49,0x4A49,0x4A49,0x4A49,0x4A49,0x4A49,
    0x4A49,0x39C7,0x0000,0x0000,0x0000,0x0000,0x0000,0x0000,0x0000,0x0000,0x0000,0x0000,0x0000,0x0000,0x0000,0x0000,
    0x0000,0x0000,0x0000,0x0000,0x0000,0x0000,0x0000,0x0000,0x0000,0x0000,0x0000,0x0000,0x630C,0xE71C,0xF79E,0xF79E,
    0xF79E,0xF79E,0xF79E,0xF7BE,0xFFDF,0x9CD3,0x2925,0x4228,0x4A49,0x4A49,0x4A49,0x4A49,0x4A49,0x4A49,0x4A49,0x4A49,
    0x4A29,0x4A49,0x0000,0x0020,0x18E3,0x18C3,0x0841,0x0000,0x0000,0x0000,0x0000,0x0000,0x0000,0x0000,0x0000,0x0000,
    0x0000,0x0000,0x0000,0x0000,0x0000,0x0000,0x0000,0x0000,0x0000,0x0000,0x0000,0x8410,0xF79E,0xF79E,0xF79E,0xF79E,
    0xF79E,0xF79E,0xF79E,0xF79E,0xF79E,0xFFFF,0xBDB7,0x2124,0x4229,0x4A49,0x4A49,0x4A49,0x4A49,0x4A49,0x4A49,0x4A49,
    0x4A29,0x4A49,0x2945,0x41E8,0x4A49,0x4A49,0x4228,0x2104,0x0000,0x0000,0x0000,0x0000,0x0000,0x0000,0x0000,0x0000,
    0x0000,0x0000,0x0000,0x0000,0x0000,0x0000,0x0000,0x0000,0x0000,0x0000,0x6B6D,0xF79E,0xF79E,0xF79E,0xF79E,0xF79E,
    0xF79E,0xF79E,0xF79E,0xF79E,0xF79E,0xF79E,0xFFFF,0x9CF4,0x2945,0x4A49,0x4A49,0x4A49,0x4A49,0x4A49,0x4A49,0x4A49,
    0x4A49,0x4A29,0x4A49,0x4A49,0x4A49,0x4A49,0x4A49,0x4A49,0x20E4,0x0000,0x0000,0x0000,0x0000,0x0000,0x0000,0x0000,
    0x0000,0x0000,0x0000,0x0000,0x0000,0x0000,0x0000,0x0000,0x0000,0x2104,0xEF5D,0xF79E,0xF79E,0xF79E,0xF79E,0xF79E,
    0xF79E,0xF79E,0xF79E,0xF79E,0xF79E,0xF79E,0xF7BE,0xFFFF,0x630C,0x31A6,0x4A49,0x4A49,0x4A49,0x4A49,0x4A49,0x4A49,
    0x4A49,0x4A49,0x4A49,0x4A49,0x4A49,0x4A49,0x4A49,0x4A49,0x4229,0x0000,0x0000,0x0000,0x0000,0x0000,0x0000,0x0000,
    0x0000,0x0000,0x0000,0x0000,0x0000,0x0000,0x0000,0x0000,0x0000,0x9491,0xF79E,0xF79E,0xF79E,0xF79E,0xF79E,0xF79E,
    0xF79E,0xF79E,0xF79E,0xF79E,0xF79E,0xF79E,0xF79E,0xFFFF,0xBDD7,0x2965,0x4229,0x39C7,0x39C7,0x39C7,0x4A29,0x4A69,
    0x4A29,0x4A49,0x4A49,0x4A49,0x4A49,0x4A49,0x4A49,0x4A29,0x4A49,0x1082,0x0000,0x0000,0x0000,0x0000,0x0000,0x0000,
    0x0000,0x0000,0x0000,0x0000,0x0000,0x0000,0x0000,0x0000,0x0000,0xC638,0xF79E,0xF79E,0xF79E,0xF79E,0xF79E,0xF79E,
    0xF79E,0xF79E,0xF79E,0xF79E,0xF79E,0xF79E,0xF79E,0xF7BE,0xFFDF,0x2966,0x31A6,0x630C,0x6B4D,0x5AEB,0x31A6,0x31A7,
    0x4A69,0x4A49,0x4A49,0x4A49,0x4A49,0x4A49,0x4A49,0x4A29,0x4A49,0x0841,0x0000,0x0000,0x0000,0x0000,0x0000,0x0000,
    0x0000,0x0000,0x0000,0x0000,0x0000,0x0000,0x0000,0x0000,0x0020,0xEF7D,0xF79E,0xF79E,0xF79E,0xF79E,0xF79E,0xF79E,
    0xF79E,0xF79E,0xF79E,0xF79E,0xF79E,0xF79E,0xF79E,0xF79E,0xFFDF,0x8430,0xD69A,0xFFFF,0xFFFF,0xFFFF,0xD69A,0x4A6A,
    0x2966,0x4A69,0x4A49,0x4A49,0x4A49,0x4A49,0x4A49,0x4A49,0x4228,0x39E7,0x39C7,0x2104,0x0020,0x0000,0x0000,0x0000,
    0x0000,0x0000,0x0000,0x0000,0x0000,0x0000,0x0000,0x0000,0x1082,0xF79E,0xF79E,0xF79E,0xF79E,0xF79E,0xF79E,0xF79E,
    0xF79E,0xF79E,0xF79E,0xF79E,0xF79E,0xF79E,0xF79E,0xF79E,0xEF9D,0xFFFF,0xFFFF,0xF7BE,0xF7BE,0xF7BE,0xFFFF,0xFFFF,
    0x528A,0x39C7,0x4A49,0x4A49,0x4A49,0x4A49,0x4A49,0x4A49,0x4A49,0x4A49,0x4A49,0x4A49,0x4228,0x0861,0x0000,0x0000,
    0x0000,0x0000,0x0000,0x0000,0x0000,0x0000,0x0000,0x0000,0x0000,0xDEFB,0xF79E,0xF79E,0xF79E,0xF79E,0xF79E,0xF79E,
    0xF79E,0xF79E,0xF79E,0xF79E,0xF79E,0xF79E,0xF79E,0xF79E,0xF79E,0xF79E,0xF79E,0xF79E,0xF79E,0xF79E,0xF79D,0xFFFF,
    0xD6BA,0x2966,0x4228,0x4A49,0x4A49,0x4A49,0x4A49,0x4A49,0x4A49,0x4A49,0x4A49,0x4A29,0x4A49,0x39E8,0x0000,0x0000,
    0x0000,0x0000,0x0000,0x0000,0x0861,0x7BEF,0xC618,0xDEDB,0xD6BA,0xEF5D,0xF79E,0xF79E,0xF79E,0xF79E,0xF79E,0xF79E,
    0xF79E,0xF79E,0xF79E,0xF79E,0xF79E,0xF79E,0xF79E,0xF79E,0xF79E,0xF79E,0xF79E,0xF79E,0xF79E,0xF79E,0xF79E,0xF7BE,
    0xFFFF,0x52AA,0x39C7,0x4A49,0x4A49,0x4A49,0x4A49,0x4A49,0x4A49,0x4A49,0x4A49,0x4A49,0x4A49,0x4A49,0x2104,0x0000,
    0x0000,0x0000,0x0000,0x4A49,0xD6BA,0xF79E,0xF79E,0xF79E,0xF79E,0xF79E,0xF79E,0xF79E,0xF79E,0xF79E,0xF79E,0xF79E,
    0xF79E,0xF79E,0xF79E,0xF79E,0xF79E,0xF79E,0xF79E,0xF79E,0xF79E,0xF79E,0xF79E,0xF79E,0xF79E,0xF79E,0xF79E,0xF7BE,
    0xFFFF,0x7BCF,0x3186,0x4A49,0x4A49,0x4A49,0x4A49,0x4A49,0x4A49,0x4A49,0x4A49,0x4A49,0x4A49,0x4A49,0x2945,0x0000,
    0x0000,0x0000,0x4A49,0xF79E,0xF79E,0xEF7D,0xF79E,0xF79E,0xF79E,0xF79E,0xF79E,0xF79E,0xF79E,0xF79E,0xF79E,0xF79E,
    0xF79E,0xF79E,0xF79E,0xF79E,0xF79E,0xF79E,0xF79E,0xF79E,0xF79E,0xF79E,0xF79E,0xF79E,0xF79E,0xF79E,0xF79E,0xF7BE,
    0xFFDF,0x4229,0x18C3,0x2945,0x39A7,0x4A49,0x4A49,0x4A49,0x4A49,0x4A49,0x4A49,0x4A49,0x4A49,0x4A49,0x2945,0x0000,
    0x0000,0x1082,0xF79E,0xF79E,0xF79E,0xF79E,0xF79E,0xF79E,0xF79E,0xF79E,0xF79E,0xF79E,0xF79E,0xF79E,0xF79E,0xF79E,
    0xF79E,0xF79E,0xF79E,0xF79E,0xF79E,0xF79E,0xF79E,0xF79E,0xF79E,0xF79E,0xF79E,0xF79E,0xF79E,0xF79E,0xF79E,0xF7BE,
    0xEF7D,0xBDD7,0xBDF7,0xB596,0x5ACB,0x2945,0x4A49,0x4A49,0x4A49,0x4A49,0x4A49,0x4A49,0x4A49,0x4A49,0x2104,0x0000,
    0x0000,0x8C51,0xF79E,0xF79E,0xF79E,0xF79E,0xF79E,0xF79E,0xF79E,0xF79E,0xF79E,0xF79E,0xF79E,0xF79E,0xF79E,0xF79E,
    0xF79E,0xF79E,0xF79E,0xF79E,0xF79E,0xF79E,0xF79E,0xF79E,0xF79E,0xF79E,0xF79E,0xF79E,0xF79E,0xF79E,0xF79E,0xF79E,
    0xF79E,0xFFFF,0xFFFF,0xFFFF,0xFFFF,0x9CF3,0x2124,0x4229,0x4A49,0x4A49,0x4A49,0x4A29,0x4A49,0x4208,0x0000,0x0000,
    0x10A2,0xD6BA,0xF79E,0xF79E,0xF79E,0xF79E,0xF79E,0xF79E,0xF79E,0xF79E,0xF79E,0xF79E,0xF79E,0xF79E,0xF79E,0xF79E,
    0xF79E,0xF79E,0xF79E,0xF79E,0xF79E,0xF79E,0xF79E,0xF79E,0xF79E,0xF79E,0xF79E,0xF79E,0xF79E,0xF79E,0xF79E,0xF79E,
    0xF79E,0xF79E,0xF79E,0xF79E,0xF7BE,0xFFFF,0xA514,0x2945,0x4A49,0x4A49,0x4A49,0x4A49,0x4228,0x1082,0x0000,0x0000,
    0x3186,0xF79E,0xF79E,0xF79E,0xF79E,0xF79E,0xF79E,0xF79E,0xF79E,0xF79E,0xF79E,0xF79E,0xF79E,0xF79E,0xF79E,0xF7BE,
    0xF7BE,0xF7BE,0xF7BE,0xF79E,0xF79E,0xF79E,0xF79E,0xF79E,0xF79E,0xF79E,0xF79E,0xF79E,0xF79E,0xF79E,0xF79E,0xF79E,
    0xF79E,0xF79E,0xF79E,0xF79E,0xF79E,0xF79E,0xFFFF,0x4A49,0x2124,0x39E7,0x39A7,0x2945,0x0841,0x0000,0x0000,0x0000,
    0x39C7,0xF79E,0xF79E,0xF79E,0xF79E,0xF79E,0xF79E,0xF79E,0xF79E,0xF79E,0xF79E,0xF79E,0xF79E,0xF79E,0xF7BF,0xF7BE,
    0xF7BE,0xF7BE,0xF7BE,0xF79E,0xF79E,0xF79E,0xF79E,0xF79E,0xF79E,0xF79E,0xF79E,0xF79E,0xF79E,0xF79E,0xF79E,0xF79E,
    0xF79E,0xF79E,0xF79E,0xF79E,0xF79E,0xF79E,0xF7BE,0x7BEF,0x0000,0x0000,0x0000,0x0000,0x0000,0x0000,0x0000,0x0000,
    0x3186,0xF79E,0xF79E,0xF79E,0xF79E,0xF79E,0xF79E,0xF79E,0xF79E,0xF79E,0xF79E,0xF79E,0xF79E,0xF7DF,0xF738,0xEDC8,
    0xEE0A,0xEE0B,0xEDC7,0xF6F5,0xF7DF,0xF79E,0xF79E,0xF79E,0xF79E,0xF79E,0xF79E,0xF79E,0xF79E,0xF79E,0xF79E,0xF79E,
    0xF79E,0xF79E,0xF79E,0xF79E,0xF79E,0xF79E,0xF79E,0xBDF7,0x0000,0x0000,0x0000,0x0000,0x0000,0x0000,0x0000,0x0000,
    0x0861,0xCE79,0xF79E,0xF79E,0xF79E,0xF79E,0xF79E,0xF79E,0xF79E,0xF79E,0xF79E,0xF79E,0xF79E,0xF7DF,0xEE2C,0xED85,
    0xEDC8,0xED85,0xEDC7,0xF7BE,0xF7BE,0xF79E,0xF79E,0xF79E,0xF79E,0xF79E,0xF79E,0xF79E,0xF79E,0xF79E,0xF79E,0xF79E,
    0xF79E,0xF79E,0xF79E,0xF79E,0xF79E,0xF79E,0xF79E,0xBDF7,0x0000,0x0000,0x0000,0x0000,0x0000,0x0000,0x0000,0x0000,
    0x0000,0x7BCF,0xF79E,0xF79E,0xF79E,0xF79E,0xF79E,0xF79E,0xF79E,0xF79E,0xF79E,0xF79D,0xF7DF,0xF717,0xED84,0xEE0A,
    0xEDEA,0xED85,0xF75A,0xF7DF,0xF79D,0xF79E,0xF79E,0xF79E,0xF79E,0xF79E,0xF79E,0xF79E,0xF79E,0xF79E,0xF79E,0xF79E,
    0xF79E,0xF79E,0xF79E,0xF79E,0xF79E,0xF79E,0xF79E,0x9492,0x0000,0x0000,0x0000,0x0000,0x0000,0x0000,0x0000,0x0000,
    0x0000,0x0020,0xEF5D,0xF79E,0xF79E,0xF79E,0xF79E,0xF79E,0xF79E,0xF79E,0xF79E,0xF79D,0xF7FF,0xEE2D,0xEDA7,0xEDEA,
    0xEDA6,0xEE4E,0xF7FF,0xF79E,0xF79E,0xF79E,0xF79E,0xF79E,0xF79E,0xF79E,0xF79E,0xF79E,0xF79E,0xF79E,0xF79E,0xF79E,
    0xF79E,0xF79E,0xF79E,0xF79E,0xF79E,0xF79E,0xF79E,0x39C7,0x0000,0x0000,0x0000,0x0000,0x0000,0x0000,0x0000,0x0000,
    0x0000,0x0000,0x3186,0xF79E,0xF79E,0xEF7D,0xF79E,0xF79E,0xF79E,0xF79E,0xF79E,0xF7DF,0xF738,0xED85,0xEDE9,0xEDC7,
    0xEDEA,0xF7DF,0xF7FF,0xF7DF,0xF79E,0xF79E,0xF79E,0xF79E,0xF79E,0xF79E,0xF79E,0xF79E,0xF79E,0xF79E,0xF79E,0xF79E,
    0xF79E,0xF79E,0xF79E,0xF79E,0xF79E,0xF79E,0x9CD3,0x0000,0x0000,0x0000,0x0000,0x0000,0x0000,0x0000,0x0000,0x0000,
    0x0000,0x0000,0x0000,0x2945,0xC638,0xF79E,0xF79E,0xF79E,0xF79E,0xF79E,0xF79E,0xF7DF,0xEE2C,0xEDA7,0xEDE9,0xEDC8,
    0xEE4D,0xEED4,0xEE6F,0xEE92,0xF7BF,0xF79E,0xF79E,0xF79E,0xF79E,0xF79E,0xF79E,0xF79E,0xF79E,0xF79E,0xF79E,0xF79E,
    0xF79E,0xF79E,0xF79E,0xF79E,0xF79E,0x94B2,0x0000,0x0000,0x0000,0x0000,0x0000,0x0000,0x0000,0x0000,0x0000,0x0000,
    0x0000,0x0000,0x0000,0x0000,0x0000,0x4A49,0x9492,0xC638,0xCE79,0xCE79,0xCE7A,0xD634,0xED85,0xEDC9,0xEDE9,0xEDE9,
    0xEDC8,0xEDA5,0xED84,0xCDF2,0xCE9A,0xCE79,0xCE79,0xCE79,0xCE79,0xCE79,0xCE79,0xCE79,0xCE79,0xCE79,0xCE79,0xCE79,
    0xCE79,0xCE79,0xC638,0x94B2,0x39E7,0x0000,0x0000,0x0000,0x0000,0x0000,0x0000,0x0000,0x0000,0x0000,0x0000,0x0000,
    0x0000,0x0000,0x0000,0x0000,0x0000,0x0000,0x0000,0x0000,0x0000,0x0000,0x0000,0xBC64,0xEDE9,0xEDE9,0xEDE9,0xEDE9,
    0xEDC9,0xEDE9,0x5A23,0x0000,0x0000,0x0000,0x0000,0x0000,0x0000,0x0000,0x0000,0x0000,0x0000,0x0000,0x0000,0x0000,
    0x0000,0x0000,0x0000,0x0000,0x0000,0x0000,0x0000,0x0000,0x0000,0x0000,0x0000,0x0000,0x0000,0x0000,0x0000,0x0000,
    0x0000,0x0000,0x0000,0x0000,0x0000,0x0000,0x0000,0x0000,0x0000,0x0000,0x1081,0x93C5,0x8B86,0xA406,0xEDE9,0xEDE9,
    0xEDE9,0x8345,0x0000,0x0000,0x0000,0x0000,0x0000,0x0000,0x0000,0x0000,0x0000,0x0000,0x0000,0x0000,0x0000,0x0000,
    0x0000,0x0000,0x0000,0x0000,0x0000,0x0000,0x0000,0x0000,0x0000,0x0000,0x0000,0x0000,0x0000,0x0000,0x0000,0x0000,
    0x0000,0x0000,0x0000,0x0000,0x0000,0x0000,0x0000,0x0000,0x0000,0x0000,0x0000,0x0000,0x0000,0x6AC4,0xEDE9,0xEDE9,
    0xA406,0x0000,0x0000,0x0000,0x0000,0x0000,0x0000,0x0000,0x0000,0x0000,0x0000,0x0000,0x0000,0x0000,0x0000,0x0000,
    0x0000,0x0000,0x0000,0x0000,0x0000,0x0000,0x0000,0x0000,0x0000,0x0000,0x0000,0x0000,0x0000,0x0000,0x0000,0x0000,
    0x0000,0x0000,0x0000,0x0000,0x0000,0x0000,0x0000,0x0000,0x0000,0x0000,0x0000,0x0000,0x0820,0xD548,0xEDE9,0xC4E8,
    0x0020,0x0000,0x0000,0x0000,0x0000,0x0000,0x0000,0x0000,0x0000,0x0000,0x0000,0x0000,0x0000,0x0000,0x0000,0x0000,
    0x0000,0x0000,0x0000,0x0000,0x0000,0x0000,0x0000,0x0000,0x0000,0x0000,0x0000,0x0000,0x0000,0x0000,0x0000,0x0000,
    0x0000,0x0000,0x0000,0x0000,0x0000,0x0000,0x0000,0x0000,0x0000,0x0000,0x0000,0x0000,0x6AA4,0xEDE9,0xDD88,0x1081,
    0x0000,0x0000,0x0000,0x0000,0x0000,0x0000,0x0000,0x0000,0x0000,0x0000,0x0000,0x0000,0x0000,0x0000,0x0000,0x0000,
    0x0000,0x0000,0x0000,0x0000,0x0000,0x0000,0x0000,0x0000,0x0000,0x0000,0x0000,0x0000,0x0000,0x0000,0x0000,0x0000,
    0x0000,0x0000,0x0000,0x0000,0x0000,0x0000,0x0000,0x0000,0x0000,0x0000,0x0000,0x0000,0xB487,0xEDE9,0x3962,0x0000,
    0x0000,0x0000,0x0000,0x0000,0x0000,0x0000,0x0000,0x0000,0x0000,0x0000,0x0000,0x0000,0x0000,0x0000,0x0000,0x0000,
    0x0000,0x0000,0x0000,0x0000,0x0000,0x0000,0x0000,0x0000,0x0000,0x0000,0x0000,0x0000,0x0000,0x0000,0x0000,0x0000,
    0x0000,0x0000,0x0000,0x0000,0x0000,0x0000,0x0000,0x0000,0x0000,0x0000,0x0000,0x3142,0xEDE9,0x5A43,0x0000,0x0000,
    0x0000,0x0000,0x0000,0x0000,0x0000,0x0000,0x0000,0x0000,0x0000,0x0000,0x0000,0x0000,0x0000,0x0000,0x0000,0x0000,
    0x0000,0x0000,0x0000,0x0000,0x0000,0x0000,0x0000,0x0000,0x0000,0x0000,0x0000,0x0000,0x0000,0x0000,0x0000,0x0000,
    0x0000,0x0000,0x0000,0x0000,0x0000,0x0000,0x0000,0x0000,0x0000,0x0000,0x0000,0xC4E8,0x8B85,0x0000,0x0000,0x0000,
    0x0000,0x0000,0x0000,0x0000,0x0000,0x0000,0x0000,0x0000,0x0000,0x0000,0x0000,0x0000,0x0000,0x0000,0x0000,0x0000,
    0x0000,0x0000,0x0000,0x0000,0x0000,0x0000,0x0000,0x0000,0x0000,0x0000,0x0000,0x0000,0x0000,0x0000,0x0000,0x0000,
    0x0000,0x0000,0x0000,0x0000,0x0000,0x0000,0x0000,0x0000,0x0000,0x0000,0x2901,0xB467,0x0000,0x0000,0x0000,0x0000,
    0x0000,0x0000,0x0000,0x0000,0x0000,0x0000,0x0000,0x0000,0x0000,0x0000,0x0000,0x0000,0x0000,0x0000,0x0000,0x0000,
    0x0000,0x0000,0x0000,0x0000,0x0000,0x0000,0x0000,0x0000,0x0000,0x0000,0x0000,0x0000,0x0000,0x0000,0x0000,0x0000,
  },
  /* сніг */ {
    0x0000,0x0000,0x0000,0x0000,0x0000,0x0000,0x0000,0x0000,0x0000,0x0000,0x0000,0x0000,0x0000,0x0000,0x0000,0x0000,
    0x0000,0x0000,0x0000,0x0000,0x0000,0x0000,0x0000,0x0000,0x0000,0x0000,0x0000,0x0000,0x0000,0x0000,0x0000,0x0000,
    0x0000,0x0000,0x0000,0x0000,0x0000,0x0000,0x0000,0x0000,0x0000,0x0000,0x0000,0x0000,0x0000,0x0000,0x0000,0x0000,
    0x0000,0x0000,0x0000,0x0000,0x0000,0x0000,0x0000,0x0000,0x0000,0x0000,0x0000,0x0000,0x0000,0x0000,0x0000,0x0000,
    0x0000,0x0000,0x0000,0x0000,0x0000,0x0000,0x0000,0x0000,0x0000,0x0000,0x0000,0x0000,0x0000,0x0000,0x0000,0x0000,
    0x0000,0x0000,0x0000,0x0000,0x0000,0x0000,0x0000,0x0000,0x0000,0x0000,0x0000,0x0000,0x0000,0x0000,0x0000,0x0000,
    0x0000,0x0000,0x0000,0x0000,0x0000,0x0000,0x0000,0x0000,0x0000,0x0000,0x0000,0x0000,0x0000,0x0000,0x0000,0x0000,
    0x0000,0x0000,0x0000,0x0000,0x0000,0x0000,0x0000,0x0000,0x0000,0x0000,0x0000,0x0000,0x0000,0x0000,0x0000,0x0000,
    0x0000,0x0000,0x0000,0x0000,0x0000,0x0000,0x0000,0x0000,0x0000,0x0000,0x0000,0x0000,0x0000,0x0000,0x0000,0x0000,
    0x0000,0x0000,0x0000,0x0000,0x0000,0x0000,0x0000,0x0000,0x0000,0x0000,0x0000,0x0000,0x0000,0x0000,0x0000,0x0000,
    0x0000,0x0000,0x0000,0x0000,0x0000,0x0000,0x0000,0x0000,0x0000,0x0000,0x0000,0x0000,0x0000,0x0000,0x0000,0x0000,
    0x0000,0x0000,0x0000,0x0000,0x0000,0x0000,0x0000,0x0000,0x0000,0x0000,0x0000,0x0000,0x0000,0x0000,0x0000,0x0000,
    0x0000,0x0000,0x0000,0x0000,0x0000,0x0000,0x0000,0x0000,0x0000,0x0000,0x0000,0x0000,0x0000,0x0000,0x0000,0x0000,
    0x0000,0x0000,0x0000,0x0000,0x0000,0x0000,0x0000,0x0020,0x0000,0x0000,0x0000,0x0000,0x0000,0x0000,0x0000,0x0000,
    0x0000,0x0000,0x0000,0x0000,0x0000,0x0000,0x0000,0x0000,0x0000,0x0000,0x0000,0x0000,0x0000,0x0000,0x0000,0x0000,
    0x0000,0x0000,0x0000,0x0000,0x0000,0x0000,0x0000,0x0000,0x0000,0x0000,0x0000,0x0000,0x0000,0x0000,0x0000,0x0000,
    0x0000,0x0000,0x0000,0x0000,0x0000,0x0000,0x10A2,0x630C,0x4208,0x0000,0x0000,0x0000,0x0000,0x0000,0x0000,0x0000,
    0x0000,0x0000,0x0000,0x0000,0x0000,0x0000,0x0000,0x0000,0x0000,0x0000,0x0000,0x0000,0x0000,0x0000,0x0000,0x0000,
    0x0000,0x0000,0x0000,0x0000,0x0000,0x0000,0x0000,0x0000,0x0000,0x0000,0x0000,0x0000,0x0000,0x0000,0x0000,0x0000,
    0x0000,0x0000,0x0000,0x0861,0x0000,0x0000,0x39C7,0x630C,0x630C,0x0000,0x0000,0x0841,0x0020,0x0000,0x0000,0x0000,
    0x0000,0x0000,0x0000,0x0000,0x0000,0x0000,0x0000,0x0000,0x0000,0x0000,0x0000,0x0000,0x0000,0x0000,0x0000,0x0000,
    0x0000,0x0000,0x0000,0x0000,0x0000,0x0000,0x0000,0x0000,0x0000,0x0000,0x0000,0x0000,0x0000,0x0000,0x0000,0x0000,
    0x0000,0x0000,0x3186,0x630C,0x4228,0x0000,0x3186,0x630C,0x630C,0x0000,0x18E3,0x630C,0x5ACB,0x0841,0x0000,0x0000,
    0x0000,0x0000,0x0000,0x0000,0x0000,0x0000,0x0000,0x0000,0x0000,0x0000,0x0000,0x0000,0x0000,0x0000,0x0000,0x0000,
    0x0000,0x0000,0x0000,0x0000,0x0000,0x0000,0x0000,0x0000,0x0000,0x0000,0x0000,0x0000,0x0000,0x0000,0x0000,0x0020,
    0x0020,0x0000,0x39C7,0x630C,0x630C,0x31A7,0x2945,0x630C,0x528A,0x18E3,0x630C,0x630C,0x630C,0x0841,0x0000,0x0861,
    0x0000,0x0000,0x0000,0x0000,0x0000,0x0000,0x0000,0x0000,0x0000,0x0000,0x0000,0x0000,0x0000,0x0000,0x0000,0x0000,
    0x0000,0x0000,0x0000,0x0000,0x0000,0x0000,0x0000,0x0000,0x0000,0x0000,0x0000,0x0000,0x0000,0x0000,0x0841,0x5ACB,
    0x5AEB,0x0861,0x0000,0x4A49,0x630C,0x630C,0x5AEB,0x630C,0x5AEC,0x630C,0x630C,0x630C,0x18C3,0x0000,0x39C7,0x630C,
    0x2965,0x0000,0x0000,0x0000,0x0000,0x0000,0x0000,0x0000,0x0000,0x0000,0x0000,0x0000,0x0000,0x0000,0x0000,0x0000,
    0x0000,0x0000,0x0000,0x0000,0x0000,0x0000,0x0000,0x0000,0x0000,0x0000,0x0000,0x0000,0x0000,0x0000,0x1082,0x630C,
    0x630C,0x2124,0x0000,0x0000,0x4A49,0x630C,0x630C,0x630C,0x630C,0x630C,0x630C,0x18E3,0x0000,0x0000,0x5AEB,0x630C,
    0x39E7,0x0000,0x0000,0x0000,0x0000,0x0000,0x0000,0x0000,0x0000,0x0000,0x0000,0x0000,0x0000,0x0000,0x0000,0x0000,
    0x0000,0x0000,0x0000,0x0000,0x0000,0x0000,0x0000,0x0000,0x0000,0x0000,0x0000,0x0862,0x2965,0x0000,0x0000,0x52AA,
    0x630C,0x39C7,0x0000,0x0000,0x0000,0x4A69,0x630C,0x630C,0x630C,0x630C,0x18E4,0x0000,0x0000,0x0861,0x630C,0x630C,
    0x18C3,0x0000,0x18E3,0x2125,0x0000,0x0000,0x0000,0x0000,0x0000,0x0000,0x0000,0x0000,0x0000,0x0000,0x0000,0x0000,
    0x0000,0x0000,0x0000,0x0000,0x0000,0x0000,0x0000,0x0000,0x0000,0x0000,0x0000,0x52AA,0x630C,0x5ACB,0x1082,0x39C7,
    0x630C,0x5ACB,0x0000,0x0000,0x0000,0x0000,0x4A69,0x630C,0x630C,0x18E3,0x0000,0x0000,0x0000,0x2965,0x630C,0x5AEC,
    0x1082,0x39C7,0x630C,0x630C,0x18E4,0x0000,0x0000,0x0000,0x0000,0x0000,0x0000,0x0000,0x0000,0x0000,0x0000,0x0000,
    0x0000,0x0000,0x0000,0x0000,0x0000,0x0000,0x0000,0x0000,0x0000,0x0000,0x0000,0x4208,0x630C,0x630C,0x630C,0x528A,
    0x630C,0x630C,0x10A3,0x0000,0x0000,0x0000,0x2966,0x630C,0x5AEB,0x0000,0x0000,0x0000,0x0000,0x4A69,0x630C,0x5AEB,
    0x5ACB,0x630C,0x630C,0x630C,0x1082,0x0000,0x0000,0x0000,0x0000,0x0000,0x0000,0x0000,0x0000,0x0000,0x0000,0x0000,
    0x0000,0x0000,0x0000,0x0000,0x0000,0x0000,0x0000,0x0000,0x0000,0x0000,0x0000,0x0000,0x2124,0x4A6A,0x630C,0x630C,
    0x630C,0x630C,0x31A6,0x0000,0x0000,0x0000,0x3186,0x630C,0x5AEC,0x0000,0x0000,0x0000,0x0841,0x5AEC,0x630C,0x630C,
    0x630C,0x5AEB,0x39C7,0x0841,0x0000,0x0000,0x0000,0x0000,0x0000,0x0000,0x0000,0x0000,0x0000,0x0000,0x0000,0x0000,
    0x0000,0x0000,0x0000,0x0000,0x0000,0x0000,0x0000,0x0000,0x0000,0x0000,0x0000,0x0000,0x0841,0x2104,0x630C,0x630C,
    0x630C,0x630C,0x5AEB,0x2945,0x0000,0x2104,0x5ACB,0x630C,0x630C,0x39E7,0x0020,0x1082,0x4A49,0x630C,0x630C,0x630C,
    0x630C,0x4228,0x0861,0x0000,0x0000,0x0000,0x0000,0x0000,0x0000,0x0000,0x0000,0x0000,0x0000,0x0000,0x0000,0x0000,
    0x0000,0x0000,0x0000,0x0000,0x0000,0x0000,0x0000,0x0000,0x0000,0x0000,0x0861,0x528A,0x630C,0x630C,0x630C,0x630C,
    0x630C,0x630C,0x630C,0x630C,0x52AB,0x630C,0x630C,0x630C,0x630C,0x630C,0x5ACB,0x5AEC,0x630C,0x630C,0x630C,0x630C,
    0x630C,0x630C,0x630C,0x5AEB,0x2945,0x0000,0x0000,0x0000,0x0000,0x0000,0x0000,0x0000,0x0000,0x0000,0x0000,0x0000,
    0x0000,0x0000,0x0000,0x0000,0x0000,0x0000,0x0000,0x0000,0x0000,0x0000,0x2966,0x630C,0x630C,0x630C,0x528A,0x4228,
    0x2945,0x18E3,0x4A69,0x630C,0x630C,0x630C,0x528A,0x2124,0x39C7,0x630C,0x630C,0x630C,0x5AEC,0x3186,0x18E3,0x39E7,
    0x4A49,0x5AEC,0x630C,0x630C,0x5ACB,0x0000,0x0000,0x0000,0x0000,0x0000,0x0000,0x0000,0x0000,0x0000,0x0000,0x0000,
    0x0000,0x0000,0x0000,0x0000,0x0000,0x0000,0x0000,0x0000,0x0000,0x0000,0x0020,0x39E7,0x39C7,0x18C3,0x0020,0x0000,
    0x0000,0x0000,0x0000,0x4229,0x630C,0x5ACB,0x0861,0x0000,0x0000,0x31A6,0x630C,0x630C,0x18C3,0x0000,0x0000,0x0000,
    0x0000,0x0861,0x2945,0x4229,0x18E4,0x0000,0x0000,0x0000,0x0000,0x0000,0x0000,0x0000,0x0000,0x0000,0x0000,0x0000,
    0x0000,0x0000,0x0000,0x0000,0x0000,0x0000,0x0000,0x0000,0x0000,0x0000,0x0000,0x0000,0x0000,0x0000,0x0000,0x0000,
    0x0000,0x0000,0x0000,0x3186,0x630C,0x4A6A,0x0000,0x0000,0x0000,0x2124,0x630C,0x5ACB,0x0020,0x0000,0x0000,0x0000,
    0x0000,0x0000,0x0000,0x0000,0x0000,0x0000,0x0000,0x0000,0x0000,0x0000,0x0000,0x0000,0x0000,0x0000,0x0000,0x0000,
    0x0000,0x0000,0x0000,0x0000,0x0000,0x0000,0x0000,0x0000,0x0000,0x0000,0x0861,0x4A49,0x4228,0x2124,0x0841,0x0000,
    0x0000,0x0000,0x0000,0x4A49,0x630C,0x5AEB,0x1082,0x0000,0x0000,0x39E7,0x630C,0x630C,0x2104,0x0000,0x0000,0x0000,
    0x0000,0x10A2,0x31A7,0x4A6A,0x2945,0x0000,0x0000,0x0000,0x0000,0x0000,0x0000,0x0000,0x0000,0x0000,0x0000,0x0000,
    0x0000,0x0000,0x0000,0x0000,0x0000,0x0000,0x0000,0x0000,0x0000,0x0000,0x2965,0x630C,0x630C,0x630C,0x630C,0x5ACB,
    0x31A6,0x2945,0x5AEC,0x630C,0x630C,0x630C,0x5AEC,0x31A6,0x4A6A,0x630C,0x630C,0x630C,0x630C,0x4228,0x2124,0x4A6A,
    0x630C,0x630C,0x630C,0x630C,0x5ACB,0x0000,0x0000,0x0000,0x0000,0x0000,0x0000,0x0000,0x0000,0x0000,0x0000,0x0000,
    0x0000,0x0000,0x0000,0x0000,0x0000,0x0000,0x0000,0x0000,0x0000,0x0000,0x0841,0x39E8,0x5ACB,0x630C,0x630C,0x630C,
    0x630C,0x630C,0x630C,0x630C,0x4A49,0x630C,0x630C,0x630C,0x630C,0x630C,0x4A6A,0x5ACB,0x630C,0x630C,0x630C,0x630C,
    0x630C,0x630C,0x5AEC,0x4A6A,0x2104,0x0000,0x0000,0x0000,0x0000,0x0000,0x0000,0x0000,0x0000,0x0000,0x0000,0x0000,
    0x0000,0x0000,0x0000,0x0000,0x0000,0x0000,0x0000,0x0000,0x0000,0x0000,0x0000,0x0000,0x0000,0x18C3,0x630C,0x630C,
    0x630C,0x630C,0x5AEB,0x18C3,0x0000,0x0861,0x528A,0x630C,0x630C,0x2945,0x0000,0x0020,0x4208,0x630C,0x630C,0x630C,
    0x630C,0x39E8,0x0020,0x0000,0x0000,0x0000,0x0000,0x0000,0x0000,0x0000,0x0000,0x0000,0x0000,0x0000,0x0000,0x0000,
    0x0000,0x0000,0x0000,0x0000,0x0000,0x0000,0x0000,0x0000,0x0000,0x0000,0x0000,0x0000,0x3186,0x5AEB,0x630C,0x630C,
    0x630C,0x630C,0x2965,0x0000,0x0000,0x0000,0x3186,0x630C,0x5AEC,0x0000,0x0000,0x0000,0x0020,0x5AEB,0x630C,0x630C,
    0x630C,0x630C,0x4A49,0x10A2,0x0000,0x0000,0x0000,0x0000,0x0000,0x0000,0x0000,0x0000,0x0000,0x0000,0x0000,0x0000,
    0x0000,0x0000,0x0000,0x0000,0x0000,0x0000,0x0000,0x0000,0x0000,0x0000,0x0000,0x4A6A,0x630C,0x630C,0x5AEB,0x4A69,
    0x630C,0x630C,0x10A2,0x0000,0x0000,0x0000,0x3186,0x630C,0x5AEC,0x0000,0x0000,0x0000,0x0000,0x4A49,0x630C,0x5ACB,
    0x52AA,0x630C,0x630C,0x630C,0x18C3,0x0000,0x0000,0x0000,0x0000,0x0000,0x0000,0x0000,0x0000,0x0000,0x0000,0x0000,
    0x0000,0x0000,0x0000,0x0000,0x0000,0x0000,0x0000,0x0000,0x0000,0x0000,0x0000,0x4A6A,0x630C,0x4A49,0x0020,0x39E7,
    0x630C,0x52AA,0x0000,0x0000,0x0000,0x0021,0x5ACB,0x630C,0x630C,0x2945,0x0000,0x0000,0x0000,0x2125,0x630C,0x630C,
    0x0841,0x2945,0x630C,0x630C,0x18C3,0x0000,0x0000,0x0000,0x0000,0x0000,0x0000,0x0000,0x0000,0x0000,0x0000,0x0000,
    0x0000,0x0000,0x0000,0x0000,0x0000,0x0000,0x0000,0x0000,0x0000,0x0000,0x0000,0x0841,0x2124,0x0000,0x0000,0x52AB,
    0x630C,0x39C7,0x0000,0x0000,0x0020,0x52AB,0x630C,0x630C,0x630C,0x630C,0x2945,0x0000,0x0000,0x0841,0x630C,0x630C,
    0x2124,0x0000,0x10A2,0x18E3,0x0000,0x0000,0x0000,0x0000,0x0000,0x0000,0x0000,0x0000,0x0000,0x0000,0x0000,0x0000,
    0x0000,0x0000,0x0000,0x0000,0x0000,0x0000,0x0000,0x0000,0x0000,0x0000,0x0000,0x0000,0x0000,0x0000,0x10A2,0x630C,
    0x630C,0x2104,0x0000,0x0841,0x5ACB,0x630C,0x630C,0x630C,0x630C,0x630C,0x630C,0x2965,0x0000,0x0000,0x5ACB,0x630C,
    0x4208,0x0000,0x0000,0x0000,0x0000,0x0000,0x0000,0x0000,0x0000,0x0000,0x0000,0x0000,0x0000,0x0000,0x0000,0x0000,
    0x0000,0x0000,0x0000,0x0000,0x0000,0x0000,0x0000,0x0000,0x0000,0x0000,0x0000,0x0000,0x0000,0x0000,0x0020,0x4A69,
    0x4A6A,0x0020,0x0841,0x52AB,0x630C,0x630C,0x52AA,0x630C,0x5ACB,0x5AEB,0x630C,0x630C,0x2945,0x0000,0x2945,0x5AEC,
    0x2124,0x0000,0x0000,0x0000,0x0000,0x0000,0x0000,0x0000,0x0000,0x0000,0x0000,0x0000,0x0000,0x0000,0x0000,0x0000,
    0x0000,0x0000,0x0000,0x0000,0x0000,0x0000,0x0000,0x0000,0x0000,0x0000,0x0000,0x0000,0x0000,0x0000,0x0000,0x0020,
    0x0020,0x0000,0x4208,0x630C,0x630C,0x2965,0x2945,0x630C,0x52AA,0x1082,0x5ACB,0x630C,0x630C,0x0841,0x0000,0x0841,
    0x0000,0x0000,0x0000,0x0000,0x0000,0x0000,0x0000,0x0000,0x0000,0x0000,0x0000,0x0000,0x0000,0x0000,0x0000,0x0000,
    0x0000,0x0000,0x0000,0x0000,0x0000,0x0000,0x0000,0x0000,0x0000,0x0000,0x0000,0x0000,0x0000,0x0000,0x0000,0x0000,
    0x0000,0x0000,0x2945,0x5AEC,0x31A7,0x0000,0x31A6,0x630C,0x630C,0x0000,0x1082,0x52AB,0x4A69,0x0020,0x0000,0x0000,
    0x0000,0x0000,0x0000,0x0000,0x0000,0x0000,0x0000,0x0000,0x0000,0x0000,0x0000,0x0000,0x0000,0x0000,0x0000,0x0000,
    0x0000,0x0000,0x0000,0x0000,0x0000,0x0000,0x0000,0x0000,0x0000,0x0000,0x0000,0x0000,0x0000,0x0000,0x0000,0x0000,
    0x0000,0x0000,0x0000,0x0841,0x0000,0x0000,0x31A6,0x630C,0x630C,0x0000,0x0000,0x0020,0x0020,0x0000,0x0000,0x0000,
    0x0000,0x0000,0x0000,0x0000,0x0000,0x0000,0x0000,0x0000,0x0000,0x0000,0x0000,0x0000,0x0000,0x0000,0x0000,0x0000,
    0x0000,0x0000,0x0000,0x0000,0x0000,0x0000,0x0000,0x0000,0x0000,0x0000,0x0000,0x0000,0x0000,0x0000,0x0000,0x0000,
    0x0000,0x0000,0x0000,0x0000,0x0000,0x0000,0x0862,0x52AB,0x3186,0x0000,0x0000,0x0000,0x0000,0x0000,0x0000,0x0000,
    0x0000,0x0000,0x0000,0x0000,0x0000,0x0000,0x0000,0x0000,0x0000,0x0000,0x0000,0x0000,0x0000,0x0000,0x0000,0x0000,
    0x0000,0x0000,0x0000,0x0000,0x0000,0x0000,0x0000,0x0000,0x0000,0x0000,0x0000,0x0000,0x0000,0x0000,0x0000,0x0000,
    0x0000,0x0000,0x0000,0x0000,0x0000,0x0000,0x0000,0x0000,0x0000,0x0000,0x0000,0x0000,0x0000,0x0000,0x0000,0x0000,
    0x0000,0x0000,0x0000,0x0000,0x0000,0x0000,0x0000,0x0000,0x0000,0x0000,0x0000,0x0000,0x0000,0x0000,0x0000,0x0000,
    0x0000,0x0000,0x0000,0x0000,0x0000,0x0000,0x0000,0x0000,0x0000,0x0000,0x0000,0x0000,0x0000,0x0000,0x0000,0x0000,
    0x0000,0x0000,0x0000,0x0000,0x0000,0x0000,0x0000,0x0000,0x0000,0x0000,0x0000,0x0000,0x0000,0x0000,0x0000,0x0000,
    0x0000,0x0000,0x0000,0x0000,0x0000,0x0000,0x0000,0x0000,0x0000,0x0000,0x0000,0x0000,0x0000,0x0000,0x0000,0x0000,
    0x0000,0x0000,0x0000,0x0000,0x0000,0x0000,0x0000,0x0000,0x0000,0x0000,0x0000,0x0000,0x0000,0x0000,0x0000,0x0000,
    0x0000,0x0000,0x0000,0x0000,0x0000,0x0000,0x0000,0x0000,0x0000,0x0000,0x0000,0x0000,0x0000,0x0000,0x0000,0x0000,
    0x0000,0x0000,0x0000,0x0000,0x0000,0x0000,0x0000,0x0000,0x0000,0x0000,0x0000,0x0000,0x0000,0x0000,0x0000,0x0000,
    0x0000,0x0000,0x0000,0x0000,0x0000,0x0000,0x0000,0x0000,0x0000,0x0000,0x0000,0x0000,0x0000,0x0000,0x0000,0x0000,
    0x0000,0x0000,0x0000,0x0000,0x0000,0x0000,0x0000,0x0000,0x0000,0x0000,0x0000,0x0000,0x0000,0x0000,0x0000,0x0000,
    0x0000,0x0000,0x0000,0x0000,0x0000,0x0000,0x0000,0x0000,0x0000,0x0000,0x0000,0x0000,0x0000,0x0000,0x0000,0x0000,
  },
  /* туман */ {
    0x0000,0x0000,0x0000,0x0000,0x0000,0x0000,0x0000,0x0000,0x0000,0x0000,0x0000,0x0000,0x0000,0x0000,0x0000,0x0000,
    0x0000,0x0000,0x0000,0x0000,0x0000,0x0000,0x0000,0x0000,0x0000,0x0000,0x0000,0x0000,0x0000,0x0000,0x0000,0x0000,
    0x0000,0x0000,0x0000,0x0000,0x0000,0x0000,0x0000,0x0000,0x0000,0x0000,0x0000,0x0000,0x0000,0x0000,0x0000,0x0000,
    0x0000,0x0000,0x0000,0x0000,0x0000,0x0000,0x0000,0x0000,0x0000,0x0000,0x0000,0x0000,0x0000,0x0000,0x0000,0x0000,
    0x0000,0x0000,0x0000,0x0000,0x0000,0x0000,0x0000,0x0000,0x0000,0x0000,0x0000,0x0000,0x0000,0x0000,0x0000,0x0000,
    0x0000,0x0000,0x0000,0x0000,0x0000,0x0000,0x0000,0x0000,0x0000,0x0000,0x0000,0x0000,0x0000,0x0000,0x0000,0x0000,
    0x0000,0x0000,0x0000,0x0000,0x0000,0x0000,0x0000,0x0000,0x0000,0x0000,0x0000,0x0000,0x0000,0x0000,0x0000,0x0000,
    0x0000,0x0000,0x0000,0x0000,0x0000,0x0000,0x0000,0x0000,0x0000,0x0000,0x0000,0x0000,0x0000,0x0000,0x0000,0x0000,
    0x0000,0x0000,0x0000,0x0000,0x0000,0x0000,0x0000,0x0000,0x0000,0x0000,0x0000,0x0000,0x0000,0x0000,0x0000,0x0000,
    0x0000,0x0000,0x0000,0x0000,0x0000,0x0000,0x0000,0x0000,0x0000,0x0000,0x0000,0x0000,0x0000,0x0000,0x0000,0x0000,
    0x0000,0x0000,0x0000,0x0000,0x0000,0x0000,0x0000,0x0000,0x0000,0x0000,0x0000,0x0000,0x0000,0x0000,0x0000,0x0000,
    0x0000,0x0000,0x0000,0x0000,0x0000,0x0000,0x0000,0x0000,0x0000,0x0000,0x0000,0x0000,0x0000,0x0000,0x0000,0x0000,
    0x0000,0x0000,0x0000,0x0000,0x0000,0x0000,0x0000,0x0000,0x0000,0x0000,0x0000,0x0000,0x0000,0x0000,0x0000,0x0000,
    0x0000,0x0000,0x0000,0x0000,0x0000,0x0000,0x0000,0x0000,0x0000,0x0000,0x0000,0x0000,0x0000,0x0000,0x0000,0x0000,
    0x0000,0x0000,0x0000,0x0000,0x0000,0x0000,0x0000,0x0000,0x0000,0x0000,0x0000,0x0000,0x0000,0x0000,0x0000,0x0000,
    0x0000,0x0000,0x0000,0x0000,0x0000,0x0000,0x0000,0x0000,0x0000,0x0000,0x0000,0x0000,0x0000,0x0000,0x0000,0x0000,
    0x0000,0x0000,0x0000,0x0000,0x0000,0x0000,0x0000,0x0000,0x0000,0x0000,0x0000,0x0000,0x0000,0x0000,0x0000,0x0000,
    0x0000,0x0000,0x0000,0x0000,0x0000,0x0000,0x0000,0x0000,0x0000,0x0000,0x0000,0x0000,0x0000,0x0000,0x0000,0x0000,
    0x0000,0x0000,0x0000,0x0000,0x0000,0x0000,0x0000,0x0000,0x0000,0x0000,0x0000,0x0000,0x0000,0x0000,0x0000,0x0000,
    0x0000,0x0000,0x0000,0x0000,0x0000,0x0000,0x0000,0x0000,0x0000,0x0000,0x0000,0x0000,0x0000,0x0000,0x0000,0x0000,
    0x0000,0x0000,0x0000,0x0000,0x0000,0x0000,0x0000,0x0000,0x0000,0x0000,0x0000,0x0000,0x0000,0x0000,0x0000,0x0000,
    0x0000,0x0000,0x0000,0x0000,0x0000,0x0000,0x0000,0x0000,0x0000,0x0000,0x0000,0x0000,0x0000,0x0000,0x0000,0x0000,
    0x18C3,0x18C3,0x18C3,0x18C3,0x18C3,0x18C3,0x18C3,0x18C3,0x18C3,0x18C3,0x18C3,0x10A2,0x0000,0x0000,0x0000,0x0000,
    0x0000,0x0000,0x0000,0x0000,0x0000,0x0000,0x0000,0x0000,0x0000,0x0000,0x0000,0x0000,0x0000,0x0000,0x0000,0x0000,
    0x0000,0x0000,0x0000,0x0000,0x0000,0x0000,0x0000,0x0000,0x0000,0x0000,0x0000,0x0000,0x0000,0x0000,0x0000,0x18E3,
    0x73AE,0x73AE,0x73AE,0x73AE,0x73AE,0x73AE,0x73AE,0x73AE,0x73AE,0x73AE,0x73AE,0x73AE,0x0861,0x0000,0x0000,0x0000,
    0x0000,0x0000,0x0000,0x0000,0x0000,0x0000,0x0000,0x0000,0x0000,0x0000,0x0000,0x0000,0x0000,0x0000,0x0000,0x0000,
    0x0000,0x0000,0x0000,0x0000,0x0000,0x0000,0x0000,0x0000,0x0000,0x0000,0x0000,0x0000,0x0000,0x0000,0x0000,0x0020,
    0x4A69,0x528A,0x4A6A,0x4A6A,0x4A6A,0x4A6A,0x4A6A,0x4A6A,0x4A6A,0x4A6A,0x52AA,0x4208,0x0000,0x0000,0x0000,0x0000,
    0x0000,0x0000,0x0000,0x0000,0x0000,0x0000,0x0000,0x0000,0x0000,0x0000,0x0000,0x0000,0x0000,0x0000,0x0000,0x0000,
    0x0000,0x0000,0x0000,0x0000,0x0000,0x0000,0x0000,0x0000,0x0000,0x0000,0x0000,0x0000,0x0000,0x0000,0x0000,0x0000,
    0x0000,0x0000,0x0000,0x0000,0x0000,0x0000,0x0000,0x0000,0x0000,0x0000,0x0000,0x0000,0x0000,0x0000,0x0000,0x0000,
    0x0000,0x0000,0x0000,0x0000,0x0000,0x0000,0x0000,0x0000,0x0000,0x0000,0x0000,0x0000,0x0000,0x0000,0x0000,0x0000,
    0x0000,0x0000,0x0000,0x0000,0x0000,0x0000,0x0000,0x0000,0x0000,0x0000,0x0000,0x0000,0x0000,0x0000,0x0000,0x0000,
    0x0000,0x0000,0x0000,0x0000,0x0000,0x0000,0x0000,0x0000,0x0000,0x0000,0x0000,0x0000,0x0000,0x0000,0x0000,0x0000,
    0x0000,0x0000,0x0000,0x0000,0x0000,0x0000,0x0000,0x0000,0x0000,0x0000,0x0000,0x0000,0x0000,0x0000,0x0000,0x0000,
    0x0000,0x0000,0x0000,0x0000,0x0000,0x0000,0x0000,0x39E7,0x632C,0x5AEC,0x5AEB,0x5AEC,0x5AEC,0x5AEC,0x5AEC,0x5AEC,
    0x5AEC,0x5AEC,0x5AEC,0x5AEC,0x5AEC,0x5AEC,0x5AEC,0x5AEC,0x5AEC,0x5AEC,0x5AEC,0x5AEB,0x630C,0x5AEB,0x0861,0x0000,
    0x0000,0x0000,0x0000,0x0000,0x0000,0x0000,0x0000,0x0000,0x0000,0x0000,0x0000,0x0000,0x0000,0x0000,0x0000,0x0000,
    0x0000,0x0000,0x0000,0x0000,0x0000,0x0000,0x0000,0x528A,0x73AE,0x6B4D,0x6B4D,0x6B6D,0x6B6D,0x6B6D,0x6B6D,0x6B6D,
    0x6B6D,0x6B6D,0x6B6D,0x6B6D,0x6B6D,0x6B6D,0x6B6D,0x6B6D,0x6B6D,0x6B6D,0x6B6D,0x6B4D,0x6B6D,0x738E,0x18C3,0x0000,
    0x0000,0x0000,0x0000,0x0000,0x0000,0x0000,0x0000,0x0000,0x0000,0x0000,0x0000,0x0000,0x0000,0x0000,0x0000,0x0000,
    0x0000,0x0000,0x0000,0x0000,0x0000,0x0000,0x0000,0x0000,0x0000,0x0000,0x0000,0x0000,0x0000,0x0000,0x0000,0x0000,
    0x0000,0x0000,0x0000,0x0000,0x0000,0x0000,0x0000,0x0000,0x0000,0x0000,0x0000,0x0000,0x0000,0x0000,0x0000,0x0000,
    0x0000,0x0000,0x0000,0x0000,0x0000,0x0000,0x0000,0x0000,0x0000,0x0000,0x0000,0x0000,0x0000,0x0000,0x0000,0x0000,
    0x0000,0x0000,0x0000,0x0000,0x0000,0x0000,0x0000,0x0000,0x0000,0x0000,0x0000,0x0000,0x0000,0x0000,0x0000,0x0000,
    0x0000,0x0000,0x0000,0x0000,0x0000,0x0000,0x0000,0x0000,0x0000,0x0000,0x0000,0x0000,0x0000,0x0000,0x0000,0x0000,
    0x0000,0x0000,0x0000,0x0000,0x0000,0x0000,0x0000,0x0000,0x0000,0x0000,0x0000,0x0000,0x0000,0x0000,0x0000,0x0000,
    0x0000,0x0000,0x0000,0x0000,0x0000,0x0000,0x0000,0x0000,0x0000,0x0000,0x0000,0x0000,0x0000,0x0000,0x0000,0x2104,
    0x2965,0x2945,0x2945,0x2945,0x2945,0x2945,0x2945,0x2945,0x2945,0x2945,0x2945,0x2945,0x2945,0x2945,0x2945,0x2945,
    0x2945,0x2945,0x2945,0x2945,0x2945,0x2945,0x2945,0x2945,0x2965,0x2945,0x0841,0x0000,0x0000,0x0000,0x0000,0x0000,
    0x0000,0x0000,0x0000,0x0000,0x0000,0x0000,0x0000,0x0000,0x0000,0x0000,0x0000,0x0000,0x0000,0x0000,0x1082,0x73AE,
    0x73AE,0x73AE,0x73AE,0x73AE,0x73AE,0x73AE,0x73AE,0x73AE,0x73AE,0x73AE,0x73AE,0x73AE,0x73AE,0x73AE,0x73AE,0x73AE,
    0x73AE,0x73AE,0x73AE,0x73AE,0x73AE,0x73AE,0x73AE,0x73AE,0x73AE,0x73AE,0x2966,0x0000,0x0000,0x0000,0x0000,0x0000,
    0x0000,0x0000,0x0000,0x0000,0x0000,0x0000,0x0000,0x0000,0x0000,0x0000,0x0000,0x0000,0x0000,0x0000,0x0000,0x2104,
    0x2966,0x2945,0x2945,0x2945,0x2945,0x2945,0x2945,0x2945,0x2945,0x2945,0x2945,0x2945,0x2945,0x2945,0x2945,0x2945,
    0x2945,0x2945,0x2945,0x2945,0x2945,0x2945,0x2945,0x2945,0x2965,0x2965,0x0841,0x0000,0x0000,0x0000,0x0000,0x0000,
    0x0000,0x0000,0x0000,0x0000,0x0000,0x0000,0x0000,0x0000,0x0000,0x0000,0x0000,0x0000,0x0000,0x0000,0x0000,0x0000,
    0x0000,0x0000,0x0000,0x0000,0x0000,0x0000,0x0000,0x0000,0x0000,0x0000,0x0000,0x0000,0x0000,0x0000,0x0000,0x0000,
    0x0000,0x0000,0x0000,0x0000,0x0000,0x0000,0x0000,0x0000,0x0000,0x0000,0x0000,0x0000,0x0000,0x0000,0x0000,0x0000,
    0x0000,0x0000,0x0000,0x0000,0x0000,0x1082,0x18C3,0x18C3,0x18C3,0x18C3,0x18C3,0x18C3,0x18C3,0x18C3,0x18C3,0x18C3,
    0x18C3,0x18C3,0x18C3,0x18C3,0x18C3,0x18C3,0x18C3,0x18C3,0x18C3,0x18C3,0x18C3,0x18C3,0x18C3,0x18C3,0x18C3,0x18E3,
    0x0020,0x0000,0x0000,0x0000,0x0000,0x0000,0x0000,0x0000,0x0000,0x0000,0x0000,0x0000,0x0000,0x0000,0x0000,0x0000,
    0x0000,0x0000,0x0000,0x0000,0x0020,0x73AE,0x73AE,0x73AE,0x73AE,0x73AE,0x73AE,0x73AE,0x73AE,0x73AE,0x73AE,0x73AE,
    0x73AE,0x73AE,0x73AE,0x73AE,0x73AE,0x73AE,0x73AE,0x73AE,0x73AE,0x73AE,0x73AE,0x73AE,0x73AE,0x73AE,0x73AE,0x73AE,
    0x4208,0x0000,0x0000,0x0000,0x0000,0x0000,0x0000,0x0000,0x0000,0x0000,0x0000,0x0000,0x0000,0x0000,0x0000,0x0000,
    0x0000,0x0000,0x0000,0x0000,0x0000,0x39E7,0x4A6A,0x4A69,0x4A69,0x4A69,0x4A69,0x4A69,0x4A69,0x4A69,0x4A69,0x4A69,
    0x4A69,0x4A69,0x4A69,0x4A69,0x4A69,0x4A69,0x4A69,0x4A69,0x4A69,0x4A69,0x4A69,0x4A69,0x4A69,0x4A69,0x4A69,0x528A,
    0x18E3,0x0000,0x0000,0x0000,0x0000,0x0000,0x0000,0x0000,0x0000,0x0000,0x0000,0x0000,0x0000,0x0000,0x0000,0x0000,
    0x0000,0x0000,0x0000,0x0000,0x0000,0x0000,0x0000,0x0000,0x0000,0x0000,0x0000,0x0000,0x0000,0x0000,0x0000,0x0000,
    0x0000,0x0000,0x0000,0x0000,0x0000,0x0000,0x0000,0x0000,0x0000,0x0000,0x0000,0x0000,0x0000,0x0000,0x0000,0x0000,
    0x0000,0x0000,0x0000,0x0000,0x0000,0x0000,0x0000,0x0000,0x0000,0x0000,0x0000,0x0000,0x0000,0x0000,0x0000,0x0000,
    0x0000,0x0000,0x0000,0x0000,0x0000,0x0000,0x0000,0x0000,0x0000,0x0000,0x0000,0x0841,0x1082,0x0861,0x0861,0x0861,
    0x0861,0x0861,0x0861,0x0861,0x0861,0x0861,0x0861,0x0861,0x0861,0x0861,0x0861,0x0861,0x0861,0x0861,0x0861,0x0861,
    0x0862,0x0862,0x0862,0x0862,0x1082,0x0861,0x0000,0x0000,0x0000,0x0000,0x0000,0x0000,0x0000,0x0000,0x0000,0x0000,
    0x0000,0x0000,0x0000,0x0000,0x0000,0x0000,0x0000,0x0000,0x0000,0x0000,0x18E3,0x6B6E,0x738E,0x6B6E,0x6B6E,0x6B6E,
    0x6B6E,0x6B6E,0x6B6E,0x6B6E,0x6B6E,0x6B6E,0x6B6E,0x6B6E,0x6B6E,0x6B6E,0x6B6E,0x6B6E,0x6B6E,0x6B6E,0x6B6E,0x6B6E,
    0x6B6E,0x6B6E,0x6B6E,0x6B6E,0x738E,0x73AE,0x18C3,0x0000,0x0000,0x0000,0x0000,0x0000,0x0000,0x0000,0x0000,0x0000,
    0x0000,0x0000,0x0000,0x0000,0x0000,0x0000,0x0000,0x0000,0x0000,0x0000,0x18C3,0x632D,0x6B4D,0x632D,0x632D,0x632D,
    0x632D,0x632D,0x632D,0x632D,0x632D,0x632D,0x632D,0x632D,0x632D,0x632D,0x632D,0x632D,0x632D,0x632D,0x632D,0x632D,
    0x632D,0x632D,0x632D,0x632D,0x6B4D,0x6B4D,0x10A2,0x0000,0x0000,0x0000,0x0000,0x0000,0x0000,0x0000,0x0000,0x0000,
    0x0000,0x0000,0x0000,0x0000,0x0000,0x0000,0x0000,0x0000,0x0000,0x0000,0x0000,0x0000,0x0020,0x0020,0x0020,0x0000,
    0x0000,0x0000,0x0000,0x0000,0x0000,0x0000,0x0000,0x0000,0x0000,0x0000,0x0000,0x0000,0x0000,0x0000,0x0000,0x0000,
    0x0020,0x0020,0x0020,0x0020,0x0020,0x0000,0x0000,0x0000,0x0000,0x0000,0x0000,0x0000,0x0000,0x0000,0x0000,0x0000,
    0x0000,0x0000,0x0000,0x0000,0x0000,0x0000,0x0000,0x0000,0x0000,0x0000,0x0000,0x0000,0x0000,0x0000,0x0000,0x0000,
    0x0000,0x0000,0x0000,0x0000,0x0000,0x0000,0x0000,0x0000,0x0000,0x0000,0x0000,0x0000,0x0000,0x0000,0x0000,0x0000,
    0x0000,0x0000,0x0000,0x0000,0x0000,0x0000,0x0000,0x0000,0x0000,0x0000,0x0000,0x0000,0x0000,0x0000,0x0000,0x0000,
    0x0000,0x0000,0x0000,0x0000,0x0000,0x0000,0x0000,0x0000,0x0000,0x0000,0x0000,0x0000,0x0000,0x0000,0x0020,0x4A69,
    0x5AEC,0x5ACB,0x5ACB,0x5ACB,0x5ACB,0x5ACB,0x5ACB,0x5ACB,0x5ACB,0x5ACB,0x5ACB,0x5ACB,0x5ACB,0x5ACB,0x5ACB,0x630C,
    0x2124,0x0000,0x0000,0x0000,0x0000,0x0000,0x0000,0x0000,0x0000,0x0000,0x0000,0x0000,0x0000,0x0000,0x0000,0x0000,
    0x0000,0x0000,0x0000,0x0000,0x0000,0x0000,0x0000,0x0000,0x0000,0x0000,0x0000,0x0000,0x0000,0x0000,0x0861,0x6B4D,
    0x73AE,0x738E,0x738E,0x738E,0x738E,0x738E,0x738E,0x738E,0x738E,0x738E,0x738E,0x738E,0x738E,0x738E,0x738E,0x73AE,
    0x39C7,0x0000,0x0000,0x0000,0x0000,0x0000,0x0000,0x0000,0x0000,0x0000,0x0000,0x0000,0x0000,0x0000,0x0000,0x0000,
    0x0000,0x0000,0x0000,0x0000,0x0000,0x0000,0x0000,0x0000,0x0000,0x0000,0x0000,0x0000,0x0000,0x0000,0x0000,0x0000,
    0x0000,0x0000,0x0000,0x0000,0x0000,0x0000,0x0000,0x0000,0x0000,0x0000,0x0000,0x0000,0x0000,0x0000,0x0000,0x0000,
    0x0000,0x0000,0x0000,0x0000,0x0000,0x0000,0x0000,0x0000,0x0000,0x0000,0x0000,0x0000,0x0000,0x0000,0x0000,0x0000,
    0x0000,0x0000,0x0000,0x0000,0x0000,0x0000,0x0000,0x0000,0x0000,0x0000,0x0000,0x0000,0x0000,0x0000,0x0000,0x0000,
    0x0000,0x0000,0x0000,0x0000,0x0000,0x0000,0x0000,0x0000,0x0000,0x0000,0x0000,0x0000,0x0000,0x0000,0x0000,0x0000,
    0x0000,0x0000,0x0000,0x0000,0x0000,0x0000,0x0000,0x0000,0x0000,0x0000,0x0000,0x0000,0x0000,0x0000,0x0000,0x0000,
    0x0000,0x0000,0x0000,0x0000,0x0000,0x0000,0x0000,0x0000,0x0000,0x0000,0x0000,0x0000,0x0000,0x0000,0x0000,0x0000,
    0x0000,0x0000,0x0000,0x0000,0x0000,0x0000,0x0000,0x0000,0x0000,0x0000,0x0000,0x0000,0x0000,0x0000,0x0000,0x0000,
    0x0000,0x0000,0x0000,0x0000,0x0000,0x0000,0x0000,0x0000,0x0000,0x0000,0x0000,0x0000,0x0000,0x0000,0x0000,0x0000,
    0x0000,0x0000,0x0000,0x0000,0x0000,0x0000,0x0000,0x0000,0x0000,0x0000,0x0000,0x0000,0x0000,0x0000,0x0000,0x0000,
    0x0000,0x0000,0x0000,0x0000,0x0000,0x0000,0x0000,0x0000,0x0000,0x0000,0x0000,0x0000,0x0000,0x0000,0x0000,0x0000,
    0x0000,0x0000,0x0000,0x0000,0x0000,0x0000,0x0000,0x0000,0x0000,0x0000,0x0000,0x0000,0x0000,0x0000,0x0000,0x0000,
    0x0000,0x0000,0x0000,0x0000,0x0000,0x0000,0x0000,0x0000,0x0000,0x0000,0x0000,0x0000,0x0000,0x0000,0x0000,0x0000,
    0x0000,0x0000,0x0000,0x0000,0x0000,0x0000,0x0000,0x0000,0x0000,0x0000,0x0000,0x0000,0x0000,0x0000,0x0000,0x0000,
    0x0000,0x0000,0x0000,0x0000,0x0000,0x0000,0x0000,0x0000,0x0000,0x0000,0x0000,0x0000,0x0000,0x0000,0x0000,0x0000,
    0x0000,0x0000,0x0000,0x0000,0x0000,0x0000,0x0000,0x0000,0x0000,0x0000,0x0000,0x0000,0x0000,0x0000,0x0000,0x0000,
    0x0000,0x0000,0x0000,0x0000,0x0000,0x0000,0x0000,0x0000,0x0000,0x0000,0x0000,0x0000,0x0000,0x0000,0x0000,0x0000,
    0x0000,0x0000,0x0000,0x0000,0x0000,0x0000,0x0000,0x0000,0x0000,0x0000,0x0000,0x0000,0x0000,0x0000,0x0000,0x0000,
    0x0000,0x0000,0x0000,0x0000,0x0000,0x0000,0x0000,0x0000,0x0000,0x0000,0x0000,0x0000,0x0000,0x0000,0x0000,0x0000,
    0x0000,0x0000,0x0000,0x0000,0x0000,0x0000,0x0000,0x0000,0x0000,0x0000,0x0000,0x0000,0x0000,0x0000,0x0000,0x0000,
    0x0000,0x0000,0x0000,0x0000,0x0000,0x0000,0x0000,0x0000,0x0000,0x0000,0x0000,0x0000,0x0000,0x0000,0x0000,0x0000,
  },
  /* невідомо */ {
    0x0000,0x0000,0x0000,0x0000,0x0000,0x0000,0x0000,0x0000,0x0000,0x0000,0x0000,0x0000,0x0000,0x0000,0x0000,0x0000,
    0x0000,0x0000,0x0000,0x0000,0x0000,0x0000,0x0000,0x0000,0x0000,0x0000,0x0000,0x0000,0x0000,0x0000,0x0000,0x0000,
    0x0000,0x0000,0x0000,0x0000,0x0000,0x0000,0x0000,0x0000,0x0000,0x0000,0x0000,0x0000,0x0000,0x0000,0x0000,0x0000,
    0x0000,0x0000,0x0000,0x0000,0x0000,0x0000,0x0000,0x0000,0x0000,0x0000,0x0000,0x0000,0x0000,0x0000,0x0000,0x0000,
    0x0000,0x0000,0x0000,0x0000,0x0000,0x0000,0x0000,0x0000,0x0000,0x0000,0x0000,0x0000,0x0000,0x0000,0x0000,0x0000,
    0x0000,0x0000,0x0000,0x0000,0x0000,0x0000,0x0000,0x0000,0x0000,0x0000,0x0000,0x0000,0x0000,0x0000,0x0000,0x0000,
    0x0000,0x0000,0x0000,0x0000,0x0000,0x0000,0x0000,0x0000,0x0000,0x0000,0x0000,0x0000,0x0000,0x0000,0x0000,0x0000,
    0x0000,0x0000,0x0000,0x0000,0x0000,0x0000,0x0000,0x0000,0x0000,0x0000,0x0000,0x0000,0x0000,0x0000,0x0000,0x0000,
    0x0000,0x0000,0x0000,0x0000,0x0000,0x0000,0x0000,0x0000,0x0000,0x0000,0x0000,0x0000,0x0000,0x0000,0x0000,0x0000,
    0x0000,0x0000,0x0000,0x0000,0x0000,0x0000,0x0000,0x0000,0x0000,0x0000,0x0000,0x0000,0x0000,0x0000,0x0000,0x0000,
    0x0000,0x0000,0x0000,0x2124,0x4A49,0x632C,0x73AE,0x7BEF,0x7BCF,0x6B6D,0x5AEB,0x4228,0x2965,0x0841,0x0000,0x0000,
    0x0000,0x0000,0x0000,0x0000,0x0000,0x0000,0x0000,0x0000,0x0000,0x0000,0x0000,0x0000,0x0000,0x0000,0x0000,0x0000,
    0x0000,0x0000,0x0000,0x0000,0x0000,0x0000,0x0000,0x0000,0x0000,0x0000,0x0000,0x0000,0x0000,0x0000,0x0000,0x0000,
    0x0000,0x39C7,0x738E,0x7BEF,0x7BEF,0x7BEF,0x7BEF,0x7BEF,0x7BEF,0x7BEF,0x7BEF,0x7BEF,0x7BEF,0x7BEF,0x528A,0x1082,
    0x0000,0x0000,0x0000,0x0000,0x0000,0x0000,0x0000,0x0000,0x0000,0x0000,0x0000,0x0000,0x0000,0x0000,0x0000,0x0000,
    0x0000,0x0000,0x0000,0x0000,0x0000,0x0000,0x0000,0x0000,0x0000,0x0000,0x0000,0x0000,0x0000,0x0000,0x0000,0x0841,
    0x630C,0x7BEF,0x7BEF,0x7BEF,0x7BEF,0x7BEF,0x7BEF,0x7BEF,0x7BEF,0x7BEF,0x7BEF,0x7BEF,0x7BEF,0x7BEF,0x7BEF,0x7BCF,
    0x3186,0x0000,0x0000,0x0000,0x0000,0x0000,0x0000,0x0000,0x0000,0x0000,0x0000,0x0000,0x0000,0x0000,0x0000,0x0000,
    0x0000,0x0000,0x0000,0x0000,0x0000,0x0000,0x0000,0x0000,0x0000,0x0000,0x0000,0x0000,0x0000,0x0000,0x0020,0x6B4D,
    0x7BEF,0x7BEF,0x7BEF,0x7BEF,0x7BEF,0x7BEF,0x7BEF,0x7BEF,0x7BEF,0x7BEF,0x7BEF,0x7BEF,0x7BEF,0x7BEF,0x7BEF,0x7BEF,
    0x7BEF,0x39C7,0x0000,0x0000,0x0000,0x0000,0x0000,0x0000,0x0000,0x0000,0x0000,0x0000,0x0000,0x0000,0x0000,0x0000,
    0x0000,0x0000,0x0000,0x0000,0x0000,0x0000,0x0000,0x0000,0x0000,0x0000,0x0000,0x0000,0x0000,0x0000,0x52AA,0x7BEF,
    0x7BEF,0x7BEF,0x7BEF,0x7BEF,0x7BEF,0x7BEF,0x7BEF,0x7BEF,0x7BEF,0x7BEF,0x7BEF,0x7BEF,0x7BEF,0x7BEF,0x7BEF,0x7BEF,
    0x7BEF,0x7BEF,0x2104,0x0000,0x0000,0x0000,0x0000,0x0000,0x0000,0x0000,0x0000,0x0000,0x0000,0x0000,0x0000,0x0000,
    0x0000,0x0000,0x0000,0x0000,0x0000,0x0000,0x0000,0x0000,0x0000,0x0000,0x0000,0x0000,0x0000,0x18E3,0x7BEF,0x7BEF,
    0x7BEF,0x7BEF,0x7BEF,0x7BEF,0x7BEF,0x4A49,0x18C3,0x0020,0x0000,0x10A2,0x4228,0x7BCF,0x7BEF,0x7BEF,0x7BEF,0x7BEF,
    0x7BEF,0x7BEF,0x632C,0x0000,0x0000,0x0000,0x0000,0x0000,0x0000,0x0000,0x0000,0x0000,0x0000,0x0000,0x0000,0x0000,
    0x0000,0x0000,0x0000,0x0000,0x0000,0x0000,0x0000,0x0000,0x0000,0x0000,0x0000,0x0000,0x0000,0x528A,0x7BEF,0x7BEF,
    0x7BEF,0x7BEF,0x7BEF,0x7BEF,0x4208,0x0000,0x0000,0x0000,0x0000,0x0000,0x0000,0x18E3,0x7BEF,0x7BEF,0x7BEF,0x7BEF,
    0x7BEF,0x7BEF,0x7BEF,0x10A2,0x0000,0x0000,0x0000,0x0000,0x0000,0x0000,0x0000,0x0000,0x0000,0x0000,0x0000,0x0000,
    0x0000,0x0000,0x0000,0x0000,0x0000,0x0000,0x0000,0x0000,0x0000,0x0000,0x0000,0x0000,0x0000,0x73AE,0x7BEF,0x7BEF,
    0x7BEF,0x7BEF,0x7BEF,0x73AE,0x0020,0x0000,0x0000,0x0000,0x0000,0x0000,0x0000,0x0000,0x528A,0x7BEF,0x7BEF,0x7BEF,
    0x7BEF,0x7BEF,0x7BEF,0x3186,0x0000,0x0000,0x0000,0x0000,0x0000,0x0000,0x0000,0x0000,0x0000,0x0000,0x0000,0x0000,
    0x0000,0x0000,0x0000,0x0000,0x0000,0x0000,0x0000,0x0000,0x0000,0x0000,0x0000,0x0000,0x0861,0x7BEF,0x7BEF,0x7BEF,
    0x7BEF,0x7BEF,0x7BEF,0x4A49,0x0000,0x0000,0x0000,0x0000,0x0000,0x0000,0x0000,0x0000,0x3186,0x7BEF,0x7BEF,0x7BEF,
    0x7BEF,0x7BEF,0x7BEF,0x4208,0x0000,0x0000,0x0000,0x0000,0x0000,0x0000,0x0000,0x0000,0x0000,0x0000,0x0000,0x0000,
    0x0000,0x0000,0x0000,0x0000,0x0000,0x0000,0x0000,0x0000,0x0000,0x0000,0x0000,0x0000,0x10A2,0x7BEF,0x7BEF,0x7BEF,
    0x7BEF,0x7BEF,0x7BEF,0x3186,0x0000,0x0000,0x0000,0x0000,0x0000,0x0000,0x0000,0x0000,0x2965,0x7BEF,0x7BEF,0x7BEF,
    0x7BEF,0x7BEF,0x7BEF,0x4228,0x0000,0x0000,0x0000,0x0000,0x0000,0x0000,0x0000,0x0000,0x0000,0x0000,0x0000,0x0000,
    0x0000,0x0000,0x0000,0x0000,0x0000,0x0000,0x0000,0x0000,0x0000,0x0000,0x0000,0x0000,0x0020,0x18C3,0x18C3,0x18C3,
    0x18C3,0x18C3,0x18C3,0x0020,0x0000,0x0000,0x0000,0x0000,0x0000,0x0000,0x0000,0x0000,0x39E7,0x7BEF,0x7BEF,0x7BEF,
    0x7BEF,0x7BEF,0x7BEF,0x39C7,0x0000,0x0000,0x0000,0x0000,0x0000,0x0000,0x0000,0x0000,0x0000,0x0000,0x0000,0x0000,
    0x0000,0x0000,0x0000,0x0000,0x0000,0x0000,0x0000,0x0000,0x0000,0x0000,0x0000,0x0000,0x0000,0x0000,0x0000,0x0000,
    0x0000,0x0000,0x0000,0x0000,0x0000,0x0000,0x0000,0x0000,0x0000,0x0000,0x0000,0x0000,0x738E,0x7BEF,0x7BEF,0x7BEF,
    0x7BEF,0x7BEF,0x7BEF,0x2104,0x0000,0x0000,0x0000,0x0000,0x0000,0x0000,0x0000,0x0000,0x0000,0x0000,0x0000,0x0000,
    0x0000,0x0000,0x0000,0x0000,0x0000,0x0000,0x0000,0x0000,0x0000,0x0000,0x0000,0x0000,0x0000,0x0000,0x0000,0x0000,
    0x0000,0x0000,0x0000,0x0000,0x0000,0x0000,0x0000,0x0000,0x0000,0x0000,0x0000,0x528A,0x7BEF,0x7BEF,0x7BEF,0x7BEF,
    0x7BEF,0x7BEF,0x738E,0x0000,0x0000,0x0000,0x0000,0x0000,0x0000,0x0000,0x0000,0x0000,0x0000,0x0000,0x0000,0x0000,
    0x0000,0x0000,0x0000,0x0000,0x0000,0x0000,0x0000,0x0000,0x0000,0x0000,0x0000,0x0000,0x0000,0x0000,0x0000,0x0000,
    0x0000,0x0000,0x0000,0x0000,0x0000,0x0000,0x0000,0x0000,0x0000,0x0020,0x52AA,0x7BEF,0x7BEF,0x7BEF,0x7BEF,0x7BEF,
    0x7BEF,0x7BEF,0x2965,0x0000,0x0000,0x0000,0x0000,0x0000,0x0000,0x0000,0x0000,0x0000,0x0000,0x0000,0x0000,0x0000,
    0x0000,0x0000,0x0000,0x0000,0x0000,0x0000,0x0000,0x0000,0x0000,0x0000,0x0000,0x0000,0x0000,0x0000,0x0000,0x0000,
    0x0000,0x0000,0x0000,0x0000,0x0000,0x0000,0x0000,0x0000,0x18C3,0x6B6D,0x7BEF,0x7BEF,0x7BEF,0x7BEF,0x7BEF,0x7BEF,
    0x7BEF,0x4A49,0x0000,0x0000,0x0000,0x0000,0x0000,0x0000,0x0000,0x0000,0x0000,0x0000,0x0000,0x0000,0x0000,0x0000,
    0x0000,0x0000,0x0000,0x0000,0x0000,0x0000,0x0000,0x0000,0x0000,0x0000,0x0000,0x0000,0x0000,0x0000,0x0000,0x0000,
    0x0000,0x0000,0x0000,0x0000,0x0000,0x0000,0x0000,0x2124,0x7BCF,0x7BEF,0x7BEF,0x7BEF,0x7BEF,0x7BEF,0x7BEF,0x7BEF,
    0x4A49,0x0000,0x0000,0x0000,0x0000,0x0000,0x0000,0x0000,0x0000,0x0000,0x0000,0x0000,0x0000,0x0000,0x0000,0x0000,
    0x0000,0x0000,0x0000,0x0000,0x0000,0x0000,0x0000,0x0000,0x0000,0x0000,0x0000,0x0000,0x0000,0x0000,0x0000,0x0000,
    0x0000,0x0000,0x0000,0x0000,0x0000,0x0000,0x18E3,0x7BEF,0x7BEF,0x7BEF,0x7BEF,0x7BEF,0x7BEF,0x7BEF,0x7BCF,0x31A6,
    0x0000,0x0000,0x0000,0x0000,0x0000,0x0000,0x0000,0x0000,0x0000,0x0000,0x0000,0x0000,0x0000,0x0000,0x0000,0x0000,
    0x0000,0x0000,0x0000,0x0000,0x0000,0x0000,0x0000,0x0000,0x0000,0x0000,0x0000,0x0000,0x0000,0x0000,0x0000,0x0000,
    0x0000,0x0000,0x0000,0x0000,0x0000,0x0000,0x6B6D,0x7BEF,0x7BEF,0x7BEF,0x7BEF,0x7BEF,0x7BEF,0x6B6D,0x18C3,0x0000,
    0x0000,0x0000,0x0000,0x0000,0x0000,0x0000,0x0000,0x0000,0x0000,0x0000,0x0000,0x0000,0x0000,0x0000,0x0000,0x0000,
    0x0000,0x0000,0x0000,0x0000,0x0000,0x0000,0x0000,0x0000,0x0000,0x0000,0x0000,0x0000,0x0000,0x0000,0x0000,0x0000,
    0x0000,0x0000,0x0000,0x0000,0x0000,0x2945,0x7BEF,0x7BEF,0x7BEF,0x7BEF,0x7BEF,0x7BEF,0x5AEB,0x0020,0x0000,0x0000,
    0x0000,0x0000,0x0000,0x0000,0x0000,0x0000,0x0000,0x0000,0x0000,0x0000,0x0000,0x0000,0x0000,0x0000,0x0000,0x0000,
    0x0000,0x0000,0x0000,0x0000,0x0000,0x0000,0x0000,0x0000,0x0000,0x0000,0x0000,0x0000,0x0000,0x0000,0x0000,0x0000,
    0x0000,0x0000,0x0000,0x0000,0x0000,0x4A69,0x7BEF,0x7BEF,0x7BEF,0x7BEF,0x7BEF,0x6B6D,0x0020,0x0000,0x0000,0x0000,
    0x0000,0x0000,0x0000,0x0000,0x0000,0x0000,0x0000,0x0000,0x0000,0x0000,0x0000,0x0000,0x0000,0x0000,0x0000,0x0000,
    0x0000,0x0000,0x0000,0x0000,0x0000,0x0000,0x0000,0x0000,0x0000,0x0000,0x0000,0x0000,0x0000,0x0000,0x0000,0x0000,
    0x0000,0x0000,0x0000,0x0000,0x0000,0x5AEB,0x7BEF,0x7BEF,0x7BEF,0x7BEF,0x7BEF,0x39E7,0x0000,0x0000,0x0000,0x0000,
    0x0000,0x0000,0x0000,0x0000,0x0000,0x0000,0x0000,0x0000,0x0000,0x0000,0x0000,0x0000,0x0000,0x0000,0x0000,0x0000,
    0x0000,0x0000,0x0000,0x0000,0x0000,0x0000,0x0000,0x0000,0x0000,0x0000,0x0000,0x0000,0x0000,0x0000,0x0000,0x0000,
    0x0000,0x0000,0x0000,0x0000,0x0000,0x6B4D,0x7BEF,0x7BEF,0x7BEF,0x7BEF,0x7BEF,0x2124,0x0000,0x0000,0x0000,0x0000,
    0x0000,0x0000,0x0000,0x0000,0x0000,0x0000,0x0000,0x0000,0x0000,0x0000,0x0000,0x0000,0x0000,0x0000,0x0000,0x0000,
    0x0000,0x0000,0x0000,0x0000,0x0000,0x0000,0x0000,0x0000,0x0000,0x0000,0x0000,0x0000,0x0000,0x0000,0x0000,0x0000,
    0x0000,0x0000,0x0000,0x0000,0x0000,0x632C,0x73AE,0x73AE,0x73AE,0x73AE,0x73AE,0x18C3,0x0000,0x0000,0x0000,0x0000,
    0x0000,0x0000,0x0000,0x0000,0x0000,0x0000,0x0000,0x0000,0x0000,0x0000,0x0000,0x0000,0x0000,0x0000,0x0000,0x0000,
    0x0000,0x0000,0x0000,0x0000,0x0000,0x0000,0x0000,0x0000,0x0000,0x0000,0x0000,0x0000,0x0000,0x0000,0x0000,0x0000,
    0x0000,0x0000,0x0000,0x0000,0x0000,0x0000,0x0000,0x0000,0x0000,0x0000,0x0000,0x0000,0x0000,0x0000,0x0000,0x0000,
    0x0000,0x0000,0x0000,0x0000,0x0000,0x0000,0x0000,0x0000,0x0000,0x0000,0x0000,0x0000,0x0000,0x0000,0x0000,0x0000,
    0x0000,0x0000,0x0000,0x0000,0x0000,0x0000,0x0000,0x0000,0x0000,0x0000,0x0000,0x0000,0x0000,0x0000,0x0000,0x0000,
    0x0000,0x0000,0x0000,0x0000,0x0000,0x0000,0x0000,0x0000,0x0000,0x0000,0x0000,0x0000,0x0000,0x0000,0x0000,0x0000,
    0x0000,0x0000,0x0000,0x0000,0x0000,0x0000,0x0000,0x0000,0x0000,0x0000,0x0000,0x0000,0x0000,0x0000,0x0000,0x0000,
    0x0000,0x0000,0x0000,0x0000,0x0000,0x0000,0x0000,0x0000,0x0000,0x0000,0x0000,0x0000,0x0000,0x0000,0x0000,0x0000,
    0x0000,0x0000,0x0000,0x0000,0x0000,0x0000,0x0000,0x0000,0x0000,0x0000,0x0000,0x0000,0x0000,0x0000,0x0000,0x0000,
    0x0000,0x0000,0x0000,0x0000,0x0000,0x0000,0x0000,0x0000,0x0000,0x0000,0x0000,0x0000,0x0000,0x0000,0x0000,0x0000,
    0x0000,0x0000,0x0000,0x0000,0x0000,0x0000,0x0000,0x0000,0x0000,0x0000,0x0000,0x0000,0x0000,0x0000,0x0000,0x0000,
    0x0000,0x0000,0x0000,0x0000,0x0020,0x7BEF,0x7BEF,0x7BEF,0x7BEF,0x7BEF,0x7BEF,0x52AA,0x0000,0x0000,0x0000,0x0000,
    0x0000,0x0000,0x0000,0x0000,0x0000,0x0000,0x0000,0x0000,0x0000,0x0000,0x0000,0x0000,0x0000,0x0000,0x0000,0x0000,
    0x0000,0x0000,0x0000,0x0000,0x0000,0x0000,0x0000,0x0000,0x0000,0x0000,0x0000,0x0000,0x0000,0x0000,0x0000,0x0000,
    0x0000,0x0000,0x0000,0x0000,0x0020,0x7BEF,0x7BEF,0x7BEF,0x7BEF,0x7BEF,0x7BEF,0x52AA,0x0000,0x0000,0x0000,0x0000,
    0x0000,0x0000,0x0000,0x0000,0x0000,0x0000,0x0000,0x0000,0x0000,0x0000,0x0000,0x0000,0x0000,0x0000,0x0000,0x0000,
    0x0000,0x0000,0x0000,0x0000,0x0000,0x0000,0x0000,0x0000,0x0000,0x0000,0x0000,0x0000,0x0000,0x0000,0x0000,0x0000,
    0x0000,0x0000,0x0000,0x0000,0x0020,0x7BEF,0x7BEF,0x7BEF,0x7BEF,0x7BEF,0x7BEF,0x52AA,0x0000,0x0000,0x0000,0x0000,
    0x0000,0x0000,0x0000,0x0000,0x0000,0x0000,0x0000,0x0000,0x0000,0x0000,0x0000,0x0000,0x0000,0x0000,0x0000,0x0000,
    0x0000,0x0000,0x0000,0x0000,0x0000,0x0000,0x0000,0x0000,0x0000,0x0000,0x0000,0x0000,0x0000,0x0000,0x0000,0x0000,
    0x0000,0x0000,0x0000,0x0000,0x0020,0x7BEF,0x7BEF,0x7BEF,0x7BEF,0x7BEF,0x7BEF,0x52AA,0x0000,0x0000,0x0000,0x0000,
    0x0000,0x0000,0x0000,0x0000,0x0000,0x0000,0x0000,0x0000,0x0000,0x0000,0x0000,0x0000,0x0000,0x0000,0x0000,0x0000,
    0x0000,0x0000,0x0000,0x0000,0x0000,0x0000,0x0000,0x0000,0x0000,0x0000,0x0000,0x0000,0x0000,0x0000,0x0000,0x0000,
    0x0000,0x0000,0x0000,0x0000,0x0020,0x7BEF,0x7BEF,0x7BEF,0x7BEF,0x7BEF,0x7BEF,0x52AA,0x0000,0x0000,0x0000,0x0000,
    0x0000,0x0000,0x0000,0x0000,0x0000,0x0000,0x0000,0x0000,0x0000,0x0000,0x0000,0x0000,0x0000,0x0000,0x0000,0x0000,
    0x0000,0x0000,0x0000,0x0000,0x0000,0x0000,0x0000,0x0000,0x0000,0x0000,0x0000,0x0000,0x0000,0x0000,0x0000,0x0000,
    0x0000,0x0000,0x0000,0x0000,0x0020,0x7BEF,0x7BEF,0x7BEF,0x7BEF,0x7BEF,0x7BEF,0x52AA,0x0000,0x0000,0x0000,0x0000,
    0x0000,0x0000,0x0000,0x0000,0x0000,0x0000,0x0000,0x0000,0x0000,0x0000,0x0000,0x0000,0x0000,0x0000,0x0000,0x0000,
    0x0000,0x0000,0x0000,0x0000,0x0000,0x0000,0x0000,0x0000,0x0000,0x0000,0x0000,0x0000,0x0000,0x0000,0x0000,0x0000,
    0x0000,0x0000,0x0000,0x0000,0x0020,0x7BEF,0x7BEF,0x7BEF,0x7BEF,0x7BEF,0x7BEF,0x52AA,0x0000,0x0000,0x0000,0x0000,
    0x0000,0x0000,0x0000,0x0000,0x0000,0x0000,0x0000,0x0000,0x0000,0x0000,0x0000,0x0000,0x0000,0x0000,0x0000,0x0000,
    0x0000,0x0000,0x0000,0x0000,0x0000,0x0000,0x0000,0x0000,0x0000,0x0000,0x0000,0x0000,0x0000,0x0000,0x0000,0x0000,
    0x0000,0x0000,0x0000,0x0000,0x0000,0x0000,0x0000,0x0000,0x0000,0x0000,0x0000,0x0000,0x0000,0x0000,0x0000,0x0000,
    0x0000,0x0000,0x0000,0x0000,0x0000,0x0000,0x0000,0x0000,0x0000,0x0000,0x0000,0x0000,0x0000,0x0000,0x0000,0x0000,
    0x0000,0x0000,0x0000,0x0000,0x0000,0x0000,0x0000,0x0000,0x0000,0x0000,0x0000,0x0000,0x0000,0x0000,0x0000,0x0000,
    0x0000,0x0000,0x0000,0x0000,0x0000,0x0000,0x0000,0x0000,0x0000,0x0000,0x0000,0x0000,0x0000,0x0000,0x0000,0x0000,
    0x0000,0x0000,0x0000,0x0000,0x0000,0x0000,0x0000,0x0000,0x0000,0x0000,0x0000,0x0000,0x0000,0x0000,0x0000,0x0000,
  },
};
#endif
