/* Створює tools/make_aafonts.py — вручну не правити. Roboto-Regular.ttf, «H» 15 px (розмір 20.50), 4 біти на піксель. */
#pragma once
#include <Adafruit_GFX.h>

inline const uint8_t aaUI11Bitmaps[] PROGMEM = {
  0x06, 0xF9, 0x00, 0x6F, 0x80, 0x06, 0xF8, 0x00, 0x6F, 0x80, 0x06, 0xF8, 0x00, 0x5F, 0x80, 0x05, 0xF7, 0x00, 0x5F, 0x70,
  0x05, 0xF7, 0x00, 0x4E, 0x60, 0x00, 0x00, 0x00, 0x00, 0x00, 0x05, 0xF9, 0x00, 0x5E, 0x80, 0x0B, 0xB1, 0xF6, 0x0B, 0xB1,
  0xF6, 0x0B, 0xA1, 0xF5, 0x0B, 0x91, 0xF3, 0x0B, 0x81, 0xF2, 0x00, 0x00, 0x00, 0x00, 0x00, 0x00, 0x00, 0x00, 0x00, 0x00,
  0x00, 0x00, 0x00, 0x00, 0x00, 0x00, 0x00, 0x00, 0x00, 0x00, 0x00, 0x00, 0x00, 0x00, 0x00, 0x00, 0x00, 0x00, 0x00, 0x00,
  0x00, 0x00, 0x0A, 0xC0, 0x0B, 0xC0, 0x00, 0x00, 0x00, 0xE8, 0x00, 0xE8, 0x00, 0x00, 0x00, 0x3F, 0x40, 0x4F, 0x40, 0x00,
  0x2F, 0xFF, 0xFF, 0xFF, 0xFF, 0xF1, 0x01, 0x66, 0xCD, 0x66, 0xCD, 0x66, 0x10, 0x00, 0x0C, 0xA0, 0x0D, 0xA0, 0x00, 0x00,
  0x00, 0xF7, 0x01, 0xF7, 0x00, 0x00, 0x00, 0x3F, 0x40, 0x4F, 0x40, 0x00, 0x0D, 0xFF, 0xFF, 0xFF, 0xFF, 0xF6, 0x00, 0x56,
  0xBE, 0x66, 0xBD, 0x66, 0x20, 0x00, 0x0B, 0xB0, 0x0B, 0xB0, 0x00, 0x00, 0x00, 0xD9, 0x00, 0xE8, 0x00, 0x00, 0x00, 0x1F,
  0x60, 0x1F, 0x60, 0x00, 0x00, 0x04, 0xF4, 0x04, 0xF3, 0x00, 0x00, 0x00, 0x00, 0x03, 0x20, 0x00, 0x00, 0x00, 0x00, 0xD9,
  0x00, 0x00, 0x00, 0x00, 0x0D, 0x90, 0x00, 0x00, 0x00, 0x8D, 0xFF, 0xB4, 0x00, 0x00, 0xAF, 0xDA, 0xBF, 0xE3, 0x00, 0x3F,
  0xC0, 0x00, 0x7F, 0xB0, 0x06, 0xF8, 0x00, 0x00, 0xEE, 0x00, 0x4F, 0xA0, 0x00, 0x07, 0x90, 0x01, 0xDF, 0x92, 0x00, 0x00,
  0x00, 0x03, 0xDF, 0xFB, 0x60, 0x00, 0x00, 0x01, 0x7C, 0xFF, 0xC2, 0x00, 0x00, 0x00, 0x03, 0xBF, 0xB0, 0x06, 0x60, 0x00,
  0x01, 0xDF, 0x20, 0xDF, 0x10, 0x00, 0x0B, 0xF2, 0x0A, 0xF8, 0x00, 0x03, 0xEE, 0x00, 0x2E, 0xFC, 0x9A, 0xEF, 0x70, 0x00,
  0x2A, 0xEF, 0xEC, 0x50, 0x00, 0x00, 0x01, 0xF7, 0x00, 0x00, 0x00, 0x00, 0x1D, 0x60, 0x00, 0x00, 0x01, 0x9E, 0xE8, 0x00,
  0x00, 0x00, 0x00, 0x00, 0x9E, 0x56, 0xE7, 0x00, 0x00, 0x00, 0x00, 0x0D, 0x80, 0x0A, 0xC0, 0x02, 0xC2, 0x00, 0x00, 0xF7,
  0x00, 0x8D, 0x00, 0xBB, 0x00, 0x00, 0x0D, 0x80, 0x0A, 0xC0, 0x7E, 0x20, 0x00, 0x00, 0x9E, 0x56, 0xE7, 0x2E, 0x70, 0x00,
  0x00, 0x01, 0x9E, 0xE8, 0x0B, 0xB0, 0x00, 0x00, 0x00, 0x00, 0x00, 0x07, 0xE3, 0xAE, 0xD8, 0x00, 0x00, 0x00, 0x02, 0xE6,
  0xAD, 0x57, 0xF6, 0x00, 0x00, 0x00, 0xBB, 0x0E, 0x70, 0x0B, 0xB0, 0x00, 0x00, 0x7E, 0x21, 0xF5, 0x00, 0x9C, 0x00, 0x00,
  0x2E, 0x60, 0x0E, 0x70, 0x0B, 0xB0, 0x00, 0x06, 0xA0, 0x00, 0xAD, 0x56, 0xF6, 0x00, 0x00, 0x00, 0x00, 0x01, 0xAE, 0xE8,
  0x00, 0x00, 0x06, 0xDE, 0xD9, 0x10, 0x00, 0x00, 0x06, 0xFE, 0x9B, 0xFA, 0x00, 0x00, 0x00, 0xBF, 0x30, 0x0B, 0xF1, 0x00,
  0x00, 0x0D, 0xF0, 0x00, 0xCF, 0x00, 0x00, 0x00, 0x9F, 0x70, 0x8F, 0x90, 0x00, 0x00, 0x02, 0xEE, 0xCF, 0x90, 0x00, 0x00,
  0x00, 0x09, 0xFF, 0x70, 0x00, 0x00, 0x00, 0x0A, 0xFC, 0xFD, 0x10, 0x18, 0x50, 0x08, 0xFA, 0x07, 0xFB, 0x04, 0xF8, 0x00,
  0xEE, 0x10, 0x09, 0xFA, 0x8F, 0x50, 0x0F, 0xD0, 0x00, 0x0B, 0xFF, 0xE1, 0x00, 0xCF, 0x50, 0x00, 0x2E, 0xF9, 0x00, 0x04,
  0xEF, 0xB8, 0xAE, 0xFE, 0xF4, 0x00, 0x03, 0xAE, 0xFE, 0xB5, 0x4F, 0xE2, 0x0F, 0x80, 0xF8, 0x0F, 0x70, 0xF6, 0x0F, 0x50,
  0x00, 0x00, 0x00, 0x00, 0x00, 0x00, 0x00, 0x00, 0x00, 0x00, 0x00, 0x00, 0x00, 0x00, 0x00, 0x00, 0x00, 0x09, 0x40, 0x00,
  0x0A, 0xE4, 0x00, 0x07, 0xF5, 0x00, 0x01, 0xEA, 0x00, 0x00, 0x8F, 0x30, 0x00, 0x0D, 0xD0, 0x00, 0x04, 0xF9, 0x00, 0x00,
  0x7F, 0x60, 0x00, 0x09, 0xF5, 0x00, 0x00, 0xAF, 0x30, 0x00, 0x0B, 0xF2, 0x00, 0x00, 0xAF, 0x30, 0x00, 0x09, 0xF4, 0x00,
  0x00, 0x7F, 0x60, 0x00, 0x04, 0xF9, 0x00, 0x00, 0x0D, 0xD0, 0x00, 0x00, 0x8F, 0x40, 0x00, 0x01, 0xEA, 0x00, 0x00, 0x07,
  0xF5, 0x00, 0x00, 0x0A, 0xE3, 0x00, 0x00, 0x09, 0x40, 0x77, 0x00, 0x00, 0x05, 0xF8, 0x00, 0x00, 0x08, 0xF4, 0x00, 0x00,
  0x0D, 0xD0, 0x00, 0x00, 0x7F, 0x60, 0x00, 0x01, 0xFB, 0x00, 0x00, 0x0C, 0xF1, 0x00, 0x00, 0x9F, 0x40, 0x00, 0x07, 0xF7,
  0x00, 0x00, 0x6F, 0x80, 0x00, 0x05, 0xF9, 0x00, 0x00, 0x6F, 0x80, 0x00, 0x07, 0xF7, 0x00, 0x00, 0x9F, 0x40, 0x00, 0x0C,
  0xF1, 0x00, 0x01, 0xFB, 0x00, 0x00, 0x6F, 0x60, 0x00, 0x0C, 0xD0, 0x00, 0x07, 0xF4, 0x00, 0x05, 0xF8, 0x00, 0x00, 0x77,
  0x00, 0x00, 0x00, 0x00, 0x07, 0xF1, 0x00, 0x00, 0x00, 0x7F, 0x10, 0x00, 0x59, 0x36, 0xF1, 0x5A, 0x18, 0xFF, 0xEF, 0xEF,
  0xE3, 0x01, 0x5F, 0xFB, 0x30, 0x00, 0x09, 0xEB, 0xE3, 0x00, 0x05, 0xF7, 0x1E, 0xC0, 0x00, 0x5B, 0x00, 0x5B, 0x10, 0x00,
  0x00, 0x00, 0x00, 0x00, 0x00, 0x00, 0x00, 0x00, 0x00, 0x00, 0x00, 0x00, 0x00, 0x00, 0x00, 0x00, 0x00, 0x00, 0x00, 0x00,
  0x00, 0x00, 0x00, 0x00, 0x00, 0x00, 0x00, 0x00, 0x13, 0x20, 0x00, 0x00, 0x00, 0x05, 0xF9, 0x00, 0x00, 0x00, 0x00, 0x5F,
  0x90, 0x00, 0x00, 0x00, 0x05, 0xF9, 0x00, 0x00, 0x00, 0x00, 0x5F, 0x90, 0x00, 0x04, 0xFF, 0xFF, 0xFF, 0xFF, 0xF9, 0x3B,
  0xBB, 0xCF, 0xDB, 0xBB, 0x60, 0x00, 0x05, 0xF9, 0x00, 0x00, 0x00, 0x00, 0x5F, 0x90, 0x00, 0x00, 0x00, 0x05, 0xF9, 0x00,
  0x00, 0x00, 0x00, 0x5F, 0x90, 0x00, 0x00, 0x00, 0x01, 0x42, 0x00, 0x00, 0x00, 0x00, 0x00, 0x00, 0x00, 0x00, 0x02, 0x30,
  0x0C, 0xF0, 0x0C, 0xF0, 0x0E, 0xD0, 0x6F, 0x70, 0x6B, 0x10, 0xAF, 0xFF, 0xF3, 0x58, 0x88, 0x81, 0x00, 0x00, 0x00, 0x00,
  0x00, 0x00, 0x00, 0x00, 0x00, 0x00, 0x00, 0x00, 0x00, 0x00, 0x00, 0x00, 0x20, 0x00, 0x8F, 0x80, 0x06, 0xF7, 0x00, 0x00,
  0x00, 0x02, 0xF8, 0x00, 0x00, 0x08, 0xF2, 0x00, 0x00, 0x0D, 0xB0, 0x00, 0x00, 0x5F, 0x50, 0x00, 0x00, 0xBD, 0x00, 0x00,
  0x02, 0xF8, 0x00, 0x00, 0x08, 0xF2, 0x00, 0x00, 0x0D, 0xB0, 0x00, 0x00, 0x5F, 0x50, 0x00, 0x00, 0xAE, 0x00, 0x00, 0x02,
  0xF8, 0x00, 0x00, 0x08, 0xF3, 0x00, 0x00, 0x0D, 0xB0, 0x00, 0x00, 0x4F, 0x60, 0x00, 0x00, 0xAE, 0x10, 0x00, 0x00, 0x00,
  0x19, 0xDF, 0xEA, 0x30, 0x00, 0x0C, 0xFC, 0x9B, 0xFE, 0x20, 0x06, 0xFA, 0x00, 0x07, 0xF9, 0x00, 0xAF, 0x30, 0x00, 0x0E,
  0xD0, 0x0C, 0xF0, 0x00, 0x00, 0xCF, 0x00, 0xDE, 0x00, 0x00, 0x0B, 0xF2, 0x0D, 0xE0, 0x00, 0x00, 0xBF, 0x20, 0xDE, 0x00,
  0x00, 0x0B, 0xF2, 0x0D, 0xE0, 0x00, 0x00, 0xBF, 0x20, 0xCF, 0x10, 0x00, 0x0C, 0xF0, 0x0A, 0xF4, 0x00, 0x00, 0xED, 0x00,
  0x6F, 0xA0, 0x00, 0x7F, 0x90, 0x00, 0xCF, 0xC8, 0xBF, 0xE2, 0x00, 0x01, 0x9D, 0xFE, 0xA3, 0x00, 0x00, 0x00, 0x28, 0xD3,
  0x00, 0x00, 0x16, 0xBF, 0xFF, 0x30, 0x00, 0x06, 0xFE, 0x9C, 0xF3, 0x00, 0x00, 0x46, 0x10, 0xBF, 0x30, 0x00, 0x00, 0x00,
  0x0B, 0xF3, 0x00, 0x00, 0x00, 0x00, 0xBF, 0x30, 0x00, 0x00, 0x00, 0x0B, 0xF3, 0x00, 0x00, 0x00, 0x00, 0xBF, 0x30, 0x00,
  0x00, 0x00, 0x0B, 0xF3, 0x00, 0x00, 0x00, 0x00, 0xBF, 0x30, 0x00, 0x00, 0x00, 0x0B, 0xF3, 0x00, 0x00, 0x00, 0x00, 0xBF,
  0x30, 0x00, 0x00, 0x00, 0x0B, 0xF3, 0x00, 0x00, 0x00, 0x00, 0xBF, 0x30, 0x00, 0x00, 0x2A, 0xEF, 0xEB, 0x30, 0x00, 0x3E,
  0xFB, 0x9B, 0xFE, 0x30, 0x0B, 0xF6, 0x00, 0x08, 0xFA, 0x01, 0xFD, 0x00, 0x00, 0x1F, 0xD0, 0x17, 0x50, 0x00, 0x01, 0xFB,
  0x00, 0x00, 0x00, 0x00, 0x7F, 0x60, 0x00, 0x00, 0x00, 0x3E, 0xC0, 0x00, 0x00, 0x00, 0x2D, 0xE3, 0x00, 0x00, 0x00, 0x2D,
  0xE4, 0x00, 0x00, 0x00, 0x1C, 0xF5, 0x00, 0x00, 0x00, 0x1C, 0xF6, 0x00, 0x00, 0x00, 0x0B, 0xF6, 0x00, 0x00, 0x00, 0x0A,
  0xFC, 0x88, 0x88, 0x88, 0x40, 0xDF, 0xFF, 0xFF, 0xFF, 0xF8, 0x00, 0x2A, 0xEF, 0xDA, 0x20, 0x00, 0x3E, 0xFB, 0x9B, 0xFE,
  0x20, 0x0B, 0xF6, 0x00, 0x07, 0xF9, 0x00, 0xDD, 0x00, 0x00, 0x3F, 0xB0, 0x00, 0x00, 0x00, 0x05, 0xF9, 0x00, 0x00, 0x00,
  0x15, 0xDE, 0x20, 0x00, 0x04, 0xFF, 0xFD, 0x30, 0x00, 0x00, 0x28, 0x9B, 0xFC, 0x20, 0x00, 0x00, 0x00, 0x07, 0xFA, 0x00,
  0x00, 0x00, 0x00, 0x0E, 0xD0, 0x1E, 0xC0, 0x00, 0x00, 0xEE, 0x00, 0xCF, 0x40, 0x00, 0x6F, 0xA0, 0x04, 0xFF, 0xA8, 0xBF,
  0xE3, 0x00, 0x03, 0xBE, 0xFE, 0xA2, 0x00, 0x00, 0x00, 0x00, 0x8F, 0xD0, 0x00, 0x00, 0x00, 0x3F, 0xFD, 0x00, 0x00, 0x00,
  0x0C, 0xEF, 0xD0, 0x00, 0x00, 0x08, 0xF6, 0xFD, 0x00, 0x00, 0x04, 0xFA, 0x0F, 0xD0, 0x00, 0x01, 0xDE, 0x10, 0xFD, 0x00,
  0x00, 0x9F, 0x50, 0x0F, 0xD0, 0x00, 0x4F, 0xA0, 0x00, 0xFD, 0x00, 0x1D, 0xD1, 0x00, 0x0F, 0xD0, 0x07, 0xFF, 0xFF, 0xFF,
  0xFF, 0xFC, 0x48, 0x88, 0x88, 0x8F, 0xE8, 0x60, 0x00, 0x00, 0x00, 0xFD, 0x00, 0x00, 0x00, 0x00, 0x0F, 0xD0, 0x00, 0x00,
  0x00, 0x00, 0xFD, 0x00, 0x00, 0x6F, 0xFF, 0xFF, 0xFF, 0x00, 0x07, 0xFC, 0xBB, 0xBB, 0xB0, 0x00, 0x9F, 0x30, 0x00, 0x00,
  0x00, 0x0A, 0xF2, 0x00, 0x00, 0x00, 0x00, 0xBE, 0x00, 0x00, 0x00, 0x00, 0x0D, 0xEB, 0xEF, 0xD7, 0x00, 0x00, 0xEF, 0xDB,
  0xCF, 0xF8, 0x00, 0x05, 0x70, 0x00, 0x4E, 0xF2, 0x00, 0x00, 0x00, 0x00, 0x9F, 0x60, 0x00, 0x00, 0x00, 0x07, 0xF7, 0x07,
  0xE6, 0x00, 0x00, 0x8F, 0x60, 0x3F, 0xC0, 0x00, 0x2E, 0xF2, 0x00, 0x9F, 0xD9, 0x9E, 0xF8, 0x00, 0x00, 0x7C, 0xFE, 0xC6,
  0x00, 0x00, 0x00, 0x3A, 0xDE, 0x50, 0x00, 0x00, 0x7F, 0xFC, 0x93, 0x00, 0x00, 0x6F, 0xD3, 0x00, 0x00, 0x00, 0x0D, 0xE2,
  0x00, 0x00, 0x00, 0x05, 0xF9, 0x00, 0x00, 0x00, 0x00, 0x8F, 0x7A, 0xEF, 0xC6, 0x00, 0x0A, 0xFE, 0xD9, 0xAE, 0xF6, 0x00,
  0xBF, 0xB0, 0x00, 0x4F, 0xE0, 0x0B, 0xF3, 0x00, 0x00, 0xBF, 0x40, 0xAF, 0x40, 0x00, 0x09, 0xF5, 0x07, 0xF7, 0x00, 0x00,
  0xBF, 0x30, 0x2E, 0xD2, 0x00, 0x4F, 0xD0, 0x00, 0x7F, 0xEA, 0xAE, 0xF5, 0x00, 0x00, 0x5C, 0xFE, 0xB4, 0x00, 0x5F, 0xFF,
  0xFF, 0xFF, 0xFF, 0x63, 0x88, 0x88, 0x88, 0x8D, 0xF3, 0x00, 0x00, 0x00, 0x02, 0xEB, 0x00, 0x00, 0x00, 0x00, 0x8F, 0x40,
  0x00, 0x00, 0x00, 0x1E, 0xC0, 0x00, 0x00, 0x00, 0x07, 0xF6, 0x00, 0x00, 0x00, 0x01, 0xDD, 0x00, 0x00, 0x00, 0x00, 0x6F,
  0x70, 0x00, 0x00, 0x00, 0x0D, 0xE1, 0x00, 0x00, 0x00, 0x06, 0xF8, 0x00, 0x00, 0x00, 0x00, 0xCF, 0x20, 0x00, 0x00, 0x00,
  0x5F, 0xA0, 0x00, 0x00, 0x00, 0x0B, 0xF3, 0x00, 0x00, 0x00, 0x04, 0xFB, 0x00, 0x00, 0x00, 0x00, 0x19, 0xDE, 0xDA, 0x20,
  0x00, 0x1D, 0xFC, 0x9B, 0xFE, 0x30, 0x07, 0xFA, 0x00, 0x07, 0xFA, 0x00, 0x9F, 0x50, 0x00, 0x1F, 0xC0, 0x08, 0xF7, 0x00,
  0x03, 0xFB, 0x00, 0x2E, 0xE5, 0x13, 0xCF, 0x40, 0x00, 0x3D, 0xFF, 0xFE, 0x50, 0x00, 0x0A, 0xFB, 0x9A, 0xFC, 0x20, 0x08,
  0xF8, 0x00, 0x05, 0xFB, 0x00, 0xDF, 0x10, 0x00, 0x0C, 0xF1, 0x0D, 0xF0, 0x00, 0x00, 0xCF, 0x20, 0xAF, 0x70, 0x00, 0x3F,
  0xD0, 0x03, 0xEF, 0xB8, 0xAE, 0xF5, 0x00, 0x02, 0xAE, 0xFE, 0xB4, 0x00, 0x00, 0x2A, 0xEF, 0xD8, 0x00, 0x00, 0x2E, 0xFB,
  0x9D, 0xFA, 0x00, 0x0A, 0xF7, 0x00, 0x1B, 0xF5, 0x00, 0xEE, 0x00, 0x00, 0x3F, 0xA0, 0x0F, 0xC0, 0x00, 0x00, 0xFD, 0x00,
  0xEE, 0x00, 0x00, 0x0E, 0xE0, 0x0A, 0xF7, 0x00, 0x08, 0xFE, 0x00, 0x3E, 0xFB, 0x9C, 0xEF, 0xD0, 0x00, 0x3B, 0xEE, 0xB3,
  0xFC, 0x00, 0x00, 0x00, 0x00, 0x4F, 0x90, 0x00, 0x00, 0x00, 0x0A, 0xF4, 0x00, 0x00, 0x00, 0x19, 0xFB, 0x00, 0x00, 0x09,
  0xBE, 0xFC, 0x20, 0x00, 0x00, 0xFE, 0xB6, 0x00, 0x00, 0x08, 0xE6, 0x00, 0x9F, 0x70, 0x00, 0x20, 0x00, 0x00, 0x00, 0x00,
  0x00, 0x00, 0x00, 0x00, 0x00, 0x00, 0x00, 0x00, 0x00, 0x00, 0x20, 0x00, 0x9F, 0x70, 0x08, 0xE6, 0x00, 0x0B, 0xE3, 0x0C,
  0xF4, 0x01, 0x20, 0x00, 0x00, 0x00, 0x00, 0x00, 0x00, 0x00, 0x00, 0x00, 0x00, 0x02, 0x31, 0x0A, 0xF3, 0x0B, 0xF2, 0x0D,
  0xE0, 0x4F, 0x90, 0x5C, 0x10, 0x00, 0x00, 0x00, 0x17, 0x90, 0x00, 0x00, 0x28, 0xEF, 0xB0, 0x00, 0x29, 0xEF, 0xD8, 0x20,
  0x2A, 0xFF, 0xB5, 0x00, 0x00, 0x5F, 0xE5, 0x00, 0x00, 0x00, 0x2A, 0xFF, 0xB5, 0x00, 0x00, 0x00, 0x29, 0xEF, 0xD7, 0x20,
  0x00, 0x00, 0x28, 0xEF, 0xB0, 0x00, 0x00, 0x00, 0x17, 0x90, 0x00, 0x00, 0x00, 0x00, 0x00, 0x00, 0x00, 0x00, 0x00, 0x00,
  0x09, 0xFF, 0xFF, 0xFF, 0xFA, 0x00, 0x59, 0x99, 0x99, 0x99, 0x60, 0x00, 0x00, 0x00, 0x00, 0x00, 0x00, 0x00, 0x00, 0x00,
  0x00, 0x00, 0x09, 0xFF, 0xFF, 0xFF, 0xFA, 0x00, 0x59, 0x99, 0x99, 0x99, 0x60, 0x00, 0x00, 0x00, 0x00, 0x00, 0x00, 0x00,
  0x00, 0x00, 0x00, 0x00, 0x00, 0x00, 0x00, 0x00, 0x00, 0x00, 0x09, 0x81, 0x00, 0x00, 0x00, 0x0B, 0xFE, 0x93, 0x00, 0x00,
  0x01, 0x6C, 0xFF, 0xB4, 0x00, 0x00, 0x00, 0x39, 0xEF, 0xC5, 0x00, 0x00, 0x00, 0x2C, 0xFB, 0x00, 0x00, 0x4A, 0xEF, 0xC5,
  0x01, 0x7C, 0xFF, 0xA4, 0x00, 0x0B, 0xFE, 0x92, 0x00, 0x00, 0x09, 0x81, 0x00, 0x00, 0x00, 0x00, 0x00, 0x00, 0x00, 0x00,
  0x00, 0x00, 0x00, 0x00, 0x00, 0x00, 0x7C, 0xEE, 0xB3, 0x00, 0x9F, 0xDA, 0xBF, 0xE2, 0x2F, 0xD1, 0x00, 0x8F, 0x83, 0x96,
  0x00, 0x04, 0xFA, 0x00, 0x00, 0x00, 0x6F, 0x80, 0x00, 0x00, 0x2E, 0xE2, 0x00, 0x00, 0x2D, 0xF6, 0x00, 0x00, 0x0C, 0xF6,
  0x00, 0x00, 0x06, 0xFA, 0x00, 0x00, 0x00, 0x8F, 0x60, 0x00, 0x00, 0x00, 0x00, 0x00, 0x00, 0x00, 0x00, 0x00, 0x00, 0x00,
  0x07, 0xF6, 0x00, 0x00, 0x00, 0x7E, 0x60, 0x00, 0x00, 0x00, 0x01, 0x7C, 0xEF, 0xEC, 0x81, 0x00, 0x00, 0x00, 0x00, 0x4E,
  0xEA, 0x76, 0x79, 0xEE, 0x40, 0x00, 0x00, 0x06, 0xFA, 0x10, 0x00, 0x00, 0x19, 0xF4, 0x00, 0x00, 0x2E, 0x90, 0x00, 0x00,
  0x00, 0x00, 0x9D, 0x00, 0x00, 0xBD, 0x10, 0x03, 0xBE, 0xD9, 0x10, 0x1E, 0x60, 0x02, 0xF6, 0x00, 0x3E, 0xC5, 0x7F, 0x70,
  0x0A, 0xA0, 0x07, 0xE1, 0x00, 0xBD, 0x10, 0x3F, 0x50, 0x07, 0xD0, 0x0A, 0xC0, 0x03, 0xF7, 0x00, 0x4F, 0x40, 0x05, 0xE0,
  0x0C, 0xA0, 0x07, 0xF3, 0x00, 0x6F, 0x30, 0x05, 0xE0, 0x0D, 0x90, 0x09, 0xF0, 0x00, 0x7F, 0x10, 0x06, 0xD0, 0x0C, 0xA0,
  0x09, 0xE0, 0x00, 0x9E, 0x00, 0x09, 0xB0, 0x0B, 0xB0, 0x09, 0xF2, 0x01, 0xEF, 0x00, 0x1E, 0x70, 0x08, 0xE1, 0x04, 0xFC,
  0x8D, 0xBF, 0x84, 0xBD, 0x00, 0x04, 0xF6, 0x00, 0x8E, 0xE8, 0x09, 0xEE, 0xB2, 0x00, 0x00, 0xBD, 0x10, 0x00, 0x00, 0x00,
  0x00, 0x00, 0x00, 0x00, 0x2E, 0xC2, 0x00, 0x00, 0x00, 0x00, 0x00, 0x00, 0x00, 0x03, 0xDF, 0xA6, 0x55, 0x7C, 0x30, 0x00,
  0x00, 0x00, 0x00, 0x17, 0xBE, 0xFE, 0xC9, 0x20, 0x00, 0x00, 0x00, 0x00, 0x08, 0xF9, 0x00, 0x00, 0x00, 0x00, 0x00, 0xDF,
  0xE0, 0x00, 0x00, 0x00, 0x00, 0x5F, 0xDF, 0x60, 0x00, 0x00, 0x00, 0x0A, 0xF3, 0xFB, 0x00, 0x00, 0x00, 0x02, 0xFC, 0x0B,
  0xF2, 0x00, 0x00, 0x00, 0x7F, 0x60, 0x6F, 0x80, 0x00, 0x00, 0x0D, 0xE1, 0x01, 0xED, 0x00, 0x00, 0x04, 0xFA, 0x00, 0x0A,
  0xF5, 0x00, 0x00, 0xAF, 0x50, 0x00, 0x4F, 0xA0, 0x00, 0x1E, 0xFF, 0xFF, 0xFF, 0xFF, 0x10, 0x06, 0xFC, 0x99, 0x99, 0x9C,
  0xF7, 0x00, 0xCF, 0x30, 0x00, 0x00, 0x3F, 0xD0, 0x3F, 0xC0, 0x00, 0x00, 0x00, 0xCF, 0x49, 0xF7, 0x00, 0x00, 0x00, 0x06,
  0xFA, 0x06, 0xFF, 0xFF, 0xFE, 0xB4, 0x00, 0x06, 0xFC, 0x99, 0x9B, 0xFF, 0x50, 0x06, 0xF9, 0x00, 0x00, 0x6F, 0xC0, 0x06,
  0xF9, 0x00, 0x00, 0x0F, 0xE0, 0x06, 0xF9, 0x00, 0x00, 0x2F, 0xD0, 0x06, 0xF9, 0x00, 0x14, 0xCF, 0x60, 0x06, 0xFF, 0xFF,
  0xFF, 0xF6, 0x00, 0x06, 0xFC, 0x88, 0x8A, 0xEE, 0x50, 0x06, 0xF9, 0x00, 0x00, 0x2E, 0xE1, 0x06, 0xF9, 0x00, 0x00, 0x0A,
  0xF5, 0x06, 0xF9, 0x00, 0x00, 0x0B, 0xF5, 0x06, 0xF9, 0x00, 0x00, 0x3E, 0xF2, 0x06, 0xFC, 0x99, 0x9B, 0xFF, 0x80, 0x06,
  0xFF, 0xFF, 0xFE, 0xC6, 0x00, 0x00, 0x01, 0x8D, 0xEE, 0xC7, 0x00, 0x00, 0x03, 0xDF, 0xDA, 0xAE, 0xFB, 0x00, 0x00, 0xCF,
  0x70, 0x00, 0x1B, 0xF7, 0x00, 0x6F, 0xA0, 0x00, 0x00, 0x3F, 0xD0, 0x0A, 0xF5, 0x00, 0x00, 0x00, 0xBC, 0x10, 0xCF, 0x20,
  0x00, 0x00, 0x00, 0x00, 0x0D, 0xF1, 0x00, 0x00, 0x00, 0x00, 0x00, 0xDF, 0x10, 0x00, 0x00, 0x00, 0x00, 0x0C, 0xF3, 0x00,
  0x00, 0x00, 0x00, 0x00, 0xAF, 0x50, 0x00, 0x00, 0x0A, 0xB1, 0x06, 0xFB, 0x00, 0x00, 0x02, 0xFD, 0x00, 0x1D, 0xF6, 0x00,
  0x01, 0xBF, 0x70, 0x00, 0x3E, 0xFC, 0x9A, 0xEF, 0xB0, 0x00, 0x00, 0x29, 0xDF, 0xEC, 0x70, 0x00, 0x06, 0xFF, 0xFF, 0xEC,
  0x60, 0x00, 0x00, 0x6F, 0xC9, 0x9A, 0xDF, 0xC2, 0x00, 0x06, 0xF9, 0x00, 0x00, 0x8F, 0xB0, 0x00, 0x6F, 0x90, 0x00, 0x00,
  0xBF, 0x50, 0x06, 0xF9, 0x00, 0x00, 0x04, 0xFA, 0x00, 0x6F, 0x90, 0x00, 0x00, 0x1F, 0xD0, 0x06, 0xF9, 0x00, 0x00, 0x00,
  0xEE, 0x00, 0x6F, 0x90, 0x00, 0x00, 0x0E, 0xE0, 0x06, 0xF9, 0x00, 0x00, 0x01, 0xFD, 0x00, 0x6F, 0x90, 0x00, 0x00, 0x4F,
  0xA0, 0x06, 0xF9, 0x00, 0x00, 0x0B, 0xF5, 0x00, 0x6F, 0x90, 0x00, 0x19, 0xFB, 0x00, 0x06, 0xFC, 0x99, 0xAE, 0xFC, 0x20,
  0x00, 0x6F, 0xFF, 0xFE, 0xB6, 0x00, 0x00, 0x06, 0xFF, 0xFF, 0xFF, 0xFF, 0xA0, 0x6F, 0xC9, 0x99, 0x99, 0x96, 0x06, 0xF9,
  0x00, 0x00, 0x00, 0x00, 0x6F, 0x90, 0x00, 0x00, 0x00, 0x06, 0xF9, 0x00, 0x00, 0x00, 0x00, 0x6F, 0x90, 0x00, 0x00, 0x00,
  0x06, 0xFF, 0xFF, 0xFF, 0xFB, 0x00, 0x6F, 0xC9, 0x99, 0x99, 0x60, 0x06, 0xF9, 0x00, 0x00, 0x00, 0x00, 0x6F, 0x90, 0x00,
  0x00, 0x00, 0x06, 0xF9, 0x00, 0x00, 0x00, 0x00, 0x6F, 0x90, 0x00, 0x00, 0x00, 0x06, 0xFC, 0x99, 0x99, 0x99, 0x60, 0x6F,
  0xFF, 0xFF, 0xFF, 0xFB, 0x06, 0xFF, 0xFF, 0xFF, 0xFF, 0x80, 0x6F, 0xC9, 0x99, 0x99, 0x95, 0x06, 0xF9, 0x00, 0x00, 0x00,
  0x00, 0x6F, 0x90, 0x00, 0x00, 0x00, 0x06, 0xF9, 0x00, 0x00, 0x00, 0x00, 0x6F, 0x90, 0x00, 0x00, 0x00, 0x06, 0xFF, 0xFF,
  0xFF, 0xF8, 0x00, 0x6F, 0xC9, 0x99, 0x99, 0x50, 0x06, 0xF9, 0x00, 0x00, 0x00, 0x00, 0x6F, 0x90, 0x00, 0x00, 0x00, 0x06,
  0xF9, 0x00, 0x00, 0x00, 0x00, 0x6F, 0x90, 0x00, 0x00, 0x00, 0x06, 0xF9, 0x00, 0x00, 0x00, 0x00, 0x6F, 0x90, 0x00, 0x00,
  0x00, 0x00, 0x02, 0x9D, 0xFE, 0xC8, 0x10, 0x00, 0x00, 0x3E, 0xFC, 0xAA, 0xDF, 0xC1, 0x00, 0x00, 0xDF, 0x70, 0x00, 0x1A,
  0xF9, 0x00, 0x06, 0xFB, 0x00, 0x00, 0x01, 0xFE, 0x00, 0x0A, 0xF5, 0x00, 0x00, 0x00, 0x56, 0x10, 0x0C, 0xF3, 0x00, 0x00,
  0x00, 0x00, 0x00, 0x0D, 0xF2, 0x00, 0x0F, 0xFF, 0xFF, 0x30, 0x0D, 0xF2, 0x00, 0x09, 0x99, 0xDF, 0x30, 0x0B, 0xF3, 0x00,
  0x00, 0x00, 0xBF, 0x30, 0x09, 0xF6, 0x00, 0x00, 0x00, 0xBF, 0x30, 0x04, 0xFC, 0x00, 0x00, 0x00, 0xBF, 0x30, 0x00, 0xBF,
  0x90, 0x00, 0x03, 0xEF, 0x30, 0x00, 0x2C, 0xFD, 0xA9, 0xBF, 0xF8, 0x00, 0x00, 0x01, 0x7C, 0xEF, 0xDA, 0x40, 0x00, 0x06,
  0xF9, 0x00, 0x00, 0x00, 0x6F, 0x90, 0x06, 0xF9, 0x00, 0x00, 0x00, 0x6F, 0x90, 0x06, 0xF9, 0x00, 0x00, 0x00, 0x6F, 0x90,
  0x06, 0xF9, 0x00, 0x00, 0x00, 0x6F, 0x90, 0x06, 0xF9, 0x00, 0x00, 0x00, 0x6F, 0x90, 0x06, 0xF9, 0x00, 0x00, 0x00, 0x6F,
  0x90, 0x06, 0xFF, 0xFF, 0xFF, 0xFF, 0xFF, 0x90, 0x06, 0xFC, 0x99, 0x99, 0x99, 0xBF, 0x90, 0x06, 0xF9, 0x00, 0x00, 0x00,
  0x6F, 0x90, 0x06, 0xF9, 0x00, 0x00, 0x00, 0x6F, 0x90, 0x06, 0xF9, 0x00, 0x00, 0x00, 0x6F, 0x90, 0x06, 0xF9, 0x00, 0x00,
  0x00, 0x6F, 0x90, 0x06, 0xF9, 0x00, 0x00, 0x00, 0x6F, 0x90, 0x06, 0xF9, 0x00, 0x00, 0x00, 0x6F, 0x90, 0x04, 0xFB, 0x00,
  0x4F, 0xB0, 0x04, 0xFB, 0x00, 0x4F, 0xB0, 0x04, 0xFB, 0x00, 0x4F, 0xB0, 0x04, 0xFB, 0x00, 0x4F, 0xB0, 0x04, 0xFB, 0x00,
  0x4F, 0xB0, 0x04, 0xFB, 0x00, 0x4F, 0xB0, 0x04, 0xFB, 0x00, 0x4F, 0xB0, 0x00, 0x00, 0x00, 0x07, 0xF8, 0x00, 0x00, 0x00,
  0x00, 0x7F, 0x80, 0x00, 0x00, 0x00, 0x07, 0xF8, 0x00, 0x00, 0x00, 0x00, 0x7F, 0x80, 0x00, 0x00, 0x00, 0x07, 0xF8, 0x00,
  0x00, 0x00, 0x00, 0x7F, 0x80, 0x00, 0x00, 0x00, 0x07, 0xF8, 0x00, 0x00, 0x00, 0x00, 0x7F, 0x80, 0x00, 0x00, 0x00, 0x07,
  0xF8, 0x01, 0x31, 0x00, 0x00, 0x7F, 0x80, 0x7F, 0x80, 0x00, 0x09, 0xF7, 0x04, 0xFD, 0x10, 0x02, 0xEF, 0x30, 0x0B, 0xFE,
  0xAA, 0xEF, 0xA0, 0x00, 0x08, 0xDF, 0xFC, 0x70, 0x00, 0x06, 0xF9, 0x00, 0x00, 0x0A, 0xFA, 0x00, 0x6F, 0x90, 0x00, 0x08,
  0xFC, 0x10, 0x06, 0xF9, 0x00, 0x06, 0xFC, 0x10, 0x00, 0x6F, 0x90, 0x05, 0xFD, 0x20, 0x00, 0x06, 0xF9, 0x03, 0xEE, 0x30,
  0x00, 0x00, 0x6F, 0x92, 0xEE, 0x40, 0x00, 0x00, 0x06, 0xFA, 0xDF, 0xC0, 0x00, 0x00, 0x00, 0x6F, 0xFD, 0x9F, 0x90, 0x00,
  0x00, 0x06, 0xFD, 0x20, 0xBF, 0x50, 0x00, 0x00, 0x6F, 0x90, 0x02, 0xEE, 0x30, 0x00, 0x06, 0xF9, 0x00, 0x05, 0xFD, 0x10,
  0x00, 0x6F, 0x90, 0x00, 0x09, 0xFA, 0x00, 0x06, 0xF9, 0x00, 0x00, 0x0C, 0xF7, 0x00, 0x6F, 0x90, 0x00, 0x00, 0x3E, 0xF4,
  0x06, 0xF9, 0x00, 0x00, 0x00, 0x00, 0x6F, 0x90, 0x00, 0x00, 0x00, 0x06, 0xF9, 0x00, 0x00, 0x00, 0x00, 0x6F, 0x90, 0x00,
  0x00, 0x00, 0x06, 0xF9, 0x00, 0x00, 0x00, 0x00, 0x6F, 0x90, 0x00, 0x00, 0x00, 0x06, 0xF9, 0x00, 0x00, 0x00, 0x00, 0x6F,
  0x90, 0x00, 0x00, 0x00, 0x06, 0xF9, 0x00, 0x00, 0x00, 0x00, 0x6F, 0x90, 0x00, 0x00, 0x00, 0x06, 0xF9, 0x00, 0x00, 0x00,
  0x00, 0x6F, 0x90, 0x00, 0x00, 0x00, 0x06, 0xFC, 0x99, 0x99, 0x99, 0x30, 0x6F, 0xFF, 0xFF, 0xFF, 0xF5, 0x06, 0xFF, 0x50,
  0x00, 0x00, 0x00, 0x0D, 0xFC, 0x00, 0x6F, 0xFB, 0x00, 0x00, 0x00, 0x04, 0xFF, 0xC0, 0x06, 0xFF, 0xF2, 0x00, 0x00, 0x00,
  0xAF, 0xFC, 0x00, 0x6F, 0xBF, 0x80, 0x00, 0x00, 0x2F, 0xCE, 0xC0, 0x06, 0xF7, 0xEE, 0x00, 0x00, 0x08, 0xF6, 0xEC, 0x00,
  0x6F, 0x78, 0xF6, 0x00, 0x00, 0xDE, 0x1F, 0xC0, 0x06, 0xF8, 0x2F, 0xB0, 0x00, 0x5F, 0x90, 0xFC, 0x00, 0x6F, 0x80, 0xBF,
  0x30, 0x0B, 0xF3, 0x1F, 0xC0, 0x06, 0xF9, 0x05, 0xF9, 0x02, 0xFB, 0x02, 0xFC, 0x00, 0x6F, 0x90, 0x0D, 0xE1, 0x8F, 0x50,
  0x2F, 0xC0, 0x06, 0xF9, 0x00, 0x8F, 0x6E, 0xD0, 0x02, 0xFC, 0x00, 0x6F, 0x90, 0x02, 0xFE, 0xF8, 0x00, 0x2F, 0xC0, 0x06,
  0xF9, 0x00, 0x0A, 0xFF, 0x20, 0x02, 0xFC, 0x00, 0x6F, 0x90, 0x00, 0x4F, 0xA0, 0x00, 0x2F, 0xC0, 0x06, 0xFD, 0x10, 0x00,
  0x00, 0x5F, 0x90, 0x06, 0xFF, 0x90, 0x00, 0x00, 0x5F, 0x90, 0x06, 0xFF, 0xF4, 0x00, 0x00, 0x5F, 0x90, 0x06, 0xFC, 0xFD,
  0x10, 0x00, 0x5F, 0x90, 0x06, 0xF9, 0xAF, 0x90, 0x00, 0x5F, 0x90, 0x06, 0xF9, 0x1E, 0xF4, 0x00, 0x5F, 0x90, 0x06, 0xF9,
  0x05, 0xFD, 0x10, 0x5F, 0x90, 0x06, 0xF9, 0x00, 0xAF, 0x80, 0x5F, 0x90, 0x06, 0xF9, 0x00, 0x1E, 0xF4, 0x5F, 0x90, 0x06,
  0xF9, 0x00, 0x05, 0xFD, 0x5F, 0x90, 0x06, 0xF9, 0x00, 0x00, 0xAF, 0xCF, 0x90, 0x06, 0xF9, 0x00, 0x00, 0x2E, 0xFF, 0x90,
  0x06, 0xF9, 0x00, 0x00, 0x06, 0xFF, 0x90, 0x06, 0xF9, 0x00, 0x00, 0x00, 0xAF, 0x90, 0x00, 0x01, 0x8D, 0xEE, 0xC6, 0x00,
  0x00, 0x00, 0x2D, 0xFD, 0xAB, 0xEF, 0xB1, 0x00, 0x00, 0xCF, 0x80, 0x00, 0x1B, 0xF9, 0x00, 0x05, 0xFC, 0x00, 0x00, 0x01,
  0xEF, 0x10, 0x0A, 0xF6, 0x00, 0x00, 0x00, 0x9F, 0x60, 0x0C, 0xF3, 0x00, 0x00, 0x00, 0x6F, 0x80, 0x0D, 0xF1, 0x00, 0x00,
  0x00, 0x5F, 0x90, 0x0D, 0xF1, 0x00, 0x00, 0x00, 0x5F, 0x90, 0x0C, 0xF2, 0x00, 0x00, 0x00, 0x6F, 0x80, 0x0A, 0xF5, 0x00,
  0x00, 0x00, 0x9F, 0x60, 0x05, 0xFB, 0x00, 0x00, 0x01, 0xEF, 0x10, 0x00, 0xCF, 0x80, 0x00, 0x1A, 0xF9, 0x00, 0x00, 0x2D,
  0xFD, 0xAA, 0xEF, 0xB1, 0x00, 0x00, 0x01, 0x8D, 0xEE, 0xC7, 0x00, 0x00, 0x06, 0xFF, 0xFF, 0xFE, 0xD8, 0x10, 0x00, 0x6F,
  0xC9, 0x99, 0xAE, 0xFC, 0x10, 0x06, 0xF9, 0x00, 0x00, 0x1B, 0xF8, 0x00, 0x6F, 0x90, 0x00, 0x00, 0x3F, 0xC0, 0x06, 0xF9,
  0x00, 0x00, 0x01, 0xFD, 0x00, 0x6F, 0x90, 0x00, 0x00, 0x5F, 0xB0, 0x06, 0xF9, 0x00, 0x02, 0x6E, 0xF6, 0x00, 0x6F, 0xFF,
  0xFF, 0xFF, 0xF8, 0x00, 0x06, 0xFC, 0x99, 0x98, 0x62, 0x00, 0x00, 0x6F, 0x90, 0x00, 0x00, 0x00, 0x00, 0x06, 0xF9, 0x00,
  0x00, 0x00, 0x00, 0x00, 0x6F, 0x90, 0x00, 0x00, 0x00, 0x00, 0x06, 0xF9, 0x00, 0x00, 0x00, 0x00, 0x00, 0x6F, 0x90, 0x00,
  0x00, 0x00, 0x00, 0x00, 0x02, 0x8D, 0xEE, 0xC6, 0x00, 0x00, 0x00, 0x3D, 0xFD, 0xAB, 0xEF, 0xA0, 0x00, 0x01, 0xDF, 0x70,
  0x00, 0x2B, 0xF7, 0x00, 0x06, 0xFB, 0x00, 0x00, 0x02, 0xEE, 0x00, 0x0B, 0xF4, 0x00, 0x00, 0x00, 0xAF, 0x50, 0x0D, 0xF1,
  0x00, 0x00, 0x00, 0x7F, 0x70, 0x0E, 0xE0, 0x00, 0x00, 0x00, 0x6F, 0x80, 0x0E, 0xE0, 0x00, 0x00, 0x00, 0x6F, 0x80, 0x0D,
  0xF1, 0x00, 0x00, 0x00, 0x7F, 0x70, 0x0B, 0xF4, 0x00, 0x00, 0x00, 0xAF, 0x50, 0x06, 0xFA, 0x00, 0x00, 0x02, 0xEE, 0x10,
  0x01, 0xDF, 0x70, 0x00, 0x1B, 0xF8, 0x00, 0x00, 0x3D, 0xFD, 0xAB, 0xEF, 0xA0, 0x00, 0x00, 0x02, 0x8D, 0xEE, 0xEF, 0x90,
  0x00, 0x00, 0x00, 0x00, 0x00, 0x2C, 0xFC, 0x20, 0x00, 0x00, 0x00, 0x00, 0x01, 0xAE, 0x30, 0x00, 0x00, 0x00, 0x00, 0x00,
  0x01, 0x00, 0x06, 0xFF, 0xFF, 0xFE, 0xB5, 0x00, 0x06, 0xFC, 0x99, 0x9B, 0xFF, 0x70, 0x06, 0xF9, 0x00, 0x00, 0x4F, 0xE1,
  0x06, 0xF9, 0x00, 0x00, 0x0B, 0xF5, 0x06, 0xF9, 0x00, 0x00, 0x0A, 0xF5, 0x06, 0xF9, 0x00, 0x00, 0x1D, 0xF3, 0x06, 0xF9,
  0x00, 0x14, 0xBF, 0xB0, 0x06, 0xFF, 0xFF, 0xFF, 0xFA, 0x10, 0x06, 0xFC, 0x99, 0x9F, 0xD0, 0x00, 0x06, 0xF9, 0x00, 0x0A,
  0xF7, 0x00, 0x06, 0xF9, 0x00, 0x02, 0xEE, 0x20, 0x06, 0xF9, 0x00, 0x00, 0x8F, 0x90, 0x06, 0xF9, 0x00, 0x00, 0x1D, 0xF3,
  0x06, 0xF9, 0x00, 0x00, 0x06, 0xFC, 0x00, 0x18, 0xDF, 0xED, 0x81, 0x00, 0x01, 0xCF, 0xDA, 0xAD, 0xFD, 0x10, 0x08, 0xFA,
  0x00, 0x00, 0x8F, 0xA0, 0x0C, 0xF4, 0x00, 0x00, 0x0E, 0xE0, 0x0A, 0xF7, 0x00, 0x00, 0x05, 0x60, 0x04, 0xFF, 0x93, 0x00,
  0x00, 0x00, 0x00, 0x5D, 0xFF, 0xD9, 0x30, 0x00, 0x00, 0x00, 0x5A, 0xEF, 0xFA, 0x10, 0x00, 0x00, 0x00, 0x05, 0xDF, 0xA0,
  0x16, 0x40, 0x00, 0x00, 0x2E, 0xF1, 0x2F, 0xD0, 0x00, 0x00, 0x0D, 0xF2, 0x0C, 0xF8, 0x00, 0x00, 0x4F, 0xD0, 0x02, 0xDF,
  0xDA, 0x9B, 0xFF, 0x50, 0x00, 0x17, 0xCE, 0xED, 0xA3, 0x00, 0x9F, 0xFF, 0xFF, 0xFF, 0xFF, 0xF8, 0x59, 0x99, 0x9F, 0xE9,
  0x99, 0x95, 0x00, 0x00, 0x0E, 0xE0, 0x00, 0x00, 0x00, 0x00, 0x0E, 0xE0, 0x00, 0x00, 0x00, 0x00, 0x0E, 0xE0, 0x00, 0x00,
  0x00, 0x00, 0x0E, 0xE0, 0x00, 0x00, 0x00, 0x00, 0x0E, 0xE0, 0x00, 0x00, 0x00, 0x00, 0x0E, 0xE0, 0x00, 0x00, 0x00, 0x00,
  0x0E, 0xE0, 0x00, 0x00, 0x00, 0x00, 0x0E, 0xE0, 0x00, 0x00, 0x00, 0x00, 0x0E, 0xE0, 0x00, 0x00, 0x00, 0x00, 0x0E, 0xE0,
  0x00, 0x00, 0x00, 0x00, 0x0E, 0xE0, 0x00, 0x00, 0x00, 0x00, 0x0E, 0xE0, 0x00, 0x00, 0x0A, 0xF4, 0x00, 0x00, 0x04, 0xFB,
  0x00, 0xAF, 0x40, 0x00, 0x00, 0x4F, 0xB0, 0x0A, 0xF4, 0x00, 0x00, 0x04, 0xFB, 0x00, 0xAF, 0x40, 0x00, 0x00, 0x4F, 0xB0,
  0x0A, 0xF4, 0x00, 0x00, 0x04, 0xFB, 0x00, 0xAF, 0x40, 0x00, 0x00, 0x4F, 0xB0, 0x0A, 0xF4, 0x00, 0x00, 0x04, 0xFB, 0x00,
  0xAF, 0x40, 0x00, 0x00, 0x4F, 0xB0, 0x0A, 0xF4, 0x00, 0x00, 0x04, 0xFB, 0x00, 0xAF, 0x50, 0x00, 0x00, 0x5F, 0xA0, 0x08,
  0xF7, 0x00, 0x00, 0x07, 0xF9, 0x00, 0x3F, 0xE3, 0x00, 0x03, 0xEF, 0x30, 0x00, 0x8F, 0xFB, 0x9B, 0xFF, 0x70, 0x00, 0x00,
  0x5B, 0xEF, 0xEB, 0x50, 0x00, 0x9F, 0x80, 0x00, 0x00, 0x00, 0xCF, 0x53, 0xFD, 0x00, 0x00, 0x00, 0x2F, 0xE0, 0x0C, 0xF4,
  0x00, 0x00, 0x08, 0xF9, 0x00, 0x7F, 0x90, 0x00, 0x00, 0xDF, 0x30, 0x01, 0xFD, 0x00, 0x00, 0x3F, 0xC0, 0x00, 0x0B, 0xF4,
  0x00, 0x09, 0xF7, 0x00, 0x00, 0x5F, 0xA0, 0x00, 0xDF, 0x10, 0x00, 0x00, 0xEE, 0x00, 0x4F, 0xA0, 0x00, 0x00, 0x09, 0xF5,
  0x09, 0xF5, 0x00, 0x00, 0x00, 0x3F, 0xA0, 0xEE, 0x00, 0x00, 0x00, 0x00, 0xCE, 0x6F, 0x90, 0x00, 0x00, 0x00, 0x07, 0xFE,
  0xF3, 0x00, 0x00, 0x00, 0x00, 0x1F, 0xFC, 0x00, 0x00, 0x00, 0x00, 0x00, 0xBF, 0x70, 0x00, 0x00, 0x5F, 0xA0, 0x00, 0x00,
  0xEE, 0x00, 0x00, 0x0B, 0xF4, 0x1F, 0xD0, 0x00, 0x04, 0xFF, 0x40, 0x00, 0x0E, 0xE0, 0x0C, 0xF1, 0x00, 0x09, 0xFF, 0x80,
  0x00, 0x3F, 0xB0, 0x09, 0xF5, 0x00, 0x0D, 0xDD, 0xC0, 0x00, 0x7F, 0x80, 0x05, 0xF9, 0x00, 0x2F, 0x99, 0xF1, 0x00, 0xAF,
  0x40, 0x01, 0xFC, 0x00, 0x7F, 0x55, 0xF6, 0x00, 0xDE, 0x00, 0x00, 0xDF, 0x10, 0xBE, 0x11, 0xEA, 0x02, 0xFB, 0x00, 0x00,
  0x9F, 0x40, 0xEB, 0x00, 0xBE, 0x05, 0xF8, 0x00, 0x00, 0x6F, 0x85, 0xF7, 0x00, 0x7F, 0x39, 0xF4, 0x00, 0x00, 0x2F, 0xB9,
  0xF2, 0x00, 0x3F, 0x8C, 0xE1, 0x00, 0x00, 0x0D, 0xDC, 0xC0, 0x00, 0x0D, 0xBE, 0xC0, 0x00, 0x00, 0x0A, 0xFF, 0x80, 0x00,
  0x09, 0xEF, 0x80, 0x00, 0x00, 0x06, 0xFF, 0x40, 0x00, 0x05, 0xFF, 0x40, 0x00, 0x00, 0x02, 0xFE, 0x00, 0x00, 0x01, 0xEF,
  0x10, 0x00, 0x2E, 0xF3, 0x00, 0x00, 0x0A, 0xF9, 0x00, 0x6F, 0xC0, 0x00, 0x04, 0xFD, 0x10, 0x00, 0xBF, 0x70, 0x00, 0xCF,
  0x50, 0x00, 0x02, 0xEE, 0x20, 0x7F, 0xA0, 0x00, 0x00, 0x07, 0xFA, 0x2E, 0xE2, 0x00, 0x00, 0x00, 0x0C, 0xFC, 0xF6, 0x00,
  0x00, 0x00, 0x00, 0x3F, 0xFB, 0x00, 0x00, 0x00, 0x00, 0x04, 0xFF, 0xC0, 0x00, 0x00, 0x00, 0x01, 0xDF, 0xBF, 0x70, 0x00,
  0x00, 0x00, 0x8F, 0x91, 0xEE, 0x30, 0x00, 0x00, 0x3F, 0xE1, 0x06, 0xFB, 0x00, 0x00, 0x0C, 0xF6, 0x00, 0x0C, 0xF7, 0x00,
  0x08, 0xFB, 0x00, 0x00, 0x3F, 0xE2, 0x03, 0xFF, 0x30, 0x00, 0x00, 0x9F, 0xB0, 0xAF, 0x90, 0x00, 0x00, 0x09, 0xF9, 0x2E,
  0xF2, 0x00, 0x00, 0x2F, 0xE1, 0x08, 0xFA, 0x00, 0x00, 0xAF, 0x70, 0x01, 0xDF, 0x30, 0x03, 0xFD, 0x10, 0x00, 0x6F, 0xB0,
  0x0B, 0xF6, 0x00, 0x00, 0x0C, 0xF4, 0x4F, 0xC0, 0x00, 0x00, 0x04, 0xFB, 0xCF, 0x40, 0x00, 0x00, 0x00, 0xBF, 0xFA, 0x00,
  0x00, 0x00, 0x00, 0x3F, 0xF2, 0x00, 0x00, 0x00, 0x00, 0x0E, 0xE0, 0x00, 0x00, 0x00, 0x00, 0x0E, 0xE0, 0x00, 0x00, 0x00,
  0x00, 0x0E, 0xE0, 0x00, 0x00, 0x00, 0x00, 0x0E, 0xE0, 0x00, 0x00, 0x00, 0x00, 0x0E, 0xE0, 0x00, 0x00, 0x1F, 0xFF, 0xFF,
  0xFF, 0xFF, 0xD0, 0x09, 0x99, 0x99, 0x99, 0xCF, 0xC0, 0x00, 0x00, 0x00, 0x02, 0xEE, 0x30, 0x00, 0x00, 0x00, 0x0C, 0xF7,
  0x00, 0x00, 0x00, 0x00, 0x8F, 0xB0, 0x00, 0x00, 0x00, 0x03, 0xFE, 0x20, 0x00, 0x00, 0x00, 0x1D, 0xF5, 0x00, 0x00, 0x00,
  0x00, 0x9F, 0x90, 0x00, 0x00, 0x00, 0x05, 0xFD, 0x10, 0x00, 0x00, 0x00, 0x2E, 0xF3, 0x00, 0x00, 0x00, 0x00, 0xBF, 0x80,
  0x00, 0x00, 0x00, 0x07, 0xFC, 0x00, 0x00, 0x00, 0x00, 0x2E, 0xFA, 0x99, 0x99, 0x99, 0x92, 0x3F, 0xFF, 0xFF, 0xFF, 0xFF,
  0xF4, 0x09, 0xFF, 0xF2, 0x09, 0xFA, 0x81, 0x09, 0xF5, 0x00, 0x09, 0xF5, 0x00, 0x09, 0xF5, 0x00, 0x09, 0xF5, 0x00, 0x09,
  0xF5, 0x00, 0x09, 0xF5, 0x00, 0x09, 0xF5, 0x00, 0x09, 0xF5, 0x00, 0x09, 0xF5, 0x00, 0x09, 0xF5, 0x00, 0x09, 0xF5, 0x00,
  0x09, 0xF5, 0x00, 0x09, 0xF5, 0x00, 0x09, 0xF5, 0x00, 0x09, 0xF5, 0x00, 0x09, 0xFA, 0x81, 0x09, 0xFF, 0xF2, 0x7F, 0x50,
  0x00, 0x00, 0x01, 0xEB, 0x00, 0x00, 0x00, 0x0A, 0xF2, 0x00, 0x00, 0x00, 0x4F, 0x80, 0x00, 0x00, 0x00, 0xDD, 0x00, 0x00,
  0x00, 0x07, 0xF5, 0x00, 0x00, 0x00, 0x2F, 0xB0, 0x00, 0x00, 0x00, 0xAF, 0x20, 0x00, 0x00, 0x05, 0xF8, 0x00, 0x00, 0x00,
  0x0D, 0xD0, 0x00, 0x00, 0x00, 0x8F, 0x50, 0x00, 0x00, 0x02, 0xFB, 0x00, 0x00, 0x00, 0x0B, 0xF2, 0x00, 0x00, 0x00, 0x5F,
  0x80, 0x00, 0x00, 0x00, 0xDD, 0x00, 0xEF, 0xFC, 0x07, 0x8F, 0xC0, 0x01, 0xFC, 0x00, 0x1F, 0xC0, 0x01, 0xFC, 0x00, 0x1F,
  0xC0, 0x01, 0xFC, 0x00, 0x1F, 0xC0, 0x01, 0xFC, 0x00, 0x1F, 0xC0, 0x01, 0xFC, 0x00, 0x1F, 0xC0, 0x01, 0xFC, 0x00, 0x1F,
  0xC0, 0x01, 0xFC, 0x00, 0x1F, 0xC0, 0x01, 0xFC, 0x07, 0x8F, 0xC0, 0xEF, 0xFC, 0x00, 0x00, 0x0B, 0xE1, 0x00, 0x00, 0x2F,
  0xF7, 0x00, 0x00, 0x8F, 0xDD, 0x00, 0x00, 0xEB, 0x7F, 0x40, 0x06, 0xF6, 0x1E, 0xB0, 0x0C, 0xE0, 0x0A, 0xF2, 0x3F, 0x90,
  0x03, 0xF8, 0x00, 0x00, 0x00, 0x00, 0x00, 0x00, 0x00, 0x00, 0x00, 0x00, 0x00, 0x00, 0x00, 0x00, 0x00, 0x00, 0x00, 0x00,
  0x00, 0x00, 0x00, 0x00, 0x00, 0x00, 0x00, 0x00, 0x00, 0x00, 0xEF, 0xFF, 0xFF, 0xFF, 0xF8, 0x88, 0x88, 0x88, 0x88, 0x2E,
  0xE3, 0x00, 0x04, 0xFD, 0x10, 0x00, 0x6D, 0x50, 0x00, 0x00, 0x00, 0x00, 0x00, 0x00, 0x00, 0x00, 0x00, 0x00, 0x00, 0x00,
  0x00, 0x00, 0x00, 0x00, 0x00, 0x00, 0x00, 0x00, 0x00, 0x00, 0x00, 0x00, 0x00, 0x00, 0x00, 0x00, 0x00, 0x00, 0x00, 0x00,
  0x00, 0x00, 0x00, 0x00, 0x00, 0x3A, 0xEF, 0xD9, 0x10, 0x00, 0x3E, 0xEA, 0x8B, 0xFC, 0x00, 0x09, 0xD4, 0x00, 0x0A, 0xF4,
  0x00, 0x00, 0x00, 0x00, 0x7F, 0x70, 0x00, 0x3A, 0xDE, 0xFF, 0xF7, 0x00, 0x4F, 0xE9, 0x65, 0x9F, 0x70, 0x0C, 0xF3, 0x00,
  0x07, 0xF7, 0x00, 0xEE, 0x00, 0x00, 0x7F, 0x70, 0x0C, 0xF4, 0x00, 0x3E, 0xF7, 0x00, 0x6F, 0xEA, 0xBF, 0xEF, 0x80, 0x00,
  0x6D, 0xFE, 0x95, 0xFB, 0x00, 0x0A, 0xF3, 0x00, 0x00, 0x00, 0x00, 0xAF, 0x30, 0x00, 0x00, 0x00, 0x0A, 0xF3, 0x00, 0x00,
  0x00, 0x00, 0xAF, 0x30, 0x00, 0x00, 0x00, 0x0A, 0xF5, 0xAE, 0xFC, 0x40, 0x00, 0xAF, 0xED, 0x9B, 0xFF, 0x40, 0x0A, 0xFA,
  0x00, 0x06, 0xFC, 0x00, 0xAF, 0x40, 0x00, 0x0D, 0xF2, 0x0A, 0xF3, 0x00, 0x00, 0xAF, 0x50, 0xAF, 0x30, 0x00, 0x09, 0xF5,
  0x0A, 0xF3, 0x00, 0x00, 0x9F, 0x50, 0xAF, 0x40, 0x00, 0x0C, 0xF2, 0x0A, 0xFB, 0x00, 0x05, 0xFC, 0x00, 0xAF, 0xED, 0x9B,
  0xFF, 0x40, 0x0A, 0xF3, 0xAE, 0xFC, 0x40, 0x00, 0x00, 0x18, 0xDF, 0xEA, 0x20, 0x01, 0xCF, 0xC9, 0xBF, 0xD2, 0x08, 0xF9,
  0x00, 0x07, 0xF9, 0x0D, 0xE1, 0x00, 0x01, 0xDA, 0x1F, 0xC0, 0x00, 0x00, 0x00, 0x2F, 0xB0, 0x00, 0x00, 0x00, 0x1F, 0xC0,
  0x00, 0x00, 0x00, 0x0D, 0xE1, 0x00, 0x00, 0x97, 0x08, 0xF8, 0x00, 0x06, 0xF9, 0x01, 0xCF, 0xB9, 0xAF, 0xD1, 0x00, 0x19,
  0xDF, 0xE9, 0x10, 0x00, 0x00, 0x00, 0x00, 0xFD, 0x00, 0x00, 0x00, 0x00, 0x0F, 0xD0, 0x00, 0x00, 0x00, 0x00, 0xFD, 0x00,
  0x00, 0x00, 0x00, 0x0F, 0xD0, 0x00, 0x2A, 0xEE, 0xC4, 0xFD, 0x00, 0x1D, 0xFC, 0x9B, 0xEF, 0xD0, 0x08, 0xF9, 0x00, 0x07,
  0xFD, 0x00, 0xDF, 0x20, 0x00, 0x0F, 0xD0, 0x1F, 0xD0, 0x00, 0x00, 0xFD, 0x02, 0xFC, 0x00, 0x00, 0x0F, 0xD0, 0x1F, 0xD0,
  0x00, 0x00, 0xFD, 0x00, 0xDF, 0x20, 0x00, 0x0F, 0xD0, 0x08, 0xF9, 0x00, 0x07, 0xFD, 0x00, 0x1D, 0xFC, 0x9B, 0xFF, 0xD0,
  0x00, 0x2A, 0xEF, 0xC4, 0xDD, 0x00, 0x00, 0x07, 0xDF, 0xEA, 0x20, 0x00, 0x0B, 0xFB, 0x9B, 0xFD, 0x10, 0x07, 0xF7, 0x00,
  0x07, 0xF8, 0x00, 0xCE, 0x00, 0x00, 0x1F, 0xC0, 0x0F, 0xFF, 0xFF, 0xFF, 0xFD, 0x02, 0xFD, 0x88, 0x88, 0x88, 0x70, 0x1F,
  0xD0, 0x00, 0x00, 0x00, 0x00, 0xDF, 0x30, 0x00, 0x00, 0x00, 0x08, 0xFB, 0x00, 0x01, 0xA5, 0x00, 0x1C, 0xFD, 0x89, 0xDF,
  0x50, 0x00, 0x18, 0xDF, 0xEB, 0x40, 0x00, 0x00, 0x07, 0xDE, 0xD0, 0x06, 0xFE, 0xA9, 0x00, 0xAF, 0x40, 0x00, 0x0C, 0xF1,
  0x00, 0x7F, 0xFF, 0xFF, 0x63, 0x7D, 0xF7, 0x73, 0x00, 0xCF, 0x10, 0x00, 0x0C, 0xF1, 0x00, 0x00, 0xCF, 0x10, 0x00, 0x0C,
  0xF1, 0x00, 0x00, 0xCF, 0x10, 0x00, 0x0C, 0xF1, 0x00, 0x00, 0xCF, 0x10, 0x00, 0x0C, 0xF1, 0x00, 0x00, 0xCF, 0x10, 0x00,
  0x00, 0x2A, 0xEF, 0xC4, 0xDD, 0x00, 0x1D, 0xFC, 0x9B, 0xFE, 0xD0, 0x08, 0xFA, 0x00, 0x07, 0xFD, 0x00, 0xDF, 0x20, 0x00,
  0x0E, 0xD0, 0x0F, 0xD0, 0x00, 0x00, 0xED, 0x01, 0xFC, 0x00, 0x00, 0x0E, 0xD0, 0x0F, 0xD0, 0x00, 0x00, 0xED, 0x00, 0xDF,
  0x20, 0x00, 0x0E, 0xD0, 0x08, 0xF9, 0x00, 0x07, 0xFD, 0x00, 0x1D, 0xFC, 0x9B, 0xFF, 0xD0, 0x00, 0x2A, 0xEF, 0xC5, 0xFD,
  0x00, 0x00, 0x00, 0x00, 0x2F, 0xC0, 0x02, 0xB2, 0x00, 0x09, 0xF8, 0x00, 0x4F, 0xE9, 0x9C, 0xFD, 0x10, 0x00, 0x3A, 0xEF,
  0xD9, 0x10, 0x00, 0x0A, 0xF3, 0x00, 0x00, 0x00, 0x00, 0xAF, 0x30, 0x00, 0x00, 0x00, 0x0A, 0xF3, 0x00, 0x00, 0x00, 0x00,
  0xAF, 0x30, 0x00, 0x00, 0x00, 0x0A, 0xF4, 0x9E, 0xEC, 0x50, 0x00, 0xAF, 0xDD, 0x9B, 0xFF, 0x30, 0x0A, 0xFB, 0x10, 0x08,
  0xF8, 0x00, 0xAF, 0x40, 0x00, 0x3F, 0xA0, 0x0A, 0xF3, 0x00, 0x03, 0xFB, 0x00, 0xAF, 0x30, 0x00, 0x3F, 0xB0, 0x0A, 0xF3,
  0x00, 0x03, 0xFB, 0x00, 0xAF, 0x30, 0x00, 0x3F, 0xB0, 0x0A, 0xF3, 0x00, 0x03, 0xFB, 0x00, 0xAF, 0x30, 0x00, 0x3F, 0xB0,
  0x0A, 0xF3, 0x00, 0x03, 0xFB, 0x00, 0x00, 0x10, 0x00, 0x8F, 0x60, 0x07, 0xE5, 0x00, 0x00, 0x00, 0x00, 0x00, 0x00, 0x8F,
  0x60, 0x08, 0xF6, 0x00, 0x8F, 0x60, 0x08, 0xF6, 0x00, 0x8F, 0x60, 0x08, 0xF6, 0x00, 0x8F, 0x60, 0x08, 0xF6, 0x00, 0x8F,
  0x60, 0x08, 0xF6, 0x00, 0x8F, 0x60, 0x00, 0x01, 0x00, 0x00, 0xAF, 0x40, 0x00, 0x9E, 0x40, 0x00, 0x00, 0x00, 0x00, 0x00,
  0x00, 0x00, 0x9F, 0x40, 0x00, 0x9F, 0x40, 0x00, 0x9F, 0x40, 0x00, 0x9F, 0x40, 0x00, 0x9F, 0x40, 0x00, 0x9F, 0x40, 0x00,
  0x9F, 0x40, 0x00, 0x9F, 0x40, 0x00, 0x9F, 0x40, 0x00, 0x9F, 0x40, 0x00, 0x9F, 0x40, 0x00, 0x9F, 0x40, 0x00, 0xBF, 0x30,
  0x7A, 0xFE, 0x10, 0x9F, 0xD4, 0x00, 0x0A, 0xF4, 0x00, 0x00, 0x00, 0x00, 0xAF, 0x40, 0x00, 0x00, 0x00, 0x0A, 0xF4, 0x00,
  0x00, 0x00, 0x00, 0xAF, 0x40, 0x00, 0x00, 0x00, 0x0A, 0xF4, 0x00, 0x2E, 0xF4, 0x00, 0xAF, 0x40, 0x1D, 0xF6, 0x00, 0x0A,
  0xF4, 0x0B, 0xF7, 0x00, 0x00, 0xAF, 0x49, 0xF8, 0x00, 0x00, 0x0A, 0xF9, 0xFC, 0x00, 0x00, 0x00, 0xAF, 0xFD, 0xF4, 0x00,
  0x00, 0x0A, 0xF8, 0x2E, 0xD1, 0x00, 0x00, 0xAF, 0x40, 0x6F, 0xA0, 0x00, 0x0A, 0xF4, 0x00, 0xBF, 0x60, 0x00, 0xAF, 0x40,
  0x02, 0xEE, 0x20, 0x0A, 0xF4, 0x00, 0x06, 0xFC, 0x00, 0x08, 0xF6, 0x00, 0x8F, 0x60, 0x08, 0xF6, 0x00, 0x8F, 0x60, 0x08,
  0xF6, 0x00, 0x8F, 0x60, 0x08, 0xF6, 0x00, 0x8F, 0x60, 0x08, 0xF6, 0x00, 0x8F, 0x60, 0x08, 0xF6, 0x00, 0x8F, 0x60, 0x08,
  0xF6, 0x00, 0x8F, 0x60, 0x08, 0xF6, 0x00, 0x0A, 0xF3, 0xAE, 0xFC, 0x50, 0x7D, 0xFD, 0x91, 0x00, 0x0A, 0xFE, 0xC9, 0xBF,
  0xFA, 0xFA, 0xAD, 0xF9, 0x00, 0x0A, 0xF9, 0x00, 0x08, 0xFF, 0x40, 0x01, 0xEF, 0x00, 0x0A, 0xF3, 0x00, 0x04, 0xFC, 0x00,
  0x00, 0xBF, 0x30, 0x0A, 0xF3, 0x00, 0x03, 0xFB, 0x00, 0x00, 0xAF, 0x30, 0x0A, 0xF3, 0x00, 0x03, 0xFB, 0x00, 0x00, 0xAF,
  0x30, 0x0A, 0xF3, 0x00, 0x03, 0xFB, 0x00, 0x00, 0xAF, 0x30, 0x0A, 0xF3, 0x00, 0x03, 0xFB, 0x00, 0x00, 0xAF, 0x30, 0x0A,
  0xF3, 0x00, 0x03, 0xFB, 0x00, 0x00, 0xAF, 0x30, 0x0A, 0xF3, 0x00, 0x03, 0xFB, 0x00, 0x00, 0xAF, 0x30, 0x0A, 0xF3, 0x00,
  0x03, 0xFB, 0x00, 0x00, 0xAF, 0x30, 0x0A, 0xF3, 0x9E, 0xEC, 0x50, 0x00, 0xAF, 0xDD, 0x9B, 0xFF, 0x30, 0x0A, 0xFB, 0x10,
  0x08, 0xF8, 0x00, 0xAF, 0x40, 0x00, 0x3F, 0xA0, 0x0A, 0xF3, 0x00, 0x03, 0xFB, 0x00, 0xAF, 0x30, 0x00, 0x3F, 0xB0, 0x0A,
  0xF3, 0x00, 0x03, 0xFB, 0x00, 0xAF, 0x30, 0x00, 0x3F, 0xB0, 0x0A, 0xF3, 0x00, 0x03, 0xFB, 0x00, 0xAF, 0x30, 0x00, 0x3F,
  0xB0, 0x0A, 0xF3, 0x00, 0x03, 0xFB, 0x00, 0x00, 0x08, 0xDF, 0xEA, 0x30, 0x00, 0x0B, 0xFC, 0x9A, 0xFE, 0x40, 0x07, 0xFA,
  0x00, 0x05, 0xFD, 0x00, 0xDF, 0x20, 0x00, 0x0B, 0xF4, 0x1F, 0xD0, 0x00, 0x00, 0x7F, 0x72, 0xFC, 0x00, 0x00, 0x06, 0xF8,
  0x1F, 0xD0, 0x00, 0x00, 0x7F, 0x70, 0xDF, 0x20, 0x00, 0x0B, 0xF4, 0x07, 0xFA, 0x00, 0x04, 0xFD, 0x00, 0x0B, 0xFC, 0x8A,
  0xFE, 0x40, 0x00, 0x18, 0xDF, 0xEA, 0x30, 0x00, 0x0A, 0xF3, 0xAE, 0xFC, 0x40, 0x00, 0xAF, 0xEC, 0x9B, 0xFF, 0x40, 0x0A,
  0xF9, 0x00, 0x07, 0xFC, 0x00, 0xAF, 0x30, 0x00, 0x0D, 0xF2, 0x0A, 0xF3, 0x00, 0x00, 0xAF, 0x40, 0xAF, 0x30, 0x00, 0x09,
  0xF5, 0x0A, 0xF3, 0x00, 0x00, 0xAF, 0x40, 0xAF, 0x30, 0x00, 0x0D, 0xF2, 0x0A, 0xF8, 0x00, 0x06, 0xFC, 0x00, 0xAF, 0xFB,
  0x8A, 0xFF, 0x40, 0x0A, 0xF6, 0xBE, 0xFC, 0x40, 0x00, 0xAF, 0x30, 0x00, 0x00, 0x00, 0x0A, 0xF3, 0x00, 0x00, 0x00, 0x00,
  0xAF, 0x30, 0x00, 0x00, 0x00, 0x0A, 0xF3, 0x00, 0x00, 0x00, 0x00, 0x00, 0x2A, 0xEF, 0xC5, 0xDD, 0x00, 0x1D, 0xFC, 0x9A,
  0xFF, 0xD0, 0x09, 0xFA, 0x00, 0x05, 0xFD, 0x00, 0xDF, 0x20, 0x00, 0x0F, 0xD0, 0x1F, 0xD0, 0x00, 0x00, 0xFD, 0x02, 0xFC,
  0x00, 0x00, 0x0F, 0xD0, 0x1F, 0xD0, 0x00, 0x00, 0xFD, 0x00, 0xDF, 0x20, 0x00, 0x0F, 0xD0, 0x08, 0xF9, 0x00, 0x05, 0xFD,
  0x00, 0x1D, 0xFB, 0x8A, 0xFF, 0xD0, 0x00, 0x2A, 0xEF, 0xC5, 0xFD, 0x00, 0x00, 0x00, 0x00, 0x0F, 0xD0, 0x00, 0x00, 0x00,
  0x00, 0xFD, 0x00, 0x00, 0x00, 0x00, 0x0F, 0xD0, 0x00, 0x00, 0x00, 0x00, 0xFD, 0x00, 0x0A, 0xF5, 0xCF, 0x70, 0xAF, 0xEE,
  0xC6, 0x0A, 0xFB, 0x10, 0x00, 0xAF, 0x40, 0x00, 0x0A, 0xF3, 0x00, 0x00, 0xAF, 0x30, 0x00, 0x0A, 0xF3, 0x00, 0x00, 0xAF,
  0x30, 0x00, 0x0A, 0xF3, 0x00, 0x00, 0xAF, 0x30, 0x00, 0x0A, 0xF3, 0x00, 0x00, 0x00, 0x3B, 0xEE, 0xD7, 0x00, 0x03, 0xEE,
  0xA9, 0xDF, 0xA0, 0x0A, 0xF5, 0x00, 0x1D, 0xF2, 0x0A, 0xF4, 0x00, 0x04, 0x51, 0x05, 0xFE, 0x95, 0x10, 0x00, 0x00, 0x4B,
  0xFF, 0xFA, 0x20, 0x00, 0x00, 0x15, 0xAF, 0xD1, 0x18, 0x60, 0x00, 0x0A, 0xF5, 0x0E, 0xE3, 0x00, 0x0B, 0xF4, 0x06, 0xFE,
  0x98, 0xBF, 0xC0, 0x00, 0x5B, 0xEE, 0xD8, 0x10, 0x00, 0xFD, 0x00, 0x00, 0x0F, 0xD0, 0x00, 0x00, 0xFD, 0x00, 0x0E, 0xFF,
  0xFF, 0xC0, 0x67, 0xFE, 0x76, 0x00, 0x0F, 0xD0, 0x00, 0x00, 0xFD, 0x00, 0x00, 0x0F, 0xD0, 0x00, 0x00, 0xFD, 0x00, 0x00,
  0x0F, 0xD0, 0x00, 0x00, 0xFD, 0x00, 0x00, 0x0E, 0xD0, 0x00, 0x00, 0xCF, 0xB9, 0x00, 0x03, 0xCF, 0xB0, 0x0B, 0xF3, 0x00,
  0x03, 0xFB, 0x00, 0xBF, 0x30, 0x00, 0x3F, 0xB0, 0x0B, 0xF3, 0x00, 0x03, 0xFB, 0x00, 0xBF, 0x30, 0x00, 0x3F, 0xB0, 0x0B,
  0xF3, 0x00, 0x03, 0xFB, 0x00, 0xBF, 0x30, 0x00, 0x3F, 0xB0, 0x0B, 0xF3, 0x00, 0x03, 0xFB, 0x00, 0xAF, 0x40, 0x00, 0x3F,
  0xB0, 0x08, 0xF8, 0x00, 0x0A, 0xFB, 0x00, 0x2E, 0xFA, 0x9D, 0xFF, 0xB0, 0x00, 0x4C, 0xEE, 0xB4, 0xFB, 0x00, 0x8F, 0x60,
  0x00, 0x0B, 0xF3, 0x3F, 0xA0, 0x00, 0x1E, 0xC0, 0x0C, 0xE1, 0x00, 0x5F, 0x80, 0x08, 0xF5, 0x00, 0xAF, 0x20, 0x02, 0xFA,
  0x00, 0xEC, 0x00, 0x00, 0xCE, 0x04, 0xF7, 0x00, 0x00, 0x7F, 0x49, 0xF2, 0x00, 0x00, 0x2F, 0x9D, 0xC0, 0x00, 0x00, 0x0B,
  0xEF, 0x70, 0x00, 0x00, 0x06, 0xFF, 0x20, 0x00, 0x00, 0x01, 0xFB, 0x00, 0x00, 0x8F, 0x60, 0x00, 0x7F, 0x60, 0x00, 0x6F,
  0x73, 0xFA, 0x00, 0x0B, 0xFB, 0x00, 0x0A, 0xF3, 0x0E, 0xD0, 0x01, 0xEF, 0xE1, 0x00, 0xDD, 0x00, 0xAF, 0x20, 0x5F, 0x8F,
  0x50, 0x2F, 0xA0, 0x06, 0xF6, 0x0A, 0xE1, 0xE9, 0x06, 0xF5, 0x00, 0x1F, 0xA0, 0xDA, 0x0B, 0xD0, 0xAF, 0x10, 0x00, 0xCD,
  0x4F, 0x50, 0x6F, 0x3D, 0xC0, 0x00, 0x08, 0xFA, 0xF1, 0x02, 0xF9, 0xF8, 0x00, 0x00, 0x4F, 0xFB, 0x00, 0x0C, 0xEF, 0x30,
  0x00, 0x00, 0xEF, 0x70, 0x00, 0x8F, 0xE0, 0x00, 0x00, 0x0B, 0xF2, 0x00, 0x03, 0xFA, 0x00, 0x00, 0x4F, 0xD1, 0x00, 0x2E,
  0xE2, 0x09, 0xF8, 0x00, 0xAF, 0x70, 0x01, 0xDE, 0x24, 0xFC, 0x00, 0x00, 0x5F, 0xAC, 0xF3, 0x00, 0x00, 0x0A, 0xFF, 0x80,
  0x00, 0x00, 0x04, 0xFF, 0x20, 0x00, 0x00, 0x0B, 0xFF, 0xA0, 0x00, 0x00, 0x6F, 0x9B, 0xF4, 0x00, 0x02, 0xEE, 0x13, 0xFD,
  0x10, 0x0A, 0xF7, 0x00, 0x8F, 0x80, 0x5F, 0xC0, 0x00, 0x1D, 0xF3, 0xAF, 0x60, 0x00, 0x0D, 0xF2, 0x5F, 0xB0, 0x00, 0x3F,
  0xB0, 0x0E, 0xF1, 0x00, 0x8F, 0x60, 0x09, 0xF6, 0x00, 0xCF, 0x10, 0x03, 0xFB, 0x02, 0xFB, 0x00, 0x00, 0xDE, 0x17, 0xF6,
  0x00, 0x00, 0x8F, 0x6B, 0xE1, 0x00, 0x00, 0x2F, 0xBF, 0xA0, 0x00, 0x00, 0x0C, 0xFF, 0x50, 0x00, 0x00, 0x07, 0xFE, 0x00,
  0x00, 0x00, 0x02, 0xFA, 0x00, 0x00, 0x00, 0x06, 0xF5, 0x00, 0x00, 0x00, 0x1D, 0xD0, 0x00, 0x00, 0x2A, 0xDF, 0x60, 0x00,
  0x00, 0x3E, 0xE7, 0x00, 0x00, 0x00, 0x1F, 0xFF, 0xFF, 0xFF, 0xE0, 0x18, 0x88, 0x88, 0xCF, 0xC0, 0x00, 0x00, 0x02, 0xEE,
  0x30, 0x00, 0x00, 0x0C, 0xF6, 0x00, 0x00, 0x00, 0x8F, 0xA0, 0x00, 0x00, 0x04, 0xFD, 0x10, 0x00, 0x00, 0x1D, 0xF4, 0x00,
  0x00, 0x00, 0xAF, 0x80, 0x00, 0x00, 0x05, 0xFC, 0x00, 0x00, 0x00, 0x1E, 0xFA, 0x88, 0x88, 0x82, 0x3F, 0xFF, 0xFF, 0xFF,
  0xF5, 0x00, 0x00, 0x4B, 0x60, 0x00, 0x5F, 0xC3, 0x00, 0x0D, 0xE1, 0x00, 0x03, 0xFA, 0x00, 0x00, 0x5F, 0x90, 0x00, 0x05,
  0xF8, 0x00, 0x00, 0x5F, 0x80, 0x00, 0x07, 0xF7, 0x00, 0x04, 0xDE, 0x20, 0x07, 0xFF, 0x50, 0x00, 0x3A, 0xFB, 0x00, 0x00,
  0x0A, 0xF5, 0x00, 0x00, 0x6F, 0x80, 0x00, 0x05, 0xF8, 0x00, 0x00, 0x5F, 0x80, 0x00, 0x05, 0xF9, 0x00, 0x00, 0x3F, 0xB0,
  0x00, 0x00, 0xCE, 0x20, 0x00, 0x04, 0xED, 0x40, 0x00, 0x03, 0xB6, 0x05, 0xF3, 0x00, 0x5F, 0x30, 0x05, 0xF3, 0x00, 0x5F,
  0x30, 0x05, 0xF3, 0x00, 0x5F, 0x30, 0x05, 0xF3, 0x00, 0x5F, 0x30, 0x05, 0xF3, 0x00, 0x5F, 0x30, 0x05, 0xF3, 0x00, 0x5F,
  0x30, 0x05, 0xF3, 0x00, 0x5F, 0x30, 0x05, 0xF3, 0x00, 0x5F, 0x30, 0x05, 0xF3, 0x00, 0x9A, 0x20, 0x00, 0x05, 0xED, 0x20,
  0x00, 0x04, 0xFA, 0x00, 0x00, 0x0E, 0xE0, 0x00, 0x00, 0xCF, 0x10, 0x00, 0x0C, 0xF1, 0x00, 0x00, 0xCF, 0x10, 0x00, 0x0B,
  0xF3, 0x00, 0x00, 0x5F, 0xB2, 0x00, 0x00, 0x7F, 0xF2, 0x00, 0x2D, 0xE9, 0x10, 0x08, 0xF6, 0x00, 0x00, 0xBF, 0x20, 0x00,
  0x0C, 0xF1, 0x00, 0x00, 0xCF, 0x10, 0x00, 0x0C, 0xF0, 0x00, 0x00, 0xED, 0x00, 0x00, 0x6F, 0x90, 0x00, 0x6E, 0xD2, 0x00,
  0x09, 0x92, 0x00, 0x00, 0x00, 0x5D, 0xFD, 0x70, 0x00, 0x3C, 0x40, 0x04, 0xFD, 0xAE, 0xFB, 0x32, 0xBF, 0x20, 0x0A, 0xF2,
  0x01, 0xAF, 0xFF, 0xF8, 0x00, 0x03, 0x40, 0x00, 0x04, 0x89, 0x50, 0x00, 0x00, 0x00, 0x00, 0x00, 0x00, 0x00, 0x00, 0x00,
  0x00, 0x00, 0x00, 0x00, 0x00, 0x00, 0x00, 0x00, 0x00, 0x00, 0x00, 0x00, 0x00, 0x00, 0x00, 0x00, 0x00, 0x00, 0x00, 0x00,
  0x0F, 0xFF, 0xFF, 0xFE, 0x00, 0xC3, 0x00, 0x05, 0xA0, 0x08, 0x70, 0x00, 0x79, 0x00, 0x86, 0x20, 0x54, 0x90, 0x08, 0x18,
  0x08, 0x09, 0x00, 0x80, 0x85, 0x60, 0x90, 0x08, 0x02, 0xD0, 0x09, 0x00, 0x80, 0x2D, 0x00, 0x90, 0x08, 0x08, 0x56, 0x09,
  0x00, 0x81, 0x80, 0x80, 0x90, 0x08, 0x62, 0x05, 0x49, 0x00, 0x87, 0x00, 0x07, 0x90, 0x0C, 0x30, 0x00, 0x5A, 0x00, 0xFF,
  0xFF, 0xFF, 0xE0, 0xAF, 0xFF, 0xFF, 0xFF, 0xFF, 0xF8, 0x00, 0x06, 0x99, 0x9C, 0xFB, 0x99, 0x99, 0x50, 0x00, 0x00, 0x00,
  0x9F, 0x60, 0x00, 0x00, 0x00, 0x00, 0x00, 0x09, 0xF6, 0x00, 0x00, 0x00, 0x00, 0x00, 0x00, 0x9F, 0x60, 0x00, 0x00, 0x00,
  0x00, 0x00, 0x09, 0xFC, 0xCE, 0xFD, 0xA3, 0x00, 0x00, 0x00, 0x9F, 0xFC, 0xBB, 0xDF, 0xE4, 0x00, 0x00, 0x09, 0xF6, 0x00,
  0x00, 0x8F, 0xC0, 0x00, 0x00, 0x9F, 0x60, 0x00, 0x00, 0xDF, 0x20, 0x00, 0x09, 0xF6, 0x00, 0x00, 0x0B, 0xF4, 0x00, 0x00,
  0x9F, 0x60, 0x00, 0x00, 0xCF, 0x30, 0x00, 0x09, 0xF6, 0x00, 0x00, 0x4F, 0xD0, 0x00, 0x00, 0x9F, 0x60, 0x06, 0xAF, 0xF5,
  0x00, 0x00, 0x06, 0xB4, 0x00, 0xAE, 0xB4, 0x00, 0x00, 0x00, 0x00, 0x7F, 0xB1, 0x00, 0x00, 0x00, 0x3E, 0xD1, 0x00, 0x00,
  0x00, 0x08, 0xD2, 0x00, 0x00, 0x00, 0x00, 0x00, 0x00, 0x00, 0x05, 0xFF, 0xFF, 0xFF, 0xFF, 0x80, 0x5F, 0xD9, 0x99, 0x99,
  0x95, 0x05, 0xFA, 0x00, 0x00, 0x00, 0x00, 0x5F, 0xA0, 0x00, 0x00, 0x00, 0x05, 0xFA, 0x00, 0x00, 0x00, 0x00, 0x5F, 0xA0,
  0x00, 0x00, 0x00, 0x05, 0xFA, 0x00, 0x00, 0x00, 0x00, 0x5F, 0xA0, 0x00, 0x00, 0x00, 0x05, 0xFA, 0x00, 0x00, 0x00, 0x00,
  0x5F, 0xA0, 0x00, 0x00, 0x00, 0x05, 0xFA, 0x00, 0x00, 0x00, 0x00, 0x5F, 0xA0, 0x00, 0x00, 0x00, 0x05, 0xFA, 0x00, 0x00,
  0x00, 0x00, 0x5F, 0xA0, 0x00, 0x00, 0x00, 0x09, 0xC1, 0x0C, 0xF1, 0x0E, 0xD0, 0x5F, 0x80, 0x5C, 0x10, 0x00, 0x00, 0x5F,
  0xC1, 0x00, 0x00, 0x2E, 0xD2, 0x00, 0x00, 0x07, 0xD3, 0x00, 0x00, 0x00, 0x00, 0x00, 0x00, 0x00, 0x00, 0x00, 0x00, 0x00,
  0x8F, 0xFF, 0xFF, 0xF4, 0x08, 0xFB, 0x88, 0x88, 0x20, 0x8F, 0x60, 0x00, 0x00, 0x08, 0xF6, 0x00, 0x00, 0x00, 0x8F, 0x60,
  0x00, 0x00, 0x08, 0xF6, 0x00, 0x00, 0x00, 0x8F, 0x60, 0x00, 0x00, 0x08, 0xF6, 0x00, 0x00, 0x00, 0x8F, 0x60, 0x00, 0x00,
  0x08, 0xF6, 0x00, 0x00, 0x00, 0x8F, 0x60, 0x00, 0x00, 0x05, 0x71, 0x67, 0x00, 0xCF, 0x2D, 0xF0, 0x0C, 0xF1, 0xDE, 0x00,
  0xED, 0x1F, 0xC0, 0x5F, 0x87, 0xF7, 0x05, 0xC1, 0x7B, 0x00, 0x00, 0x20, 0x00, 0x21, 0x00, 0x21, 0x00, 0x7F, 0x90, 0x3F,
  0xD0, 0x3F, 0xD0, 0x06, 0xE8, 0x03, 0xEB, 0x02, 0xEC, 0x00, 0x00, 0x00, 0x7F, 0x70, 0x00, 0x00, 0x00, 0x07, 0xF7, 0x00,
  0x00, 0x00, 0x00, 0x7F, 0x70, 0x00, 0x06, 0xFF, 0xFF, 0xFF, 0xFF, 0xF6, 0x38, 0x88, 0xBF, 0xB8, 0x88, 0x30, 0x00, 0x07,
  0xF7, 0x00, 0x00, 0x00, 0x00, 0x7F, 0x70, 0x00, 0x00, 0x00, 0x07, 0xF7, 0x00, 0x00, 0x00, 0x00, 0x7F, 0x70, 0x00, 0x00,
  0x00, 0x07, 0xF7, 0x00, 0x00, 0x00, 0x00, 0x7F, 0x70, 0x00, 0x00, 0x00, 0x07, 0xF7, 0x00, 0x00, 0x00, 0x00, 0x7F, 0x70,
  0x00, 0x00, 0x00, 0x07, 0xF7, 0x00, 0x00, 0x00, 0x00, 0x5F, 0x90, 0x00, 0x00, 0x00, 0x05, 0xF9, 0x00, 0x00, 0x00, 0x00,
  0x5F, 0x90, 0x00, 0x03, 0xFF, 0xFF, 0xFF, 0xFF, 0xF9, 0x28, 0x88, 0xAF, 0xC8, 0x88, 0x50, 0x00, 0x05, 0xF9, 0x00, 0x00,
  0x00, 0x00, 0x5F, 0x90, 0x00, 0x00, 0x00, 0x05, 0xF9, 0x00, 0x00, 0x00, 0x00, 0x5F, 0x90, 0x00, 0x00, 0x00, 0x05, 0xF9,
  0x00, 0x00, 0x00, 0x00, 0x5F, 0x90, 0x00, 0x00, 0x00, 0x05, 0xF9, 0x00, 0x00, 0x28, 0x88, 0xAF, 0xC8, 0x88, 0x43, 0xFF,
  0xFF, 0xFF, 0xFF, 0xF9, 0x00, 0x00, 0x5F, 0x90, 0x00, 0x00, 0x00, 0x05, 0xF9, 0x00, 0x00, 0x00, 0x00, 0x5F, 0x90, 0x00,
  0x00, 0x00, 0x05, 0xF9, 0x00, 0x00, 0x00, 0x00, 0x29, 0xDF, 0xED, 0x30, 0x00, 0x2D, 0xFD, 0xAA, 0xC2, 0x00, 0x0B, 0xF9,
  0x00, 0x00, 0x00, 0x02, 0xFD, 0x00, 0x00, 0x00, 0x00, 0x5F, 0xA0, 0x00, 0x00, 0x02, 0xFF, 0xFF, 0xFF, 0xF5, 0x00, 0x04,
  0x8F, 0xA4, 0x44, 0x10, 0x00, 0x06, 0xF9, 0x00, 0x00, 0x00, 0x2F, 0xFF, 0xFF, 0xFF, 0x50, 0x00, 0x48, 0xFB, 0x44, 0x41,
  0x00, 0x00, 0x3F, 0xD0, 0x00, 0x00, 0x00, 0x00, 0xCF, 0x80, 0x00, 0x00, 0x00, 0x03, 0xEF, 0xCA, 0x9B, 0x20, 0x00, 0x02,
  0x9D, 0xFF, 0xD3, 0x03, 0xCE, 0xD5, 0x00, 0x00, 0x00, 0x00, 0x00, 0x00, 0x01, 0xDB, 0x5A, 0xE2, 0x00, 0x00, 0x00, 0x00,
  0x00, 0x00, 0x4F, 0x30, 0x1E, 0x70, 0x04, 0xC1, 0x00, 0x00, 0x00, 0x06, 0xF0, 0x00, 0xD8, 0x01, 0xD9, 0x00, 0x00, 0x00,
  0x00, 0x4F, 0x20, 0x0E, 0x70, 0x9D, 0x10, 0x00, 0x00, 0x00, 0x01, 0xDB, 0x49, 0xE2, 0x4F, 0x40, 0x00, 0x00, 0x00, 0x00,
  0x03, 0xCE, 0xD5, 0x1D, 0x90, 0x00, 0x00, 0x00, 0x00, 0x00, 0x00, 0x00, 0x09, 0xD1, 0x9E, 0xE8, 0x4D, 0xEC, 0x30, 0x00,
  0x00, 0x04, 0xF4, 0x9E, 0x66, 0xEF, 0xA4, 0xBD, 0x10, 0x00, 0x01, 0xD9, 0x0D, 0x80, 0x0A, 0xE1, 0x02, 0xF4, 0x00, 0x00,
  0x9D, 0x10, 0xF7, 0x00, 0x8D, 0x00, 0x0F, 0x60, 0x00, 0x4F, 0x40, 0x0D, 0x80, 0x0A, 0xE1, 0x02, 0xF5, 0x00, 0x08, 0x80,
  0x00, 0x9E, 0x56, 0xEF, 0xA4, 0xBD, 0x10, 0x00, 0x00, 0x00, 0x01, 0x9E, 0xE8, 0x4D, 0xFC, 0x30, 0x00, 0x06, 0xFF, 0xFF,
  0xFF, 0xFF, 0x60, 0x00, 0x00, 0x00, 0x00, 0x00, 0x7F, 0xC9, 0x99, 0x9C, 0xF6, 0x00, 0x00, 0x00, 0x00, 0x00, 0x08, 0xF7,
  0x00, 0x00, 0x9F, 0x60, 0x00, 0x00, 0x00, 0x00, 0x00, 0x8F, 0x60, 0x00, 0x09, 0xF6, 0x00, 0x00, 0x00, 0x00, 0x00, 0x09,
  0xF6, 0x00, 0x00, 0x9F, 0x60, 0x00, 0x00, 0x00, 0x00, 0x00, 0x9F, 0x50, 0x00, 0x09, 0xFF, 0xFF, 0xFE, 0xC5, 0x00, 0x00,
  0x0A, 0xF4, 0x00, 0x00, 0x9F, 0xB9, 0x99, 0xBE, 0xF8, 0x00, 0x00, 0xBF, 0x30, 0x00, 0x09, 0xF6, 0x00, 0x00, 0x3E, 0xF3,
  0x00, 0x0C, 0xF2, 0x00, 0x00, 0x9F, 0x60, 0x00, 0x00, 0x8F, 0x80, 0x00, 0xDF, 0x00, 0x00, 0x09, 0xF6, 0x00, 0x00, 0x06,
  0xF9, 0x00, 0x2F, 0xC0, 0x00, 0x00, 0x9F, 0x60, 0x00, 0x00, 0x8F, 0x80, 0x08, 0xF8, 0x00, 0x00, 0x09, 0xF6, 0x00, 0x00,
  0x3E, 0xF3, 0x5B, 0xFE, 0x20, 0x00, 0x00, 0x9F, 0xB9, 0x99, 0xAE, 0xF8, 0x09, 0xEC, 0x40, 0x00, 0x00, 0x09, 0xFF, 0xFF,
  0xFE, 0xC6, 0x00, 0x00, 0x07, 0xE2, 0x00, 0x4F, 0x60, 0x01, 0xDC, 0x00, 0x0A, 0xF3, 0x00, 0x0A, 0xF3, 0x00, 0x01, 0xDC,
  0x00, 0x00, 0x4F, 0x60, 0x00, 0x07, 0xE2, 0x00, 0x00, 0x00, 0x05, 0xFA, 0x00, 0x00, 0x00, 0x7F, 0x80, 0x00, 0x00, 0x00,
  0x00, 0x05, 0xFA, 0x00, 0x00, 0x00, 0x7F, 0x80, 0x00, 0x00, 0x00, 0x00, 0x05, 0xFA, 0x00, 0x00, 0x00, 0x7F, 0x80, 0x00,
  0x00, 0x00, 0x00, 0x05, 0xFA, 0x00, 0x00, 0x00, 0x7F, 0x80, 0x00, 0x00, 0x00, 0x00, 0x05, 0xFA, 0x00, 0x00, 0x00, 0x7F,
  0x80, 0x00, 0x00, 0x00, 0x00, 0x05, 0xFA, 0x00, 0x00, 0x00, 0x7F, 0x80, 0x00, 0x00, 0x00, 0x00, 0x05, 0xFF, 0xFF, 0xFF,
  0xFF, 0xFF, 0xFF, 0xFF, 0xFD, 0x81, 0x00, 0x05, 0xFD, 0x99, 0x99, 0x99, 0xBF, 0xC9, 0x99, 0xAD, 0xFC, 0x10, 0x05, 0xFA,
  0x00, 0x00, 0x00, 0x7F, 0x80, 0x00, 0x01, 0xBF, 0x80, 0x05, 0xFA, 0x00, 0x00, 0x00, 0x7F, 0x80, 0x00, 0x00, 0x4F, 0xB0,
  0x05, 0xFA, 0x00, 0x00, 0x00, 0x7F, 0x80, 0x00, 0x00, 0x4F, 0xB0, 0x05, 0xFA, 0x00, 0x00, 0x00, 0x7F, 0x80, 0x00, 0x01,
  0xCF, 0x70, 0x05, 0xFA, 0x00, 0x00, 0x00, 0x7F, 0xDA, 0xAA, 0xBE, 0xFC, 0x10, 0x05, 0xFA, 0x00, 0x00, 0x00, 0x7F, 0xFF,
  0xFF, 0xFD, 0x81, 0x00, 0x00, 0x00, 0x00, 0xAF, 0x90, 0x00, 0x00, 0x00, 0x00, 0x6F, 0xB0, 0x00, 0x00, 0x00, 0x00, 0x0A,
  0xC1, 0x00, 0x00, 0x00, 0x00, 0x00, 0x00, 0x00, 0x00, 0x00, 0x06, 0xF9, 0x00, 0x00, 0x0A, 0xFA, 0x00, 0x6F, 0x90, 0x00,
  0x08, 0xFC, 0x10, 0x06, 0xF9, 0x00, 0x06, 0xFC, 0x10, 0x00, 0x6F, 0x90, 0x05, 0xFD, 0x20, 0x00, 0x06, 0xF9, 0x03, 0xEE,
  0x30, 0x00, 0x00, 0x6F, 0x92, 0xEE, 0x40, 0x00, 0x00, 0x06, 0xFA, 0xDF, 0xC0, 0x00, 0x00, 0x00, 0x6F, 0xFD, 0x9F, 0x90,
  0x00, 0x00, 0x06, 0xFD, 0x20, 0xBF, 0x50, 0x00, 0x00, 0x6F, 0x90, 0x02, 0xEE, 0x30, 0x00, 0x06, 0xF9, 0x00, 0x05, 0xFD,
  0x10, 0x00, 0x6F, 0x90, 0x00, 0x09, 0xFA, 0x00, 0x06, 0xF9, 0x00, 0x00, 0x0C, 0xF7, 0x00, 0x6F, 0x90, 0x00, 0x00, 0x3E,
  0xF4, 0x7F, 0xFF, 0xFF, 0xFF, 0xFF, 0xFA, 0x00, 0x00, 0x49, 0x99, 0xCF, 0xC9, 0x99, 0x96, 0x00, 0x00, 0x00, 0x00, 0x7F,
  0x80, 0x00, 0x00, 0x00, 0x00, 0x00, 0x00, 0x7F, 0x80, 0x00, 0x00, 0x00, 0x00, 0x00, 0x00, 0x7F, 0x80, 0x00, 0x00, 0x00,
  0x00, 0x00, 0x00, 0x7F, 0xDC, 0xEF, 0xEC, 0x80, 0x00, 0x00, 0x00, 0x7F, 0xEC, 0xA9, 0xAE, 0xFB, 0x00, 0x00, 0x00, 0x7F,
  0x80, 0x00, 0x01, 0xDF, 0x50, 0x00, 0x00, 0x7F, 0x80, 0x00, 0x00, 0x7F, 0x80, 0x00, 0x00, 0x7F, 0x80, 0x00, 0x00, 0x6F,
  0x90, 0x00, 0x00, 0x7F, 0x80, 0x00, 0x00, 0x6F, 0x90, 0x00, 0x00, 0x7F, 0x80, 0x00, 0x00, 0x6F, 0x90, 0x00, 0x00, 0x7F,
  0x80, 0x00, 0x00, 0x6F, 0x90, 0x00, 0x00, 0x7F, 0x80, 0x00, 0x00, 0x6F, 0x90, 0x05, 0xFA, 0x00, 0x00, 0x00, 0x7F, 0x80,
  0x05, 0xFA, 0x00, 0x00, 0x00, 0x7F, 0x80, 0x05, 0xFA, 0x00, 0x00, 0x00, 0x7F, 0x80, 0x05, 0xFA, 0x00, 0x00, 0x00, 0x7F,
  0x80, 0x05, 0xFA, 0x00, 0x00, 0x00, 0x7F, 0x80, 0x05, 0xFA, 0x00, 0x00, 0x00, 0x7F, 0x80, 0x05, 0xFA, 0x00, 0x00, 0x00,
  0x7F, 0x80, 0x05, 0xFA, 0x00, 0x00, 0x00, 0x7F, 0x80, 0x05, 0xFA, 0x00, 0x00, 0x00, 0x7F, 0x80, 0x05, 0xFA, 0x00, 0x00,
  0x00, 0x7F, 0x80, 0x05, 0xFA, 0x00, 0x00, 0x00, 0x7F, 0x80, 0x05, 0xFA, 0x00, 0x00, 0x00, 0x7F, 0x80, 0x05, 0xFD, 0x99,
  0x99, 0x99, 0xBF, 0x80, 0x05, 0xFF, 0xFF, 0xFF, 0xFF, 0xFF, 0x80, 0x00, 0x00, 0x00, 0xCF, 0x20, 0x00, 0x00, 0x00, 0x00,
  0x00, 0xCF, 0x20, 0x00, 0x00, 0x00, 0x00, 0x00, 0xCF, 0x20, 0x00, 0x00, 0x00, 0x00, 0x00, 0xCF, 0x20, 0x00, 0x00, 0x00,
  0xAF, 0x30, 0x00, 0x00, 0x00, 0x00, 0xAF, 0x30, 0x00, 0x00, 0x00, 0x4F, 0xFF, 0xFF, 0xF0, 0x00, 0x00, 0x28, 0xDF, 0x98,
  0x80, 0x00, 0x00, 0x00, 0xAF, 0x30, 0x00, 0x00, 0x00, 0x00, 0xAF, 0x49, 0xEE, 0xC5, 0x00, 0x00, 0xAF, 0xDD, 0x9B, 0xFF,
  0x30, 0x00, 0xAF, 0xB1, 0x00, 0x7F, 0x80, 0x00, 0xAF, 0x40, 0x00, 0x3F, 0xA0, 0x00, 0xAF, 0x30, 0x00, 0x3F, 0xB0, 0x00,
  0xAF, 0x30, 0x00, 0x3F, 0xB0, 0x00, 0xAF, 0x30, 0x00, 0x3F, 0xB0, 0x00, 0xAF, 0x30, 0x00, 0x3F, 0xB0, 0x00, 0xAF, 0x30,
  0x00, 0x3F, 0xB0, 0x00, 0xAF, 0x30, 0x00, 0x3F, 0xB0, 0x00, 0xAF, 0x30, 0x00, 0x3F, 0xB0, 0x00, 0x00, 0x00, 0x00, 0x3F,
  0xB0, 0x00, 0x00, 0x00, 0x00, 0x5F, 0x90, 0x00, 0x00, 0x00, 0x59, 0xDF, 0x40, 0x00, 0x00, 0x00, 0x8F, 0xD6, 0x00, 0x01,
  0xB6, 0x08, 0xF5, 0x0D, 0xE0, 0x1F, 0xC0, 0x1F, 0xC0, 0x00, 0x00, 0x00, 0x00, 0x00, 0x00, 0x00, 0x00, 0x00, 0x00, 0x00,
  0x00, 0x00, 0x00, 0x00, 0x00, 0x00, 0x00, 0x00, 0x00, 0x0A, 0xF4, 0x0A, 0xF3, 0x0C, 0xE1, 0x3F, 0xA0, 0x4C, 0x20, 0x00,
  0x00, 0x00, 0x00, 0x00, 0x00, 0x00, 0x00, 0x00, 0x00, 0x00, 0x00, 0x00, 0x00, 0x00, 0x00, 0x00, 0x00, 0x00, 0x00, 0x00,
  0xB7, 0x0A, 0x70, 0x7F, 0x66, 0xF8, 0x0C, 0xF1, 0xBF, 0x20, 0xED, 0x0D, 0xE0, 0x0F, 0xD0, 0xEE, 0x00, 0x00, 0x00, 0x00,
  0x00, 0x00, 0x00, 0x00, 0x00, 0x00, 0x00, 0x00, 0x00, 0x00, 0x00, 0x00, 0x00, 0x00, 0x00, 0x00, 0x00, 0x00, 0x00, 0x00,
  0x00, 0x00, 0x00, 0x00, 0x00, 0x00, 0x00, 0x00, 0x00, 0x00, 0x00, 0x00, 0x08, 0xF6, 0x8F, 0x50, 0x8F, 0x58, 0xF5, 0x0A,
  0xF3, 0xBF, 0x22, 0xEC, 0x2E, 0xB0, 0x3C, 0x33, 0xC3, 0x00, 0x00, 0x00, 0x00, 0x00, 0x00, 0x00, 0x00, 0x00, 0x00, 0x00,
  0x00, 0x00, 0x00, 0x00, 0x00, 0x00, 0x00, 0x00, 0x00, 0x00, 0x00, 0x00, 0x00, 0x00, 0x00, 0x00, 0x00, 0x00, 0x00, 0x00,
  0x00, 0x00, 0x00, 0x00, 0x00, 0x03, 0xCE, 0xA0, 0x00, 0x9F, 0xFF, 0x40, 0x0A, 0xFF, 0xF5, 0x00, 0x5F, 0xFD, 0x10, 0x00,
  0x24, 0x10, 0x00, 0x00, 0x00, 0x00, 0x00, 0x00, 0x00, 0x00, 0x00, 0x00, 0x00, 0x00, 0x00, 0x00, 0x00, 0x07, 0xFF, 0xFF,
  0xFF, 0xFF, 0xF6, 0x00, 0x48, 0x88, 0x88, 0x88, 0x88, 0x30, 0x00, 0x00, 0x00, 0x00, 0x00, 0x00, 0x00, 0x00, 0x00, 0x00,
  0x00, 0x00, 0x00, 0x00, 0x00, 0x00, 0x00, 0x00, 0x00, 0x00, 0x00, 0x00, 0x00, 0x00, 0x00, 0x00, 0x00, 0x00, 0x00, 0x00,
  0x00, 0x00, 0x00, 0x00, 0x00, 0x00, 0x00, 0x00, 0x00, 0x0A, 0xFF, 0xFF, 0xFF, 0xFF, 0xFF, 0xFF, 0x70, 0x05, 0x88, 0x88,
  0x88, 0x88, 0x88, 0x88, 0x40, 0x00, 0x00, 0x00, 0x00, 0x00, 0x00, 0x00, 0x00, 0x00, 0x00, 0x00, 0x00, 0x00, 0x00, 0x00,
  0x00, 0x00, 0x00, 0x00, 0x00, 0x00, 0x00, 0x00, 0x00, 0x00, 0x00, 0x00, 0x00, 0x00, 0x00, 0x00, 0x00, 0x00, 0x00, 0x00,
  0x00, 0x00, 0x00, 0x00, 0x00, 0x00, 0x00, 0x00, 0x00, 0x00, 0x00, 0x00, 0x00, 0x0F, 0xFF, 0xC8, 0xD0, 0x0C, 0x90, 0x00,
  0x09, 0x60, 0x8E, 0x43, 0xE9, 0x00, 0x00, 0x96, 0x08, 0x99, 0x89, 0x90, 0x00, 0x09, 0x60, 0x87, 0xBB, 0x69, 0x00, 0x00,
  0x96, 0x08, 0x77, 0x86, 0x90, 0x00, 0x00, 0x00, 0x00, 0x00, 0x00, 0x00, 0x00, 0x00, 0x00, 0x00, 0x00, 0x00, 0x00, 0x00,
  0x00, 0x00, 0x00, 0x00, 0x00, 0x00, 0x00, 0x00, 0x00, 0x00, 0x00, 0x00, 0x00, 0x00, 0x00, 0x00, 0x00, 0x00, 0x00, 0x00,
  0x00, 0x00, 0x00, 0x00, 0x00, 0x00, 0x00, 0x00, 0x00, 0x00, 0x00, 0x00, 0x00, 0x00, 0x00, 0x00, 0x00, 0x00, 0x00, 0x00,
  0x00, 0x00, 0x00, 0x00, 0x00, 0x3F, 0xFF, 0xFF, 0xFB, 0x00, 0x00, 0x00, 0x00, 0x04, 0xFC, 0x88, 0x9F, 0xB0, 0x00, 0x00,
  0x00, 0x00, 0x5F, 0x90, 0x03, 0xFB, 0x00, 0x00, 0x00, 0x00, 0x05, 0xF8, 0x00, 0x3F, 0xB0, 0x00, 0x00, 0x00, 0x00, 0x6F,
  0x70, 0x03, 0xFF, 0xFF, 0xFD, 0x81, 0x00, 0x07, 0xF6, 0x00, 0x3F, 0xD8, 0x89, 0xCF, 0xB0, 0x00, 0x8F, 0x50, 0x03, 0xFB,
  0x00, 0x00, 0xCF, 0x30, 0x0A, 0xF3, 0x00, 0x3F, 0xB0, 0x00, 0x09, 0xF5, 0x02, 0xEE, 0x00, 0x03, 0xFB, 0x00, 0x00, 0xCF,
  0x37, 0xDF, 0x90, 0x00, 0x3F, 0xD8, 0x88, 0xCF, 0xB0, 0xAE, 0xA1, 0x00, 0x03, 0xFF, 0xFF, 0xFD, 0x81, 0x00, 0x0C, 0xA0,
  0x00, 0x04, 0xF6, 0x00, 0x00, 0x9E, 0x30, 0x00, 0x1D, 0xD1, 0x00, 0x1D, 0xD1, 0x00, 0x9E, 0x30, 0x04, 0xF6, 0x00, 0x0C,
  0xA0, 0x00, 0x00, 0x00, 0x00, 0x08, 0xF6, 0x00, 0x00, 0xDF, 0x00, 0x00, 0x00, 0x00, 0x8F, 0x60, 0x00, 0x0D, 0xF0, 0x00,
  0x00, 0x00, 0x08, 0xF6, 0x00, 0x00, 0xDF, 0x00, 0x00, 0x00, 0x00, 0x8F, 0x60, 0x00, 0x0D, 0xF0, 0x00, 0x00, 0x00, 0x08,
  0xFF, 0xFF, 0xFF, 0xFF, 0xEE, 0xED, 0xA2, 0x00, 0x8F, 0xA8, 0x88, 0x8E, 0xF9, 0x99, 0xBF, 0xE2, 0x08, 0xF6, 0x00, 0x00,
  0xDF, 0x00, 0x00, 0x8F, 0x80, 0x8F, 0x60, 0x00, 0x0D, 0xF0, 0x00, 0x04, 0xFA, 0x08, 0xF6, 0x00, 0x00, 0xDF, 0x00, 0x00,
  0x8F, 0x80, 0x8F, 0x60, 0x00, 0x0D, 0xF8, 0x88, 0xAF, 0xE2, 0x08, 0xF6, 0x00, 0x00, 0xDF, 0xFF, 0xFD, 0xA2, 0x00, 0x00,
  0x00, 0x04, 0xFD, 0x20, 0x00, 0x00, 0x02, 0xEE, 0x30, 0x00, 0x00, 0x00, 0x6D, 0x40, 0x00, 0x00, 0x00, 0x00, 0x00, 0x00,
  0x00, 0x00, 0x00, 0x00, 0x00, 0x00, 0x00, 0x8F, 0x60, 0x00, 0x6F, 0xC1, 0x08, 0xF6, 0x00, 0x5F, 0xD2, 0x00, 0x8F, 0x60,
  0x4E, 0xE2, 0x00, 0x08, 0xF6, 0x3E, 0xE3, 0x00, 0x00, 0x8F, 0xFF, 0xF5, 0x00, 0x00, 0x08, 0xFC, 0xBF, 0xB0, 0x00, 0x00,
  0x8F, 0x60, 0xBF, 0x70, 0x00, 0x08, 0xF6, 0x02, 0xEF, 0x30, 0x00, 0x8F, 0x60, 0x06, 0xFD, 0x10, 0x08, 0xF6, 0x00, 0x0B,
  0xF9, 0x00, 0x8F, 0x60, 0x00, 0x2E, 0xF5, 0x00, 0xAF, 0x30, 0x00, 0x00, 0x00, 0x00, 0xAF, 0x30, 0x00, 0x00, 0x00, 0x1F,
  0xFF, 0xFF, 0xF4, 0x00, 0x00, 0x08, 0xCF, 0x98, 0x82, 0x00, 0x00, 0x00, 0xAF, 0x30, 0x00, 0x00, 0x00, 0x00, 0xAF, 0x49,
  0xEE, 0xC5, 0x00, 0x00, 0xAF, 0xDD, 0x9B, 0xFF, 0x30, 0x00, 0xAF, 0xB1, 0x00, 0x8F, 0x80, 0x00, 0xAF, 0x40, 0x00, 0x3F,
  0xA0, 0x00, 0xAF, 0x30, 0x00, 0x3F, 0xB0, 0x00, 0xAF, 0x30, 0x00, 0x3F, 0xB0, 0x00, 0xAF, 0x30, 0x00, 0x3F, 0xB0, 0x00,
  0xAF, 0x30, 0x00, 0x3F, 0xB0, 0x00, 0xAF, 0x30, 0x00, 0x3F, 0xB0, 0x00, 0xAF, 0x30, 0x00, 0x3F, 0xB0, 0x00, 0xAF, 0x30,
  0x00, 0x3F, 0xB0, 0x08, 0xF6, 0x00, 0x00, 0xCF, 0x00, 0x08, 0xF6, 0x00, 0x00, 0xCF, 0x00, 0x08, 0xF6, 0x00, 0x00, 0xCF,
  0x00, 0x08, 0xF6, 0x00, 0x00, 0xCF, 0x00, 0x08, 0xF6, 0x00, 0x00, 0xCF, 0x00, 0x08, 0xF6, 0x00, 0x00, 0xCF, 0x00, 0x08,
  0xF6, 0x00, 0x00, 0xCF, 0x00, 0x08, 0xF6, 0x00, 0x00, 0xCF, 0x00, 0x08, 0xF6, 0x00, 0x00, 0xCF, 0x00, 0x08, 0xFA, 0x88,
  0x88, 0xEF, 0x00, 0x08, 0xFF, 0xFF, 0xFF, 0xFF, 0x00, 0x00, 0x00, 0x2F, 0xB0, 0x00, 0x00, 0x00, 0x00, 0x2F, 0xB0, 0x00,
  0x00, 0x00, 0x00, 0x2F, 0xB0, 0x00, 0x00, 0x00, 0x09, 0xE0, 0x05, 0xF3, 0x00, 0x00, 0x00, 0x4F, 0x84, 0xCD, 0x00, 0x00,
  0x00, 0x00, 0x6D, 0xEC, 0x30, 0x00, 0x00, 0x00, 0x00, 0x00, 0x00, 0x00, 0x00, 0x2E, 0xF2, 0x00, 0x00, 0x07, 0xFC, 0x00,
  0x9F, 0x90, 0x00, 0x00, 0xCF, 0x60, 0x02, 0xFE, 0x10, 0x00, 0x4F, 0xD0, 0x00, 0x0A, 0xF8, 0x00, 0x0A, 0xF8, 0x00, 0x00,
  0x3F, 0xE1, 0x02, 0xFE, 0x10, 0x00, 0x00, 0xAF, 0x70, 0x7F, 0x90, 0x00, 0x00, 0x03, 0xFD, 0x0D, 0xF3, 0x00, 0x00, 0x00,
  0x0B, 0xF9, 0xFB, 0x00, 0x00, 0x00, 0x00, 0x4F, 0xFF, 0x50, 0x00, 0x00, 0x00, 0x00, 0xCF, 0xD0, 0x00, 0x00, 0x00, 0x00,
  0x09, 0xF7, 0x00, 0x00, 0x00, 0x00, 0x02, 0xEE, 0x10, 0x00, 0x00, 0x00, 0x59, 0xDF, 0x70, 0x00, 0x00, 0x00, 0x08, 0xFD,
  0x70, 0x00, 0x00, 0x00, 0x00, 0xDA, 0x00, 0xAD, 0x00, 0x00, 0x9E, 0x56, 0xE8, 0x00, 0x00, 0x1A, 0xEE, 0x91, 0x00, 0x00,
  0x00, 0x00, 0x00, 0x00, 0xAF, 0x60, 0x00, 0x0D, 0xF2, 0x5F, 0xB0, 0x00, 0x3F, 0xB0, 0x0E, 0xF1, 0x00, 0x8F, 0x60, 0x09,
  0xF6, 0x00, 0xCF, 0x10, 0x03, 0xFB, 0x02, 0xFB, 0x00, 0x00, 0xDE, 0x17, 0xF6, 0x00, 0x00, 0x8F, 0x6B, 0xE1, 0x00, 0x00,
  0x2F, 0xBF, 0xA0, 0x00, 0x00, 0x0C, 0xFF, 0x50, 0x00, 0x00, 0x07, 0xFE, 0x00, 0x00, 0x00, 0x02, 0xFA, 0x00, 0x00, 0x00,
  0x06, 0xF5, 0x00, 0x00, 0x00, 0x1D, 0xD0, 0x00, 0x00, 0x2A, 0xDF, 0x60, 0x00, 0x00, 0x3E, 0xE7, 0x00, 0x00, 0x00, 0x00,
  0x00, 0x00, 0x07, 0xF8, 0x00, 0x00, 0x00, 0x00, 0x7F, 0x80, 0x00, 0x00, 0x00, 0x07, 0xF8, 0x00, 0x00, 0x00, 0x00, 0x7F,
  0x80, 0x00, 0x00, 0x00, 0x07, 0xF8, 0x00, 0x00, 0x00, 0x00, 0x7F, 0x80, 0x00, 0x00, 0x00, 0x07, 0xF8, 0x00, 0x00, 0x00,
  0x00, 0x7F, 0x80, 0x00, 0x00, 0x00, 0x07, 0xF8, 0x01, 0x31, 0x00, 0x00, 0x7F, 0x80, 0x7F, 0x80, 0x00, 0x09, 0xF7, 0x04,
  0xFD, 0x10, 0x02, 0xEF, 0x30, 0x0B, 0xFE, 0xAA, 0xEF, 0xA0, 0x00, 0x08, 0xDF, 0xFC, 0x70, 0x00, 0x00, 0x20, 0x00, 0x00,
  0x00, 0x01, 0x20, 0x08, 0xE3, 0x6C, 0xEF, 0xD8, 0x2B, 0xD2, 0x08, 0xFF, 0xFF, 0xCC, 0xEF, 0xFF, 0xD2, 0x00, 0xBF, 0xC2,
  0x00, 0x18, 0xFF, 0x30, 0x02, 0xFD, 0x10, 0x00, 0x00, 0x8F, 0x80, 0x07, 0xF6, 0x00, 0x00, 0x00, 0x1E, 0xC0, 0x0A, 0xF2,
  0x00, 0x00, 0x00, 0x0C, 0xE0, 0x0A, 0xF2, 0x00, 0x00, 0x00, 0x0C, 0xE0, 0x07, 0xF6, 0x00, 0x00, 0x00, 0x1E, 0xC0, 0x02,
  0xFD, 0x10, 0x00, 0x00, 0x8F, 0x70, 0x00, 0xDF, 0xB2, 0x00, 0x18, 0xFF, 0x40, 0x0A, 0xFE, 0xFF, 0xCB, 0xEF, 0xEF, 0xE3,
  0x05, 0xC1, 0x6C, 0xEF, 0xD8, 0x18, 0xA0, 0x00, 0x00, 0x00, 0x00, 0x00, 0x00, 0x00, 0x00, 0x00, 0x00, 0x00, 0x8F, 0x60,
  0x00, 0x00, 0x00, 0x08, 0xF6, 0x00, 0x00, 0x00, 0x00, 0x8F, 0x60, 0x00, 0x00, 0x00, 0x08, 0xF6, 0x07, 0xFF, 0xFF, 0xFF,
  0xFF, 0x60, 0x7F, 0xC9, 0x99, 0x99, 0x94, 0x07, 0xF8, 0x00, 0x00, 0x00, 0x00, 0x7F, 0x80, 0x00, 0x00, 0x00, 0x07, 0xF8,
  0x00, 0x00, 0x00, 0x00, 0x7F, 0x80, 0x00, 0x00, 0x00, 0x07, 0xF8, 0x00, 0x00, 0x00, 0x00, 0x7F, 0x80, 0x00, 0x00, 0x00,
  0x07, 0xF8, 0x00, 0x00, 0x00, 0x00, 0x7F, 0x80, 0x00, 0x00, 0x00, 0x07, 0xF8, 0x00, 0x00, 0x00, 0x00, 0x7F, 0x80, 0x00,
  0x00, 0x00, 0x07, 0xF8, 0x00, 0x00, 0x00, 0x00, 0x7F, 0x80, 0x00, 0x00, 0x00, 0x09, 0xF5, 0x00, 0x9F, 0x50, 0x09, 0xF5,
  0x00, 0x9F, 0x50, 0x09, 0xF5, 0x00, 0x9F, 0x50, 0x09, 0xF5, 0x00, 0x00, 0x00, 0x00, 0x00, 0x00, 0x9F, 0x50, 0x09, 0xF5,
  0x00, 0x9F, 0x50, 0x09, 0xF5, 0x00, 0x9F, 0x50, 0x09, 0xF5, 0x00, 0x9F, 0x50, 0x09, 0xF5, 0x00, 0x00, 0x17, 0xCE, 0xFD,
  0x92, 0x00, 0x01, 0xDF, 0xC9, 0x9C, 0xFE, 0x30, 0x07, 0xF9, 0x00, 0x00, 0x8F, 0xA0, 0x0A, 0xF4, 0x00, 0x00, 0x0F, 0xE0,
  0x08, 0xF8, 0x00, 0x00, 0x03, 0x40, 0x02, 0xEF, 0xB6, 0x10, 0x00, 0x00, 0x01, 0xBF, 0xFF, 0xFB, 0x61, 0x00, 0x0A, 0xF8,
  0x48, 0xCF, 0xFD, 0x30, 0x0F, 0xD0, 0x00, 0x03, 0xBF, 0xD0, 0x0F, 0xD0, 0x00, 0x00, 0x0D, 0xF3, 0x0B, 0xFA, 0x30, 0x00,
  0x0B, 0xF3, 0x02, 0xCF, 0xFC, 0x84, 0x7F, 0xC0, 0x00, 0x06, 0xBF, 0xFF, 0xFC, 0x20, 0x00, 0x00, 0x01, 0x6B, 0xFF, 0x30,
  0x14, 0x30, 0x00, 0x00, 0x8F, 0xA0, 0x1F, 0xD0, 0x00, 0x00, 0x3F, 0xB0, 0x0C, 0xF7, 0x00, 0x00, 0x8F, 0x90, 0x04, 0xEF,
  0xC9, 0x9C, 0xFE, 0x20, 0x00, 0x29, 0xDF, 0xED, 0x82, 0x00, 0x00, 0x00, 0x00, 0x00, 0x00, 0x00, 0x01, 0xED, 0x00, 0xBE,
  0x20, 0x00, 0x1D, 0xD0, 0x0B, 0xE2, 0x00, 0x00, 0x00, 0x00, 0x00, 0x00, 0x06, 0xFF, 0xFF, 0xFF, 0xFF, 0xA0, 0x6F, 0xC9,
  0x99, 0x99, 0x96, 0x06, 0xF9, 0x00, 0x00, 0x00, 0x00, 0x6F, 0x90, 0x00, 0x00, 0x00, 0x06, 0xF9, 0x00, 0x00, 0x00, 0x00,
  0x6F, 0x90, 0x00, 0x00, 0x00, 0x06, 0xFF, 0xFF, 0xFF, 0xFB, 0x00, 0x6F, 0xC9, 0x99, 0x99, 0x60, 0x06, 0xF9, 0x00, 0x00,
  0x00, 0x00, 0x6F, 0x90, 0x00, 0x00, 0x00, 0x06, 0xF9, 0x00, 0x00, 0x00, 0x00, 0x6F, 0x90, 0x00, 0x00, 0x00, 0x06, 0xFC,
  0x99, 0x99, 0x99, 0x60, 0x6F, 0xFF, 0xFF, 0xFF, 0xFB, 0x00, 0x00, 0x39, 0xDE, 0xEC, 0x71, 0x00, 0x00, 0x00, 0x07, 0xFB,
  0x64, 0x58, 0xDD, 0x40, 0x00, 0x00, 0x8E, 0x50, 0x00, 0x00, 0x09, 0xE3, 0x00, 0x04, 0xF4, 0x04, 0xCE, 0xEA, 0x10, 0xAC,
  0x00, 0x0A, 0xA0, 0x3F, 0xB6, 0x7E, 0xA0, 0x1E, 0x50, 0x0E, 0x40, 0x9E, 0x10, 0x08, 0xB0, 0x0A, 0x90, 0x1F, 0x20, 0xBC,
  0x00, 0x00, 0x00, 0x07, 0xB0, 0x1F, 0x20, 0xBC, 0x00, 0x00, 0x00, 0x08, 0xB0, 0x0E, 0x40, 0x9E, 0x10, 0x08, 0xB0, 0x0A,
  0x90, 0x0A, 0xA0, 0x3F, 0xB6, 0x7E, 0xA0, 0x1E, 0x40, 0x03, 0xE4, 0x04, 0xCE, 0xEA, 0x10, 0xAC, 0x00, 0x00, 0x8E, 0x50,
  0x00, 0x00, 0x09, 0xE3, 0x00, 0x00, 0x07, 0xFB, 0x64, 0x47, 0xDD, 0x30, 0x00, 0x00, 0x00, 0x39, 0xDE, 0xEC, 0x71, 0x00,
  0x00, 0x00, 0x01, 0x8D, 0xEE, 0xC7, 0x00, 0x00, 0x02, 0xDF, 0xDA, 0xAD, 0xFB, 0x10, 0x00, 0xCF, 0x70, 0x00, 0x1B, 0xF8,
  0x00, 0x5F, 0xB0, 0x00, 0x00, 0x2F, 0xD0, 0x0A, 0xF6, 0x00, 0x00, 0x00, 0xAC, 0x10, 0xBF, 0x30, 0x00, 0x00, 0x00, 0x00,
  0x0C, 0xFF, 0xFF, 0xFF, 0xB0, 0x00, 0x00, 0xCF, 0xA9, 0x99, 0x96, 0x00, 0x00, 0x0C, 0xF4, 0x00, 0x00, 0x00, 0x00, 0x00,
  0xAF, 0x60, 0x00, 0x00, 0x09, 0xB1, 0x05, 0xFC, 0x00, 0x00, 0x02, 0xFE, 0x00, 0x0C, 0xF7, 0x00, 0x01, 0xAF, 0x80, 0x00,
  0x3D, 0xFC, 0x9A, 0xDF, 0xB1, 0x00, 0x00, 0x29, 0xDF, 0xEC, 0x70, 0x00, 0x00, 0x08, 0xE1, 0x5F, 0x40, 0x04, 0xF6, 0x2E,
  0x90, 0x02, 0xEB, 0x0B, 0xD1, 0x00, 0xBE, 0x28, 0xF5, 0x00, 0x0B, 0xE2, 0x8F, 0x50, 0x00, 0x2E, 0xB0, 0xBD, 0x10, 0x00,
  0x5F, 0x52, 0xE9, 0x00, 0x00, 0x8E, 0x15, 0xF4, 0x00, 0x00, 0x00, 0x00, 0x00, 0x0C, 0xFF, 0xFF, 0xFF, 0xF6, 0x00, 0x89,
  0x99, 0x99, 0xCF, 0x60, 0x00, 0x00, 0x00, 0x08, 0xF6, 0x00, 0x00, 0x00, 0x00, 0x8F, 0x60, 0x00, 0x00, 0x00, 0x00, 0x00,
  0x00, 0x00, 0x00, 0x00, 0x00, 0x00, 0x00, 0x00, 0x00, 0x00, 0x00, 0x00, 0x00, 0x00, 0x00, 0x00, 0x00, 0xAF, 0xFF, 0xF3,
  0x58, 0x88, 0x81, 0x00, 0x00, 0x00, 0x00, 0x00, 0x00, 0x00, 0x00, 0x00, 0x00, 0x00, 0x00, 0x00, 0x00, 0x00, 0x00, 0x00,
  0x39, 0xDE, 0xEC, 0x71, 0x00, 0x00, 0x00, 0x07, 0xFB, 0x64, 0x58, 0xDD, 0x30, 0x00, 0x00, 0x8E, 0x50, 0x00, 0x00, 0x09,
  0xE3, 0x00, 0x04, 0xF4, 0x0F, 0xFF, 0xEB, 0x20, 0xAC, 0x00, 0x0A, 0xA0, 0x0F, 0x94, 0x6D, 0xB0, 0x1E, 0x40, 0x0E, 0x40,
  0x0F, 0x70, 0x2C, 0xB0, 0x0A, 0x90, 0x1F, 0x10, 0x0F, 0xFF, 0xFE, 0x20, 0x08, 0xB0, 0x1F, 0x10, 0x0F, 0x95, 0x6E, 0x80,
  0x08, 0xB0, 0x0E, 0x40, 0x0F, 0x70, 0x0A, 0xC0, 0x0A, 0x90, 0x0A, 0xA0, 0x0F, 0x70, 0x0A, 0xC0, 0x1E, 0x40, 0x04, 0xF4,
  0x0F, 0x70, 0x09, 0xE0, 0xAC, 0x00, 0x00, 0x8E, 0x50, 0x00, 0x00, 0x09, 0xE3, 0x00, 0x00, 0x07, 0xFB, 0x64, 0x57, 0xDD,
  0x30, 0x00, 0x00, 0x00, 0x39, 0xDE, 0xEC, 0x71, 0x00, 0x00, 0x01, 0x00, 0x00, 0x05, 0xF9, 0x02, 0xEC, 0x4E, 0x80, 0x2E,
  0xB0, 0x00, 0x00, 0x00, 0x00, 0x4F, 0xB0, 0x00, 0x04, 0xFB, 0x00, 0x00, 0x4F, 0xB0, 0x00, 0x04, 0xFB, 0x00, 0x00, 0x4F,
  0xB0, 0x00, 0x04, 0xFB, 0x00, 0x00, 0x4F, 0xB0, 0x00, 0x04, 0xFB, 0x00, 0x00, 0x4F, 0xB0, 0x00, 0x04, 0xFB, 0x00, 0x00,
  0x4F, 0xB0, 0x00, 0x04, 0xFB, 0x00, 0x00, 0x4F, 0xB0, 0x00, 0x04, 0xFB, 0x00, 0x00, 0x9E, 0xD4, 0x00, 0x7E, 0x6A, 0xE1,
  0x0B, 0x90, 0x1F, 0x30, 0x9C, 0x26, 0xF1, 0x02, 0xDF, 0xF7, 0x00, 0x00, 0x42, 0x00, 0x00, 0x00, 0x00, 0x00, 0x00, 0x00,
  0x00, 0x00, 0x00, 0x00, 0x00, 0x00, 0x00, 0x00, 0x00, 0x00, 0x00, 0x00, 0x00, 0x00, 0x00, 0x00, 0x00, 0x00, 0x00, 0x00,
  0x00, 0x00, 0x00, 0x00, 0x01, 0x00, 0x00, 0x00, 0x00, 0x05, 0xF6, 0x00, 0x00, 0x00, 0x00, 0x5F, 0x60, 0x00, 0x00, 0x00,
  0x05, 0xF6, 0x00, 0x00, 0x00, 0x00, 0x5F, 0x60, 0x00, 0x01, 0xFF, 0xFF, 0xFF, 0xFF, 0xE0, 0x18, 0x88, 0xAF, 0xA8, 0x87,
  0x00, 0x00, 0x05, 0xF6, 0x00, 0x00, 0x00, 0x00, 0x5F, 0x60, 0x00, 0x00, 0x00, 0x05, 0xF6, 0x00, 0x00, 0x00, 0x00, 0x25,
  0x20, 0x00, 0x00, 0x68, 0x88, 0x88, 0x88, 0x40, 0x0B, 0xFF, 0xFF, 0xFF, 0xF8, 0x00, 0x04, 0xFB, 0x00, 0x4F, 0xB0, 0x04,
  0xFB, 0x00, 0x4F, 0xB0, 0x04, 0xFB, 0x00, 0x4F, 0xB0, 0x04, 0xFB, 0x00, 0x4F, 0xB0, 0x04, 0xFB, 0x00, 0x4F, 0xB0, 0x04,
  0xFB, 0x00, 0x4F, 0xB0, 0x04, 0xFB, 0x00, 0x4F, 0xB0, 0x00, 0x10, 0x00, 0x8F, 0x60, 0x07, 0xE5, 0x00, 0x00, 0x00, 0x00,
  0x00, 0x00, 0x8F, 0x60, 0x08, 0xF6, 0x00, 0x8F, 0x60, 0x08, 0xF6, 0x00, 0x8F, 0x60, 0x08, 0xF6, 0x00, 0x8F, 0x60, 0x08,
  0xF6, 0x00, 0x8F, 0x60, 0x08, 0xF6, 0x00, 0x8F, 0x60, 0x00, 0x00, 0x00, 0xBF, 0x30, 0x00, 0x00, 0x0B, 0xF3, 0x00, 0x00,
  0x00, 0xBF, 0x30, 0x9F, 0xFF, 0xFF, 0xF3, 0x09, 0xFA, 0x88, 0x88, 0x20, 0x9F, 0x40, 0x00, 0x00, 0x09, 0xF4, 0x00, 0x00,
  0x00, 0x9F, 0x40, 0x00, 0x00, 0x09, 0xF4, 0x00, 0x00, 0x00, 0x9F, 0x40, 0x00, 0x00, 0x09, 0xF4, 0x00, 0x00, 0x00, 0x9F,
  0x40, 0x00, 0x00, 0x09, 0xF4, 0x00, 0x00, 0x00, 0x9F, 0x40, 0x00, 0x00, 0x08, 0xF6, 0x00, 0x00, 0xFD, 0x00, 0x8F, 0x60,
  0x00, 0x0F, 0xD0, 0x08, 0xF6, 0x00, 0x00, 0xFD, 0x00, 0x8F, 0x60, 0x00, 0x0F, 0xD0, 0x08, 0xF6, 0x00, 0x00, 0xFD, 0x00,
  0x8F, 0x60, 0x00, 0x0F, 0xD0, 0x08, 0xF6, 0x00, 0x00, 0xFD, 0x00, 0x8F, 0x70, 0x00, 0x0F, 0xD0, 0x08, 0xFC, 0x00, 0x05,
  0xFD, 0x00, 0x8F, 0xFC, 0x8A, 0xEF, 0xD0, 0x08, 0xFA, 0xDF, 0xD5, 0xAA, 0x00, 0x8F, 0x60, 0x00, 0x00, 0x00, 0x08, 0xF6,
  0x00, 0x00, 0x00, 0x00, 0x8F, 0x60, 0x00, 0x00, 0x00, 0x08, 0xF6, 0x00, 0x00, 0x00, 0x00, 0x00, 0x4B, 0xEF, 0xFF, 0x30,
  0x05, 0xFF, 0xFF, 0xFF, 0x30, 0x1E, 0xFF, 0xFF, 0xFF, 0x30, 0x4F, 0xFF, 0xFF, 0xFF, 0x30, 0x6F, 0xFF, 0xFF, 0xFF, 0x30,
  0x4F, 0xFF, 0xFF, 0xFF, 0x30, 0x1E, 0xFF, 0xFF, 0xFF, 0x30, 0x05, 0xFF, 0xFF, 0xFF, 0x30, 0x00, 0x4B, 0xEF, 0xFF, 0x30,
  0x00, 0x00, 0x00, 0xBF, 0x30, 0x00, 0x00, 0x00, 0xBF, 0x30, 0x00, 0x00, 0x00, 0xBF, 0x30, 0x00, 0x00, 0x00, 0xBF, 0x30,
  0x00, 0x00, 0x00, 0xBF, 0x30, 0x06, 0xE8, 0x00, 0x7F, 0x90, 0x00, 0x30, 0x00, 0x00, 0x00, 0x00, 0x00, 0x00, 0x00, 0x00,
  0x00, 0x00, 0x00, 0x00, 0x00, 0x00, 0x01, 0x00, 0x00, 0x00, 0x00, 0x08, 0xF6, 0x05, 0xF9, 0x00, 0x00, 0x7E, 0x50, 0x5E,
  0x80, 0x00, 0x00, 0x00, 0x00, 0x00, 0x00, 0x00, 0x00, 0x00, 0x00, 0x00, 0x00, 0x00, 0x7D, 0xFE, 0xA2, 0x00, 0x00, 0xBF,
  0xB9, 0xBF, 0xD1, 0x00, 0x7F, 0x70, 0x00, 0x7F, 0x80, 0x0C, 0xE0, 0x00, 0x01, 0xFC, 0x00, 0xFF, 0xFF, 0xFF, 0xFF, 0xD0,
  0x2F, 0xD8, 0x88, 0x88, 0x87, 0x01, 0xFD, 0x00, 0x00, 0x00, 0x00, 0x0D, 0xF3, 0x00, 0x00, 0x00, 0x00, 0x8F, 0xB0, 0x00,
  0x1A, 0x50, 0x01, 0xCF, 0xD8, 0x9D, 0xF5, 0x00, 0x01, 0x8D, 0xFE, 0xB4, 0x00, 0x07, 0xFD, 0x00, 0x00, 0x0A, 0xF3, 0x01,
  0xAE, 0xEB, 0x30, 0x00, 0x7F, 0xF6, 0x00, 0x00, 0xAF, 0x30, 0xBF, 0x98, 0xED, 0x10, 0x07, 0xFF, 0xD1, 0x00, 0x0A, 0xF3,
  0x2F, 0x90, 0x06, 0xF5, 0x00, 0x7F, 0xCF, 0x70, 0x00, 0xAF, 0x34, 0xF6, 0x00, 0x3F, 0x70, 0x07, 0xF7, 0xDE, 0x10, 0x0A,
  0xF3, 0x4F, 0x60, 0x04, 0xF7, 0x00, 0x7F, 0x76, 0xF8, 0x00, 0xAF, 0x31, 0xFA, 0x00, 0x8F, 0x40, 0x07, 0xF7, 0x0C, 0xE2,
  0x0A, 0xF3, 0x08, 0xFD, 0xCF, 0xB0, 0x00, 0x7F, 0x70, 0x5F, 0x90, 0xAF, 0x30, 0x05, 0x9A, 0x70, 0x00, 0x07, 0xF7, 0x00,
  0xCF, 0x2A, 0xF3, 0x00, 0x00, 0x00, 0x00, 0x00, 0x7F, 0x70, 0x04, 0xFA, 0xAF, 0x30, 0xEF, 0xFF, 0xFF, 0x20, 0x07, 0xF7,
  0x00, 0x0B, 0xFC, 0xF3, 0x06, 0x77, 0x77, 0x71, 0x00, 0x7F, 0x70, 0x00, 0x3F, 0xFF, 0x30, 0x00, 0x00, 0x00, 0x00, 0x07,
  0xF7, 0x00, 0x00, 0xAF, 0xF3, 0x00, 0x00, 0x00, 0x00, 0x00, 0x7F, 0x70, 0x00, 0x02, 0xFF, 0x30, 0x00, 0x00, 0x00, 0x00,
  0x00, 0x08, 0xDF, 0xEB, 0x30, 0x00, 0x0B, 0xFC, 0x9A, 0xEF, 0x50, 0x06, 0xF8, 0x00, 0x03, 0xFC, 0x00, 0xCE, 0x00, 0x00,
  0x04, 0x40, 0x0E, 0xFF, 0xFF, 0xC0, 0x00, 0x00, 0xFE, 0x88, 0x87, 0x00, 0x00, 0x0E, 0xF0, 0x00, 0x00, 0x00, 0x00, 0xCF,
  0x40, 0x00, 0x08, 0x80, 0x07, 0xFB, 0x00, 0x05, 0xFA, 0x00, 0x0B, 0xFC, 0x8A, 0xFE, 0x20, 0x00, 0x18, 0xDF, 0xEA, 0x20,
  0x00, 0x0B, 0xC0, 0x5F, 0x30, 0x00, 0x2E, 0x80, 0xAD, 0x10, 0x00, 0x7F, 0x42, 0xEA, 0x00, 0x00, 0xCE, 0x27, 0xF6, 0x00,
  0x0C, 0xE2, 0x7F, 0x60, 0x07, 0xF4, 0x2E, 0xA0, 0x02, 0xE8, 0x0A, 0xD1, 0x00, 0xBC, 0x05, 0xF4, 0x00, 0x00, 0x00, 0x00,
  0x00, 0x00, 0x00, 0x01, 0x00, 0x00, 0xAF, 0x40, 0x00, 0x9E, 0x40, 0x00, 0x00, 0x00, 0x00, 0x00, 0x00, 0x00, 0x9F, 0x40,
  0x00, 0x9F, 0x40, 0x00, 0x9F, 0x40, 0x00, 0x9F, 0x40, 0x00, 0x9F, 0x40, 0x00, 0x9F, 0x40, 0x00, 0x9F, 0x40, 0x00, 0x9F,
  0x40, 0x00, 0x9F, 0x40, 0x00, 0x9F, 0x40, 0x00, 0x9F, 0x40, 0x00, 0x9F, 0x40, 0x00, 0xBF, 0x30, 0x7A, 0xFE, 0x10, 0x9F,
  0xD4, 0x00, 0x00, 0x18, 0xDF, 0xED, 0x81, 0x00, 0x01, 0xCF, 0xDA, 0xAD, 0xFD, 0x10, 0x08, 0xFA, 0x00, 0x00, 0x8F, 0xA0,
  0x0C, 0xF4, 0x00, 0x00, 0x0E, 0xE0, 0x0A, 0xF7, 0x00, 0x00, 0x05, 0x60, 0x04, 0xFF, 0x93, 0x00, 0x00, 0x00, 0x00, 0x5D,
  0xFF, 0xD9, 0x30, 0x00, 0x00, 0x00, 0x5A, 0xEF, 0xFA, 0x10, 0x00, 0x00, 0x00, 0x05, 0xDF, 0xA0, 0x16, 0x40, 0x00, 0x00,
  0x2E, 0xF1, 0x2F, 0xD0, 0x00, 0x00, 0x0D, 0xF2, 0x0C, 0xF8, 0x00, 0x00, 0x4F, 0xD0, 0x02, 0xDF, 0xDA, 0x9B, 0xFF, 0x50,
  0x00, 0x17, 0xCE, 0xED, 0xA3, 0x00, 0x00, 0x3B, 0xEE, 0xD7, 0x00, 0x03, 0xEE, 0xA9, 0xDF, 0xA0, 0x0A, 0xF5, 0x00, 0x1D,
  0xF2, 0x0A, 0xF4, 0x00, 0x04, 0x51, 0x05, 0xFE, 0x95, 0x10, 0x00, 0x00, 0x4B, 0xFF, 0xFA, 0x20, 0x00, 0x00, 0x15, 0xAF,
  0xD1, 0x18, 0x60, 0x00, 0x0A, 0xF5, 0x0E, 0xE3, 0x00, 0x0B, 0xF4, 0x06, 0xFE, 0x98, 0xBF, 0xC0, 0x00, 0x5B, 0xEE, 0xD8,
  0x10, 0x01, 0x00, 0x00, 0x08, 0xF5, 0x05, 0xF8, 0x8E, 0x50, 0x5E, 0x80, 0x00, 0x00, 0x00, 0x00, 0x00, 0x00, 0x00, 0x08,
  0xF6, 0x00, 0x00, 0x8F, 0x60, 0x00, 0x08, 0xF6, 0x00, 0x00, 0x8F, 0x60, 0x00, 0x08, 0xF6, 0x00, 0x00, 0x8F, 0x60, 0x00,
  0x08, 0xF6, 0x00, 0x00, 0x8F, 0x60, 0x00, 0x08, 0xF6, 0x00, 0x00, 0x8F, 0x60, 0x00, 0x08, 0xF6, 0x00, 0x00, 0x00, 0x08,
  0xF9, 0x00, 0x00, 0x00, 0x00, 0x00, 0xDF, 0xE0, 0x00, 0x00, 0x00, 0x00, 0x5F, 0xDF, 0x60, 0x00, 0x00, 0x00, 0x0A, 0xF3,
  0xFB, 0x00, 0x00, 0x00, 0x02, 0xFC, 0x0B, 0xF2, 0x00, 0x00, 0x00, 0x7F, 0x60, 0x6F, 0x80, 0x00, 0x00, 0x0D, 0xE1, 0x01,
  0xED, 0x00, 0x00, 0x04, 0xFA, 0x00, 0x0A, 0xF5, 0x00, 0x00, 0xAF, 0x50, 0x00, 0x4F, 0xA0, 0x00, 0x1E, 0xFF, 0xFF, 0xFF,
  0xFF, 0x10, 0x06, 0xFC, 0x99, 0x99, 0x9C, 0xF7, 0x00, 0xCF, 0x30, 0x00, 0x00, 0x3F, 0xD0, 0x3F, 0xC0, 0x00, 0x00, 0x00,
  0xCF, 0x49, 0xF7, 0x00, 0x00, 0x00, 0x06, 0xFA, 0x07, 0xFF, 0xFF, 0xFF, 0xFF, 0x60, 0x00, 0x7F, 0xC9, 0x99, 0x99, 0x93,
  0x00, 0x07, 0xF8, 0x00, 0x00, 0x00, 0x00, 0x00, 0x7F, 0x80, 0x00, 0x00, 0x00, 0x00, 0x07, 0xF8, 0x00, 0x00, 0x00, 0x00,
  0x00, 0x7F, 0x80, 0x00, 0x00, 0x00, 0x00, 0x07, 0xFF, 0xFF, 0xFF, 0xD8, 0x10, 0x00, 0x7F, 0xC9, 0x99, 0xAD, 0xFD, 0x10,
  0x07, 0xF8, 0x00, 0x00, 0x1B, 0xF8, 0x00, 0x7F, 0x80, 0x00, 0x00, 0x5F, 0xB0, 0x07, 0xF8, 0x00, 0x00, 0x05, 0xFB, 0x00,
  0x7F, 0x80, 0x00, 0x01, 0xBF, 0x70, 0x07, 0xFC, 0x99, 0x9A, 0xDF, 0xC1, 0x00, 0x7F, 0xFF, 0xFF, 0xFD, 0x81, 0x00, 0x06,
  0xFF, 0xFF, 0xFE, 0xB4, 0x00, 0x06, 0xFC, 0x99, 0x9B, 0xFF, 0x50, 0x06, 0xF9, 0x00, 0x00, 0x6F, 0xC0, 0x06, 0xF9, 0x00,
  0x00, 0x0F, 0xE0, 0x06, 0xF9, 0x00, 0x00, 0x2F, 0xD0, 0x06, 0xF9, 0x00, 0x14, 0xCF, 0x60, 0x06, 0xFF, 0xFF, 0xFF, 0xF6,
  0x00, 0x06, 0xFC, 0x88, 0x8A, 0xEE, 0x50, 0x06, 0xF9, 0x00, 0x00, 0x2E, 0xE1, 0x06, 0xF9, 0x00, 0x00, 0x0A, 0xF5, 0x06,
  0xF9, 0x00, 0x00, 0x0B, 0xF5, 0x06, 0xF9, 0x00, 0x00, 0x3E, 0xF2, 0x06, 0xFC, 0x99, 0x9B, 0xFF, 0x80, 0x06, 0xFF, 0xFF,
  0xFE, 0xC6, 0x00, 0x05, 0xFF, 0xFF, 0xFF, 0xFF, 0x80, 0x5F, 0xD9, 0x99, 0x99, 0x95, 0x05, 0xFA, 0x00, 0x00, 0x00, 0x00,
  0x5F, 0xA0, 0x00, 0x00, 0x00, 0x05, 0xFA, 0x00, 0x00, 0x00, 0x00, 0x5F, 0xA0, 0x00, 0x00, 0x00, 0x05, 0xFA, 0x00, 0x00,
  0x00, 0x00, 0x5F, 0xA0, 0x00, 0x00, 0x00, 0x05, 0xFA, 0x00, 0x00, 0x00, 0x00, 0x5F, 0xA0, 0x00, 0x00, 0x00, 0x05, 0xFA,
  0x00, 0x00, 0x00, 0x00, 0x5F, 0xA0, 0x00, 0x00, 0x00, 0x05, 0xFA, 0x00, 0x00, 0x00, 0x00, 0x5F, 0xA0, 0x00, 0x00, 0x00,
  0x00, 0x00, 0xEF, 0xFF, 0xFF, 0xFF, 0xA0, 0x00, 0x00, 0x0F, 0xE9, 0x99, 0x9B, 0xFA, 0x00, 0x00, 0x01, 0xFD, 0x00, 0x00,
  0x5F, 0xA0, 0x00, 0x00, 0x2F, 0xD0, 0x00, 0x05, 0xFA, 0x00, 0x00, 0x03, 0xFC, 0x00, 0x00, 0x5F, 0xA0, 0x00, 0x00, 0x3F,
  0xB0, 0x00, 0x05, 0xFA, 0x00, 0x00, 0x05, 0xFA, 0x00, 0x00, 0x5F, 0xA0, 0x00, 0x00, 0x7F, 0x90, 0x00, 0x05, 0xFA, 0x00,
  0x00, 0x0A, 0xF6, 0x00, 0x00, 0x5F, 0xA0, 0x00, 0x00, 0xDF, 0x20, 0x00, 0x05, 0xFA, 0x00, 0x00, 0x4F, 0xC0, 0x00, 0x00,
  0x5F, 0xA0, 0x00, 0x0B, 0xF6, 0x00, 0x00, 0x05, 0xFA, 0x00, 0x5A, 0xFF, 0x99, 0x99, 0x99, 0xBF, 0xD9, 0x59, 0xFF, 0xFF,
  0xFF, 0xFF, 0xFF, 0xFF, 0xF8, 0x9F, 0x70, 0x00, 0x00, 0x00, 0x00, 0x7F, 0x88, 0xF7, 0x00, 0x00, 0x00, 0x00, 0x07, 0xF8,
  0x8F, 0x70, 0x00, 0x00, 0x00, 0x00, 0x7F, 0x88, 0xF7, 0x00, 0x00, 0x00, 0x00, 0x07, 0xF7, 0x06, 0xFF, 0xFF, 0xFF, 0xFF,
  0xA0, 0x6F, 0xC9, 0x99, 0x99, 0x96, 0x06, 0xF9, 0x00, 0x00, 0x00, 0x00, 0x6F, 0x90, 0x00, 0x00, 0x00, 0x06, 0xF9, 0x00,
  0x00, 0x00, 0x00, 0x6F, 0x90, 0x00, 0x00, 0x00, 0x06, 0xFF, 0xFF, 0xFF, 0xFB, 0x00, 0x6F, 0xC9, 0x99, 0x99, 0x60, 0x06,
  0xF9, 0x00, 0x00, 0x00, 0x00, 0x6F, 0x90, 0x00, 0x00, 0x00, 0x06, 0xF9, 0x00, 0x00, 0x00, 0x00, 0x6F, 0x90, 0x00, 0x00,
  0x00, 0x06, 0xFC, 0x99, 0x99, 0x99, 0x60, 0x6F, 0xFF, 0xFF, 0xFF, 0xFB, 0x2E, 0xF4, 0x00, 0x00, 0xCF, 0x30, 0x00, 0x1D,
  0xF5, 0x00, 0x6F, 0xC0, 0x00, 0x0C, 0xF3, 0x00, 0x08, 0xFA, 0x00, 0x00, 0xBF, 0x70, 0x00, 0xCF, 0x30, 0x03, 0xFE, 0x10,
  0x00, 0x02, 0xEE, 0x20, 0x0C, 0xF3, 0x00, 0xCF, 0x50, 0x00, 0x00, 0x06, 0xFB, 0x00, 0xCF, 0x30, 0x7F, 0xA0, 0x00, 0x00,
  0x00, 0x0B, 0xF6, 0x0C, 0xF3, 0x2E, 0xD1, 0x00, 0x00, 0x00, 0x00, 0x3F, 0xFF, 0xFF, 0xFF, 0xF7, 0x00, 0x00, 0x00, 0x00,
  0x09, 0xFC, 0x9E, 0xFA, 0xBF, 0xD1, 0x00, 0x00, 0x00, 0x04, 0xFE, 0x20, 0xCF, 0x30, 0xCF, 0x80, 0x00, 0x00, 0x01, 0xDF,
  0x70, 0x0C, 0xF3, 0x03, 0xFF, 0x30, 0x00, 0x00, 0x8F, 0xC0, 0x00, 0xCF, 0x30, 0x09, 0xFC, 0x00, 0x00, 0x3F, 0xF4, 0x00,
  0x0C, 0xF3, 0x00, 0x1D, 0xF7, 0x00, 0x0C, 0xF9, 0x00, 0x00, 0xCF, 0x30, 0x00, 0x5F, 0xE2, 0x07, 0xFD, 0x10, 0x00, 0x0C,
  0xF3, 0x00, 0x00, 0xAF, 0xB0, 0x00, 0x29, 0xDF, 0xED, 0x92, 0x00, 0x02, 0xEF, 0xDA, 0xAD, 0xFD, 0x20, 0x0B, 0xF8, 0x00,
  0x00, 0xAF, 0x90, 0x0E, 0xE0, 0x00, 0x00, 0x3F, 0xC0, 0x00, 0x00, 0x00, 0x00, 0x4F, 0xB0, 0x00, 0x00, 0x00, 0x15, 0xDE,
  0x40, 0x00, 0x00, 0xBF, 0xFF, 0xE4, 0x00, 0x00, 0x00, 0x79, 0xAC, 0xFC, 0x20, 0x00, 0x00, 0x00, 0x00, 0x7F, 0xB0, 0x13,
  0x20, 0x00, 0x00, 0x0E, 0xF0, 0x3F, 0xC0, 0x00, 0x00, 0x0E, 0xF0, 0x0D, 0xF7, 0x00, 0x00, 0x9F, 0xB0, 0x04, 0xEF, 0xC9,
  0xAD, 0xFE, 0x30, 0x00, 0x29, 0xDF, 0xED, 0x91, 0x00, 0x05, 0xFA, 0x00, 0x00, 0x00, 0xBF, 0x80, 0x05, 0xFA, 0x00, 0x00,
  0x06, 0xFF, 0x80, 0x05, 0xFA, 0x00, 0x00, 0x1E, 0xFF, 0x80, 0x05, 0xFA, 0x00, 0x00, 0xAF, 0xAF, 0x80, 0x05, 0xFA, 0x00,
  0x04, 0xF9, 0x7F, 0x80, 0x05, 0xFA, 0x00, 0x0D, 0xE1, 0x7F, 0x80, 0x05, 0xFA, 0x00, 0x8F, 0x60, 0x7F, 0x80, 0x05, 0xFA,
  0x03, 0xFB, 0x00, 0x7F, 0x80, 0x05, 0xFA, 0x0B, 0xE2, 0x00, 0x7F, 0x80, 0x05, 0xFA, 0x6F, 0x70, 0x00, 0x7F, 0x80, 0x05,
  0xFB, 0xEC, 0x00, 0x00, 0x7F, 0x80, 0x05, 0xFF, 0xF4, 0x00, 0x00, 0x7F, 0x80, 0x05, 0xFF, 0x90, 0x00, 0x00, 0x7F, 0x80,
  0x05, 0xFD, 0x10, 0x00, 0x00, 0x7F, 0x80, 0x00, 0x00, 0xBC, 0x00, 0x8F, 0x10, 0x00, 0x00, 0x00, 0x6F, 0x74, 0xDB, 0x00,
  0x00, 0x00, 0x00, 0x08, 0xEE, 0xB2, 0x00, 0x00, 0x00, 0x00, 0x00, 0x00, 0x00, 0x00, 0x00, 0x05, 0xFA, 0x00, 0x00, 0x00,
  0xBF, 0x80, 0x05, 0xFA, 0x00, 0x00, 0x06, 0xFF, 0x80, 0x05, 0xFA, 0x00, 0x00, 0x1E, 0xFF, 0x80, 0x05, 0xFA, 0x00, 0x00,
  0xAF, 0xAF, 0x80, 0x05, 0xFA, 0x00, 0x04, 0xF9, 0x7F, 0x80, 0x05, 0xFA, 0x00, 0x0D, 0xE1, 0x7F, 0x80, 0x05, 0xFA, 0x00,
  0x8F, 0x60, 0x7F, 0x80, 0x05, 0xFA, 0x03, 0xFB, 0x00, 0x7F, 0x80, 0x05, 0xFA, 0x0B, 0xE2, 0x00, 0x7F, 0x80, 0x05, 0xFA,
  0x6F, 0x70, 0x00, 0x7F, 0x80, 0x05, 0xFB, 0xEC, 0x00, 0x00, 0x7F, 0x80, 0x05, 0xFF, 0xF4, 0x00, 0x00, 0x7F, 0x80, 0x05,
  0xFF, 0x90, 0x00, 0x00, 0x7F, 0x80, 0x05, 0xFD, 0x10, 0x00, 0x00, 0x7F, 0x80, 0x05, 0xFA, 0x00, 0x00, 0x06, 0xFE, 0x20,
  0x5F, 0xA0, 0x00, 0x04, 0xFF, 0x40, 0x05, 0xFA, 0x00, 0x02, 0xEF, 0x60, 0x00, 0x5F, 0xA0, 0x01, 0xDF, 0x90, 0x00, 0x05,
  0xFA, 0x00, 0xBF, 0xB0, 0x00, 0x00, 0x5F, 0xA0, 0x8F, 0xD1, 0x00, 0x00, 0x05, 0xFF, 0xFF, 0xF3, 0x00, 0x00, 0x00, 0x5F,
  0xD9, 0xCF, 0xA0, 0x00, 0x00, 0x05, 0xFA, 0x01, 0xDF, 0x70, 0x00, 0x00, 0x5F, 0xA0, 0x03, 0xEF, 0x40, 0x00, 0x05, 0xFA,
  0x00, 0x06, 0xFE, 0x20, 0x00, 0x5F, 0xA0, 0x00, 0x09, 0xFC, 0x10, 0x05, 0xFA, 0x00, 0x00, 0x0B, 0xFA, 0x00, 0x5F, 0xA0,
  0x00, 0x00, 0x1D, 0xF7, 0x00, 0x07, 0xFF, 0xFF, 0xFF, 0xFF, 0x70, 0x00, 0x07, 0xFC, 0x99, 0x99, 0xCF, 0x70, 0x00, 0x08,
  0xF7, 0x00, 0x00, 0x8F, 0x70, 0x00, 0x09, 0xF6, 0x00, 0x00, 0x8F, 0x70, 0x00, 0x09, 0xF5, 0x00, 0x00, 0x8F, 0x70, 0x00,
  0x0A, 0xF5, 0x00, 0x00, 0x8F, 0x70, 0x00, 0x0A, 0xF4, 0x00, 0x00, 0x8F, 0x70, 0x00, 0x0B, 0xF3, 0x00, 0x00, 0x8F, 0x70,
  0x00, 0x0C, 0xF1, 0x00, 0x00, 0x8F, 0x70, 0x00, 0x0E, 0xE0, 0x00, 0x00, 0x8F, 0x70, 0x00, 0x2F, 0xC0, 0x00, 0x00, 0x8F,
  0x70, 0x00, 0x9F, 0x80, 0x00, 0x00, 0x8F, 0x70, 0x5B, 0xFE, 0x20, 0x00, 0x00, 0x8F, 0x70, 0x9E, 0xB3, 0x00, 0x00, 0x00,
  0x8F, 0x70, 0x06, 0xFF, 0x50, 0x00, 0x00, 0x00, 0x0D, 0xFC, 0x00, 0x6F, 0xFB, 0x00, 0x00, 0x00, 0x04, 0xFF, 0xC0, 0x06,
  0xFF, 0xF2, 0x00, 0x00, 0x00, 0xAF, 0xFC, 0x00, 0x6F, 0xBF, 0x80, 0x00, 0x00, 0x2F, 0xCE, 0xC0, 0x06, 0xF7, 0xEE, 0x00,
  0x00, 0x08, 0xF6, 0xEC, 0x00, 0x6F, 0x78, 0xF6, 0x00, 0x00, 0xDE, 0x1F, 0xC0, 0x06, 0xF8, 0x2F, 0xB0, 0x00, 0x5F, 0x90,
  0xFC, 0x00, 0x6F, 0x80, 0xBF, 0x30, 0x0B, 0xF3, 0x1F, 0xC0, 0x06, 0xF9, 0x05, 0xF9, 0x02, 0xFB, 0x02, 0xFC, 0x00, 0x6F,
  0x90, 0x0D, 0xE1, 0x8F, 0x50, 0x2F, 0xC0, 0x06, 0xF9, 0x00, 0x8F, 0x6E, 0xD0, 0x02, 0xFC, 0x00, 0x6F, 0x90, 0x02, 0xFE,
  0xF8, 0x00, 0x2F, 0xC0, 0x06, 0xF9, 0x00, 0x0A, 0xFF, 0x20, 0x02, 0xFC, 0x00, 0x6F, 0x90, 0x00, 0x4F, 0xA0, 0x00, 0x2F,
  0xC0, 0x06, 0xF9, 0x00, 0x00, 0x00, 0x6F, 0x90, 0x06, 0xF9, 0x00, 0x00, 0x00, 0x6F, 0x90, 0x06, 0xF9, 0x00, 0x00, 0x00,
  0x6F, 0x90, 0x06, 0xF9, 0x00, 0x00, 0x00, 0x6F, 0x90, 0x06, 0xF9, 0x00, 0x00, 0x00, 0x6F, 0x90, 0x06, 0xF9, 0x00, 0x00,
  0x00, 0x6F, 0x90, 0x06, 0xFF, 0xFF, 0xFF, 0xFF, 0xFF, 0x90, 0x06, 0xFC, 0x99, 0x99, 0x99, 0xBF, 0x90, 0x06, 0xF9, 0x00,
  0x00, 0x00, 0x6F, 0x90, 0x06, 0xF9, 0x00, 0x00, 0x00, 0x6F, 0x90, 0x06, 0xF9, 0x00, 0x00, 0x00, 0x6F, 0x90, 0x06, 0xF9,
  0x00, 0x00, 0x00, 0x6F, 0x90, 0x06, 0xF9, 0x00, 0x00, 0x00, 0x6F, 0x90, 0x06, 0xF9, 0x00, 0x00, 0x00, 0x6F, 0x90, 0x00,
  0x01, 0x8D, 0xEE, 0xC6, 0x00, 0x00, 0x00, 0x2D, 0xFD, 0xAB, 0xEF, 0xB1, 0x00, 0x00, 0xCF, 0x80, 0x00, 0x1B, 0xF9, 0x00,
  0x05, 0xFC, 0x00, 0x00, 0x01, 0xEF, 0x10, 0x0A, 0xF6, 0x00, 0x00, 0x00, 0x9F, 0x60, 0x0C, 0xF3, 0x00, 0x00, 0x00, 0x6F,
  0x80, 0x0D, 0xF1, 0x00, 0x00, 0x00, 0x5F, 0x90, 0x0D, 0xF1, 0x00, 0x00, 0x00, 0x5F, 0x90, 0x0C, 0xF2, 0x00, 0x00, 0x00,
  0x6F, 0x80, 0x0A, 0xF5, 0x00, 0x00, 0x00, 0x9F, 0x60, 0x05, 0xFB, 0x00, 0x00, 0x01, 0xEF, 0x10, 0x00, 0xCF, 0x80, 0x00,
  0x1A, 0xF9, 0x00, 0x00, 0x2D, 0xFD, 0xAA, 0xEF, 0xB1, 0x00, 0x00, 0x01, 0x8D, 0xEE, 0xC7, 0x00, 0x00, 0x05, 0xFF, 0xFF,
  0xFF, 0xFF, 0xFF, 0x90, 0x05, 0xFD, 0x99, 0x99, 0x99, 0xBF, 0x90, 0x05, 0xFA, 0x00, 0x00, 0x00, 0x7F, 0x90, 0x05, 0xFA,
  0x00, 0x00, 0x00, 0x7F, 0x90, 0x05, 0xFA, 0x00, 0x00, 0x00, 0x7F, 0x90, 0x05, 0xFA, 0x00, 0x00, 0x00, 0x7F, 0x90, 0x05,
  0xFA, 0x00, 0x00, 0x00, 0x7F, 0x90, 0x05, 0xFA, 0x00, 0x00, 0x00, 0x7F, 0x90, 0x05, 0xFA, 0x00, 0x00, 0x00, 0x7F, 0x90,
  0x05, 0xFA, 0x00, 0x00, 0x00, 0x7F, 0x90, 0x05, 0xFA, 0x00, 0x00, 0x00, 0x7F, 0x90, 0x05, 0xFA, 0x00, 0x00, 0x00, 0x7F,
  0x90, 0x05, 0xFA, 0x00, 0x00, 0x00, 0x7F, 0x90, 0x05, 0xFA, 0x00, 0x00, 0x00, 0x7F, 0x90, 0x06, 0xFF, 0xFF, 0xFE, 0xD8,
  0x10, 0x00, 0x6F, 0xC9, 0x99, 0xAE, 0xFC, 0x10, 0x06, 0xF9, 0x00, 0x00, 0x1B, 0xF8, 0x00, 0x6F, 0x90, 0x00, 0x00, 0x3F,
  0xC0, 0x06, 0xF9, 0x00, 0x00, 0x01, 0xFD, 0x00, 0x6F, 0x90, 0x00, 0x00, 0x5F, 0xB0, 0x06, 0xF9, 0x00, 0x02, 0x6E, 0xF6,
  0x00, 0x6F, 0xFF, 0xFF, 0xFF, 0xF8, 0x00, 0x06, 0xFC, 0x99, 0x98, 0x62, 0x00, 0x00, 0x6F, 0x90, 0x00, 0x00, 0x00, 0x00,
  0x06, 0xF9, 0x00, 0x00, 0x00, 0x00, 0x00, 0x6F, 0x90, 0x00, 0x00, 0x00, 0x00, 0x06, 0xF9, 0x00, 0x00, 0x00, 0x00, 0x00,
  0x6F, 0x90, 0x00, 0x00, 0x00, 0x00, 0x00, 0x01, 0x8D, 0xEE, 0xC7, 0x00, 0x00, 0x03, 0xDF, 0xDA, 0xAE, 0xFB, 0x00, 0x00,
  0xCF, 0x70, 0x00, 0x1B, 0xF7, 0x00, 0x6F, 0xA0, 0x00, 0x00, 0x3F, 0xD0, 0x0A, 0xF5, 0x00, 0x00, 0x00, 0xBC, 0x10, 0xCF,
  0x20, 0x00, 0x00, 0x00, 0x00, 0x0D, 0xF1, 0x00, 0x00, 0x00, 0x00, 0x00, 0xDF, 0x10, 0x00, 0x00, 0x00, 0x00, 0x0C, 0xF3,
  0x00, 0x00, 0x00, 0x00, 0x00, 0xAF, 0x50, 0x00, 0x00, 0x0A, 0xB1, 0x06, 0xFB, 0x00, 0x00, 0x02, 0xFD, 0x00, 0x1D, 0xF6,
  0x00, 0x01, 0xBF, 0x70, 0x00, 0x3E, 0xFC, 0x9A, 0xEF, 0xB0, 0x00, 0x00, 0x29, 0xDF, 0xEC, 0x70, 0x00, 0x9F, 0xFF, 0xFF,
  0xFF, 0xFF, 0xF8, 0x59, 0x99, 0x9F, 0xE9, 0x99, 0x95, 0x00, 0x00, 0x0E, 0xE0, 0x00, 0x00, 0x00, 0x00, 0x0E, 0xE0, 0x00,
  0x00, 0x00, 0x00, 0x0E, 0xE0, 0x00, 0x00, 0x00, 0x00, 0x0E, 0xE0, 0x00, 0x00, 0x00, 0x00, 0x0E, 0xE0, 0x00, 0x00, 0x00,
  0x00, 0x0E, 0xE0, 0x00, 0x00, 0x00, 0x00, 0x0E, 0xE0, 0x00, 0x00, 0x00, 0x00, 0x0E, 0xE0, 0x00, 0x00, 0x00, 0x00, 0x0E,
  0xE0, 0x00, 0x00, 0x00, 0x00, 0x0E, 0xE0, 0x00, 0x00, 0x00, 0x00, 0x0E, 0xE0, 0x00, 0x00, 0x00, 0x00, 0x0E, 0xE0, 0x00,
  0x00, 0x2E, 0xF2, 0x00, 0x00, 0x07, 0xFC, 0x00, 0x9F, 0x90, 0x00, 0x00, 0xCF, 0x60, 0x02, 0xFE, 0x10, 0x00, 0x4F, 0xD0,
  0x00, 0x0A, 0xF8, 0x00, 0x0A, 0xF8, 0x00, 0x00, 0x3F, 0xE1, 0x02, 0xFE, 0x10, 0x00, 0x00, 0xAF, 0x70, 0x7F, 0x90, 0x00,
  0x00, 0x03, 0xFD, 0x0D, 0xF3, 0x00, 0x00, 0x00, 0x0B, 0xF9, 0xFB, 0x00, 0x00, 0x00, 0x00, 0x4F, 0xFF, 0x50, 0x00, 0x00,
  0x00, 0x00, 0xCF, 0xD0, 0x00, 0x00, 0x00, 0x00, 0x09, 0xF7, 0x00, 0x00, 0x00, 0x00, 0x02, 0xEE, 0x10, 0x00, 0x00, 0x00,
  0x59, 0xDF, 0x70, 0x00, 0x00, 0x00, 0x08, 0xFD, 0x70, 0x00, 0x00, 0x00, 0x00, 0x00, 0x00, 0x3F, 0xB0, 0x00, 0x00, 0x00,
  0x00, 0x00, 0x03, 0xFB, 0x00, 0x00, 0x00, 0x00, 0x03, 0xAD, 0xFF, 0xFE, 0xC7, 0x00, 0x00, 0x06, 0xEE, 0xA9, 0xFD, 0x9C,
  0xFC, 0x10, 0x03, 0xFD, 0x20, 0x3F, 0xB0, 0x07, 0xFB, 0x00, 0xBF, 0x30, 0x03, 0xFB, 0x00, 0x0A, 0xF4, 0x1F, 0xC0, 0x00,
  0x3F, 0xB0, 0x00, 0x5F, 0x93, 0xFA, 0x00, 0x03, 0xFB, 0x00, 0x03, 0xFB, 0x3F, 0xA0, 0x00, 0x3F, 0xB0, 0x00, 0x3F, 0xB1,
  0xFC, 0x00, 0x03, 0xFB, 0x00, 0x05, 0xF9, 0x0B, 0xF3, 0x00, 0x3F, 0xB0, 0x00, 0xAF, 0x40, 0x3F, 0xD2, 0x03, 0xFB, 0x00,
  0x7F, 0xA0, 0x00, 0x6F, 0xEA, 0x9F, 0xD9, 0xCF, 0xC1, 0x00, 0x00, 0x3A, 0xDF, 0xFF, 0xEC, 0x70, 0x00, 0x00, 0x00, 0x00,
  0x3F, 0xB0, 0x00, 0x00, 0x00, 0x00, 0x00, 0x03, 0xFB, 0x00, 0x00, 0x00, 0x2E, 0xF3, 0x00, 0x00, 0x0A, 0xF9, 0x00, 0x6F,
  0xC0, 0x00, 0x04, 0xFD, 0x10, 0x00, 0xBF, 0x70, 0x00, 0xCF, 0x50, 0x00, 0x02, 0xEE, 0x20, 0x7F, 0xA0, 0x00, 0x00, 0x07,
  0xFA, 0x2E, 0xE2, 0x00, 0x00, 0x00, 0x0C, 0xFC, 0xF6, 0x00, 0x00, 0x00, 0x00, 0x3F, 0xFB, 0x00, 0x00, 0x00, 0x00, 0x04,
  0xFF, 0xC0, 0x00, 0x00, 0x00, 0x01, 0xDF, 0xBF, 0x70, 0x00, 0x00, 0x00, 0x8F, 0x91, 0xEE, 0x30, 0x00, 0x00, 0x3F, 0xE1,
  0x06, 0xFB, 0x00, 0x00, 0x0C, 0xF6, 0x00, 0x0C, 0xF7, 0x00, 0x08, 0xFB, 0x00, 0x00, 0x3F, 0xE2, 0x03, 0xFF, 0x30, 0x00,
  0x00, 0x9F, 0xB0, 0x05, 0xFA, 0x00, 0x00, 0x00, 0x7F, 0x80, 0x00, 0x5F, 0xA0, 0x00, 0x00, 0x07, 0xF8, 0x00, 0x05, 0xFA,
  0x00, 0x00, 0x00, 0x7F, 0x80, 0x00, 0x5F, 0xA0, 0x00, 0x00, 0x07, 0xF8, 0x00, 0x05, 0xFA, 0x00, 0x00, 0x00, 0x7F, 0x80,
  0x00, 0x5F, 0xA0, 0x00, 0x00, 0x07, 0xF8, 0x00, 0x05, 0xFA, 0x00, 0x00, 0x00, 0x7F, 0x80, 0x00, 0x5F, 0xA0, 0x00, 0x00,
  0x07, 0xF8, 0x00, 0x05, 0xFA, 0x00, 0x00, 0x00, 0x7F, 0x80, 0x00, 0x5F, 0xA0, 0x00, 0x00, 0x07, 0xF8, 0x00, 0x05, 0xFA,
  0x00, 0x00, 0x00, 0x7F, 0x80, 0x00, 0x5F, 0xA0, 0x00, 0x00, 0x07, 0xF8, 0x00, 0x05, 0xFD, 0x99, 0x99, 0x99, 0xBF, 0xC9,
  0x00, 0x5F, 0xFF, 0xFF, 0xFF, 0xFF, 0xFF, 0xE0, 0x00, 0x00, 0x00, 0x00, 0x00, 0x00, 0xEE, 0x00, 0x00, 0x00, 0x00, 0x00,
  0x00, 0x0E, 0xD0, 0x00, 0x00, 0x00, 0x00, 0x00, 0x00, 0xED, 0x00, 0x09, 0xF6, 0x00, 0x00, 0x00, 0xEE, 0x00, 0x09, 0xF6,
  0x00, 0x00, 0x00, 0xEE, 0x00, 0x09, 0xF6, 0x00, 0x00, 0x00, 0xEE, 0x00, 0x09, 0xF6, 0x00, 0x00, 0x00, 0xEE, 0x00, 0x09,
  0xF7, 0x00, 0x00, 0x00, 0xEE, 0x00, 0x07, 0xF9, 0x00, 0x00, 0x00, 0xEE, 0x00, 0x02, 0xFF, 0x72, 0x12, 0x47, 0xFE, 0x00,
  0x00, 0x6E, 0xFF, 0xFF, 0xFF, 0xFE, 0x00, 0x00, 0x02, 0x68, 0x98, 0x63, 0xEE, 0x00, 0x00, 0x00, 0x00, 0x00, 0x00, 0xEE,
  0x00, 0x00, 0x00, 0x00, 0x00, 0x00, 0xEE, 0x00, 0x00, 0x00, 0x00, 0x00, 0x00, 0xEE, 0x00, 0x00, 0x00, 0x00, 0x00, 0x00,
  0xEE, 0x00, 0x00, 0x00, 0x00, 0x00, 0x00, 0xEE, 0x00, 0x05, 0xFA, 0x00, 0x00, 0x8F, 0x60, 0x00, 0x0C, 0xF2, 0x00, 0x5F,
  0xA0, 0x00, 0x08, 0xF6, 0x00, 0x00, 0xCF, 0x20, 0x05, 0xFA, 0x00, 0x00, 0x8F, 0x60, 0x00, 0x0C, 0xF2, 0x00, 0x5F, 0xA0,
  0x00, 0x08, 0xF6, 0x00, 0x00, 0xCF, 0x20, 0x05, 0xFA, 0x00, 0x00, 0x8F, 0x60, 0x00, 0x0C, 0xF2, 0x00, 0x5F, 0xA0, 0x00,
  0x08, 0xF6, 0x00, 0x00, 0xCF, 0x20, 0x05, 0xFA, 0x00, 0x00, 0x8F, 0x60, 0x00, 0x0C, 0xF2, 0x00, 0x5F, 0xA0, 0x00, 0x08,
  0xF6, 0x00, 0x00, 0xCF, 0x20, 0x05, 0xFA, 0x00, 0x00, 0x8F, 0x60, 0x00, 0x0C, 0xF2, 0x00, 0x5F, 0xA0, 0x00, 0x08, 0xF6,
  0x00, 0x00, 0xCF, 0x20, 0x05, 0xFA, 0x00, 0x00, 0x8F, 0x60, 0x00, 0x0C, 0xF2, 0x00, 0x5F, 0xA0, 0x00, 0x08, 0xF6, 0x00,
  0x00, 0xCF, 0x20, 0x05, 0xFD, 0x99, 0x99, 0xCF, 0xB9, 0x99, 0x9E, 0xF2, 0x00, 0x5F, 0xFF, 0xFF, 0xFF, 0xFF, 0xFF, 0xFF,
  0xFF, 0x20, 0x05, 0xFA, 0x00, 0x00, 0x8F, 0x60, 0x00, 0x0C, 0xF2, 0x00, 0x5F, 0xA0, 0x00, 0x08, 0xF6, 0x00, 0x00, 0xCF,
  0x20, 0x05, 0xFA, 0x00, 0x00, 0x8F, 0x60, 0x00, 0x0C, 0xF2, 0x00, 0x5F, 0xA0, 0x00, 0x08, 0xF6, 0x00, 0x00, 0xCF, 0x20,
  0x05, 0xFA, 0x00, 0x00, 0x8F, 0x60, 0x00, 0x0C, 0xF2, 0x00, 0x5F, 0xA0, 0x00, 0x08, 0xF6, 0x00, 0x00, 0xCF, 0x20, 0x05,
  0xFA, 0x00, 0x00, 0x8F, 0x60, 0x00, 0x0C, 0xF2, 0x00, 0x5F, 0xA0, 0x00, 0x08, 0xF6, 0x00, 0x00, 0xCF, 0x20, 0x05, 0xFA,
  0x00, 0x00, 0x8F, 0x60, 0x00, 0x0C, 0xF2, 0x00, 0x5F, 0xA0, 0x00, 0x08, 0xF6, 0x00, 0x00, 0xCF, 0x20, 0x05, 0xFA, 0x00,
  0x00, 0x8F, 0x60, 0x00, 0x0C, 0xF2, 0x00, 0x5F, 0xA0, 0x00, 0x08, 0xF6, 0x00, 0x00, 0xCF, 0x20, 0x05, 0xFD, 0x99, 0x99,
  0xCF, 0xB9, 0x99, 0x9E, 0xF9, 0x50, 0x5F, 0xFF, 0xFF, 0xFF, 0xFF, 0xFF, 0xFF, 0xFF, 0xF8, 0x00, 0x00, 0x00, 0x00, 0x00,
  0x00, 0x00, 0x00, 0x5F, 0x80, 0x00, 0x00, 0x00, 0x00, 0x00, 0x00, 0x00, 0x05, 0xF7, 0x00, 0x00, 0x00, 0x00, 0x00, 0x00,
  0x00, 0x00, 0x5F, 0x70, 0xDF, 0xFF, 0xFF, 0x10, 0x00, 0x00, 0x00, 0x07, 0x88, 0x8E, 0xF1, 0x00, 0x00, 0x00, 0x00, 0x00,
  0x00, 0xDF, 0x10, 0x00, 0x00, 0x00, 0x00, 0x00, 0x0D, 0xF1, 0x00, 0x00, 0x00, 0x00, 0x00, 0x00, 0xDF, 0x10, 0x00, 0x00,
  0x00, 0x00, 0x00, 0x0D, 0xF1, 0x00, 0x00, 0x00, 0x00, 0x00, 0x00, 0xDF, 0xFF, 0xFF, 0xEB, 0x50, 0x00, 0x00, 0x0D, 0xF9,
  0x99, 0x9B, 0xFF, 0x70, 0x00, 0x00, 0xDF, 0x10, 0x00, 0x04, 0xEF, 0x10, 0x00, 0x0D, 0xF1, 0x00, 0x00, 0x0B, 0xF5, 0x00,
  0x00, 0xDF, 0x10, 0x00, 0x00, 0xBF, 0x50, 0x00, 0x0D, 0xF1, 0x00, 0x00, 0x4F, 0xE1, 0x00, 0x00, 0xDF, 0x99, 0x99, 0xBF,
  0xF7, 0x00, 0x00, 0x0D, 0xFF, 0xFF, 0xFE, 0xB5, 0x00, 0x05, 0xFA, 0x00, 0x00, 0x00, 0x00, 0x07, 0xF8, 0x00, 0x5F, 0xA0,
  0x00, 0x00, 0x00, 0x00, 0x7F, 0x80, 0x05, 0xFA, 0x00, 0x00, 0x00, 0x00, 0x07, 0xF8, 0x00, 0x5F, 0xA0, 0x00, 0x00, 0x00,
  0x00, 0x7F, 0x80, 0x05, 0xFA, 0x00, 0x00, 0x00, 0x00, 0x07, 0xF8, 0x00, 0x5F, 0xA0, 0x00, 0x00, 0x00, 0x00, 0x7F, 0x80,
  0x05, 0xFF, 0xFF, 0xFF, 0xD9, 0x20, 0x07, 0xF8, 0x00, 0x5F, 0xD9, 0x99, 0xAD, 0xFE, 0x20, 0x7F, 0x80, 0x05, 0xFA, 0x00,
  0x00, 0x09, 0xFA, 0x07, 0xF8, 0x00, 0x5F, 0xA0, 0x00, 0x00, 0x2F, 0xD0, 0x7F, 0x80, 0x05, 0xFA, 0x00, 0x00, 0x02, 0xFD,
  0x07, 0xF8, 0x00, 0x5F, 0xA0, 0x00, 0x00, 0xAF, 0x90, 0x7F, 0x80, 0x05, 0xFD, 0x99, 0x9A, 0xDF, 0xD2, 0x07, 0xF8, 0x00,
  0x5F, 0xFF, 0xFF, 0xFD, 0x92, 0x00, 0x7F, 0x80, 0x07, 0xF8, 0x00, 0x00, 0x00, 0x00, 0x00, 0x7F, 0x80, 0x00, 0x00, 0x00,
  0x00, 0x07, 0xF8, 0x00, 0x00, 0x00, 0x00, 0x00, 0x7F, 0x80, 0x00, 0x00, 0x00, 0x00, 0x07, 0xF8, 0x00, 0x00, 0x00, 0x00,
  0x00, 0x7F, 0x80, 0x00, 0x00, 0x00, 0x00, 0x07, 0xFF, 0xFF, 0xFF, 0xD8, 0x10, 0x00, 0x7F, 0xC9, 0x99, 0xAD, 0xFD, 0x10,
  0x07, 0xF8, 0x00, 0x00, 0x1B, 0xF8, 0x00, 0x7F, 0x80, 0x00, 0x00, 0x5F, 0xB0, 0x07, 0xF8, 0x00, 0x00, 0x05, 0xFB, 0x00,
  0x7F, 0x80, 0x00, 0x01, 0xBF, 0x70, 0x07, 0xFC, 0x99, 0x9A, 0xDF, 0xC1, 0x00, 0x7F, 0xFF, 0xFF, 0xFD, 0x81, 0x00, 0x00,
  0x03, 0xAE, 0xFE, 0xB5, 0x00, 0x00, 0x04, 0xEF, 0xCA, 0xAE, 0xF9, 0x00, 0x01, 0xDF, 0x50, 0x00, 0x1C, 0xF6, 0x00, 0x5F,
  0xB0, 0x00, 0x00, 0x2F, 0xD0, 0x07, 0xC6, 0x00, 0x00, 0x00, 0xBF, 0x30, 0x00, 0x00, 0x00, 0x00, 0x09, 0xF5, 0x00, 0x00,
  0x2F, 0xFF, 0xFF, 0xFF, 0x70, 0x00, 0x01, 0x99, 0x99, 0x9C, 0xF7, 0x00, 0x00, 0x00, 0x00, 0x00, 0xAF, 0x60, 0x6B, 0x50,
  0x00, 0x00, 0x0C, 0xF3, 0x05, 0xFA, 0x00, 0x00, 0x04, 0xFD, 0x00, 0x1D, 0xF5, 0x00, 0x01, 0xCF, 0x60, 0x00, 0x4E, 0xFC,
  0x9A, 0xEF, 0x90, 0x00, 0x00, 0x3A, 0xDF, 0xEC, 0x60, 0x00, 0x04, 0xFB, 0x00, 0x00, 0x5B, 0xEF, 0xDA, 0x30, 0x00, 0x04,
  0xFB, 0x00, 0x09, 0xFF, 0xCA, 0xCF, 0xE5, 0x00, 0x04, 0xFB, 0x00, 0x6F, 0xD3, 0x00, 0x04, 0xEE, 0x20, 0x04, 0xFB, 0x00,
  0xDF, 0x50, 0x00, 0x00, 0x7F, 0x90, 0x04, 0xFB, 0x03, 0xFD, 0x00, 0x00, 0x00, 0x1F, 0xD0, 0x04, 0xFB, 0x05, 0xFB, 0x00,
  0x00, 0x00, 0x0D, 0xF1, 0x04, 0xFF, 0xFF, 0xF9, 0x00, 0x00, 0x00, 0x0C, 0xF2, 0x04, 0xFD, 0x8A, 0xF9, 0x00, 0x00, 0x00,
  0x0C, 0xF2, 0x04, 0xFB, 0x03, 0xFA, 0x00, 0x00, 0x00, 0x0D, 0xF1, 0x04, 0xFB, 0x01, 0xED, 0x00, 0x00, 0x00, 0x1F, 0xD0,
  0x04, 0xFB, 0x00, 0xAF, 0x50, 0x00, 0x00, 0x7F, 0x90, 0x04, 0xFB, 0x00, 0x3F, 0xD3, 0x00, 0x04, 0xEE, 0x20, 0x04, 0xFB,
  0x00, 0x06, 0xFF, 0xBA, 0xCF, 0xE5, 0x00, 0x04, 0xFB, 0x00, 0x00, 0x3A, 0xDF, 0xDA, 0x30, 0x00, 0x00, 0x06, 0xCE, 0xFF,
  0xFF, 0xF0, 0x00, 0x0A, 0xFE, 0xB9, 0x99, 0xEF, 0x00, 0x04, 0xFD, 0x20, 0x00, 0x0E, 0xF0, 0x00, 0x8F, 0x70, 0x00, 0x00,
  0xEF, 0x00, 0x09, 0xF6, 0x00, 0x00, 0x0E, 0xF0, 0x00, 0x6F, 0xA0, 0x00, 0x00, 0xEF, 0x00, 0x01, 0xDF, 0x93, 0x00, 0x0E,
  0xF0, 0x00, 0x02, 0xBF, 0xFF, 0xFF, 0xFF, 0x00, 0x00, 0x03, 0xFD, 0x99, 0x9E, 0xF0, 0x00, 0x00, 0xAF, 0x50, 0x00, 0xEF,
  0x00, 0x00, 0x4F, 0xC0, 0x00, 0x0E, 0xF0, 0x00, 0x0C, 0xF4, 0x00, 0x00, 0xEF, 0x00, 0x05, 0xFB, 0x00, 0x00, 0x0E, 0xF0,
  0x00, 0xDF, 0x30, 0x00, 0x00, 0xEF, 0x00, 0x00, 0x3A, 0xEF, 0xD9, 0x10, 0x00, 0x3E, 0xEA, 0x8B, 0xFC, 0x00, 0x09, 0xD4,
  0x00, 0x0A, 0xF4, 0x00, 0x00, 0x00, 0x00, 0x7F, 0x70, 0x00, 0x3A, 0xDE, 0xFF, 0xF7, 0x00, 0x4F, 0xE9, 0x65, 0x9F, 0x70,
  0x0C, 0xF3, 0x00, 0x07, 0xF7, 0x00, 0xEE, 0x00, 0x00, 0x7F, 0x70, 0x0C, 0xF4, 0x00, 0x3E, 0xF7, 0x00, 0x6F, 0xEA, 0xBF,
  0xEF, 0x80, 0x00, 0x6D, 0xFE, 0x95, 0xFB, 0x00, 0x00, 0x00, 0x00, 0x02, 0xE9, 0x00, 0x00, 0x02, 0x7A, 0xEF, 0x50, 0x00,
  0x09, 0xFF, 0xEB, 0x50, 0x00, 0x09, 0xFA, 0x40, 0x00, 0x00, 0x03, 0xF8, 0x00, 0x00, 0x00, 0x00, 0x9D, 0x4B, 0xEE, 0xC5,
  0x00, 0x0D, 0xDF, 0xC9, 0xAF, 0xF6, 0x00, 0xFF, 0x90, 0x00, 0x4F, 0xE1, 0x1F, 0xE1, 0x00, 0x00, 0xAF, 0x51, 0xFD, 0x00,
  0x00, 0x08, 0xF6, 0x0F, 0xD0, 0x00, 0x00, 0x9F, 0x60, 0xDF, 0x10, 0x00, 0x0B, 0xF3, 0x08, 0xFA, 0x00, 0x05, 0xFC, 0x00,
  0x1C, 0xFC, 0x9A, 0xFE, 0x40, 0x00, 0x18, 0xDF, 0xEA, 0x30, 0x00, 0x08, 0xFF, 0xFF, 0xEC, 0x81, 0x00, 0x8F, 0xA8, 0x89,
  0xDF, 0xB0, 0x08, 0xF6, 0x00, 0x00, 0xDF, 0x00, 0x8F, 0x60, 0x01, 0x6F, 0xC0, 0x08, 0xFF, 0xFF, 0xFF, 0xC1, 0x00, 0x8F,
  0xA8, 0x88, 0xBF, 0xA0, 0x08, 0xF6, 0x00, 0x00, 0xBF, 0x40, 0x8F, 0x60, 0x00, 0x08, 0xF7, 0x08, 0xF6, 0x00, 0x00, 0xBF,
  0x50, 0x8F, 0xA8, 0x88, 0xBF, 0xD0, 0x08, 0xFF, 0xFF, 0xFD, 0x92, 0x00, 0x08, 0xFF, 0xFF, 0xFF, 0x40, 0x8F, 0xB8, 0x88,
  0x82, 0x08, 0xF6, 0x00, 0x00, 0x00, 0x8F, 0x60, 0x00, 0x00, 0x08, 0xF6, 0x00, 0x00, 0x00, 0x8F, 0x60, 0x00, 0x00, 0x08,
  0xF6, 0x00, 0x00, 0x00, 0x8F, 0x60, 0x00, 0x00, 0x08, 0xF6, 0x00, 0x00, 0x00, 0x8F, 0x60, 0x00, 0x00, 0x08, 0xF6, 0x00,
  0x00, 0x00, 0x00, 0x0C, 0xFF, 0xFF, 0xFF, 0x20, 0x00, 0x0C, 0xFB, 0xBB, 0xEF, 0x20, 0x00, 0x0D, 0xF0, 0x00, 0xCF, 0x20,
  0x00, 0x0D, 0xE0, 0x00, 0xCF, 0x20, 0x00, 0x0E, 0xE0, 0x00, 0xCF, 0x20, 0x00, 0x0F, 0xC0, 0x00, 0xCF, 0x20, 0x00, 0x3F,
  0xA0, 0x00, 0xCF, 0x20, 0x00, 0x8F, 0x70, 0x00, 0xCF, 0x20, 0x01, 0xEE, 0x10, 0x00, 0xCF, 0x20, 0x5C, 0xFC, 0x88, 0x88,
  0xDF, 0x84, 0x9F, 0xFF, 0xFF, 0xFF, 0xFF, 0xF7, 0x9F, 0x50, 0x00, 0x00, 0x07, 0xF7, 0x9F, 0x50, 0x00, 0x00, 0x07, 0xF7,
  0x9F, 0x50, 0x00, 0x00, 0x07, 0xF7, 0x00, 0x07, 0xDF, 0xEA, 0x20, 0x00, 0x0B, 0xFB, 0x9B, 0xFD, 0x10, 0x07, 0xF7, 0x00,
  0x07, 0xF8, 0x00, 0xCE, 0x00, 0x00, 0x1F, 0xC0, 0x0F, 0xFF, 0xFF, 0xFF, 0xFD, 0x02, 0xFD, 0x88, 0x88, 0x88, 0x70, 0x1F,
  0xD0, 0x00, 0x00, 0x00, 0x00, 0xDF, 0x30, 0x00, 0x00, 0x00, 0x08, 0xFB, 0x00, 0x01, 0xA5, 0x00, 0x1C, 0xFD, 0x89, 0xDF,
  0x50, 0x00, 0x18, 0xDF, 0xEB, 0x40, 0x00, 0x3E, 0xE3, 0x00, 0x5F, 0x90, 0x01, 0xDF, 0x60, 0x06, 0xFC, 0x00, 0x5F, 0x90,
  0x09, 0xFA, 0x00, 0x00, 0xAF, 0x80, 0x5F, 0x90, 0x4F, 0xD1, 0x00, 0x00, 0x1D, 0xF3, 0x5F, 0x91, 0xDF, 0x40, 0x00, 0x00,
  0x04, 0xFF, 0xFF, 0xFF, 0xF8, 0x00, 0x00, 0x00, 0x08, 0xFC, 0xBF, 0xDA, 0xFB, 0x00, 0x00, 0x00, 0x3F, 0xE1, 0x5F, 0x90,
  0xBF, 0x60, 0x00, 0x00, 0xBF, 0x70, 0x5F, 0x90, 0x3F, 0xE1, 0x00, 0x05, 0xFD, 0x00, 0x5F, 0x90, 0x0A, 0xF9, 0x00, 0x1D,
  0xF5, 0x00, 0x5F, 0x90, 0x02, 0xFF, 0x30, 0x8F, 0xC0, 0x00, 0x5F, 0x90, 0x00, 0x9F, 0xC0, 0x00, 0x6C, 0xEE, 0xD8, 0x10,
  0x09, 0xFD, 0x99, 0xDF, 0xA0, 0x0B, 0xB1, 0x00, 0x1E, 0xE0, 0x00, 0x00, 0x01, 0x5F, 0xC0, 0x00, 0x0A, 0xFF, 0xFC, 0x20,
  0x00, 0x06, 0x99, 0xDF, 0x80, 0x00, 0x00, 0x00, 0x1D, 0xF1, 0x16, 0x40, 0x00, 0x0B, 0xF3, 0x1F, 0xE1, 0x00, 0x1E, 0xF1,
  0x09, 0xFD, 0x98, 0xDF, 0x90, 0x00, 0x6C, 0xEE, 0xC6, 0x00, 0x08, 0xF6, 0x00, 0x03, 0xFF, 0x00, 0x08, 0xF6, 0x00, 0x0B,
  0xFF, 0x00, 0x08, 0xF6, 0x00, 0x6F, 0xFF, 0x00, 0x08, 0xF6, 0x01, 0xDD, 0xDF, 0x00, 0x08, 0xF6, 0x09, 0xF5, 0xCF, 0x00,
  0x08, 0xF6, 0x3F, 0xB0, 0xCF, 0x00, 0x08, 0xF6, 0xCE, 0x20, 0xCF, 0x00, 0x08, 0xFB, 0xF8, 0x00, 0xCF, 0x00, 0x08, 0xFF,
  0xD0, 0x00, 0xCF, 0x00, 0x08, 0xFF, 0x50, 0x00, 0xCF, 0x00, 0x08, 0xFA, 0x00, 0x00, 0xCF, 0x00, 0x00, 0x2F, 0x70, 0x0D,
  0xA0, 0x00, 0x00, 0x0C, 0xD4, 0x7F, 0x50, 0x00, 0x00, 0x02, 0xBE, 0xD7, 0x00, 0x00, 0x00, 0x00, 0x00, 0x00, 0x00, 0x00,
  0x08, 0xF6, 0x00, 0x03, 0xFF, 0x00, 0x08, 0xF6, 0x00, 0x0B, 0xFF, 0x00, 0x08, 0xF6, 0x00, 0x6F, 0xFF, 0x00, 0x08, 0xF6,
  0x01, 0xDD, 0xDF, 0x00, 0x08, 0xF6, 0x09, 0xF5, 0xCF, 0x00, 0x08, 0xF6, 0x3F, 0xB0, 0xCF, 0x00, 0x08, 0xF6, 0xCE, 0x20,
  0xCF, 0x00, 0x08, 0xFB, 0xF8, 0x00, 0xCF, 0x00, 0x08, 0xFF, 0xD0, 0x00, 0xCF, 0x00, 0x08, 0xFF, 0x50, 0x00, 0xCF, 0x00,
  0x08, 0xFA, 0x00, 0x00, 0xCF, 0x00, 0x08, 0xF6, 0x00, 0x06, 0xFC, 0x10, 0x8F, 0x60, 0x05, 0xFD, 0x20, 0x08, 0xF6, 0x04,
  0xEE, 0x20, 0x00, 0x8F, 0x63, 0xEE, 0x30, 0x00, 0x08, 0xFF, 0xFF, 0x50, 0x00, 0x00, 0x8F, 0xCB, 0xFB, 0x00, 0x00, 0x08,
  0xF6, 0x0B, 0xF7, 0x00, 0x00, 0x8F, 0x60, 0x2E, 0xF3, 0x00, 0x08, 0xF6, 0x00, 0x6F, 0xD1, 0x00, 0x8F, 0x60, 0x00, 0xBF,
  0x90, 0x08, 0xF6, 0x00, 0x02, 0xEF, 0x50, 0x00, 0x3F, 0xFF, 0xFF, 0xFF, 0x10, 0x00, 0x3F, 0xD8, 0x88, 0xEF, 0x10, 0x00,
  0x4F, 0x90, 0x00, 0xCF, 0x10, 0x00, 0x5F, 0x90, 0x00, 0xCF, 0x10, 0x00, 0x5F, 0x80, 0x00, 0xCF, 0x10, 0x00, 0x6F, 0x70,
  0x00, 0xCF, 0x10, 0x00, 0x7F, 0x60, 0x00, 0xCF, 0x10, 0x00, 0xAF, 0x40, 0x00, 0xCF, 0x10, 0x01, 0xEE, 0x10, 0x00, 0xCF,
  0x10, 0x6D, 0xFA, 0x00, 0x00, 0xCF, 0x10, 0x9E, 0xA1, 0x00, 0x00, 0xCF, 0x10, 0x08, 0xFF, 0x20, 0x00, 0x00, 0x3F, 0xF5,
  0x00, 0x8F, 0xF8, 0x00, 0x00, 0x0A, 0xFF, 0x50, 0x08, 0xFF, 0xE1, 0x00, 0x01, 0xEF, 0xF5, 0x00, 0x8F, 0xBF, 0x60, 0x00,
  0x7F, 0xCF, 0x50, 0x08, 0xF6, 0xEC, 0x00, 0x0D, 0xD8, 0xF5, 0x00, 0x8F, 0x69, 0xF4, 0x05, 0xF7, 0x8F, 0x50, 0x08, 0xF6,
  0x2F, 0xA0, 0xBE, 0x18, 0xF5, 0x00, 0x8F, 0x60, 0xBE, 0x4F, 0x90, 0x8F, 0x50, 0x08, 0xF6, 0x04, 0xFE, 0xF3, 0x08, 0xF5,
  0x00, 0x8F, 0x60, 0x0D, 0xFB, 0x00, 0x8F, 0x50, 0x08, 0xF6, 0x00, 0x7F, 0x50, 0x08, 0xF5, 0x00, 0x08, 0xF6, 0x00, 0x00,
  0xDF, 0x00, 0x08, 0xF6, 0x00, 0x00, 0xDF, 0x00, 0x08, 0xF6, 0x00, 0x00, 0xDF, 0x00, 0x08, 0xF6, 0x00, 0x00, 0xDF, 0x00,
  0x08, 0xFF, 0xFF, 0xFF, 0xFF, 0x00, 0x08, 0xFA, 0x88, 0x88, 0xEF, 0x00, 0x08, 0xF6, 0x00, 0x00, 0xDF, 0x00, 0x08, 0xF6,
  0x00, 0x00, 0xDF, 0x00, 0x08, 0xF6, 0x00, 0x00, 0xDF, 0x00, 0x08, 0xF6, 0x00, 0x00, 0xDF, 0x00, 0x08, 0xF6, 0x00, 0x00,
  0xDF, 0x00, 0x00, 0x08, 0xDF, 0xEA, 0x30, 0x00, 0x0B, 0xFC, 0x9A, 0xFE, 0x40, 0x07, 0xFA, 0x00, 0x05, 0xFD, 0x00, 0xDF,
  0x20, 0x00, 0x0B, 0xF4, 0x1F, 0xD0, 0x00, 0x00, 0x7F, 0x72, 0xFC, 0x00, 0x00, 0x06, 0xF8, 0x1F, 0xD0, 0x00, 0x00, 0x7F,
  0x70, 0xDF, 0x20, 0x00, 0x0B, 0xF4, 0x07, 0xFA, 0x00, 0x04, 0xFD, 0x00, 0x0B, 0xFC, 0x8A, 0xFE, 0x40, 0x00, 0x18, 0xDF,
  0xEA, 0x30, 0x00, 0x08, 0xFF, 0xFF, 0xFF, 0xFF, 0x00, 0x08, 0xFB, 0x88, 0x88, 0xEF, 0x00, 0x08, 0xF6, 0x00, 0x00, 0xCF,
  0x00, 0x08, 0xF6, 0x00, 0x00, 0xCF, 0x00, 0x08, 0xF6, 0x00, 0x00, 0xCF, 0x00, 0x08, 0xF6, 0x00, 0x00, 0xCF, 0x00, 0x08,
  0xF6, 0x00, 0x00, 0xCF, 0x00, 0x08, 0xF6, 0x00, 0x00, 0xCF, 0x00, 0x08, 0xF6, 0x00, 0x00, 0xCF, 0x00, 0x08, 0xF6, 0x00,
  0x00, 0xCF, 0x00, 0x08, 0xF6, 0x00, 0x00, 0xCF, 0x00, 0x0A, 0xF3, 0xAE, 0xFC, 0x40, 0x00, 0xAF, 0xEC, 0x9B, 0xFF, 0x40,
  0x0A, 0xF9, 0x00, 0x07, 0xFC, 0x00, 0xAF, 0x30, 0x00, 0x0D, 0xF2, 0x0A, 0xF3, 0x00, 0x00, 0xAF, 0x40, 0xAF, 0x30, 0x00,
  0x09, 0xF5, 0x0A, 0xF3, 0x00, 0x00, 0xAF, 0x40, 0xAF, 0x30, 0x00, 0x0D, 0xF2, 0x0A, 0xF8, 0x00, 0x06, 0xFC, 0x00, 0xAF,
  0xFB, 0x8A, 0xFF, 0x40, 0x0A, 0xF6, 0xBE, 0xFC, 0x40, 0x00, 0xAF, 0x30, 0x00, 0x00, 0x00, 0x0A, 0xF3, 0x00, 0x00, 0x00,
  0x00, 0xAF, 0x30, 0x00, 0x00, 0x00, 0x0A, 0xF3, 0x00, 0x00, 0x00, 0x00, 0x00, 0x18, 0xDF, 0xEA, 0x20, 0x01, 0xCF, 0xC9,
  0xBF, 0xD2, 0x08, 0xF9, 0x00, 0x07, 0xF9, 0x0D, 0xE1, 0x00, 0x01, 0xDA, 0x1F, 0xC0, 0x00, 0x00, 0x00, 0x2F, 0xB0, 0x00,
  0x00, 0x00, 0x1F, 0xC0, 0x00, 0x00, 0x00, 0x0D, 0xE1, 0x00, 0x00, 0x97, 0x08, 0xF8, 0x00, 0x06, 0xF9, 0x01, 0xCF, 0xB9,
  0xAF, 0xD1, 0x00, 0x19, 0xDF, 0xE9, 0x10, 0xAF, 0xFF, 0xFF, 0xFF, 0xF4, 0x58, 0x89, 0xFD, 0x88, 0x82, 0x00, 0x03, 0xFB,
  0x00, 0x00, 0x00, 0x03, 0xFB, 0x00, 0x00, 0x00, 0x03, 0xFB, 0x00, 0x00, 0x00, 0x03, 0xFB, 0x00, 0x00, 0x00, 0x03, 0xFB,
  0x00, 0x00, 0x00, 0x03, 0xFB, 0x00, 0x00, 0x00, 0x03, 0xFB, 0x00, 0x00, 0x00, 0x03, 0xFB, 0x00, 0x00, 0x00, 0x03, 0xFB,
  0x00, 0x00, 0xAF, 0x60, 0x00, 0x0D, 0xF2, 0x5F, 0xB0, 0x00, 0x3F, 0xB0, 0x0E, 0xF1, 0x00, 0x8F, 0x60, 0x09, 0xF6, 0x00,
  0xCF, 0x10, 0x03, 0xFB, 0x02, 0xFB, 0x00, 0x00, 0xDE, 0x17, 0xF6, 0x00, 0x00, 0x8F, 0x6B, 0xE1, 0x00, 0x00, 0x2F, 0xBF,
  0xA0, 0x00, 0x00, 0x0C, 0xFF, 0x50, 0x00, 0x00, 0x07, 0xFE, 0x00, 0x00, 0x00, 0x02, 0xFA, 0x00, 0x00, 0x00, 0x06, 0xF5,
  0x00, 0x00, 0x00, 0x1D, 0xD0, 0x00, 0x00, 0x2A, 0xDF, 0x60, 0x00, 0x00, 0x3E, 0xE7, 0x00, 0x00, 0x00, 0x00, 0x00, 0x00,
  0xCF, 0x20, 0x00, 0x00, 0x00, 0x00, 0x00, 0x0C, 0xF2, 0x00, 0x00, 0x00, 0x00, 0x00, 0x00, 0xCF, 0x20, 0x00, 0x00, 0x00,
  0x00, 0x00, 0x0C, 0xF2, 0x00, 0x00, 0x00, 0x00, 0x3B, 0xEE, 0xEF, 0xDF, 0xD8, 0x00, 0x00, 0x1E, 0xFB, 0x9E, 0xFA, 0x9E,
  0xF8, 0x00, 0x08, 0xF8, 0x00, 0xCF, 0x20, 0x2E, 0xE1, 0x00, 0xCF, 0x20, 0x0C, 0xF2, 0x00, 0xAF, 0x50, 0x0E, 0xD0, 0x00,
  0xCF, 0x20, 0x07, 0xF8, 0x00, 0xFC, 0x00, 0x0C, 0xF2, 0x00, 0x6F, 0x80, 0x0F, 0xD0, 0x00, 0xCF, 0x20, 0x06, 0xF8, 0x00,
  0xDE, 0x10, 0x0C, 0xF2, 0x00, 0x9F, 0x60, 0x09, 0xF7, 0x00, 0xCF, 0x20, 0x2E, 0xF2, 0x00, 0x2E, 0xFA, 0x9E, 0xFA, 0x9D,
  0xF9, 0x00, 0x00, 0x4C, 0xFE, 0xEF, 0xDF, 0xE8, 0x00, 0x00, 0x00, 0x00, 0x0C, 0xF2, 0x00, 0x00, 0x00, 0x00, 0x00, 0x00,
  0xCF, 0x20, 0x00, 0x00, 0x00, 0x00, 0x00, 0x0C, 0xF2, 0x00, 0x00, 0x00, 0x00, 0x00, 0x00, 0xCF, 0x20, 0x00, 0x00, 0x00,
  0x4F, 0xD1, 0x00, 0x2E, 0xE2, 0x09, 0xF8, 0x00, 0xAF, 0x70, 0x01, 0xDE, 0x24, 0xFC, 0x00, 0x00, 0x5F, 0xAC, 0xF3, 0x00,
  0x00, 0x0A, 0xFF, 0x80, 0x00, 0x00, 0x04, 0xFF, 0x20, 0x00, 0x00, 0x0B, 0xFF, 0xA0, 0x00, 0x00, 0x6F, 0x9B, 0xF4, 0x00,
  0x02, 0xEE, 0x13, 0xFD, 0x10, 0x0A, 0xF7, 0x00, 0x8F, 0x80, 0x5F, 0xC0, 0x00, 0x1D, 0xF3, 0x08, 0xF6, 0x00, 0x00, 0xCF,
  0x00, 0x08, 0xF6, 0x00, 0x00, 0xCF, 0x00, 0x08, 0xF6, 0x00, 0x00, 0xCF, 0x00, 0x08, 0xF6, 0x00, 0x00, 0xCF, 0x00, 0x08,
  0xF6, 0x00, 0x00, 0xCF, 0x00, 0x08, 0xF6, 0x00, 0x00, 0xCF, 0x00, 0x08, 0xF6, 0x00, 0x00, 0xCF, 0x00, 0x08, 0xF6, 0x00,
  0x00, 0xCF, 0x00, 0x08, 0xF6, 0x00, 0x00, 0xCF, 0x00, 0x08, 0xFA, 0x88, 0x88, 0xEF, 0x82, 0x08, 0xFF, 0xFF, 0xFF, 0xFF,
  0xF4, 0x00, 0x00, 0x00, 0x00, 0x09, 0xF4, 0x00, 0x00, 0x00, 0x00, 0x09, 0xF3, 0x00, 0x00, 0x00, 0x00, 0x09, 0xF2, 0x0F,
  0xD0, 0x00, 0x08, 0xF6, 0x00, 0xFD, 0x00, 0x00, 0x8F, 0x60, 0x0F, 0xD0, 0x00, 0x08, 0xF6, 0x00, 0xFD, 0x00, 0x00, 0x8F,
  0x60, 0x0D, 0xE1, 0x00, 0x08, 0xF6, 0x00, 0x8F, 0xA2, 0x13, 0xAF, 0x60, 0x01, 0xCF, 0xFF, 0xFF, 0xF6, 0x00, 0x00, 0x47,
  0x86, 0xAF, 0x60, 0x00, 0x00, 0x00, 0x08, 0xF6, 0x00, 0x00, 0x00, 0x00, 0x8F, 0x60, 0x00, 0x00, 0x00, 0x08, 0xF6, 0x00,
  0x08, 0xF6, 0x00, 0x0C, 0xF0, 0x00, 0x3F, 0xB0, 0x08, 0xF6, 0x00, 0x0C, 0xF0, 0x00, 0x3F, 0xB0, 0x08, 0xF6, 0x00, 0x0C,
  0xF0, 0x00, 0x3F, 0xB0, 0x08, 0xF6, 0x00, 0x0C, 0xF0, 0x00, 0x3F, 0xB0, 0x08, 0xF6, 0x00, 0x0C, 0xF0, 0x00, 0x3F, 0xB0,
  0x08, 0xF6, 0x00, 0x0C, 0xF0, 0x00, 0x3F, 0xB0, 0x08, 0xF6, 0x00, 0x0C, 0xF0, 0x00, 0x3F, 0xB0, 0x08, 0xF6, 0x00, 0x0C,
  0xF0, 0x00, 0x3F, 0xB0, 0x08, 0xF6, 0x00, 0x0C, 0xF0, 0x00, 0x3F, 0xB0, 0x08, 0xFA, 0x88, 0x8E, 0xF8, 0x88, 0x9F, 0xB0,
  0x08, 0xFF, 0xFF, 0xFF, 0xFF, 0xFF, 0xFF, 0xB0, 0x09, 0xF4, 0x00, 0x0E, 0xE0, 0x00, 0x4F, 0x90, 0x00, 0x9F, 0x40, 0x00,
  0xEE, 0x00, 0x04, 0xF9, 0x00, 0x09, 0xF4, 0x00, 0x0E, 0xE0, 0x00, 0x4F, 0x90, 0x00, 0x9F, 0x40, 0x00, 0xEE, 0x00, 0x04,
  0xF9, 0x00, 0x09, 0xF4, 0x00, 0x0E, 0xE0, 0x00, 0x4F, 0x90, 0x00, 0x9F, 0x40, 0x00, 0xEE, 0x00, 0x04, 0xF9, 0x00, 0x09,
  0xF4, 0x00, 0x0E, 0xE0, 0x00, 0x4F, 0x90, 0x00, 0x9F, 0x40, 0x00, 0xEE, 0x00, 0x04, 0xF9, 0x00, 0x09, 0xF4, 0x00, 0x0E,
  0xE0, 0x00, 0x4F, 0x90, 0x00, 0x9F, 0xA8, 0x88, 0xEE, 0x88, 0x8A, 0xFC, 0x81, 0x09, 0xFF, 0xFF, 0xFF, 0xFF, 0xFF, 0xFF,
  0xFF, 0x10, 0x00, 0x00, 0x00, 0x00, 0x00, 0x00, 0x0C, 0xF0, 0x00, 0x00, 0x00, 0x00, 0x00, 0x00, 0x00, 0xCE, 0x00, 0x00,
  0x00, 0x00, 0x00, 0x00, 0x00, 0x0C, 0xE0, 0xBF, 0xFF, 0xF4, 0x00, 0x00, 0x00, 0x68, 0x8C, 0xF4, 0x00, 0x00, 0x00, 0x00,
  0x09, 0xF4, 0x00, 0x00, 0x00, 0x00, 0x09, 0xF4, 0x00, 0x00, 0x00, 0x00, 0x09, 0xFF, 0xFF, 0xEC, 0x40, 0x00, 0x09, 0xFA,
  0x88, 0x9E, 0xF5, 0x00, 0x09, 0xF4, 0x00, 0x05, 0xFB, 0x00, 0x09, 0xF4, 0x00, 0x00, 0xFD, 0x00, 0x09, 0xF4, 0x00, 0x04,
  0xFB, 0x00, 0x09, 0xFA, 0x88, 0x9E, 0xF4, 0x00, 0x09, 0xFF, 0xFF, 0xEB, 0x40, 0x08, 0xF6, 0x00, 0x00, 0x00, 0x02, 0xFC,
  0x00, 0x08, 0xF6, 0x00, 0x00, 0x00, 0x02, 0xFC, 0x00, 0x08, 0xF6, 0x00, 0x00, 0x00, 0x02, 0xFC, 0x00, 0x08, 0xF6, 0x00,
  0x00, 0x00, 0x02, 0xFC, 0x00, 0x08, 0xFF, 0xFF, 0xEC, 0x50, 0x02, 0xFC, 0x00, 0x08, 0xFA, 0x88, 0x9E, 0xF6, 0x02, 0xFC,
  0x00, 0x08, 0xF6, 0x00, 0x03, 0xFD, 0x02, 0xFC, 0x00, 0x08, 0xF6, 0x00, 0x00, 0xEE, 0x02, 0xFC, 0x00, 0x08, 0xF6, 0x00,
  0x03, 0xFD, 0x02, 0xFC, 0x00, 0x08, 0xFA, 0x88, 0x9E, 0xF6, 0x02, 0xFC, 0x00, 0x08, 0xFF, 0xFF, 0xEC, 0x50, 0x02, 0xFC,
  0x00, 0x08, 0xF6, 0x00, 0x00, 0x00, 0x00, 0x8F, 0x60, 0x00, 0x00, 0x00, 0x08, 0xF6, 0x00, 0x00, 0x00, 0x00, 0x8F, 0x60,
  0x00, 0x00, 0x00, 0x08, 0xFF, 0xFF, 0xEC, 0x50, 0x00, 0x8F, 0xA8, 0x89, 0xEF, 0x60, 0x08, 0xF6, 0x00, 0x03, 0xFD, 0x00,
  0x8F, 0x60, 0x00, 0x0E, 0xE0, 0x08, 0xF6, 0x00, 0x03, 0xFD, 0x00, 0x8F, 0xA8, 0x89, 0xEF, 0x60, 0x08, 0xFF, 0xFF, 0xEC,
  0x50, 0x00, 0x00, 0x5B, 0xEE, 0xC5, 0x00, 0x00, 0x6F, 0xE9, 0x9D, 0xF6, 0x00, 0x0E, 0xE1, 0x00, 0x1C, 0xE2, 0x00, 0x11,
  0x00, 0x00, 0x5F, 0x70, 0x00, 0x02, 0xFF, 0xFF, 0xFA, 0x00, 0x00, 0x18, 0x88, 0x9F, 0xB0, 0x00, 0x00, 0x00, 0x05, 0xFA,
  0x00, 0xDA, 0x00, 0x00, 0x9F, 0x70, 0x0C, 0xF3, 0x00, 0x3E, 0xE2, 0x00, 0x4F, 0xE9, 0x9E, 0xF6, 0x00, 0x00, 0x4B, 0xEE,
  0xC5, 0x00, 0x00, 0x08, 0xF6, 0x00, 0x02, 0x9D, 0xFE, 0xA2, 0x00, 0x08, 0xF6, 0x00, 0x2D, 0xFC, 0x9A, 0xFE, 0x30, 0x08,
  0xF6, 0x00, 0xBF, 0x90, 0x00, 0x5F, 0xC0, 0x08, 0xF6, 0x01, 0xFE, 0x20, 0x00, 0x0B, 0xF4, 0x08, 0xFF, 0xFF, 0xFC, 0x00,
  0x00, 0x08, 0xF7, 0x08, 0xFB, 0x89, 0xFB, 0x00, 0x00, 0x07, 0xF8, 0x08, 0xF6, 0x00, 0xFC, 0x00, 0x00, 0x08, 0xF7, 0x08,
  0xF6, 0x00, 0xCE, 0x10, 0x00, 0x0B, 0xF3, 0x08, 0xF6, 0x00, 0x5F, 0x90, 0x00, 0x5F, 0xC0, 0x08, 0xF6, 0x00, 0x0A, 0xFC,
  0x8A, 0xFE, 0x30, 0x08, 0xF6, 0x00, 0x00, 0x7D, 0xFE, 0xA3, 0x00, 0x00, 0x6C, 0xEF, 0xFF, 0xF7, 0x00, 0x7F, 0xE9, 0x88,
  0xBF, 0x70, 0x0D, 0xF2, 0x00, 0x07, 0xF7, 0x00, 0xEE, 0x00, 0x00, 0x7F, 0x70, 0x0B, 0xF8, 0x10, 0x07, 0xF7, 0x00, 0x3D,
  0xFF, 0xFF, 0xFF, 0x70, 0x00, 0x2F, 0xD8, 0x8B, 0xF7, 0x00, 0x0A, 0xF6, 0x00, 0x7F, 0x70, 0x03, 0xFC, 0x00, 0x07, 0xF7,
  0x00, 0xBF, 0x40, 0x00, 0x7F, 0x70, 0x5F, 0xB0, 0x00, 0x07, 0xF7, 0x00,
  0x00 };

inline const GFXglyph aaUI11Glyphs[] PROGMEM = {
  {      0,   0,   0,   5,    0,    0 },   // 0x20
  {      0,   5,  14,   5,    0,  -14 },   // 0x21
  {     35,   6,  15,   6,    0,  -15 },   // 0x22
  {     80,  13,  14,  12,    0,  -14 },   // 0x23
  {    171,  11,  19,  11,    0,  -17 },   // 0x24
  {    276,  15,  14,  15,    0,  -14 },   // 0x25
  {    381,  13,  14,  12,    0,  -14 },   // 0x26
  {    472,   3,  15,   3,    0,  -15 },   // 0x27
  {    495,   7,  21,   7,    0,  -16 },   // 0x28
  {    569,   7,  21,   7,    0,  -16 },   // 0x29
  {    643,   9,  14,   9,    0,  -14 },   // 0x2A
  {    706,  11,  13,  11,    0,  -13 },   // 0x2B
  {    778,   4,   6,   4,    0,   -3 },   // 0x2C
  {    790,   6,   7,   6,    0,   -7 },   // 0x2D
  {    811,   5,   3,   5,    0,   -3 },   // 0x2E
  {    819,   8,  15,   8,    0,  -14 },   // 0x2F
  {    879,  11,  14,  11,    0,  -14 },   // 0x30
  {    956,  11,  14,  11,    0,  -14 },   // 0x31
  {   1033,  11,  14,  11,    0,  -14 },   // 0x32
  {   1110,  11,  14,  11,    0,  -14 },   // 0x33
  {   1187,  11,  14,  11,    0,  -14 },   // 0x34
  {   1264,  11,  14,  11,    0,  -14 },   // 0x35
  {   1341,  11,  14,  11,    0,  -14 },   // 0x36
  {   1418,  11,  14,  11,    0,  -14 },   // 0x37
  {   1495,  11,  14,  11,    0,  -14 },   // 0x38
  {   1572,  11,  14,  11,    0,  -14 },   // 0x39
  {   1649,   5,  11,   5,    0,  -11 },   // 0x3A
  {   1677,   4,  14,   4,    0,  -11 },   // 0x3B
  {   1705,  10,  11,  10,    0,  -11 },   // 0x3C
  {   1760,  11,   9,  11,    0,   -9 },   // 0x3D
  {   1810,  10,  11,  10,    0,  -11 },   // 0x3E
  {   1865,   9,  14,   9,    0,  -14 },   // 0x3F
  {   1928,  18,  18,  18,    0,  -14 },   // 0x40
  {   2090,  13,  14,  13,    0,  -14 },   // 0x41
  {   2181,  12,  14,  12,    0,  -14 },   // 0x42
  {   2265,  13,  14,  13,    0,  -14 },   // 0x43
  {   2356,  13,  14,  13,    0,  -14 },   // 0x44
  {   2447,  11,  14,  11,    0,  -14 },   // 0x45
  {   2524,  11,  14,  11,    0,  -14 },   // 0x46
  {   2601,  14,  14,  14,    0,  -14 },   // 0x47
  {   2699,  14,  14,  14,    0,  -14 },   // 0x48
  {   2797,   5,  14,   5,    0,  -14 },   // 0x49
  {   2832,  11,  14,  11,    0,  -14 },   // 0x4A
  {   2909,  13,  14,  13,    0,  -14 },   // 0x4B
  {   3000,  11,  14,  11,    0,  -14 },   // 0x4C
  {   3077,  17,  14,  17,    0,  -14 },   // 0x4D
  {   3196,  14,  14,  14,    0,  -14 },   // 0x4E
  {   3294,  14,  14,  14,    0,  -14 },   // 0x4F
  {   3392,  13,  14,  13,    0,  -14 },   // 0x50
  {   3483,  14,  17,  14,    0,  -14 },   // 0x51
  {   3602,  12,  14,  12,    0,  -14 },   // 0x52
  {   3686,  12,  14,  12,    0,  -14 },   // 0x53
  {   3770,  12,  14,  12,    0,  -14 },   // 0x54
  {   3854,  13,  14,  13,    0,  -14 },   // 0x55
  {   3945,  13,  14,  13,    0,  -14 },   // 0x56
  {   4036,  18,  14,  18,    0,  -14 },   // 0x57
  {   4162,  13,  14,  13,    0,  -14 },   // 0x58
  {   4253,  12,  14,  12,    0,  -14 },   // 0x59
  {   4337,  12,  14,  12,    0,  -14 },   // 0x5A
  {   4421,   6,  19,   5,    0,  -16 },   // 0x5B
  {   4478,   9,  15,   8,    0,  -14 },   // 0x5C
  {   4546,   5,  19,   5,    0,  -16 },   // 0x5D
  {   4594,   8,  14,   8,    0,  -14 },   // 0x5E
  {   4650,   9,   2,   9,    0,    0 },   // 0x5F
  {   4659,   6,  15,   6,    0,  -15 },   // 0x60
  {   4704,  11,  11,  11,    0,  -11 },   // 0x61
  {   4765,  11,  15,  11,    0,  -15 },   // 0x62
  {   4848,  10,  11,  10,    0,  -11 },   // 0x63
  {   4903,  11,  15,  11,    0,  -15 },   // 0x64
  {   4986,  11,  11,  11,    0,  -11 },   // 0x65
  {   5047,   7,  15,   7,    0,  -15 },   // 0x66
  {   5100,  11,  15,  11,    0,  -11 },   // 0x67
  {   5183,  11,  15,  11,    0,  -15 },   // 0x68
  {   5266,   5,  16,   5,    0,  -16 },   // 0x69
  {   5306,   6,  20,   5,   -1,  -16 },   // 0x6A
  {   5366,  11,  15,  10,    0,  -15 },   // 0x6B
  {   5449,   5,  15,   5,    0,  -15 },   // 0x6C
  {   5487,  18,  11,  18,    0,  -11 },   // 0x6D
  {   5586,  11,  11,  11,    0,  -11 },   // 0x6E
  {   5647,  11,  11,  11,    0,  -11 },   // 0x6F
  {   5708,  11,  15,  11,    0,  -11 },   // 0x70
  {   5791,  11,  15,  11,    0,  -11 },   // 0x71
  {   5874,   7,  11,   7,    0,  -11 },   // 0x72
  {   5913,  10,  11,  10,    0,  -11 },   // 0x73
  {   5968,   7,  14,   7,    0,  -14 },   // 0x74
  {   6017,  11,  11,  11,    0,  -11 },   // 0x75
  {   6078,  10,  11,  10,    0,  -11 },   // 0x76
  {   6133,  15,  11,  15,    0,  -11 },   // 0x77
  {   6216,  10,  11,  10,    0,  -11 },   // 0x78
  {   6271,  10,  15,   9,    0,  -11 },   // 0x79
  {   6346,  10,  11,  10,    0,  -11 },   // 0x7A
  {   6401,   7,  20,   7,    0,  -16 },   // 0x7B
  {   6471,   5,  17,   5,    0,  -14 },   // 0x7C
  {   6514,   7,  20,   7,    0,  -16 },   // 0x7D
  {   6584,  14,   8,  14,    0,   -8 },   // 0x7E
  {   6640,   9,  14,   9,    0,  -14 },   // 0x7F
  {   6703,  15,  14,  15,    0,  -14 },   // 0x80
  {   6808,  11,  18,  11,    0,  -18 },   // 0x81
  {   6907,   4,   5,   4,    0,   -2 },   // 0x82
  {   6917,   9,  16,   8,    0,  -16 },   // 0x83
  {   6989,   7,   6,   7,    0,   -3 },   // 0x84
  {   7010,  13,   3,  13,    0,   -3 },   // 0x85
  {   7030,  11,  14,  11,    0,  -14 },   // 0x86
  {   7107,  11,  18,  11,    0,  -14 },   // 0x87
  {   7206,  11,  14,  11,    0,  -14 },   // 0x88
  {   7283,  19,  14,  19,    0,  -14 },   // 0x89
  {   7416,  21,  14,  21,    0,  -14 },   // 0x8A
  {   7563,   6,   9,   6,    0,   -9 },   // 0x8B
  {   7590,  22,  14,  22,    0,  -14 },   // 0x8C
  {   7744,  13,  18,  13,    0,  -18 },   // 0x8D
  {   7861,  16,  14,  16,    0,  -14 },   // 0x8E
  {   7973,  14,  18,  14,    0,  -14 },   // 0x8F
  {   8099,  12,  20,  11,   -1,  -16 },   // 0x90
  {   8219,   4,  15,   4,    0,  -15 },   // 0x91
  {   8249,   4,  15,   4,    0,  -15 },   // 0x92
  {   8279,   7,  15,   7,    0,  -15 },   // 0x93
  {   8332,   7,  15,   7,    0,  -15 },   // 0x94
  {   8385,   7,   9,   7,    0,   -9 },   // 0x95
  {   8417,  13,   8,  13,    0,   -8 },   // 0x96
  {   8469,  16,   8,  16,    0,   -8 },   // 0x97
  {   8533,   0,   0,   5,    0,    0 },   // 0x98
  {   8533,  13,  14,  13,    0,  -14 },   // 0x99
  {   8624,  17,  11,  17,    0,  -11 },   // 0x9A
  {   8718,   6,   9,   6,    0,   -9 },   // 0x9B
  {   8745,  17,  11,  17,    0,  -11 },   // 0x9C
  {   8839,  11,  16,  11,    0,  -16 },   // 0x9D
  {   8927,  12,  16,  11,   -1,  -16 },   // 0x9E
  {   9023,  12,  14,  12,    0,  -11 },   // 0x9F
  {   9107,   0,   0,   5,    0,    0 },   // 0xA0
  {   9107,  13,  18,  13,    0,  -18 },   // 0xA1
  {   9224,  10,  19,   9,    0,  -15 },   // 0xA2
  {   9319,  11,  14,  11,    0,  -14 },   // 0xA3
  {   9396,  14,  14,  14,    0,  -13 },   // 0xA4
  {   9494,  11,  18,  11,    0,  -18 },   // 0xA5
  {   9593,   5,  17,   5,    0,  -14 },   // 0xA6
  {   9636,  12,  19,  12,    0,  -14 },   // 0xA7
  {   9750,  11,  18,  11,    0,  -18 },   // 0xA8
  {   9849,  16,  14,  16,    0,  -14 },   // 0xA9
  {   9961,  13,  14,  13,    0,  -14 },   // 0xAA
  {  10052,   9,   9,   9,    0,   -9 },   // 0xAB
  {  10093,  11,   8,  11,    0,   -8 },   // 0xAC
  {  10137,   6,   7,   6,    0,   -7 },   // 0xAD
  {  10158,  16,  14,  16,    0,  -14 },   // 0xAE
  {  10270,   7,  18,   5,   -1,  -18 },   // 0xAF
  {  10333,   7,  14,   7,    0,  -14 },   // 0xB0
  {  10382,  11,  13,  11,    0,  -13 },   // 0xB1
  {  10454,   5,  14,   5,    0,  -14 },   // 0xB2
  {  10489,   5,  16,   5,    0,  -16 },   // 0xB3
  {  10529,   9,  14,   9,    0,  -14 },   // 0xB4
  {  10592,  11,  15,  11,    0,  -11 },   // 0xB5
  {  10675,  10,  14,  10,    0,  -14 },   // 0xB6
  {  10745,   5,   8,   5,    0,   -8 },   // 0xB7
  {  10765,  11,  16,  11,    0,  -16 },   // 0xB8
  {  10853,  21,  14,  21,    0,  -14 },   // 0xB9
  {  11000,  11,  11,  11,    0,  -11 },   // 0xBA
  {  11061,   9,   9,   9,    0,   -9 },   // 0xBB
  {  11102,   6,  20,   5,   -1,  -16 },   // 0xBC
  {  11162,  12,  14,  12,    0,  -14 },   // 0xBD
  {  11246,  10,  11,  10,    0,  -11 },   // 0xBE
  {  11301,   7,  16,   5,   -1,  -16 },   // 0xBF
  {  11357,  13,  14,  13,    0,  -14 },   // 0xC0
  {  11448,  13,  14,  13,    0,  -14 },   // 0xC1
  {  11539,  12,  14,  12,    0,  -14 },   // 0xC2
  {  11623,  11,  14,  11,    0,  -14 },   // 0xC3
  {  11700,  15,  18,  15,    0,  -14 },   // 0xC4
  {  11835,  11,  14,  11,    0,  -14 },   // 0xC5
  {  11912,  19,  14,  18,    0,  -14 },   // 0xC6
  {  12045,  12,  14,  12,    0,  -14 },   // 0xC7
  {  12129,  14,  14,  14,    0,  -14 },   // 0xC8
  {  12227,  14,  18,  14,    0,  -18 },   // 0xC9
  {  12353,  13,  14,  13,    0,  -14 },   // 0xCA
  {  12444,  14,  14,  14,    0,  -14 },   // 0xCB
  {  12542,  17,  14,  17,    0,  -14 },   // 0xCC
  {  12661,  14,  14,  14,    0,  -14 },   // 0xCD
  {  12759,  14,  14,  14,    0,  -14 },   // 0xCE
  {  12857,  14,  14,  14,    0,  -14 },   // 0xCF
  {  12955,  13,  14,  13,    0,  -14 },   // 0xD0
  {  13046,  13,  14,  13,    0,  -14 },   // 0xD1
  {  13137,  12,  14,  12,    0,  -14 },   // 0xD2
  {  13221,  13,  14,  13,    0,  -14 },   // 0xD3
  {  13312,  15,  16,  15,    0,  -15 },   // 0xD4
  {  13432,  13,  14,  13,    0,  -14 },   // 0xD5
  {  13523,  15,  17,  15,    0,  -14 },   // 0xD6
  {  13651,  14,  14,  14,    0,  -14 },   // 0xD7
  {  13749,  19,  14,  19,    0,  -14 },   // 0xD8
  {  13882,  19,  17,  19,    0,  -14 },   // 0xD9
  {  14044,  15,  14,  15,    0,  -14 },   // 0xDA
  {  14149,  17,  14,  17,    0,  -14 },   // 0xDB
  {  14268,  13,  14,  13,    0,  -14 },   // 0xDC
  {  14359,  13,  14,  13,    0,  -14 },   // 0xDD
  {  14450,  18,  14,  18,    0,  -14 },   // 0xDE
  {  14576,  13,  14,  13,    0,  -14 },   // 0xDF
  {  14667,  11,  11,  11,    0,  -11 },   // 0xE0
  {  14728,  11,  15,  11,    0,  -15 },   // 0xE1
  {  14811,  11,  11,  11,    0,  -11 },   // 0xE2
  {  14872,   9,  11,   8,    0,  -11 },   // 0xE3
  {  14922,  12,  14,  12,    0,  -11 },   // 0xE4
  {  15006,  11,  11,  11,    0,  -11 },   // 0xE5
  {  15067,  16,  11,  15,    0,  -11 },   // 0xE6
  {  15155,  10,  11,  10,    0,  -11 },   // 0xE7
  {  15210,  12,  11,  12,    0,  -11 },   // 0xE8
  {  15276,  12,  15,  12,    0,  -15 },   // 0xE9
  {  15366,  11,  11,  11,    0,  -11 },   // 0xEA
  {  15427,  12,  11,  12,    0,  -11 },   // 0xEB
  {  15493,  15,  11,  15,    0,  -11 },   // 0xEC
  {  15576,  12,  11,  12,    0,  -11 },   // 0xED
  {  15642,  11,  11,  11,    0,  -11 },   // 0xEE
  {  15703,  12,  11,  12,    0,  -11 },   // 0xEF
  {  15769,  11,  15,  11,    0,  -11 },   // 0xF0
  {  15852,  10,  11,  10,    0,  -11 },   // 0xF1
  {  15907,  10,  11,  10,    0,  -11 },   // 0xF2
  {  15962,  10,  15,   9,    0,  -11 },   // 0xF3
  {  16037,  15,  19,  15,    0,  -15 },   // 0xF4
  {  16180,  10,  11,  10,    0,  -11 },   // 0xF5
  {  16235,  12,  14,  12,    0,  -11 },   // 0xF6
  {  16319,  11,  11,  11,    0,  -11 },   // 0xF7
  {  16380,  16,  11,  16,    0,  -11 },   // 0xF8
  {  16468,  17,  14,  17,    0,  -11 },   // 0xF9
  {  16587,  12,  11,  12,    0,  -11 },   // 0xFA
  {  16653,  16,  11,  16,    0,  -11 },   // 0xFB
  {  16741,  11,  11,  11,    0,  -11 },   // 0xFC
  {  16802,  11,  11,  11,    0,  -11 },   // 0xFD
  {  16863,  16,  11,  16,    0,  -11 },   // 0xFE
  {  16951,  11,  11,  11,    0,  -11 },   // 0xFF
};

inline const GFXfont aaUI11 PROGMEM = { (uint8_t*)aaUI11Bitmaps, (GFXglyph*)aaUI11Glyphs, 0x20, 0xFF, 26 };
