/* Створює tools/make_aafonts.py — вручну не правити. Roboto-Regular.ttf, «H» 17 px (розмір 22.50), 4 біти на піксель. */
#pragma once
#include <Adafruit_GFX.h>

inline const uint8_t aaUI13Bitmaps[] PROGMEM = {
  0x04, 0xFD, 0x00, 0x04, 0xFD, 0x00, 0x03, 0xFD, 0x00, 0x03, 0xFD, 0x00, 0x03, 0xFD, 0x00, 0x03, 0xFD, 0x00, 0x03, 0xFC,
  0x00, 0x02, 0xFC, 0x00, 0x02, 0xFC, 0x00, 0x02, 0xFC, 0x00, 0x02, 0xFC, 0x00, 0x01, 0x76, 0x00, 0x00, 0x00, 0x00, 0x00,
  0x32, 0x00, 0x03, 0xFE, 0x10, 0x02, 0xEC, 0x00, 0x09, 0xF0, 0xAD, 0x00, 0x9E, 0x0A, 0xD0, 0x09, 0xD0, 0xAC, 0x00, 0x9C,
  0x0A, 0xB0, 0x09, 0xB0, 0xAA, 0x00, 0x00, 0x00, 0x00, 0x00, 0x00, 0x00, 0x00, 0x00, 0x00, 0x00, 0x00, 0x00, 0x00, 0x00,
  0x00, 0x00, 0x00, 0x00, 0x00, 0x00, 0x00, 0x00, 0x00, 0x00, 0x00, 0x00, 0x00, 0x00, 0x00, 0x00, 0x00, 0x00, 0x00, 0x00,
  0x00, 0x00, 0x00, 0x00, 0x00, 0x00, 0x00, 0x00, 0x00, 0x00, 0x02, 0xF8, 0x00, 0xBD, 0x00, 0x00, 0x00, 0x05, 0xF4, 0x00,
  0xEA, 0x00, 0x00, 0x00, 0x09, 0xF1, 0x03, 0xF7, 0x00, 0x00, 0x00, 0x0C, 0xC0, 0x06, 0xF4, 0x00, 0x00, 0xEF, 0xFF, 0xFF,
  0xFF, 0xFF, 0xF5, 0x00, 0x88, 0xAF, 0xB8, 0x8E, 0xD8, 0x83, 0x00, 0x00, 0x6F, 0x40, 0x0E, 0x90, 0x00, 0x00, 0x00, 0x9E,
  0x00, 0x4F, 0x60, 0x00, 0x00, 0x00, 0xCC, 0x00, 0x7F, 0x30, 0x00, 0x0B, 0xFF, 0xFF, 0xFF, 0xFF, 0xFF, 0x80, 0x06, 0x89,
  0xFA, 0x88, 0xED, 0x88, 0x40, 0x00, 0x06, 0xF4, 0x00, 0xEA, 0x00, 0x00, 0x00, 0x08, 0xF1, 0x02, 0xF8, 0x00, 0x00, 0x00,
  0x0A, 0xE0, 0x05, 0xF5, 0x00, 0x00, 0x00, 0x0C, 0xC0, 0x07, 0xF3, 0x00, 0x00, 0x00, 0x0E, 0xA0, 0x09, 0xF0, 0x00, 0x00,
  0x00, 0x00, 0x03, 0x62, 0x00, 0x00, 0x00, 0x00, 0x07, 0xF4, 0x00, 0x00, 0x00, 0x00, 0x07, 0xF4, 0x00, 0x00, 0x00, 0x04,
  0xBE, 0xFE, 0xA2, 0x00, 0x00, 0x5F, 0xFD, 0xCE, 0xFD, 0x20, 0x00, 0xEF, 0x70, 0x02, 0xCF, 0x90, 0x03, 0xFD, 0x00, 0x00,
  0x4F, 0xE0, 0x04, 0xFD, 0x00, 0x00, 0x0F, 0xF0, 0x01, 0xFF, 0x40, 0x00, 0x00, 0x00, 0x00, 0xAF, 0xE7, 0x10, 0x00, 0x00,
  0x00, 0x1A, 0xFF, 0xEA, 0x40, 0x00, 0x00, 0x00, 0x5B, 0xFF, 0xFA, 0x00, 0x00, 0x00, 0x00, 0x28, 0xFF, 0x90, 0x00, 0x00,
  0x00, 0x00, 0x5F, 0xE1, 0x0A, 0xC3, 0x00, 0x00, 0x0D, 0xF3, 0x0B, 0xF7, 0x00, 0x00, 0x0E, 0xF2, 0x06, 0xFE, 0x30, 0x01,
  0x9F, 0xD0, 0x00, 0xBF, 0xFC, 0xCE, 0xFE, 0x50, 0x00, 0x18, 0xDF, 0xFE, 0xA3, 0x00, 0x00, 0x00, 0x09, 0xF1, 0x00, 0x00,
  0x00, 0x00, 0x09, 0xF1, 0x00, 0x00, 0x00, 0x00, 0x01, 0x10, 0x00, 0x00, 0x00, 0x7D, 0xEC, 0x40, 0x00, 0x00, 0x00, 0x00,
  0x07, 0xF9, 0x6C, 0xE2, 0x00, 0x00, 0x00, 0x00, 0x0C, 0xC0, 0x02, 0xF7, 0x00, 0x2C, 0x30, 0x00, 0x0D, 0xA0, 0x00, 0xE9,
  0x00, 0xAE, 0x10, 0x00, 0x0C, 0xC0, 0x02, 0xF7, 0x05, 0xF6, 0x00, 0x00, 0x07, 0xF9, 0x6C, 0xE2, 0x1D, 0xB0, 0x00, 0x00,
  0x00, 0x7D, 0xEC, 0x40, 0x8E, 0x30, 0x00, 0x00, 0x00, 0x00, 0x00, 0x03, 0xF8, 0x00, 0x00, 0x00, 0x00, 0x00, 0x00, 0x0B,
  0xD0, 0x00, 0x00, 0x00, 0x00, 0x00, 0x00, 0x6F, 0x42, 0xAE, 0xEA, 0x10, 0x00, 0x00, 0x01, 0xEA, 0x0C, 0xE7, 0x7E, 0xB0,
  0x00, 0x00, 0x0A, 0xE1, 0x3F, 0x60, 0x08, 0xF1, 0x00, 0x00, 0x4F, 0x60, 0x5F, 0x40, 0x06, 0xF3, 0x00, 0x00, 0xDB, 0x00,
  0x3F, 0x60, 0x08, 0xF1, 0x00, 0x02, 0xC3, 0x00, 0x0C, 0xE7, 0x7E, 0xB0, 0x00, 0x00, 0x00, 0x00, 0x02, 0xAE, 0xEA, 0x10,
  0x00, 0x03, 0xBE, 0xEC, 0x60, 0x00, 0x00, 0x00, 0x2E, 0xFD, 0xBE, 0xF7, 0x00, 0x00, 0x00, 0x8F, 0xB0, 0x03, 0xFD, 0x00,
  0x00, 0x00, 0xAF, 0x70, 0x00, 0xEE, 0x00, 0x00, 0x00, 0x9F, 0x90, 0x04, 0xFB, 0x00, 0x00, 0x00, 0x3F, 0xE2, 0x6E, 0xE3,
  0x00, 0x00, 0x00, 0x09, 0xFE, 0xFD, 0x40, 0x00, 0x00, 0x00, 0x04, 0xFF, 0xE2, 0x00, 0x00, 0x00, 0x00, 0x6F, 0xFE, 0xF8,
  0x00, 0x17, 0x50, 0x04, 0xFE, 0x43, 0xEF, 0x60, 0x4F, 0xA0, 0x0B, 0xF7, 0x00, 0x5F, 0xF4, 0x7F, 0x80, 0x0E, 0xF2, 0x00,
  0x07, 0xFE, 0xDF, 0x40, 0x0D, 0xF5, 0x00, 0x00, 0x9F, 0xFC, 0x00, 0x08, 0xFC, 0x20, 0x00, 0x7F, 0xFB, 0x00, 0x01, 0xCF,
  0xEB, 0xBD, 0xFE, 0xDF, 0x80, 0x00, 0x17, 0xCE, 0xFD, 0x92, 0x3F, 0xF4, 0x0D, 0xB0, 0x0D, 0xB0, 0x0E, 0xA0, 0x0E, 0xA0,
  0x0E, 0x90, 0x00, 0x00, 0x00, 0x00, 0x00, 0x00, 0x00, 0x00, 0x00, 0x00, 0x00, 0x00, 0x00, 0x00, 0x00, 0x00, 0x00, 0x00,
  0x00, 0x00, 0x00, 0x00, 0x00, 0x00, 0x00, 0x00, 0x03, 0xB0, 0x00, 0x00, 0x3E, 0xD0, 0x00, 0x01, 0xDE, 0x20, 0x00, 0x08,
  0xF5, 0x00, 0x00, 0x2E, 0xC0, 0x00, 0x00, 0x8F, 0x70, 0x00, 0x00, 0xDF, 0x20, 0x00, 0x02, 0xFD, 0x00, 0x00, 0x05, 0xFB,
  0x00, 0x00, 0x08, 0xF9, 0x00, 0x00, 0x09, 0xF8, 0x00, 0x00, 0x09, 0xF7, 0x00, 0x00, 0x09, 0xF8, 0x00, 0x00, 0x08, 0xF9,
  0x00, 0x00, 0x05, 0xFA, 0x00, 0x00, 0x02, 0xFD, 0x00, 0x00, 0x00, 0xDF, 0x20, 0x00, 0x00, 0x8F, 0x60, 0x00, 0x00, 0x2E,
  0xC0, 0x00, 0x00, 0x08, 0xF6, 0x00, 0x00, 0x01, 0xDD, 0x20, 0x00, 0x00, 0x3E, 0xC0, 0x00, 0x00, 0x03, 0xB0, 0x69, 0x00,
  0x00, 0x00, 0x6F, 0xA0, 0x00, 0x00, 0x08, 0xF7, 0x00, 0x00, 0x00, 0xCE, 0x20, 0x00, 0x00, 0x6F, 0x90, 0x00, 0x00, 0x0E,
  0xE1, 0x00, 0x00, 0x0A, 0xF6, 0x00, 0x00, 0x06, 0xFA, 0x00, 0x00, 0x03, 0xFD, 0x00, 0x00, 0x00, 0xFE, 0x00, 0x00, 0x00,
  0xEF, 0x10, 0x00, 0x00, 0xEF, 0x20, 0x00, 0x00, 0xFF, 0x10, 0x00, 0x01, 0xFF, 0x00, 0x00, 0x03, 0xFD, 0x00, 0x00, 0x06,
  0xFA, 0x00, 0x00, 0x0A, 0xF6, 0x00, 0x00, 0x0D, 0xE1, 0x00, 0x00, 0x5F, 0x90, 0x00, 0x00, 0xCE, 0x20, 0x00, 0x07, 0xF7,
  0x00, 0x00, 0x5F, 0xA0, 0x00, 0x00, 0x69, 0x00, 0x00, 0x00, 0x00, 0x01, 0xF9, 0x00, 0x00, 0x00, 0x01, 0xF9, 0x00, 0x00,
  0x11, 0x00, 0xF9, 0x00, 0x20, 0x7E, 0xA4, 0xF9, 0x7D, 0xD0, 0x6D, 0xFF, 0xFF, 0xFE, 0xB1, 0x00, 0x3C, 0xFF, 0x61, 0x00,
  0x00, 0x4F, 0xBF, 0xA0, 0x00, 0x02, 0xDD, 0x1A, 0xF6, 0x00, 0x06, 0xF5, 0x01, 0xEB, 0x00, 0x00, 0x20, 0x00, 0x30, 0x00,
  0x00, 0x00, 0x00, 0x00, 0x00, 0x00, 0x00, 0x00, 0x00, 0x00, 0x00, 0x00, 0x00, 0x00, 0x00, 0x00, 0x00, 0x00, 0x00, 0x00,
  0x00, 0x00, 0x00, 0x00, 0x00, 0x00, 0x00, 0x00, 0x00, 0x00, 0x00, 0x00, 0x08, 0x92, 0x00, 0x00, 0x00, 0x00, 0x0C, 0xF4,
  0x00, 0x00, 0x00, 0x00, 0x0C, 0xF4, 0x00, 0x00, 0x00, 0x00, 0x0C, 0xF4, 0x00, 0x00, 0x00, 0x00, 0x0C, 0xF4, 0x00, 0x00,
  0x3F, 0xFF, 0xFF, 0xFF, 0xFF, 0xF9, 0x3D, 0xDD, 0xDF, 0xFE, 0xDD, 0xD8, 0x00, 0x00, 0x0C, 0xF4, 0x00, 0x00, 0x00, 0x00,
  0x0C, 0xF4, 0x00, 0x00, 0x00, 0x00, 0x0C, 0xF4, 0x00, 0x00, 0x00, 0x00, 0x0C, 0xF4, 0x00, 0x00, 0x00, 0x00, 0x0B, 0xD3,
  0x00, 0x00, 0x00, 0x00, 0x00, 0x00, 0x00, 0x00, 0x04, 0x62, 0x0A, 0xF6, 0x0B, 0xF5, 0x0D, 0xF2, 0x5F, 0xA0, 0x5C, 0x20,
  0xAF, 0xFF, 0xFA, 0x7A, 0xAA, 0xA7, 0x00, 0x00, 0x00, 0x00, 0x00, 0x00, 0x00, 0x00, 0x00, 0x00, 0x00, 0x00, 0x00, 0x00,
  0x00, 0x00, 0x53, 0x00, 0x06, 0xFE, 0x00, 0x04, 0xEB, 0x00, 0x00, 0x00, 0x00, 0x8F, 0x40, 0x00, 0x00, 0x0D, 0xD0, 0x00,
  0x00, 0x05, 0xF8, 0x00, 0x00, 0x00, 0xAF, 0x20, 0x00, 0x00, 0x1E, 0xB0, 0x00, 0x00, 0x07, 0xF6, 0x00, 0x00, 0x00, 0xCE,
  0x00, 0x00, 0x00, 0x3F, 0x90, 0x00, 0x00, 0x09, 0xF3, 0x00, 0x00, 0x01, 0xEC, 0x00, 0x00, 0x00, 0x6F, 0x70, 0x00, 0x00,
  0x0B, 0xE1, 0x00, 0x00, 0x02, 0xFA, 0x00, 0x00, 0x00, 0x8F, 0x50, 0x00, 0x00, 0x0D, 0xD0, 0x00, 0x00, 0x04, 0xF8, 0x00,
  0x00, 0x00, 0xAF, 0x20, 0x00, 0x00, 0x00, 0x00, 0x05, 0xCE, 0xFD, 0x81, 0x00, 0x00, 0x7F, 0xFC, 0xBE, 0xFB, 0x00, 0x02,
  0xEF, 0x40, 0x01, 0xDF, 0x60, 0x07, 0xFA, 0x00, 0x00, 0x5F, 0xB0, 0x0A, 0xF7, 0x00, 0x00, 0x1F, 0xE0, 0x0B, 0xF5, 0x00,
  0x00, 0x0E, 0xF1, 0x0C, 0xF4, 0x00, 0x00, 0x0D, 0xF2, 0x0C, 0xF4, 0x00, 0x00, 0x0D, 0xF2, 0x0C, 0xF4, 0x00, 0x00, 0x0D,
  0xF2, 0x0C, 0xF4, 0x00, 0x00, 0x0D, 0xF2, 0x0B, 0xF5, 0x00, 0x00, 0x0E, 0xF1, 0x09, 0xF7, 0x00, 0x00, 0x1F, 0xE0, 0x06,
  0xFB, 0x00, 0x00, 0x5F, 0xB0, 0x01, 0xEF, 0x50, 0x01, 0xDF, 0x60, 0x00, 0x6F, 0xFB, 0xBE, 0xFB, 0x00, 0x00, 0x05, 0xCE,
  0xFD, 0x81, 0x00, 0x00, 0x00, 0x05, 0xAC, 0x00, 0x00, 0x00, 0x4A, 0xEF, 0xFD, 0x00, 0x00, 0x03, 0xFF, 0xDA, 0xFD, 0x00,
  0x00, 0x03, 0x94, 0x03, 0xFD, 0x00, 0x00, 0x00, 0x00, 0x03, 0xFD, 0x00, 0x00, 0x00, 0x00, 0x03, 0xFD, 0x00, 0x00, 0x00,
  0x00, 0x03, 0xFD, 0x00, 0x00, 0x00, 0x00, 0x03, 0xFD, 0x00, 0x00, 0x00, 0x00, 0x03, 0xFD, 0x00, 0x00, 0x00, 0x00, 0x03,
  0xFD, 0x00, 0x00, 0x00, 0x00, 0x03, 0xFD, 0x00, 0x00, 0x00, 0x00, 0x03, 0xFD, 0x00, 0x00, 0x00, 0x00, 0x03, 0xFD, 0x00,
  0x00, 0x00, 0x00, 0x03, 0xFD, 0x00, 0x00, 0x00, 0x00, 0x03, 0xFD, 0x00, 0x00, 0x00, 0x00, 0x03, 0xFD, 0x00, 0x00, 0x00,
  0x07, 0xCE, 0xFD, 0x91, 0x00, 0x00, 0xBF, 0xEC, 0xBE, 0xFD, 0x10, 0x08, 0xFC, 0x20, 0x02, 0xDF, 0x80, 0x0D, 0xF4, 0x00,
  0x00, 0x6F, 0xC0, 0x0C, 0xD1, 0x00, 0x00, 0x4F, 0xC0, 0x00, 0x00, 0x00, 0x00, 0x6F, 0xA0, 0x00, 0x00, 0x00, 0x00, 0xCF,
  0x40, 0x00, 0x00, 0x00, 0x08, 0xFA, 0x00, 0x00, 0x00, 0x00, 0x5F, 0xD2, 0x00, 0x00, 0x00, 0x04, 0xEE, 0x30, 0x00, 0x00,
  0x00, 0x3E, 0xF5, 0x00, 0x00, 0x00, 0x02, 0xDF, 0x60, 0x00, 0x00, 0x00, 0x1D, 0xF7, 0x00, 0x00, 0x00, 0x01, 0xCF, 0x80,
  0x00, 0x00, 0x00, 0x09, 0xFE, 0xAA, 0xAA, 0xAA, 0xA6, 0x0B, 0xFF, 0xFF, 0xFF, 0xFF, 0xF9, 0x00, 0x07, 0xCF, 0xFD, 0x70,
  0x00, 0x00, 0xBF, 0xEB, 0xBE, 0xFB, 0x00, 0x07, 0xFD, 0x20, 0x02, 0xDF, 0x60, 0x0C, 0xF5, 0x00, 0x00, 0x7F, 0xA0, 0x05,
  0x61, 0x00, 0x00, 0x6F, 0xA0, 0x00, 0x00, 0x00, 0x00, 0xAF, 0x70, 0x00, 0x00, 0x00, 0x28, 0xFD, 0x10, 0x00, 0x00, 0xDF,
  0xFF, 0xB2, 0x00, 0x00, 0x00, 0x8A, 0xCE, 0xF9, 0x00, 0x00, 0x00, 0x00, 0x02, 0xCF, 0x70, 0x00, 0x00, 0x00, 0x00, 0x5F,
  0xC0, 0x06, 0x60, 0x00, 0x00, 0x2F, 0xE0, 0x0E, 0xF3, 0x00, 0x00, 0x4F, 0xC0, 0x09, 0xFB, 0x10, 0x01, 0xCF, 0x80, 0x02,
  0xDF, 0xEB, 0xBE, 0xFC, 0x10, 0x00, 0x18, 0xDF, 0xFD, 0x80, 0x00, 0x00, 0x00, 0x00, 0x0B, 0xFB, 0x00, 0x00, 0x00, 0x00,
  0x6F, 0xFB, 0x00, 0x00, 0x00, 0x01, 0xEF, 0xFB, 0x00, 0x00, 0x00, 0x09, 0xFA, 0xFB, 0x00, 0x00, 0x00, 0x4F, 0xB6, 0xFB,
  0x00, 0x00, 0x00, 0xCF, 0x36, 0xFB, 0x00, 0x00, 0x07, 0xF8, 0x06, 0xFB, 0x00, 0x00, 0x2E, 0xD1, 0x06, 0xFB, 0x00, 0x00,
  0xAF, 0x60, 0x06, 0xFB, 0x00, 0x05, 0xFB, 0x00, 0x06, 0xFB, 0x00, 0x1D, 0xF3, 0x00, 0x06, 0xFB, 0x00, 0x6F, 0xFF, 0xFF,
  0xFF, 0xFF, 0xFD, 0x5A, 0xAA, 0xAA, 0xAC, 0xFE, 0xA9, 0x00, 0x00, 0x00, 0x06, 0xFB, 0x00, 0x00, 0x00, 0x00, 0x06, 0xFB,
  0x00, 0x00, 0x00, 0x00, 0x06, 0xFB, 0x00, 0x00, 0x1F, 0xFF, 0xFF, 0xFF, 0xF0, 0x00, 0x3F, 0xED, 0xDD, 0xDD, 0xD0, 0x00,
  0x5F, 0xA0, 0x00, 0x00, 0x00, 0x00, 0x6F, 0x80, 0x00, 0x00, 0x00, 0x00, 0x8F, 0x60, 0x00, 0x00, 0x00, 0x00, 0x9F, 0xAD,
  0xEE, 0xB3, 0x00, 0x00, 0xBF, 0xFE, 0xDE, 0xFE, 0x40, 0x00, 0x6B, 0x50, 0x01, 0xBF, 0xD0, 0x00, 0x00, 0x00, 0x00, 0x1E,
  0xF4, 0x00, 0x00, 0x00, 0x00, 0x0A, 0xF7, 0x00, 0x00, 0x00, 0x00, 0x09, 0xF8, 0x02, 0x64, 0x00, 0x00, 0x0A, 0xF7, 0x04,
  0xFC, 0x00, 0x00, 0x0D, 0xF4, 0x00, 0xDF, 0x70, 0x00, 0x8F, 0xD0, 0x00, 0x4E, 0xFD, 0xAC, 0xFE, 0x40, 0x00, 0x03, 0xAE,
  0xFE, 0xA3, 0x00, 0x00, 0x00, 0x06, 0xBD, 0xF2, 0x00, 0x00, 0x02, 0xCF, 0xFD, 0xB1, 0x00, 0x00, 0x0C, 0xFA, 0x20, 0x00,
  0x00, 0x00, 0x7F, 0x90, 0x00, 0x00, 0x00, 0x00, 0xDE, 0x10, 0x00, 0x00, 0x00, 0x03, 0xFA, 0x7D, 0xFE, 0xA3, 0x00, 0x07,
  0xFE, 0xFD, 0xBD, 0xFE, 0x20, 0x08, 0xFF, 0x80, 0x01, 0xBF, 0xB0, 0x09, 0xFB, 0x00, 0x00, 0x2F, 0xF1, 0x09, 0xF7, 0x00,
  0x00, 0x0C, 0xF4, 0x09, 0xF8, 0x00, 0x00, 0x0B, 0xF5, 0x07, 0xFA, 0x00, 0x00, 0x0C, 0xF4, 0x03, 0xFE, 0x10, 0x00, 0x2F,
  0xF1, 0x00, 0xBF, 0xA0, 0x00, 0xAF, 0xA0, 0x00, 0x2D, 0xFD, 0xBD, 0xFD, 0x20, 0x00, 0x02, 0x9E, 0xFD, 0x92, 0x00, 0x3F,
  0xFF, 0xFF, 0xFF, 0xFF, 0xF7, 0x2A, 0xAA, 0xAA, 0xAA, 0xAE, 0xF4, 0x00, 0x00, 0x00, 0x00, 0x2F, 0xC0, 0x00, 0x00, 0x00,
  0x00, 0x9F, 0x60, 0x00, 0x00, 0x00, 0x01, 0xEE, 0x10, 0x00, 0x00, 0x00, 0x07, 0xF8, 0x00, 0x00, 0x00, 0x00, 0x0D, 0xF2,
  0x00, 0x00, 0x00, 0x00, 0x6F, 0xA0, 0x00, 0x00, 0x00, 0x00, 0xCF, 0x40, 0x00, 0x00, 0x00, 0x04, 0xFC, 0x00, 0x00, 0x00,
  0x00, 0x0B, 0xF6, 0x00, 0x00, 0x00, 0x00, 0x3F, 0xD0, 0x00, 0x00, 0x00, 0x00, 0xAF, 0x80, 0x00, 0x00, 0x00, 0x02, 0xEE,
  0x10, 0x00, 0x00, 0x00, 0x08, 0xF9, 0x00, 0x00, 0x00, 0x00, 0x1E, 0xF3, 0x00, 0x00, 0x00, 0x00, 0x05, 0xCE, 0xFD, 0x81,
  0x00, 0x00, 0x8F, 0xFC, 0xBE, 0xFC, 0x10, 0x02, 0xFF, 0x50, 0x02, 0xDF, 0x70, 0x06, 0xFB, 0x00, 0x00, 0x6F, 0xB0, 0x07,
  0xFA, 0x00, 0x00, 0x5F, 0xC0, 0x04, 0xFD, 0x00, 0x00, 0x8F, 0x90, 0x00, 0xBF, 0xA2, 0x16, 0xEE, 0x20, 0x00, 0x1B, 0xFF,
  0xFF, 0xD3, 0x00, 0x00, 0x6E, 0xFC, 0xBE, 0xF9, 0x00, 0x03, 0xFE, 0x30, 0x01, 0xBF, 0x80, 0x0A, 0xF7, 0x00, 0x00, 0x2F,
  0xE0, 0x0C, 0xF4, 0x00, 0x00, 0x0E, 0xF2, 0x0B, 0xF6, 0x00, 0x00, 0x1F, 0xF1, 0x07, 0xFD, 0x20, 0x01, 0xAF, 0xC0, 0x00,
  0xBF, 0xEB, 0xBD, 0xFE, 0x30, 0x00, 0x07, 0xCE, 0xFD, 0x92, 0x00, 0x00, 0x06, 0xCE, 0xEB, 0x40, 0x00, 0x00, 0x9F, 0xFB,
  0xCF, 0xF6, 0x00, 0x04, 0xFE, 0x30, 0x06, 0xFE, 0x20, 0x0A, 0xF8, 0x00, 0x00, 0xBF, 0x80, 0x0D, 0xF3, 0x00, 0x00, 0x6F,
  0xB0, 0x0E, 0xF1, 0x00, 0x00, 0x3F, 0xD0, 0x0D, 0xF3, 0x00, 0x00, 0x2F, 0xE0, 0x0A, 0xF7, 0x00, 0x00, 0x5F, 0xE0, 0x05,
  0xFE, 0x30, 0x04, 0xEF, 0xD0, 0x00, 0xAF, 0xEB, 0xCF, 0xCF, 0xC0, 0x00, 0x08, 0xDF, 0xD8, 0x5F, 0x90, 0x00, 0x00, 0x00,
  0x00, 0x9F, 0x60, 0x00, 0x00, 0x00, 0x02, 0xEE, 0x10, 0x00, 0x00, 0x00, 0x5D, 0xF6, 0x00, 0x00, 0x08, 0xCE, 0xFF, 0x70,
  0x00, 0x00, 0x0B, 0xEC, 0x92, 0x00, 0x00, 0x05, 0xEA, 0x00, 0x8F, 0xD0, 0x01, 0x63, 0x00, 0x00, 0x00, 0x00, 0x00, 0x00,
  0x00, 0x00, 0x00, 0x00, 0x00, 0x00, 0x00, 0x00, 0x00, 0x00, 0x16, 0x20, 0x08, 0xFD, 0x00, 0x6E, 0xA0, 0x09, 0xE7, 0x00,
  0xCF, 0x90, 0x02, 0x61, 0x00, 0x00, 0x00, 0x00, 0x00, 0x00, 0x00, 0x00, 0x00, 0x00, 0x00, 0x00, 0x00, 0x00, 0x00, 0x00,
  0x46, 0x30, 0x09, 0xF7, 0x00, 0x9F, 0x70, 0x0C, 0xF4, 0x03, 0xFC, 0x00, 0x4C, 0x30, 0x00, 0x00, 0x00, 0x00, 0x02, 0x88,
  0x00, 0x00, 0x00, 0x29, 0xEF, 0x90, 0x00, 0x03, 0xAF, 0xFF, 0xA3, 0x00, 0x3A, 0xFF, 0xE8, 0x20, 0x00, 0x4F, 0xFC, 0x60,
  0x00, 0x00, 0x04, 0xFF, 0xB5, 0x00, 0x00, 0x00, 0x03, 0xAF, 0xFD, 0x82, 0x00, 0x00, 0x00, 0x29, 0xFF, 0xFA, 0x30, 0x00,
  0x00, 0x02, 0x9E, 0xF9, 0x00, 0x00, 0x00, 0x00, 0x28, 0x80, 0x00, 0x00, 0x00, 0x00, 0x00, 0x00, 0x00, 0x00, 0x00, 0x00,
  0x00, 0x06, 0xFF, 0xFF, 0xFF, 0xFF, 0xA0, 0x05, 0xCC, 0xCC, 0xCC, 0xCC, 0x70, 0x00, 0x00, 0x00, 0x00, 0x00, 0x00, 0x00,
  0x00, 0x00, 0x00, 0x00, 0x00, 0x06, 0xFF, 0xFF, 0xFF, 0xFF, 0xA0, 0x05, 0xBB, 0xBB, 0xBB, 0xBB, 0x70, 0x00, 0x00, 0x00,
  0x00, 0x00, 0x00, 0x00, 0x00, 0x00, 0x00, 0x00, 0x00, 0x00, 0x00, 0x00, 0x00, 0x00, 0x00, 0x00, 0x00, 0x00, 0x00, 0x00,
  0x00, 0x08, 0x92, 0x00, 0x00, 0x00, 0x00, 0x09, 0xFF, 0xA3, 0x00, 0x00, 0x00, 0x03, 0x9E, 0xFF, 0xB4, 0x00, 0x00, 0x00,
  0x01, 0x6C, 0xFF, 0xC6, 0x00, 0x00, 0x00, 0x00, 0x39, 0xEF, 0x90, 0x00, 0x00, 0x00, 0x4A, 0xEF, 0x90, 0x00, 0x01, 0x7C,
  0xFF, 0xC5, 0x00, 0x03, 0x9E, 0xFF, 0xB4, 0x00, 0x00, 0x09, 0xFF, 0xA3, 0x00, 0x00, 0x00, 0x08, 0x92, 0x00, 0x00, 0x00,
  0x00, 0x00, 0x00, 0x00, 0x00, 0x00, 0x00, 0x00, 0x00, 0x00, 0x00, 0x00, 0x00, 0x00, 0x5B, 0xEF, 0xD8, 0x10, 0x06, 0xFF,
  0xDC, 0xFF, 0xB0, 0x0E, 0xF6, 0x00, 0x3E, 0xF4, 0x3D, 0xC0, 0x00, 0x09, 0xF8, 0x00, 0x00, 0x00, 0x09, 0xF8, 0x00, 0x00,
  0x00, 0x0D, 0xF5, 0x00, 0x00, 0x00, 0x9F, 0xC0, 0x00, 0x00, 0x08, 0xFE, 0x30, 0x00, 0x00, 0x6F, 0xE3, 0x00, 0x00, 0x00,
  0xDF, 0x60, 0x00, 0x00, 0x02, 0xFE, 0x00, 0x00, 0x00, 0x02, 0x87, 0x00, 0x00, 0x00, 0x00, 0x00, 0x00, 0x00, 0x00, 0x00,
  0x32, 0x00, 0x00, 0x00, 0x03, 0xFE, 0x10, 0x00, 0x00, 0x02, 0xED, 0x10, 0x00, 0x00, 0x00, 0x00, 0x28, 0xCE, 0xFE, 0xC9,
  0x30, 0x00, 0x00, 0x00, 0x00, 0x08, 0xFE, 0xB8, 0x89, 0xBE, 0xF8, 0x00, 0x00, 0x00, 0x00, 0xBF, 0x91, 0x00, 0x00, 0x01,
  0x8F, 0xA0, 0x00, 0x00, 0x09, 0xF7, 0x00, 0x00, 0x00, 0x00, 0x06, 0xF6, 0x00, 0x00, 0x4F, 0x90, 0x00, 0x00, 0x00, 0x00,
  0x00, 0xBD, 0x00, 0x00, 0xBE, 0x10, 0x00, 0x5C, 0xED, 0xA2, 0x00, 0x4F, 0x40, 0x02, 0xF9, 0x00, 0x06, 0xFC, 0x78, 0xFA,
  0x00, 0x0E, 0x80, 0x06, 0xF4, 0x00, 0x3E, 0xB0, 0x01, 0xF9, 0x00, 0x0C, 0xA0, 0x09, 0xF1, 0x00, 0x9F, 0x40, 0x03, 0xF7,
  0x00, 0x0C, 0xB0, 0x0B, 0xE0, 0x00, 0xDE, 0x00, 0x05, 0xF6, 0x00, 0x0C, 0xB0, 0x0C, 0xD0, 0x01, 0xFB, 0x00, 0x06, 0xF4,
  0x00, 0x0D, 0x90, 0x0B, 0xD0, 0x01, 0xFA, 0x00, 0x08, 0xF3, 0x00, 0x2F, 0x60, 0x0A, 0xE0, 0x00, 0xED, 0x10, 0x2E, 0xF3,
  0x00, 0x9E, 0x10, 0x08, 0xF3, 0x00, 0xAF, 0xCA, 0xEB, 0xFB, 0x59, 0xF7, 0x00, 0x04, 0xF7, 0x00, 0x2B, 0xFE, 0x80, 0x7E,
  0xFD, 0x60, 0x00, 0x00, 0xDE, 0x10, 0x00, 0x00, 0x00, 0x00, 0x00, 0x00, 0x00, 0x00, 0x5F, 0xA0, 0x00, 0x00, 0x00, 0x00,
  0x00, 0x00, 0x00, 0x00, 0x09, 0xFA, 0x10, 0x00, 0x00, 0x01, 0x00, 0x00, 0x00, 0x00, 0x00, 0x8F, 0xEA, 0x76, 0x89, 0xD7,
  0x00, 0x00, 0x00, 0x00, 0x00, 0x02, 0x8C, 0xEF, 0xEC, 0x92, 0x00, 0x00, 0x00, 0x00, 0x00, 0x00, 0xEF, 0x50, 0x00, 0x00,
  0x00, 0x00, 0x00, 0x5F, 0xFA, 0x00, 0x00, 0x00, 0x00, 0x00, 0x0B, 0xFE, 0xE1, 0x00, 0x00, 0x00, 0x00, 0x01, 0xFD, 0x8F,
  0x70, 0x00, 0x00, 0x00, 0x00, 0x7F, 0x83, 0xFC, 0x00, 0x00, 0x00, 0x00, 0x0C, 0xF3, 0x0C, 0xF3, 0x00, 0x00, 0x00, 0x03,
  0xFC, 0x00, 0x7F, 0x80, 0x00, 0x00, 0x00, 0x9F, 0x70, 0x02, 0xFD, 0x00, 0x00, 0x00, 0x0E, 0xF2, 0x00, 0x0B, 0xF5, 0x00,
  0x00, 0x05, 0xFB, 0x00, 0x00, 0x6F, 0xA0, 0x00, 0x00, 0xAF, 0xFF, 0xFF, 0xFF, 0xFE, 0x10, 0x00, 0x1F, 0xEB, 0xBB, 0xBB,
  0xBD, 0xF7, 0x00, 0x07, 0xFA, 0x00, 0x00, 0x00, 0x5F, 0xC0, 0x00, 0xCF, 0x50, 0x00, 0x00, 0x00, 0xEF, 0x30, 0x3F, 0xE0,
  0x00, 0x00, 0x00, 0x09, 0xF8, 0x09, 0xFA, 0x00, 0x00, 0x00, 0x00, 0x4F, 0xD0, 0x04, 0xFF, 0xFF, 0xFF, 0xD9, 0x20, 0x00,
  0x04, 0xFF, 0xBB, 0xBC, 0xEF, 0xE3, 0x00, 0x04, 0xFD, 0x00, 0x00, 0x1B, 0xFB, 0x00, 0x04, 0xFD, 0x00, 0x00, 0x03, 0xFF,
  0x00, 0x04, 0xFD, 0x00, 0x00, 0x02, 0xFF, 0x00, 0x04, 0xFD, 0x00, 0x00, 0x06, 0xFD, 0x00, 0x04, 0xFD, 0x00, 0x02, 0x6E,
  0xF5, 0x00, 0x04, 0xFF, 0xFF, 0xFF, 0xFE, 0x50, 0x00, 0x04, 0xFE, 0xBB, 0xBB, 0xDF, 0xD4, 0x00, 0x04, 0xFD, 0x00, 0x00,
  0x06, 0xFE, 0x10, 0x04, 0xFD, 0x00, 0x00, 0x00, 0xCF, 0x60, 0x04, 0xFD, 0x00, 0x00, 0x00, 0xAF, 0x70, 0x04, 0xFD, 0x00,
  0x00, 0x00, 0xDF, 0x60, 0x04, 0xFD, 0x00, 0x00, 0x08, 0xFE, 0x20, 0x04, 0xFF, 0xBB, 0xBB, 0xEF, 0xF6, 0x00, 0x04, 0xFF,
  0xFF, 0xFF, 0xEB, 0x40, 0x00, 0x00, 0x00, 0x4A, 0xDF, 0xEB, 0x60, 0x00, 0x00, 0x08, 0xFF, 0xDC, 0xDF, 0xFA, 0x00, 0x00,
  0x6F, 0xE5, 0x00, 0x04, 0xDF, 0x70, 0x01, 0xEF, 0x50, 0x00, 0x00, 0x5F, 0xE0, 0x05, 0xFC, 0x00, 0x00, 0x00, 0x0E, 0xF4,
  0x09, 0xF9, 0x00, 0x00, 0x00, 0x04, 0x52, 0x0A, 0xF7, 0x00, 0x00, 0x00, 0x00, 0x00, 0x0B, 0xF6, 0x00, 0x00, 0x00, 0x00,
  0x00, 0x0B, 0xF6, 0x00, 0x00, 0x00, 0x00, 0x00, 0x0B, 0xF7, 0x00, 0x00, 0x00, 0x00, 0x00, 0x09, 0xF9, 0x00, 0x00, 0x00,
  0x03, 0x31, 0x06, 0xFC, 0x00, 0x00, 0x00, 0x0E, 0xF4, 0x01, 0xEF, 0x40, 0x00, 0x00, 0x4F, 0xE0, 0x00, 0x7F, 0xE4, 0x00,
  0x04, 0xDF, 0x70, 0x00, 0x09, 0xFF, 0xDB, 0xDF, 0xFA, 0x00, 0x00, 0x00, 0x5B, 0xEF, 0xEB, 0x50, 0x00, 0x04, 0xFF, 0xFF,
  0xFD, 0xA4, 0x00, 0x00, 0x04, 0xFF, 0xBB, 0xBD, 0xFF, 0x90, 0x00, 0x04, 0xFD, 0x00, 0x00, 0x4D, 0xF9, 0x00, 0x04, 0xFD,
  0x00, 0x00, 0x02, 0xEF, 0x40, 0x04, 0xFD, 0x00, 0x00, 0x00, 0x8F, 0xA0, 0x04, 0xFD, 0x00, 0x00, 0x00, 0x3F, 0xE0, 0x04,
  0xFD, 0x00, 0x00, 0x00, 0x0F, 0xF1, 0x04, 0xFD, 0x00, 0x00, 0x00, 0x0E, 0xF2, 0x04, 0xFD, 0x00, 0x00, 0x00, 0x0E, 0xF2,
  0x04, 0xFD, 0x00, 0x00, 0x00, 0x0F, 0xF1, 0x04, 0xFD, 0x00, 0x00, 0x00, 0x3F, 0xE0, 0x04, 0xFD, 0x00, 0x00, 0x00, 0x8F,
  0xA0, 0x04, 0xFD, 0x00, 0x00, 0x02, 0xEF, 0x40, 0x04, 0xFD, 0x00, 0x00, 0x5D, 0xF9, 0x00, 0x04, 0xFF, 0xBB, 0xBD, 0xFF,
  0x90, 0x00, 0x04, 0xFF, 0xFF, 0xED, 0xA4, 0x00, 0x00, 0x04, 0xFF, 0xFF, 0xFF, 0xFF, 0xFA, 0x00, 0x4F, 0xFB, 0xBB, 0xBB,
  0xBB, 0x80, 0x04, 0xFD, 0x00, 0x00, 0x00, 0x00, 0x00, 0x4F, 0xD0, 0x00, 0x00, 0x00, 0x00, 0x04, 0xFD, 0x00, 0x00, 0x00,
  0x00, 0x00, 0x4F, 0xD0, 0x00, 0x00, 0x00, 0x00, 0x04, 0xFD, 0x00, 0x00, 0x00, 0x00, 0x00, 0x4F, 0xFF, 0xFF, 0xFF, 0xFB,
  0x00, 0x04, 0xFF, 0xBB, 0xBB, 0xBB, 0x80, 0x00, 0x4F, 0xD0, 0x00, 0x00, 0x00, 0x00, 0x04, 0xFD, 0x00, 0x00, 0x00, 0x00,
  0x00, 0x4F, 0xD0, 0x00, 0x00, 0x00, 0x00, 0x04, 0xFD, 0x00, 0x00, 0x00, 0x00, 0x00, 0x4F, 0xD0, 0x00, 0x00, 0x00, 0x00,
  0x04, 0xFF, 0xBB, 0xBB, 0xBB, 0xB9, 0x00, 0x4F, 0xFF, 0xFF, 0xFF, 0xFF, 0xC0, 0x04, 0xFF, 0xFF, 0xFF, 0xFF, 0xF8, 0x04,
  0xFF, 0xBB, 0xBB, 0xBB, 0xB6, 0x04, 0xFD, 0x00, 0x00, 0x00, 0x00, 0x04, 0xFD, 0x00, 0x00, 0x00, 0x00, 0x04, 0xFD, 0x00,
  0x00, 0x00, 0x00, 0x04, 0xFD, 0x00, 0x00, 0x00, 0x00, 0x04, 0xFD, 0x00, 0x00, 0x00, 0x00, 0x04, 0xFF, 0xFF, 0xFF, 0xFF,
  0x70, 0x04, 0xFF, 0xBB, 0xBB, 0xBB, 0x50, 0x04, 0xFD, 0x00, 0x00, 0x00, 0x00, 0x04, 0xFD, 0x00, 0x00, 0x00, 0x00, 0x04,
  0xFD, 0x00, 0x00, 0x00, 0x00, 0x04, 0xFD, 0x00, 0x00, 0x00, 0x00, 0x04, 0xFD, 0x00, 0x00, 0x00, 0x00, 0x04, 0xFD, 0x00,
  0x00, 0x00, 0x00, 0x04, 0xFD, 0x00, 0x00, 0x00, 0x00, 0x00, 0x00, 0x5B, 0xEF, 0xEC, 0x70, 0x00, 0x00, 0x00, 0x9F, 0xFD,
  0xCD, 0xFF, 0xB1, 0x00, 0x00, 0x7F, 0xE5, 0x00, 0x03, 0xDF, 0x90, 0x00, 0x1E, 0xF5, 0x00, 0x00, 0x03, 0xFF, 0x10, 0x06,
  0xFC, 0x00, 0x00, 0x00, 0x0B, 0xC4, 0x00, 0x9F, 0x90, 0x00, 0x00, 0x00, 0x00, 0x00, 0x0A, 0xF7, 0x00, 0x00, 0x00, 0x00,
  0x00, 0x00, 0xBF, 0x70, 0x00, 0x00, 0x00, 0x00, 0x00, 0x0B, 0xF7, 0x00, 0x06, 0xFF, 0xFF, 0xF6, 0x00, 0xAF, 0x80, 0x00,
  0x4B, 0xBB, 0xEF, 0x60, 0x08, 0xFA, 0x00, 0x00, 0x00, 0x0B, 0xF6, 0x00, 0x4F, 0xE0, 0x00, 0x00, 0x00, 0xBF, 0x60, 0x00,
  0xDF, 0x70, 0x00, 0x00, 0x0B, 0xF6, 0x00, 0x05, 0xFF, 0x70, 0x00, 0x04, 0xEF, 0x60, 0x00, 0x06, 0xFF, 0xEB, 0xBD, 0xFF,
  0xA0, 0x00, 0x00, 0x03, 0x9D, 0xEE, 0xDA, 0x40, 0x00, 0x04, 0xFD, 0x00, 0x00, 0x00, 0x04, 0xFD, 0x00, 0x04, 0xFD, 0x00,
  0x00, 0x00, 0x04, 0xFD, 0x00, 0x04, 0xFD, 0x00, 0x00, 0x00, 0x04, 0xFD, 0x00, 0x04, 0xFD, 0x00, 0x00, 0x00, 0x04, 0xFD,
  0x00, 0x04, 0xFD, 0x00, 0x00, 0x00, 0x04, 0xFD, 0x00, 0x04, 0xFD, 0x00, 0x00, 0x00, 0x04, 0xFD, 0x00, 0x04, 0xFD, 0x00,
  0x00, 0x00, 0x04, 0xFD, 0x00, 0x04, 0xFF, 0xFF, 0xFF, 0xFF, 0xFF, 0xFD, 0x00, 0x04, 0xFF, 0xBB, 0xBB, 0xBB, 0xBC, 0xFD,
  0x00, 0x04, 0xFD, 0x00, 0x00, 0x00, 0x04, 0xFD, 0x00, 0x04, 0xFD, 0x00, 0x00, 0x00, 0x04, 0xFD, 0x00, 0x04, 0xFD, 0x00,
  0x00, 0x00, 0x04, 0xFD, 0x00, 0x04, 0xFD, 0x00, 0x00, 0x00, 0x04, 0xFD, 0x00, 0x04, 0xFD, 0x00, 0x00, 0x00, 0x04, 0xFD,
  0x00, 0x04, 0xFD, 0x00, 0x00, 0x00, 0x04, 0xFD, 0x00, 0x04, 0xFD, 0x00, 0x00, 0x00, 0x04, 0xFD, 0x00, 0x01, 0xFF, 0x10,
  0x01, 0xFF, 0x10, 0x01, 0xFF, 0x10, 0x01, 0xFF, 0x10, 0x01, 0xFF, 0x10, 0x01, 0xFF, 0x10, 0x01, 0xFF, 0x10, 0x01, 0xFF,
  0x10, 0x01, 0xFF, 0x10, 0x01, 0xFF, 0x10, 0x01, 0xFF, 0x10, 0x01, 0xFF, 0x10, 0x01, 0xFF, 0x10, 0x01, 0xFF, 0x10, 0x01,
  0xFF, 0x10, 0x01, 0xFF, 0x10, 0x00, 0x00, 0x00, 0x00, 0xAF, 0x70, 0x00, 0x00, 0x00, 0x00, 0xAF, 0x70, 0x00, 0x00, 0x00,
  0x00, 0xAF, 0x70, 0x00, 0x00, 0x00, 0x00, 0xAF, 0x70, 0x00, 0x00, 0x00, 0x00, 0xAF, 0x70, 0x00, 0x00, 0x00, 0x00, 0xAF,
  0x70, 0x00, 0x00, 0x00, 0x00, 0xAF, 0x70, 0x00, 0x00, 0x00, 0x00, 0xAF, 0x70, 0x00, 0x00, 0x00, 0x00, 0xAF, 0x70, 0x00,
  0x00, 0x00, 0x00, 0xAF, 0x70, 0x00, 0x00, 0x00, 0x00, 0xAF, 0x70, 0x49, 0x60, 0x00, 0x00, 0xBF, 0x70, 0x6F, 0xD0, 0x00,
  0x00, 0xDF, 0x50, 0x2E, 0xF7, 0x00, 0x09, 0xFE, 0x10, 0x07, 0xFF, 0xDB, 0xDF, 0xF5, 0x00, 0x00, 0x5B, 0xEF, 0xEB, 0x40,
  0x00, 0x04, 0xFD, 0x00, 0x00, 0x00, 0xAF, 0xD1, 0x04, 0xFD, 0x00, 0x00, 0x08, 0xFE, 0x20, 0x04, 0xFD, 0x00, 0x00, 0x6F,
  0xE4, 0x00, 0x04, 0xFD, 0x00, 0x05, 0xFF, 0x50, 0x00, 0x04, 0xFD, 0x00, 0x4E, 0xF7, 0x00, 0x00, 0x04, 0xFD, 0x02, 0xEF,
  0x90, 0x00, 0x00, 0x04, 0xFD, 0x1D, 0xFA, 0x00, 0x00, 0x00, 0x04, 0xFE, 0xCF, 0xF8, 0x00, 0x00, 0x00, 0x04, 0xFF, 0xFD,
  0xFF, 0x50, 0x00, 0x00, 0x04, 0xFF, 0xD2, 0x8F, 0xE2, 0x00, 0x00, 0x04, 0xFE, 0x20, 0x0C, 0xFB, 0x00, 0x00, 0x04, 0xFD,
  0x00, 0x02, 0xEF, 0x80, 0x00, 0x04, 0xFD, 0x00, 0x00, 0x5F, 0xF4, 0x00, 0x04, 0xFD, 0x00, 0x00, 0x09, 0xFD, 0x10, 0x04,
  0xFD, 0x00, 0x00, 0x00, 0xCF, 0xB0, 0x04, 0xFD, 0x00, 0x00, 0x00, 0x2E, 0xF7, 0x04, 0xFE, 0x00, 0x00, 0x00, 0x00, 0x04,
  0xFE, 0x00, 0x00, 0x00, 0x00, 0x04, 0xFE, 0x00, 0x00, 0x00, 0x00, 0x04, 0xFE, 0x00, 0x00, 0x00, 0x00, 0x04, 0xFE, 0x00,
  0x00, 0x00, 0x00, 0x04, 0xFE, 0x00, 0x00, 0x00, 0x00, 0x04, 0xFE, 0x00, 0x00, 0x00, 0x00, 0x04, 0xFE, 0x00, 0x00, 0x00,
  0x00, 0x04, 0xFE, 0x00, 0x00, 0x00, 0x00, 0x04, 0xFE, 0x00, 0x00, 0x00, 0x00, 0x04, 0xFE, 0x00, 0x00, 0x00, 0x00, 0x04,
  0xFE, 0x00, 0x00, 0x00, 0x00, 0x04, 0xFE, 0x00, 0x00, 0x00, 0x00, 0x04, 0xFE, 0x00, 0x00, 0x00, 0x00, 0x04, 0xFF, 0xBB,
  0xBB, 0xBB, 0xB4, 0x04, 0xFF, 0xFF, 0xFF, 0xFF, 0xF5, 0x04, 0xFF, 0xB0, 0x00, 0x00, 0x00, 0x00, 0x8F, 0xF7, 0x00, 0x4F,
  0xFF, 0x20, 0x00, 0x00, 0x00, 0x0D, 0xFF, 0x70, 0x04, 0xFF, 0xF8, 0x00, 0x00, 0x00, 0x05, 0xFF, 0xF7, 0x00, 0x4F, 0xDF,
  0xD0, 0x00, 0x00, 0x00, 0xBF, 0xDF, 0x70, 0x04, 0xFB, 0xCF, 0x50, 0x00, 0x00, 0x2F, 0xE9, 0xF7, 0x00, 0x4F, 0xC6, 0xFA,
  0x00, 0x00, 0x08, 0xF9, 0x9F, 0x70, 0x04, 0xFC, 0x1E, 0xF1, 0x00, 0x00, 0xDF, 0x3A, 0xF7, 0x00, 0x4F, 0xD0, 0x9F, 0x70,
  0x00, 0x4F, 0xC0, 0xAF, 0x70, 0x04, 0xFD, 0x03, 0xFD, 0x00, 0x0A, 0xF6, 0x0A, 0xF7, 0x00, 0x4F, 0xD0, 0x0C, 0xF4, 0x01,
  0xEE, 0x10, 0xBF, 0x70, 0x04, 0xFD, 0x00, 0x7F, 0xA0, 0x7F, 0x90, 0x0B, 0xF7, 0x00, 0x4F, 0xD0, 0x01, 0xEE, 0x1C, 0xF3,
  0x00, 0xBF, 0x70, 0x04, 0xFD, 0x00, 0x0A, 0xF9, 0xFC, 0x00, 0x0B, 0xF7, 0x00, 0x4F, 0xD0, 0x00, 0x4F, 0xFF, 0x60, 0x00,
  0xBF, 0x70, 0x04, 0xFD, 0x00, 0x00, 0xCF, 0xE1, 0x00, 0x0B, 0xF7, 0x00, 0x4F, 0xD0, 0x00, 0x07, 0xF9, 0x00, 0x00, 0xBF,
  0x70, 0x04, 0xFF, 0x40, 0x00, 0x00, 0x04, 0xFD, 0x00, 0x04, 0xFF, 0xD1, 0x00, 0x00, 0x04, 0xFD, 0x00, 0x04, 0xFF, 0xF8,
  0x00, 0x00, 0x04, 0xFD, 0x00, 0x04, 0xFF, 0xFF, 0x30, 0x00, 0x04, 0xFD, 0x00, 0x04, 0xFE, 0xAF, 0xC0, 0x00, 0x04, 0xFD,
  0x00, 0x04, 0xFE, 0x1E, 0xF7, 0x00, 0x04, 0xFD, 0x00, 0x04, 0xFE, 0x05, 0xFE, 0x20, 0x04, 0xFD, 0x00, 0x04, 0xFE, 0x00,
  0xBF, 0xB0, 0x04, 0xFD, 0x00, 0x04, 0xFE, 0x00, 0x2E, 0xF5, 0x04, 0xFD, 0x00, 0x04, 0xFE, 0x00, 0x07, 0xFE, 0x14, 0xFD,
  0x00, 0x04, 0xFE, 0x00, 0x00, 0xCF, 0x94, 0xFD, 0x00, 0x04, 0xFE, 0x00, 0x00, 0x3F, 0xF7, 0xFD, 0x00, 0x04, 0xFE, 0x00,
  0x00, 0x08, 0xFE, 0xFD, 0x00, 0x04, 0xFE, 0x00, 0x00, 0x00, 0xDF, 0xFD, 0x00, 0x04, 0xFE, 0x00, 0x00, 0x00, 0x4F, 0xFD,
  0x00, 0x04, 0xFE, 0x00, 0x00, 0x00, 0x09, 0xFD, 0x00, 0x00, 0x00, 0x3A, 0xDF, 0xDB, 0x50, 0x00, 0x00, 0x00, 0x7F, 0xFE,
  0xCE, 0xFF, 0x90, 0x00, 0x00, 0x5F, 0xE6, 0x00, 0x05, 0xEF, 0x70, 0x00, 0x0D, 0xF6, 0x00, 0x00, 0x04, 0xFE, 0x20, 0x05,
  0xFD, 0x00, 0x00, 0x00, 0x0B, 0xF6, 0x00, 0x9F, 0x90, 0x00, 0x00, 0x00, 0x7F, 0xA0, 0x0A, 0xF6, 0x00, 0x00, 0x00, 0x05,
  0xFC, 0x00, 0xBF, 0x60, 0x00, 0x00, 0x00, 0x4F, 0xD0, 0x0B, 0xF6, 0x00, 0x00, 0x00, 0x04, 0xFD, 0x00, 0xAF, 0x60, 0x00,
  0x00, 0x00, 0x5F, 0xC0, 0x09, 0xF9, 0x00, 0x00, 0x00, 0x07, 0xFA, 0x00, 0x5F, 0xD0, 0x00, 0x00, 0x00, 0xBF, 0x70, 0x00,
  0xDF, 0x60, 0x00, 0x00, 0x3F, 0xE2, 0x00, 0x05, 0xFE, 0x60, 0x00, 0x4D, 0xF8, 0x00, 0x00, 0x07, 0xFF, 0xEC, 0xDF, 0xF9,
  0x00, 0x00, 0x00, 0x03, 0xAD, 0xFE, 0xB5, 0x00, 0x00, 0x04, 0xFF, 0xFF, 0xFF, 0xEC, 0x70, 0x00, 0x04, 0xFF, 0xBB, 0xBB,
  0xDF, 0xFB, 0x00, 0x04, 0xFD, 0x00, 0x00, 0x04, 0xEF, 0x80, 0x04, 0xFD, 0x00, 0x00, 0x00, 0x6F, 0xD0, 0x04, 0xFD, 0x00,
  0x00, 0x00, 0x2F, 0xF1, 0x04, 0xFD, 0x00, 0x00, 0x00, 0x2F, 0xF0, 0x04, 0xFD, 0x00, 0x00, 0x00, 0x7F, 0xD0, 0x04, 0xFD,
  0x00, 0x00, 0x38, 0xEF, 0x70, 0x04, 0xFF, 0xFF, 0xFF, 0xFF, 0xF8, 0x00, 0x04, 0xFF, 0xBB, 0xBB, 0xA8, 0x30, 0x00, 0x04,
  0xFD, 0x00, 0x00, 0x00, 0x00, 0x00, 0x04, 0xFD, 0x00, 0x00, 0x00, 0x00, 0x00, 0x04, 0xFD, 0x00, 0x00, 0x00, 0x00, 0x00,
  0x04, 0xFD, 0x00, 0x00, 0x00, 0x00, 0x00, 0x04, 0xFD, 0x00, 0x00, 0x00, 0x00, 0x00, 0x04, 0xFD, 0x00, 0x00, 0x00, 0x00,
  0x00, 0x00, 0x00, 0x4B, 0xDF, 0xDA, 0x40, 0x00, 0x00, 0x00, 0x8F, 0xFE, 0xCE, 0xFF, 0x80, 0x00, 0x00, 0x7F, 0xE5, 0x00,
  0x05, 0xEF, 0x60, 0x00, 0x1E, 0xF5, 0x00, 0x00, 0x05, 0xFE, 0x10, 0x06, 0xFB, 0x00, 0x00, 0x00, 0x0C, 0xF5, 0x00, 0xAF,
  0x70, 0x00, 0x00, 0x00, 0x8F, 0x90, 0x0C, 0xF5, 0x00, 0x00, 0x00, 0x06, 0xFB, 0x00, 0xDF, 0x40, 0x00, 0x00, 0x00, 0x5F,
  0xC0, 0x0D, 0xF4, 0x00, 0x00, 0x00, 0x05, 0xFC, 0x00, 0xCF, 0x50, 0x00, 0x00, 0x00, 0x6F, 0xB0, 0x0A, 0xF8, 0x00, 0x00,
  0x00, 0x08, 0xF9, 0x00, 0x6F, 0xC0, 0x00, 0x00, 0x00, 0xCF, 0x60, 0x01, 0xEF, 0x50, 0x00, 0x00, 0x5F, 0xE1, 0x00, 0x07,
  0xFE, 0x50, 0x00, 0x5E, 0xF7, 0x00, 0x00, 0x08, 0xFF, 0xDC, 0xEF, 0xF8, 0x00, 0x00, 0x00, 0x04, 0xBD, 0xFE, 0xEF, 0xB1,
  0x00, 0x00, 0x00, 0x00, 0x00, 0x03, 0xDF, 0xD3, 0x00, 0x00, 0x00, 0x00, 0x00, 0x01, 0xBF, 0x70, 0x00, 0x00, 0x00, 0x00,
  0x00, 0x00, 0x40, 0x00, 0x04, 0xFF, 0xFF, 0xFF, 0xDA, 0x30, 0x00, 0x04, 0xFF, 0xBB, 0xBC, 0xEF, 0xF5, 0x00, 0x04, 0xFD,
  0x00, 0x00, 0x1A, 0xFE, 0x10, 0x04, 0xFD, 0x00, 0x00, 0x01, 0xDF, 0x50, 0x04, 0xFD, 0x00, 0x00, 0x00, 0xBF, 0x70, 0x04,
  0xFD, 0x00, 0x00, 0x00, 0xBF, 0x70, 0x04, 0xFD, 0x00, 0x00, 0x02, 0xEF, 0x30, 0x04, 0xFD, 0x00, 0x02, 0x5D, 0xFA, 0x00,
  0x04, 0xFF, 0xFF, 0xFF, 0xFF, 0xA1, 0x00, 0x04, 0xFF, 0xBB, 0xBC, 0xFB, 0x00, 0x00, 0x04, 0xFD, 0x00, 0x02, 0xEF, 0x40,
  0x00, 0x04, 0xFD, 0x00, 0x00, 0x8F, 0xC0, 0x00, 0x04, 0xFD, 0x00, 0x00, 0x1E, 0xF5, 0x00, 0x04, 0xFD, 0x00, 0x00, 0x07,
  0xFD, 0x00, 0x04, 0xFD, 0x00, 0x00, 0x00, 0xDF, 0x70, 0x04, 0xFD, 0x00, 0x00, 0x00, 0x6F, 0xE1, 0x00, 0x04, 0xBE, 0xFE,
  0xC6, 0x00, 0x00, 0x08, 0xFF, 0xDC, 0xDF, 0xFB, 0x10, 0x04, 0xFF, 0x50, 0x00, 0x3C, 0xF9, 0x00, 0x9F, 0xA0, 0x00, 0x00,
  0x3F, 0xE1, 0x0A, 0xF9, 0x00, 0x00, 0x00, 0xBC, 0x20, 0x7F, 0xE2, 0x00, 0x00, 0x00, 0x00, 0x01, 0xDF, 0xE8, 0x30, 0x00,
  0x00, 0x00, 0x02, 0xAF, 0xFF, 0xD8, 0x20, 0x00, 0x00, 0x00, 0x39, 0xDF, 0xFE, 0x80, 0x00, 0x00, 0x00, 0x00, 0x4A, 0xFF,
  0x80, 0x00, 0x00, 0x00, 0x00, 0x06, 0xFE, 0x11, 0xCB, 0x00, 0x00, 0x00, 0x0E, 0xF3, 0x0E, 0xF4, 0x00, 0x00, 0x01, 0xFF,
  0x30, 0x8F, 0xD5, 0x00, 0x01, 0xAF, 0xD0, 0x00, 0x9F, 0xFD, 0xBC, 0xEF, 0xE3, 0x00, 0x00, 0x4A, 0xDF, 0xED, 0x92, 0x00,
  0x8F, 0xFF, 0xFF, 0xFF, 0xFF, 0xFF, 0xA6, 0xBB, 0xBB, 0xDF, 0xDB, 0xBB, 0xB7, 0x00, 0x00, 0x08, 0xFA, 0x00, 0x00, 0x00,
  0x00, 0x00, 0x8F, 0xA0, 0x00, 0x00, 0x00, 0x00, 0x08, 0xFA, 0x00, 0x00, 0x00, 0x00, 0x00, 0x8F, 0xA0, 0x00, 0x00, 0x00,
  0x00, 0x08, 0xFA, 0x00, 0x00, 0x00, 0x00, 0x00, 0x8F, 0xA0, 0x00, 0x00, 0x00, 0x00, 0x08, 0xFA, 0x00, 0x00, 0x00, 0x00,
  0x00, 0x8F, 0xA0, 0x00, 0x00, 0x00, 0x00, 0x08, 0xFA, 0x00, 0x00, 0x00, 0x00, 0x00, 0x8F, 0xA0, 0x00, 0x00, 0x00, 0x00,
  0x08, 0xFA, 0x00, 0x00, 0x00, 0x00, 0x00, 0x8F, 0xA0, 0x00, 0x00, 0x00, 0x00, 0x08, 0xFA, 0x00, 0x00, 0x00, 0x00, 0x00,
  0x8F, 0xA0, 0x00, 0x00, 0x08, 0xF9, 0x00, 0x00, 0x00, 0x5F, 0xD0, 0x08, 0xF9, 0x00, 0x00, 0x00, 0x5F, 0xD0, 0x08, 0xF9,
  0x00, 0x00, 0x00, 0x5F, 0xD0, 0x08, 0xF9, 0x00, 0x00, 0x00, 0x5F, 0xD0, 0x08, 0xF9, 0x00, 0x00, 0x00, 0x5F, 0xD0, 0x08,
  0xF9, 0x00, 0x00, 0x00, 0x5F, 0xD0, 0x08, 0xF9, 0x00, 0x00, 0x00, 0x5F, 0xD0, 0x08, 0xF9, 0x00, 0x00, 0x00, 0x5F, 0xD0,
  0x08, 0xF9, 0x00, 0x00, 0x00, 0x5F, 0xD0, 0x08, 0xF9, 0x00, 0x00, 0x00, 0x5F, 0xD0, 0x08, 0xF9, 0x00, 0x00, 0x00, 0x5F,
  0xD0, 0x07, 0xFB, 0x00, 0x00, 0x00, 0x6F, 0xC0, 0x04, 0xFE, 0x10, 0x00, 0x00, 0xBF, 0x90, 0x00, 0xCF, 0xB2, 0x00, 0x08,
  0xFE, 0x30, 0x00, 0x3D, 0xFE, 0xCC, 0xEF, 0xF6, 0x00, 0x00, 0x01, 0x8D, 0xEF, 0xDA, 0x30, 0x00, 0x9F, 0xB0, 0x00, 0x00,
  0x00, 0x0B, 0xF9, 0x3F, 0xF2, 0x00, 0x00, 0x00, 0x1F, 0xF3, 0x0C, 0xF7, 0x00, 0x00, 0x00, 0x7F, 0xD0, 0x07, 0xFB, 0x00,
  0x00, 0x00, 0xBF, 0x80, 0x02, 0xFF, 0x20, 0x00, 0x02, 0xFF, 0x20, 0x00, 0xBF, 0x70, 0x00, 0x07, 0xFB, 0x00, 0x00, 0x6F,
  0xC0, 0x00, 0x0C, 0xF6, 0x00, 0x00, 0x1E, 0xF2, 0x00, 0x2F, 0xE1, 0x00, 0x00, 0x0A, 0xF7, 0x00, 0x7F, 0xA0, 0x00, 0x00,
  0x05, 0xFC, 0x00, 0xCF, 0x50, 0x00, 0x00, 0x00, 0xEF, 0x22, 0xFE, 0x00, 0x00, 0x00, 0x00, 0x9F, 0x77, 0xF9, 0x00, 0x00,
  0x00, 0x00, 0x3F, 0xCC, 0xF4, 0x00, 0x00, 0x00, 0x00, 0x0D, 0xFF, 0xD0, 0x00, 0x00, 0x00, 0x00, 0x08, 0xFF, 0x80, 0x00,
  0x00, 0x00, 0x00, 0x02, 0xFF, 0x20, 0x00, 0x00, 0x4F, 0xD0, 0x00, 0x00, 0x2F, 0xE0, 0x00, 0x00, 0x3F, 0xE0, 0x1F, 0xF1,
  0x00, 0x00, 0x7F, 0xF3, 0x00, 0x00, 0x6F, 0xB0, 0x0C, 0xF5, 0x00, 0x00, 0xBF, 0xF7, 0x00, 0x00, 0xAF, 0x80, 0x09, 0xF8,
  0x00, 0x00, 0xED, 0xFB, 0x00, 0x00, 0xDF, 0x40, 0x05, 0xFC, 0x00, 0x04, 0xFA, 0xCE, 0x10, 0x01, 0xFE, 0x00, 0x01, 0xFE,
  0x00, 0x08, 0xF6, 0x9F, 0x50, 0x05, 0xFC, 0x00, 0x00, 0xDF, 0x30, 0x0C, 0xF1, 0x5F, 0x90, 0x08, 0xF8, 0x00, 0x00, 0x9F,
  0x70, 0x1F, 0xC0, 0x1E, 0xC0, 0x0B, 0xF5, 0x00, 0x00, 0x6F, 0xA0, 0x6F, 0x80, 0x0B, 0xF2, 0x0E, 0xF1, 0x00, 0x00, 0x2F,
  0xD0, 0xAF, 0x30, 0x07, 0xF6, 0x3F, 0xC0, 0x00, 0x00, 0x0D, 0xF2, 0xDE, 0x00, 0x03, 0xFA, 0x6F, 0x90, 0x00, 0x00, 0x0A,
  0xF7, 0xFA, 0x00, 0x00, 0xDD, 0x9F, 0x60, 0x00, 0x00, 0x07, 0xFC, 0xF6, 0x00, 0x00, 0xAF, 0xCF, 0x20, 0x00, 0x00, 0x03,
  0xFF, 0xF1, 0x00, 0x00, 0x6F, 0xFD, 0x00, 0x00, 0x00, 0x00, 0xEF, 0xC0, 0x00, 0x00, 0x1F, 0xFA, 0x00, 0x00, 0x00, 0x00,
  0xBF, 0x80, 0x00, 0x00, 0x0C, 0xF6, 0x00, 0x00, 0x1E, 0xF8, 0x00, 0x00, 0x00, 0xAF, 0xC0, 0x06, 0xFE, 0x20, 0x00, 0x05,
  0xFF, 0x30, 0x00, 0xBF, 0xB0, 0x00, 0x1D, 0xF9, 0x00, 0x00, 0x3E, 0xF5, 0x00, 0x8F, 0xD1, 0x00, 0x00, 0x08, 0xFD, 0x13,
  0xEF, 0x50, 0x00, 0x00, 0x00, 0xDF, 0x9B, 0xFB, 0x00, 0x00, 0x00, 0x00, 0x4F, 0xFF, 0xE2, 0x00, 0x00, 0x00, 0x00, 0x0A,
  0xFF, 0x70, 0x00, 0x00, 0x00, 0x00, 0x0B, 0xFF, 0x80, 0x00, 0x00, 0x00, 0x00, 0x5F, 0xFF, 0xF3, 0x00, 0x00, 0x00, 0x01,
  0xDF, 0x8A, 0xFC, 0x00, 0x00, 0x00, 0x09, 0xFD, 0x02, 0xEF, 0x70, 0x00, 0x00, 0x4F, 0xF4, 0x00, 0x7F, 0xE2, 0x00, 0x00,
  0xCF, 0xA0, 0x00, 0x0C, 0xFA, 0x00, 0x08, 0xFE, 0x20, 0x00, 0x03, 0xFF, 0x50, 0x2E, 0xF6, 0x00, 0x00, 0x00, 0x9F, 0xD1,
  0x9F, 0xC0, 0x00, 0x00, 0x00, 0xAF, 0xC0, 0x2E, 0xF5, 0x00, 0x00, 0x02, 0xFF, 0x40, 0x08, 0xFC, 0x00, 0x00, 0x0A, 0xFB,
  0x00, 0x01, 0xEF, 0x50, 0x00, 0x3F, 0xF3, 0x00, 0x00, 0x7F, 0xC0, 0x00, 0xAF, 0xA0, 0x00, 0x00, 0x1D, 0xF5, 0x03, 0xFE,
  0x20, 0x00, 0x00, 0x06, 0xFC, 0x0A, 0xF9, 0x00, 0x00, 0x00, 0x00, 0xDF, 0x8F, 0xE1, 0x00, 0x00, 0x00, 0x00, 0x5F, 0xFF,
  0x70, 0x00, 0x00, 0x00, 0x00, 0x0C, 0xFD, 0x10, 0x00, 0x00, 0x00, 0x00, 0x08, 0xFA, 0x00, 0x00, 0x00, 0x00, 0x00, 0x08,
  0xFA, 0x00, 0x00, 0x00, 0x00, 0x00, 0x08, 0xFA, 0x00, 0x00, 0x00, 0x00, 0x00, 0x08, 0xFA, 0x00, 0x00, 0x00, 0x00, 0x00,
  0x08, 0xFA, 0x00, 0x00, 0x00, 0x00, 0x00, 0x08, 0xFA, 0x00, 0x00, 0x00, 0x0E, 0xFF, 0xFF, 0xFF, 0xFF, 0xFF, 0x00, 0xBB,
  0xBB, 0xBB, 0xBB, 0xDF, 0xE0, 0x00, 0x00, 0x00, 0x00, 0x2E, 0xF5, 0x00, 0x00, 0x00, 0x00, 0x0B, 0xFA, 0x00, 0x00, 0x00,
  0x00, 0x07, 0xFE, 0x10, 0x00, 0x00, 0x00, 0x02, 0xEF, 0x50, 0x00, 0x00, 0x00, 0x00, 0xBF, 0xA0, 0x00, 0x00, 0x00, 0x00,
  0x7F, 0xE1, 0x00, 0x00, 0x00, 0x00, 0x3E, 0xF5, 0x00, 0x00, 0x00, 0x00, 0x0C, 0xFA, 0x00, 0x00, 0x00, 0x00, 0x07, 0xFD,
  0x10, 0x00, 0x00, 0x00, 0x03, 0xEF, 0x50, 0x00, 0x00, 0x00, 0x00, 0xCF, 0x90, 0x00, 0x00, 0x00, 0x00, 0x7F, 0xD1, 0x00,
  0x00, 0x00, 0x00, 0x1F, 0xFD, 0xBB, 0xBB, 0xBB, 0xBB, 0x42, 0xFF, 0xFF, 0xFF, 0xFF, 0xFF, 0xF6, 0x07, 0xFF, 0xFA, 0x07,
  0xFD, 0xA7, 0x07, 0xF9, 0x00, 0x07, 0xF9, 0x00, 0x07, 0xF9, 0x00, 0x07, 0xF9, 0x00, 0x07, 0xF9, 0x00, 0x07, 0xF9, 0x00,
  0x07, 0xF9, 0x00, 0x07, 0xF9, 0x00, 0x07, 0xF9, 0x00, 0x07, 0xF9, 0x00, 0x07, 0xF9, 0x00, 0x07, 0xF9, 0x00, 0x07, 0xF9,
  0x00, 0x07, 0xF9, 0x00, 0x07, 0xF9, 0x00, 0x07, 0xF9, 0x00, 0x07, 0xF9, 0x00, 0x07, 0xFD, 0xA7, 0x07, 0xFF, 0xFA, 0x6F,
  0x90, 0x00, 0x00, 0x01, 0xEE, 0x00, 0x00, 0x00, 0x0A, 0xF5, 0x00, 0x00, 0x00, 0x4F, 0xB0, 0x00, 0x00, 0x00, 0xDF, 0x20,
  0x00, 0x00, 0x08, 0xF7, 0x00, 0x00, 0x00, 0x2F, 0xD0, 0x00, 0x00, 0x00, 0xBF, 0x40, 0x00, 0x00, 0x05, 0xFA, 0x00, 0x00,
  0x00, 0x0E, 0xE1, 0x00, 0x00, 0x00, 0x9F, 0x60, 0x00, 0x00, 0x03, 0xFC, 0x00, 0x00, 0x00, 0x0C, 0xF3, 0x00, 0x00, 0x00,
  0x7F, 0x90, 0x00, 0x00, 0x01, 0xEE, 0x00, 0x00, 0x00, 0x0A, 0xF5, 0x00, 0x00, 0x00, 0x4F, 0xB0, 0xEF, 0xFF, 0x30, 0x9A,
  0xEF, 0x30, 0x00, 0xDF, 0x30, 0x00, 0xDF, 0x30, 0x00, 0xDF, 0x30, 0x00, 0xDF, 0x30, 0x00, 0xDF, 0x30, 0x00, 0xDF, 0x30,
  0x00, 0xDF, 0x30, 0x00, 0xDF, 0x30, 0x00, 0xDF, 0x30, 0x00, 0xDF, 0x30, 0x00, 0xDF, 0x30, 0x00, 0xDF, 0x30, 0x00, 0xDF,
  0x30, 0x00, 0xDF, 0x30, 0x00, 0xDF, 0x30, 0x00, 0xDF, 0x30, 0x00, 0xDF, 0x30, 0x9A, 0xEF, 0x30, 0xEF, 0xFF, 0x30, 0x00,
  0x05, 0xF8, 0x00, 0x00, 0x00, 0xBF, 0xD0, 0x00, 0x00, 0x2F, 0xEF, 0x50, 0x00, 0x08, 0xF6, 0xFB, 0x00, 0x00, 0xED, 0x0B,
  0xF2, 0x00, 0x6F, 0x80, 0x6F, 0x80, 0x0B, 0xF2, 0x01, 0xED, 0x02, 0xFB, 0x00, 0x09, 0xF5, 0x00, 0x00, 0x00, 0x00, 0x00,
  0x00, 0x00, 0x00, 0x00, 0x00, 0x00, 0x00, 0x00, 0x00, 0x00, 0x00, 0x00, 0x00, 0x00, 0x00, 0x00, 0x00, 0x00, 0x00, 0x00,
  0x00, 0x00, 0x00, 0x00, 0x00, 0x00, 0x00, 0x00, 0x00, 0x00, 0x00, 0xEF, 0xFF, 0xFF, 0xFF, 0xFE, 0xAA, 0xAA, 0xAA, 0xAA,
  0xA9, 0x2D, 0xF7, 0x00, 0x00, 0x2E, 0xF5, 0x00, 0x00, 0x3D, 0xA0, 0x00, 0x00, 0x00, 0x00, 0x00, 0x00, 0x00, 0x00, 0x00,
  0x00, 0x00, 0x00, 0x00, 0x00, 0x00, 0x00, 0x00, 0x00, 0x00, 0x00, 0x00, 0x00, 0x00, 0x00, 0x00, 0x00, 0x00, 0x00, 0x00,
  0x00, 0x00, 0x00, 0x00, 0x00, 0x00, 0x00, 0x00, 0x00, 0x00, 0x00, 0x00, 0x00, 0x00, 0x00, 0x00, 0x00, 0x00, 0x06, 0xCE,
  0xFD, 0x70, 0x00, 0x00, 0xAF, 0xEB, 0xBE, 0xF9, 0x00, 0x06, 0xFD, 0x10, 0x03, 0xFF, 0x30, 0x06, 0xA5, 0x00, 0x00, 0xBF,
  0x60, 0x00, 0x00, 0x00, 0x00, 0xAF, 0x60, 0x00, 0x28, 0xCE, 0xFF, 0xFF, 0x60, 0x02, 0xEF, 0xC9, 0x77, 0xCF, 0x60, 0x0A,
  0xF8, 0x00, 0x00, 0xAF, 0x60, 0x0C, 0xF4, 0x00, 0x00, 0xBF, 0x60, 0x0B, 0xFA, 0x00, 0x17, 0xFF, 0x70, 0x04, 0xFF, 0xEC,
  0xEF, 0xDF, 0x80, 0x00, 0x4B, 0xEE, 0xC5, 0x7F, 0xB0, 0x08, 0xF8, 0x00, 0x00, 0x00, 0x00, 0x08, 0xF8, 0x00, 0x00, 0x00,
  0x00, 0x08, 0xF8, 0x00, 0x00, 0x00, 0x00, 0x08, 0xF8, 0x00, 0x00, 0x00, 0x00, 0x08, 0xF8, 0x00, 0x00, 0x00, 0x00, 0x08,
  0xF8, 0x6D, 0xFE, 0xA2, 0x00, 0x08, 0xFD, 0xFD, 0xBE, 0xFE, 0x20, 0x08, 0xFF, 0x50, 0x01, 0xBF, 0xA0, 0x08, 0xF9, 0x00,
  0x00, 0x3F, 0xF1, 0x08, 0xF8, 0x00, 0x00, 0x0C, 0xF4, 0x08, 0xF8, 0x00, 0x00, 0x0B, 0xF6, 0x08, 0xF8, 0x00, 0x00, 0x0B,
  0xF6, 0x08, 0xF8, 0x00, 0x00, 0x0C, 0xF4, 0x08, 0xF9, 0x00, 0x00, 0x2F, 0xF1, 0x08, 0xFF, 0x50, 0x01, 0xBF, 0xA0, 0x08,
  0xFD, 0xFD, 0xBE, 0xFE, 0x20, 0x08, 0xF6, 0x6C, 0xFE, 0xA2, 0x00, 0x00, 0x05, 0xBE, 0xFD, 0x70, 0x00, 0x00, 0x8F, 0xFB,
  0xBE, 0xFB, 0x00, 0x04, 0xFE, 0x30, 0x02, 0xDF, 0x60, 0x0A, 0xF7, 0x00, 0x00, 0x5F, 0xB0, 0x0E, 0xF3, 0x00, 0x00, 0x14,
  0x30, 0x0F, 0xF1, 0x00, 0x00, 0x00, 0x00, 0x0F, 0xF0, 0x00, 0x00, 0x00, 0x00, 0x0E, 0xF2, 0x00, 0x00, 0x00, 0x00, 0x0B,
  0xF7, 0x00, 0x00, 0x4D, 0xA0, 0x04, 0xFE, 0x30, 0x01, 0xCF, 0x60, 0x00, 0x8F, 0xFB, 0xBE, 0xFA, 0x00, 0x00, 0x05, 0xCE,
  0xEC, 0x70, 0x00, 0x00, 0x00, 0x00, 0x00, 0x3F, 0xD0, 0x00, 0x00, 0x00, 0x00, 0x3F, 0xD0, 0x00, 0x00, 0x00, 0x00, 0x3F,
  0xD0, 0x00, 0x00, 0x00, 0x00, 0x3F, 0xD0, 0x00, 0x00, 0x00, 0x00, 0x3F, 0xD0, 0x00, 0x07, 0xDF, 0xEA, 0x4F, 0xD0, 0x00,
  0x9F, 0xFC, 0xCE, 0xEF, 0xD0, 0x05, 0xFE, 0x40, 0x02, 0xCF, 0xD0, 0x0A, 0xF8, 0x00, 0x00, 0x4F, 0xD0, 0x0D, 0xF3, 0x00,
  0x00, 0x3F, 0xD0, 0x0E, 0xF1, 0x00, 0x00, 0x3F, 0xD0, 0x0E, 0xF1, 0x00, 0x00, 0x3F, 0xD0, 0x0D, 0xF3, 0x00, 0x00, 0x3F,
  0xD0, 0x0A, 0xF8, 0x00, 0x00, 0x4F, 0xD0, 0x04, 0xFE, 0x40, 0x02, 0xCF, 0xD0, 0x00, 0x9F, 0xFC, 0xCE, 0xEF, 0xD0, 0x00,
  0x07, 0xDF, 0xEA, 0x2F, 0xD0, 0x00, 0x04, 0xBE, 0xFC, 0x70, 0x00, 0x00, 0x6F, 0xFC, 0xBE, 0xF9, 0x00, 0x03, 0xEE, 0x40,
  0x03, 0xEF, 0x40, 0x09, 0xF8, 0x00, 0x00, 0x7F, 0x90, 0x0D, 0xF3, 0x00, 0x00, 0x4F, 0xC0, 0x0E, 0xFF, 0xFF, 0xFF, 0xFF,
  0xD0, 0x0F, 0xFA, 0xAA, 0xAA, 0xAA, 0x90, 0x0E, 0xF3, 0x00, 0x00, 0x00, 0x00, 0x0A, 0xF8, 0x00, 0x00, 0x01, 0x00, 0x04,
  0xFE, 0x50, 0x00, 0x5E, 0x60, 0x00, 0x7F, 0xFC, 0xAC, 0xFE, 0x30, 0x00, 0x05, 0xBE, 0xFD, 0x92, 0x00, 0x00, 0x02, 0xAD,
  0xE9, 0x00, 0x0D, 0xFE, 0xC8, 0x00, 0x5F, 0xD1, 0x00, 0x00, 0x8F, 0x90, 0x00, 0x00, 0x9F, 0x80, 0x00, 0x6F, 0xFF, 0xFF,
  0xE0, 0x49, 0xCF, 0xC9, 0x80, 0x00, 0x9F, 0x80, 0x00, 0x00, 0x9F, 0x80, 0x00, 0x00, 0x9F, 0x80, 0x00, 0x00, 0x9F, 0x80,
  0x00, 0x00, 0x9F, 0x80, 0x00, 0x00, 0x9F, 0x80, 0x00, 0x00, 0x9F, 0x80, 0x00, 0x00, 0x9F, 0x80, 0x00, 0x00, 0x9F, 0x80,
  0x00, 0x00, 0x9F, 0x80, 0x00, 0x00, 0x07, 0xDF, 0xEA, 0x2F, 0xD0, 0x00, 0xAF, 0xFC, 0xCE, 0xDF, 0xD0, 0x05, 0xFE, 0x40,
  0x02, 0xCF, 0xD0, 0x0A, 0xF8, 0x00, 0x00, 0x4F, 0xD0, 0x0D, 0xF4, 0x00, 0x00, 0x3F, 0xD0, 0x0E, 0xF1, 0x00, 0x00, 0x3F,
  0xD0, 0x0E, 0xF2, 0x00, 0x00, 0x3F, 0xD0, 0x0D, 0xF4, 0x00, 0x00, 0x3F, 0xD0, 0x0A, 0xF8, 0x00, 0x00, 0x4F, 0xD0, 0x04,
  0xFE, 0x40, 0x02, 0xCF, 0xD0, 0x00, 0x9F, 0xFC, 0xCE, 0xEF, 0xD0, 0x00, 0x07, 0xDF, 0xEA, 0x5F, 0xD0, 0x00, 0x00, 0x00,
  0x00, 0x6F, 0xB0, 0x01, 0xB5, 0x00, 0x02, 0xDF, 0x60, 0x02, 0xEF, 0xDA, 0xBE, 0xFB, 0x00, 0x00, 0x18, 0xDE, 0xEC, 0x70,
  0x00, 0x08, 0xF8, 0x00, 0x00, 0x00, 0x00, 0x08, 0xF8, 0x00, 0x00, 0x00, 0x00, 0x08, 0xF8, 0x00, 0x00, 0x00, 0x00, 0x08,
  0xF8, 0x00, 0x00, 0x00, 0x00, 0x08, 0xF8, 0x00, 0x00, 0x00, 0x00, 0x08, 0xF8, 0x5C, 0xEE, 0xB3, 0x00, 0x08, 0xFC, 0xFD,
  0xBE, 0xFE, 0x20, 0x08, 0xFF, 0x60, 0x01, 0xDF, 0x70, 0x08, 0xFA, 0x00, 0x00, 0x7F, 0xA0, 0x08, 0xF8, 0x00, 0x00, 0x6F,
  0xA0, 0x08, 0xF8, 0x00, 0x00, 0x6F, 0xA0, 0x08, 0xF8, 0x00, 0x00, 0x6F, 0xA0, 0x08, 0xF8, 0x00, 0x00, 0x6F, 0xA0, 0x08,
  0xF8, 0x00, 0x00, 0x6F, 0xA0, 0x08, 0xF8, 0x00, 0x00, 0x6F, 0xA0, 0x08, 0xF8, 0x00, 0x00, 0x6F, 0xA0, 0x08, 0xF8, 0x00,
  0x00, 0x6F, 0xA0, 0x00, 0x42, 0x00, 0x7F, 0xC0, 0x05, 0xEA, 0x00, 0x00, 0x00, 0x00, 0x00, 0x00, 0x6F, 0xB0, 0x06, 0xFB,
  0x00, 0x6F, 0xB0, 0x06, 0xFB, 0x00, 0x6F, 0xB0, 0x06, 0xFB, 0x00, 0x6F, 0xB0, 0x06, 0xFB, 0x00, 0x6F, 0xB0, 0x06, 0xFB,
  0x00, 0x6F, 0xB0, 0x06, 0xFB, 0x00, 0x00, 0x14, 0x10, 0x00, 0x9F, 0xA0, 0x00, 0x7F, 0x80, 0x00, 0x00, 0x00, 0x00, 0x00,
  0x00, 0x00, 0x7F, 0x90, 0x00, 0x7F, 0x90, 0x00, 0x7F, 0x90, 0x00, 0x7F, 0x90, 0x00, 0x7F, 0x90, 0x00, 0x7F, 0x90, 0x00,
  0x7F, 0x90, 0x00, 0x7F, 0x90, 0x00, 0x7F, 0x90, 0x00, 0x7F, 0x90, 0x00, 0x7F, 0x90, 0x00, 0x7F, 0x90, 0x00, 0x8F, 0x90,
  0x00, 0xAF, 0x80, 0x9C, 0xFF, 0x30, 0xAF, 0xD6, 0x00, 0x08, 0xF8, 0x00, 0x00, 0x00, 0x00, 0x08, 0xF8, 0x00, 0x00, 0x00,
  0x00, 0x08, 0xF8, 0x00, 0x00, 0x00, 0x00, 0x08, 0xF8, 0x00, 0x00, 0x00, 0x00, 0x08, 0xF8, 0x00, 0x00, 0x00, 0x00, 0x08,
  0xF8, 0x00, 0x05, 0xFE, 0x40, 0x08, 0xF8, 0x00, 0x4E, 0xF5, 0x00, 0x08, 0xF8, 0x03, 0xEF, 0x60, 0x00, 0x08, 0xF8, 0x3E,
  0xF8, 0x00, 0x00, 0x08, 0xF9, 0xDF, 0x90, 0x00, 0x00, 0x08, 0xFF, 0xFF, 0x70, 0x00, 0x00, 0x08, 0xFF, 0xCF, 0xF3, 0x00,
  0x00, 0x08, 0xFC, 0x18, 0xFD, 0x10, 0x00, 0x08, 0xF8, 0x00, 0xCF, 0xA0, 0x00, 0x08, 0xF8, 0x00, 0x2E, 0xF6, 0x00, 0x08,
  0xF8, 0x00, 0x05, 0xFE, 0x20, 0x08, 0xF8, 0x00, 0x00, 0x9F, 0xC0, 0x06, 0xFB, 0x00, 0x6F, 0xB0, 0x06, 0xFB, 0x00, 0x6F,
  0xB0, 0x06, 0xFB, 0x00, 0x6F, 0xB0, 0x06, 0xFB, 0x00, 0x6F, 0xB0, 0x06, 0xFB, 0x00, 0x6F, 0xB0, 0x06, 0xFB, 0x00, 0x6F,
  0xB0, 0x06, 0xFB, 0x00, 0x6F, 0xB0, 0x06, 0xFB, 0x00, 0x6F, 0xB0, 0x06, 0xFB, 0x00, 0x08, 0xF7, 0x6C, 0xFE, 0xB3, 0x06,
  0xCE, 0xEC, 0x40, 0x00, 0x8F, 0xDF, 0xCC, 0xEF, 0xD8, 0xFD, 0xBE, 0xFF, 0x30, 0x08, 0xFE, 0x40, 0x02, 0xDF, 0xF7, 0x00,
  0x1B, 0xF9, 0x00, 0x8F, 0x90, 0x00, 0x08, 0xFD, 0x00, 0x00, 0x5F, 0xC0, 0x08, 0xF8, 0x00, 0x00, 0x6F, 0xA0, 0x00, 0x04,
  0xFC, 0x00, 0x8F, 0x80, 0x00, 0x06, 0xFA, 0x00, 0x00, 0x4F, 0xC0, 0x08, 0xF8, 0x00, 0x00, 0x6F, 0xA0, 0x00, 0x04, 0xFC,
  0x00, 0x8F, 0x80, 0x00, 0x06, 0xFA, 0x00, 0x00, 0x4F, 0xC0, 0x08, 0xF8, 0x00, 0x00, 0x6F, 0xA0, 0x00, 0x04, 0xFC, 0x00,
  0x8F, 0x80, 0x00, 0x06, 0xFA, 0x00, 0x00, 0x4F, 0xC0, 0x08, 0xF8, 0x00, 0x00, 0x6F, 0xA0, 0x00, 0x04, 0xFC, 0x00, 0x8F,
  0x80, 0x00, 0x06, 0xFA, 0x00, 0x00, 0x4F, 0xC0, 0x08, 0xF7, 0x5C, 0xEE, 0xB3, 0x00, 0x08, 0xFC, 0xFD, 0xBE, 0xFE, 0x20,
  0x08, 0xFF, 0x60, 0x01, 0xDF, 0x70, 0x08, 0xFA, 0x00, 0x00, 0x7F, 0xA0, 0x08, 0xF8, 0x00, 0x00, 0x6F, 0xA0, 0x08, 0xF8,
  0x00, 0x00, 0x6F, 0xA0, 0x08, 0xF8, 0x00, 0x00, 0x6F, 0xA0, 0x08, 0xF8, 0x00, 0x00, 0x6F, 0xA0, 0x08, 0xF8, 0x00, 0x00,
  0x6F, 0xA0, 0x08, 0xF8, 0x00, 0x00, 0x6F, 0xA0, 0x08, 0xF8, 0x00, 0x00, 0x6F, 0xA0, 0x08, 0xF8, 0x00, 0x00, 0x6F, 0xA0,
  0x00, 0x04, 0xBE, 0xFD, 0x81, 0x00, 0x00, 0x06, 0xFF, 0xCB, 0xEF, 0xD2, 0x00, 0x03, 0xFE, 0x50, 0x01, 0xBF, 0xB0, 0x00,
  0x9F, 0x90, 0x00, 0x01, 0xEF, 0x30, 0x0D, 0xF3, 0x00, 0x00, 0x0A, 0xF7, 0x00, 0xFF, 0x10, 0x00, 0x00, 0x8F, 0x90, 0x0F,
  0xF1, 0x00, 0x00, 0x08, 0xF9, 0x00, 0xDF, 0x30, 0x00, 0x00, 0xAF, 0x70, 0x0A, 0xF8, 0x00, 0x00, 0x1E, 0xF3, 0x00, 0x3F,
  0xE4, 0x00, 0x0A, 0xFB, 0x00, 0x00, 0x7F, 0xFC, 0xAD, 0xFD, 0x20, 0x00, 0x00, 0x4B, 0xEF, 0xD8, 0x10, 0x00, 0x08, 0xF6,
  0x7D, 0xFE, 0xA2, 0x00, 0x08, 0xFD, 0xFC, 0xBE, 0xFE, 0x20, 0x08, 0xFE, 0x40, 0x02, 0xCF, 0xA0, 0x08, 0xF9, 0x00, 0x00,
  0x4F, 0xF1, 0x08, 0xF8, 0x00, 0x00, 0x0D, 0xF4, 0x08, 0xF8, 0x00, 0x00, 0x0B, 0xF5, 0x08, 0xF8, 0x00, 0x00, 0x0B, 0xF5,
  0x08, 0xF8, 0x00, 0x00, 0x0D, 0xF4, 0x08, 0xF8, 0x00, 0x00, 0x3F, 0xF1, 0x08, 0xFE, 0x30, 0x01, 0xCF, 0xA0, 0x08, 0xFE,
  0xFB, 0xBE, 0xFE, 0x20, 0x08, 0xF8, 0x7D, 0xFE, 0xA2, 0x00, 0x08, 0xF8, 0x00, 0x00, 0x00, 0x00, 0x08, 0xF8, 0x00, 0x00,
  0x00, 0x00, 0x08, 0xF8, 0x00, 0x00, 0x00, 0x00, 0x08, 0xF8, 0x00, 0x00, 0x00, 0x00, 0x00, 0x07, 0xDF, 0xEA, 0x3F, 0xD0,
  0x00, 0x0A, 0xFF, 0xCB, 0xEE, 0xFD, 0x00, 0x05, 0xFE, 0x40, 0x01, 0xBF, 0xD0, 0x00, 0xBF, 0x80, 0x00, 0x04, 0xFD, 0x00,
  0x0D, 0xF3, 0x00, 0x00, 0x3F, 0xD0, 0x00, 0xEF, 0x10, 0x00, 0x03, 0xFD, 0x00, 0x0E, 0xF1, 0x00, 0x00, 0x3F, 0xD0, 0x00,
  0xDF, 0x30, 0x00, 0x03, 0xFD, 0x00, 0x0A, 0xF8, 0x00, 0x00, 0x4F, 0xD0, 0x00, 0x5F, 0xE3, 0x00, 0x1B, 0xFD, 0x00, 0x00,
  0xAF, 0xFB, 0xBE, 0xEF, 0xD0, 0x00, 0x00, 0x7D, 0xFE, 0xA5, 0xFD, 0x00, 0x00, 0x00, 0x00, 0x00, 0x3F, 0xD0, 0x00, 0x00,
  0x00, 0x00, 0x03, 0xFD, 0x00, 0x00, 0x00, 0x00, 0x00, 0x3F, 0xD0, 0x00, 0x00, 0x00, 0x00, 0x03, 0xFD, 0x00, 0x08, 0xF8,
  0x8E, 0xF2, 0x08, 0xFD, 0xFF, 0xE3, 0x08, 0xFF, 0x71, 0x00, 0x08, 0xFA, 0x00, 0x00, 0x08, 0xF8, 0x00, 0x00, 0x08, 0xF8,
  0x00, 0x00, 0x08, 0xF8, 0x00, 0x00, 0x08, 0xF8, 0x00, 0x00, 0x08, 0xF8, 0x00, 0x00, 0x08, 0xF8, 0x00, 0x00, 0x08, 0xF8,
  0x00, 0x00, 0x08, 0xF8, 0x00, 0x00, 0x00, 0x18, 0xDE, 0xEB, 0x50, 0x00, 0x1D, 0xFD, 0xBC, 0xFF, 0x60, 0x07, 0xFB, 0x00,
  0x06, 0xFE, 0x10, 0x9F, 0x80, 0x00, 0x09, 0xA2, 0x06, 0xFE, 0x61, 0x00, 0x00, 0x00, 0x08, 0xFF, 0xFC, 0x82, 0x00, 0x00,
  0x02, 0x7B, 0xEF, 0xE6, 0x00, 0x00, 0x00, 0x01, 0x7F, 0xF2, 0x0C, 0xC2, 0x00, 0x00, 0xCF, 0x40, 0xBF, 0xA0, 0x00, 0x3E,
  0xF2, 0x03, 0xEF, 0xDB, 0xBF, 0xF9, 0x00, 0x02, 0x9D, 0xFE, 0xC6, 0x00, 0x00, 0xCF, 0x40, 0x00, 0x0C, 0xF4, 0x00, 0x00,
  0xCF, 0x40, 0x0E, 0xFF, 0xFF, 0xF7, 0x89, 0xEF, 0xA9, 0x40, 0x0C, 0xF4, 0x00, 0x00, 0xCF, 0x40, 0x00, 0x0C, 0xF4, 0x00,
  0x00, 0xCF, 0x40, 0x00, 0x0C, 0xF4, 0x00, 0x00, 0xCF, 0x40, 0x00, 0x0C, 0xF4, 0x00, 0x00, 0xBF, 0x60, 0x00, 0x08, 0xFE,
  0xC6, 0x00, 0x1A, 0xEE, 0x60, 0x09, 0xF8, 0x00, 0x00, 0x7F, 0xA0, 0x09, 0xF8, 0x00, 0x00, 0x7F, 0xA0, 0x09, 0xF8, 0x00,
  0x00, 0x7F, 0xA0, 0x09, 0xF8, 0x00, 0x00, 0x7F, 0xA0, 0x09, 0xF8, 0x00, 0x00, 0x7F, 0xA0, 0x09, 0xF8, 0x00, 0x00, 0x7F,
  0xA0, 0x09, 0xF8, 0x00, 0x00, 0x7F, 0xA0, 0x09, 0xF8, 0x00, 0x00, 0x7F, 0xA0, 0x08, 0xF9, 0x00, 0x00, 0x7F, 0xA0, 0x05,
  0xFE, 0x20, 0x03, 0xEF, 0xA0, 0x00, 0xDF, 0xEB, 0xCF, 0xEF, 0xA0, 0x00, 0x2A, 0xEF, 0xD8, 0x6F, 0xA0, 0x8F, 0x90, 0x00,
  0x00, 0xEF, 0x23, 0xFD, 0x00, 0x00, 0x5F, 0xB0, 0x0C, 0xF4, 0x00, 0x09, 0xF7, 0x00, 0x7F, 0x90, 0x00, 0xDF, 0x10, 0x02,
  0xFD, 0x00, 0x4F, 0xB0, 0x00, 0x0B, 0xF3, 0x08, 0xF6, 0x00, 0x00, 0x6F, 0x80, 0xDE, 0x10, 0x00, 0x01, 0xFC, 0x3F, 0xA0,
  0x00, 0x00, 0x0B, 0xF9, 0xF5, 0x00, 0x00, 0x00, 0x6F, 0xFE, 0x10, 0x00, 0x00, 0x01, 0xEF, 0xA0, 0x00, 0x00, 0x00, 0x0A,
  0xF5, 0x00, 0x00, 0x7F, 0x90, 0x00, 0x0B, 0xF3, 0x00, 0x02, 0xFD, 0x02, 0xFD, 0x00, 0x01, 0xFF, 0x80, 0x00, 0x6F, 0xA0,
  0x0D, 0xF2, 0x00, 0x6F, 0xFC, 0x00, 0x09, 0xF6, 0x00, 0x9F, 0x60, 0x0A, 0xFB, 0xF2, 0x00, 0xDF, 0x10, 0x05, 0xFA, 0x00,
  0xEB, 0x5F, 0x70, 0x2F, 0xC0, 0x00, 0x1F, 0xD0, 0x4F, 0x71, 0xEB, 0x06, 0xF8, 0x00, 0x00, 0xBF, 0x29, 0xF2, 0x0B, 0xE1,
  0x9F, 0x40, 0x00, 0x07, 0xF6, 0xDD, 0x00, 0x7F, 0x5C, 0xE0, 0x00, 0x00, 0x3F, 0xCF, 0x80, 0x02, 0xFA, 0xFA, 0x00, 0x00,
  0x00, 0xDF, 0xF4, 0x00, 0x0C, 0xFF, 0x60, 0x00, 0x00, 0x0A, 0xFE, 0x00, 0x00, 0x8F, 0xF2, 0x00, 0x00, 0x00, 0x6F, 0xA0,
  0x00, 0x03, 0xFC, 0x00, 0x00, 0x3F, 0xF3, 0x00, 0x06, 0xFE, 0x20, 0x8F, 0xC0, 0x01, 0xDF, 0x60, 0x01, 0xDF, 0x60, 0x8F,
  0xB0, 0x00, 0x04, 0xFD, 0x3E, 0xE2, 0x00, 0x00, 0x09, 0xFE, 0xF7, 0x00, 0x00, 0x00, 0x1D, 0xFC, 0x00, 0x00, 0x00, 0x02,
  0xEF, 0xD1, 0x00, 0x00, 0x00, 0xAF, 0xDF, 0x80, 0x00, 0x00, 0x5F, 0xD2, 0xEF, 0x30, 0x00, 0x1E, 0xF5, 0x07, 0xFC, 0x00,
  0x0A, 0xFA, 0x00, 0x0C, 0xF8, 0x05, 0xFE, 0x20, 0x00, 0x4F, 0xE3, 0xAF, 0x90, 0x00, 0x03, 0xFE, 0x14, 0xFE, 0x00, 0x00,
  0x8F, 0xA0, 0x0D, 0xF5, 0x00, 0x0C, 0xF5, 0x00, 0x8F, 0xA0, 0x02, 0xFE, 0x00, 0x03, 0xFE, 0x00, 0x7F, 0x90, 0x00, 0x0C,
  0xF5, 0x0B, 0xF4, 0x00, 0x00, 0x7F, 0xA1, 0xFD, 0x00, 0x00, 0x01, 0xFE, 0x7F, 0x80, 0x00, 0x00, 0x0A, 0xFE, 0xF3, 0x00,
  0x00, 0x00, 0x5F, 0xFC, 0x00, 0x00, 0x00, 0x00, 0xEF, 0x70, 0x00, 0x00, 0x00, 0x0B, 0xF2, 0x00, 0x00, 0x00, 0x02, 0xFB,
  0x00, 0x00, 0x00, 0x00, 0xAF, 0x50, 0x00, 0x00, 0x2C, 0xEF, 0xB0, 0x00, 0x00, 0x02, 0xEE, 0xA1, 0x00, 0x00, 0x00, 0x0E,
  0xFF, 0xFF, 0xFF, 0xFD, 0x00, 0xAA, 0xAA, 0xAA, 0xEF, 0xB0, 0x00, 0x00, 0x00, 0x5F, 0xE2, 0x00, 0x00, 0x00, 0x2E, 0xF6,
  0x00, 0x00, 0x00, 0x0B, 0xFA, 0x00, 0x00, 0x00, 0x07, 0xFD, 0x10, 0x00, 0x00, 0x03, 0xFF, 0x40, 0x00, 0x00, 0x01, 0xDF,
  0x80, 0x00, 0x00, 0x00, 0xAF, 0xB0, 0x00, 0x00, 0x00, 0x5F, 0xE2, 0x00, 0x00, 0x00, 0x1E, 0xFD, 0xAA, 0xAA, 0xAA, 0x21,
  0xFF, 0xFF, 0xFF, 0xFF, 0xF3, 0x00, 0x00, 0x07, 0xC1, 0x00, 0x01, 0xBF, 0xA1, 0x00, 0x07, 0xFA, 0x00, 0x00, 0x0D, 0xF3,
  0x00, 0x00, 0x0E, 0xF1, 0x00, 0x00, 0x1F, 0xE0, 0x00, 0x00, 0x1F, 0xE0, 0x00, 0x00, 0x1F, 0xE0, 0x00, 0x00, 0x4F, 0xC0,
  0x00, 0x03, 0xCF, 0x70, 0x00, 0x6F, 0xFA, 0x00, 0x00, 0x4B, 0xFE, 0x30, 0x00, 0x00, 0x8F, 0xA0, 0x00, 0x00, 0x2F, 0xE0,
  0x00, 0x00, 0x1F, 0xE0, 0x00, 0x00, 0x1F, 0xE0, 0x00, 0x00, 0x0F, 0xF0, 0x00, 0x00, 0x0D, 0xF3, 0x00, 0x00, 0x08, 0xF9,
  0x00, 0x00, 0x01, 0xCF, 0x91, 0x00, 0x00, 0x18, 0xD1, 0x03, 0xF8, 0x00, 0x3F, 0x80, 0x03, 0xF8, 0x00, 0x3F, 0x80, 0x03,
  0xF8, 0x00, 0x3F, 0x80, 0x03, 0xF8, 0x00, 0x3F, 0x80, 0x03, 0xF8, 0x00, 0x3F, 0x80, 0x03, 0xF8, 0x00, 0x3F, 0x80, 0x03,
  0xF8, 0x00, 0x3F, 0x80, 0x03, 0xF8, 0x00, 0x3F, 0x80, 0x03, 0xF8, 0x00, 0x3F, 0x80, 0x03, 0xF8, 0x00, 0x8A, 0x30, 0x00,
  0x06, 0xEE, 0x40, 0x00, 0x04, 0xFD, 0x00, 0x00, 0x0C, 0xF4, 0x00, 0x00, 0xAF, 0x60, 0x00, 0x09, 0xF8, 0x00, 0x00, 0x9F,
  0x80, 0x00, 0x09, 0xF8, 0x00, 0x00, 0x7F, 0xA0, 0x00, 0x02, 0xEF, 0x61, 0x00, 0x04, 0xEF, 0xB0, 0x00, 0x9F, 0xD8, 0x00,
  0x5F, 0xD1, 0x00, 0x08, 0xF9, 0x00, 0x00, 0x9F, 0x80, 0x00, 0x09, 0xF8, 0x00, 0x00, 0x9F, 0x70, 0x00, 0x0B, 0xF5, 0x00,
  0x03, 0xFD, 0x10, 0x05, 0xEE, 0x50, 0x00, 0x9A, 0x30, 0x00, 0x00, 0x00, 0x2A, 0xEE, 0x91, 0x00, 0x02, 0xC6, 0x00, 0x0C,
  0xFD, 0xEF, 0xC1, 0x00, 0x5F, 0x70, 0x05, 0xFA, 0x01, 0xAF, 0xC3, 0x2C, 0xE2, 0x00, 0x8F, 0x40, 0x00, 0x9F, 0xFF, 0xF8,
  0x00, 0x04, 0x61, 0x00, 0x00, 0x6B, 0xB6, 0x00, 0x00, 0x00, 0x00, 0x00, 0x00, 0x00, 0x00, 0x00, 0x00, 0x00, 0x00, 0x00,
  0x00, 0x00, 0x00, 0x00, 0x00, 0x00, 0x00, 0x00, 0x00, 0x00, 0x00, 0x00, 0x00, 0x00, 0x00, 0x00, 0x00, 0x00, 0x00, 0x0E,
  0xFF, 0xFF, 0xFF, 0xB0, 0x0C, 0x50, 0x00, 0x08, 0xA0, 0x09, 0x80, 0x00, 0x27, 0xA0, 0x09, 0x64, 0x00, 0x82, 0xA0, 0x09,
  0x19, 0x01, 0x90, 0xA0, 0x09, 0x08, 0x27, 0x40, 0xA0, 0x09, 0x02, 0x8A, 0x00, 0xA0, 0x09, 0x00, 0xA6, 0x00, 0xA0, 0x09,
  0x00, 0xA6, 0x00, 0xA0, 0x09, 0x02, 0x8A, 0x00, 0xA0, 0x09, 0x08, 0x27, 0x40, 0xA0, 0x09, 0x19, 0x01, 0x90, 0xA0, 0x09,
  0x64, 0x00, 0x81, 0xA0, 0x09, 0x80, 0x00, 0x27, 0xA0, 0x0C, 0x50, 0x00, 0x08, 0xA0, 0x0E, 0xFF, 0xFF, 0xFF, 0xB0, 0x9F,
  0xFF, 0xFF, 0xFF, 0xFF, 0xFF, 0xA0, 0x00, 0x7B, 0xBB, 0xCF, 0xFB, 0xBB, 0xBB, 0x70, 0x00, 0x00, 0x00, 0x2F, 0xF0, 0x00,
  0x00, 0x00, 0x00, 0x00, 0x00, 0x2F, 0xF0, 0x00, 0x00, 0x00, 0x00, 0x00, 0x00, 0x2F, 0xF0, 0x00, 0x00, 0x00, 0x00, 0x00,
  0x00, 0x2F, 0xF0, 0x00, 0x00, 0x00, 0x00, 0x00, 0x00, 0x2F, 0xFA, 0xDE, 0xFD, 0xA3, 0x00, 0x00, 0x00, 0x2F, 0xFF, 0xED,
  0xDF, 0xFF, 0x60, 0x00, 0x00, 0x2F, 0xF3, 0x00, 0x01, 0x9F, 0xE2, 0x00, 0x00, 0x2F, 0xF0, 0x00, 0x00, 0x0C, 0xF7, 0x00,
  0x00, 0x2F, 0xF0, 0x00, 0x00, 0x08, 0xFA, 0x00, 0x00, 0x2F, 0xF0, 0x00, 0x00, 0x08, 0xFA, 0x00, 0x00, 0x2F, 0xF0, 0x00,
  0x00, 0x0B, 0xF8, 0x00, 0x00, 0x2F, 0xF0, 0x00, 0x00, 0x5F, 0xF3, 0x00, 0x00, 0x2F, 0xF0, 0x00, 0x8C, 0xFF, 0x80, 0x00,
  0x00, 0x19, 0x90, 0x00, 0xBE, 0xB5, 0x00, 0x00, 0x00, 0x00, 0x0B, 0xFA, 0x00, 0x00, 0x00, 0x00, 0x9F, 0xA0, 0x00, 0x00,
  0x00, 0x02, 0xCB, 0x00, 0x00, 0x00, 0x00, 0x00, 0x00, 0x00, 0x00, 0x02, 0xFF, 0xFF, 0xFF, 0xFF, 0xF9, 0x02, 0xFF, 0xBB,
  0xBB, 0xBB, 0xB6, 0x02, 0xFF, 0x00, 0x00, 0x00, 0x00, 0x02, 0xFF, 0x00, 0x00, 0x00, 0x00, 0x02, 0xFF, 0x00, 0x00, 0x00,
  0x00, 0x02, 0xFF, 0x00, 0x00, 0x00, 0x00, 0x02, 0xFF, 0x00, 0x00, 0x00, 0x00, 0x02, 0xFF, 0x00, 0x00, 0x00, 0x00, 0x02,
  0xFF, 0x00, 0x00, 0x00, 0x00, 0x02, 0xFF, 0x00, 0x00, 0x00, 0x00, 0x02, 0xFF, 0x00, 0x00, 0x00, 0x00, 0x02, 0xFF, 0x00,
  0x00, 0x00, 0x00, 0x02, 0xFF, 0x00, 0x00, 0x00, 0x00, 0x02, 0xFF, 0x00, 0x00, 0x00, 0x00, 0x02, 0xFF, 0x00, 0x00, 0x00,
  0x00, 0x02, 0xFF, 0x00, 0x00, 0x00, 0x00, 0x09, 0xE6, 0x0A, 0xF6, 0x0D, 0xF3, 0x4F, 0xB0, 0x5C, 0x20, 0x00, 0x00, 0x1C,
  0xF9, 0x00, 0x00, 0x00, 0xAF, 0x90, 0x00, 0x00, 0x03, 0xDA, 0x00, 0x00, 0x00, 0x00, 0x00, 0x00, 0x00, 0x00, 0x00, 0x00,
  0x00, 0x00, 0x06, 0xFF, 0xFF, 0xFF, 0xF0, 0x06, 0xFD, 0xAA, 0xAA, 0xA0, 0x06, 0xFB, 0x00, 0x00, 0x00, 0x06, 0xFB, 0x00,
  0x00, 0x00, 0x06, 0xFB, 0x00, 0x00, 0x00, 0x06, 0xFB, 0x00, 0x00, 0x00, 0x06, 0xFB, 0x00, 0x00, 0x00, 0x06, 0xFB, 0x00,
  0x00, 0x00, 0x06, 0xFB, 0x00, 0x00, 0x00, 0x06, 0xFB, 0x00, 0x00, 0x00, 0x06, 0xFB, 0x00, 0x00, 0x00, 0x06, 0xFB, 0x00,
  0x00, 0x00, 0x07, 0xA5, 0x5A, 0x60, 0x0A, 0xF7, 0x7F, 0x90, 0x0B, 0xF6, 0x8F, 0x90, 0x0D, 0xF3, 0xAF, 0x60, 0x4F, 0xB2,
  0xED, 0x10, 0x5C, 0x23, 0xC4, 0x00, 0x00, 0x53, 0x00, 0x16, 0x20, 0x04, 0x40, 0x00, 0x6F, 0xE0, 0x0A, 0xFB, 0x03, 0xFF,
  0x30, 0x04, 0xEC, 0x00, 0x8F, 0x80, 0x2D, 0xD1, 0x00, 0x00, 0x00, 0x0E, 0xF1, 0x00, 0x00, 0x00, 0x00, 0x0E, 0xF1, 0x00,
  0x00, 0x00, 0x00, 0x0E, 0xF1, 0x00, 0x00, 0x00, 0x00, 0x0E, 0xF1, 0x00, 0x00, 0x5F, 0xFF, 0xFF, 0xFF, 0xFF, 0xF7, 0x3A,
  0xAA, 0xAF, 0xFB, 0xAA, 0xA5, 0x00, 0x00, 0x0E, 0xF1, 0x00, 0x00, 0x00, 0x00, 0x0E, 0xF1, 0x00, 0x00, 0x00, 0x00, 0x0E,
  0xF1, 0x00, 0x00, 0x00, 0x00, 0x0E, 0xF1, 0x00, 0x00, 0x00, 0x00, 0x0E, 0xF1, 0x00, 0x00, 0x00, 0x00, 0x0E, 0xF1, 0x00,
  0x00, 0x00, 0x00, 0x0E, 0xF1, 0x00, 0x00, 0x00, 0x00, 0x0E, 0xF1, 0x00, 0x00, 0x00, 0x00, 0x0E, 0xF1, 0x00, 0x00, 0x00,
  0x00, 0x0E, 0xF1, 0x00, 0x00, 0x00, 0x00, 0x0C, 0xF4, 0x00, 0x00, 0x00, 0x00, 0x00, 0xCF, 0x40, 0x00, 0x00, 0x00, 0x00,
  0x0C, 0xF4, 0x00, 0x00, 0x00, 0x00, 0x00, 0xCF, 0x40, 0x00, 0x00, 0x1F, 0xFF, 0xFF, 0xFF, 0xFF, 0xF9, 0x01, 0xAA, 0xAA,
  0xEF, 0xBA, 0xAA, 0x60, 0x00, 0x00, 0x0C, 0xF4, 0x00, 0x00, 0x00, 0x00, 0x00, 0xCF, 0x40, 0x00, 0x00, 0x00, 0x00, 0x0C,
  0xF4, 0x00, 0x00, 0x00, 0x00, 0x00, 0xCF, 0x40, 0x00, 0x00, 0x00, 0x00, 0x0C, 0xF4, 0x00, 0x00, 0x00, 0x00, 0x00, 0xCF,
  0x40, 0x00, 0x00, 0x00, 0x00, 0x0C, 0xF4, 0x00, 0x00, 0x00, 0x00, 0x00, 0xCF, 0x40, 0x00, 0x00, 0x1A, 0xAA, 0xAE, 0xFB,
  0xAA, 0xA6, 0x01, 0xFF, 0xFF, 0xFF, 0xFF, 0xFF, 0x90, 0x00, 0x00, 0x0C, 0xF4, 0x00, 0x00, 0x00, 0x00, 0x00, 0xCF, 0x40,
  0x00, 0x00, 0x00, 0x00, 0x0C, 0xF4, 0x00, 0x00, 0x00, 0x00, 0x00, 0xCF, 0x40, 0x00, 0x00, 0x00, 0x00, 0x03, 0xAD, 0xFE,
  0xD3, 0x00, 0x00, 0x6F, 0xFE, 0xBC, 0xE3, 0x00, 0x03, 0xFF, 0x70, 0x00, 0x00, 0x00, 0x0A, 0xFA, 0x00, 0x00, 0x00, 0x00,
  0x0D, 0xF5, 0x00, 0x00, 0x00, 0x00, 0x0F, 0xF2, 0x00, 0x00, 0x00, 0x0F, 0xFF, 0xFF, 0xFF, 0xF3, 0x00, 0x06, 0x7F, 0xF6,
  0x66, 0x61, 0x00, 0x00, 0x1F, 0xF0, 0x00, 0x00, 0x00, 0x0F, 0xFF, 0xFF, 0xFF, 0xF3, 0x00, 0x06, 0x6F, 0xF6, 0x66, 0x61,
  0x00, 0x00, 0x0E, 0xF3, 0x00, 0x00, 0x00, 0x00, 0x0B, 0xF9, 0x00, 0x00, 0x00, 0x00, 0x04, 0xFF, 0x60, 0x00, 0x00, 0x00,
  0x00, 0x7F, 0xFD, 0xBB, 0xE3, 0x00, 0x00, 0x04, 0xBE, 0xFE, 0xD3, 0x02, 0xAE, 0xEA, 0x10, 0x00, 0x00, 0x00, 0x00, 0x00,
  0x00, 0x00, 0xCE, 0x77, 0xEA, 0x00, 0x00, 0x00, 0x00, 0x00, 0x00, 0x00, 0x3F, 0x60, 0x08, 0xF1, 0x00, 0x4C, 0x10, 0x00,
  0x00, 0x00, 0x05, 0xF4, 0x00, 0x6F, 0x30, 0x0C, 0xC0, 0x00, 0x00, 0x00, 0x00, 0x3F, 0x60, 0x08, 0xF1, 0x07, 0xF3, 0x00,
  0x00, 0x00, 0x00, 0x00, 0xCE, 0x77, 0xEB, 0x02, 0xE9, 0x00, 0x00, 0x00, 0x00, 0x00, 0x02, 0xAE, 0xEA, 0x10, 0xBD, 0x10,
  0x00, 0x00, 0x00, 0x00, 0x00, 0x00, 0x00, 0x00, 0x5F, 0x50, 0x00, 0x00, 0x00, 0x00, 0x00, 0x00, 0x00, 0x00, 0x1D, 0xA0,
  0x00, 0x00, 0x00, 0x00, 0x00, 0x00, 0x00, 0x00, 0x09, 0xE2, 0x1A, 0xEE, 0xA2, 0xAE, 0xEA, 0x10, 0x00, 0x00, 0x03, 0xF7,
  0x0B, 0xE7, 0x7E, 0xEE, 0x77, 0xEB, 0x00, 0x00, 0x00, 0xCC, 0x01, 0xF8, 0x00, 0x6F, 0x70, 0x08, 0xF2, 0x00, 0x00, 0x7F,
  0x30, 0x3F, 0x60, 0x04, 0xF5, 0x00, 0x6F, 0x40, 0x00, 0x2E, 0x90, 0x01, 0xF8, 0x00, 0x6F, 0x70, 0x08, 0xF2, 0x00, 0x04,
  0xC1, 0x00, 0x0B, 0xE7, 0x7E, 0xEE, 0x77, 0xEB, 0x00, 0x00, 0x00, 0x00, 0x00, 0x1A, 0xEE, 0xA2, 0xAE, 0xEA, 0x10, 0x00,
  0x00, 0xFF, 0xFF, 0xFF, 0xFF, 0xF9, 0x00, 0x00, 0x00, 0x00, 0x00, 0x00, 0x01, 0xFF, 0xBB, 0xBB, 0xBD, 0xF9, 0x00, 0x00,
  0x00, 0x00, 0x00, 0x00, 0x02, 0xFF, 0x00, 0x00, 0x08, 0xF9, 0x00, 0x00, 0x00, 0x00, 0x00, 0x00, 0x02, 0xFE, 0x00, 0x00,
  0x08, 0xF9, 0x00, 0x00, 0x00, 0x00, 0x00, 0x00, 0x03, 0xFD, 0x00, 0x00, 0x08, 0xF9, 0x00, 0x00, 0x00, 0x00, 0x00, 0x00,
  0x04, 0xFD, 0x00, 0x00, 0x08, 0xF9, 0x00, 0x00, 0x00, 0x00, 0x00, 0x00, 0x05, 0xFC, 0x00, 0x00, 0x08, 0xFF, 0xFF, 0xFF,
  0xEA, 0x30, 0x00, 0x00, 0x05, 0xFC, 0x00, 0x00, 0x08, 0xFD, 0xBB, 0xBC, 0xEF, 0xF6, 0x00, 0x00, 0x06, 0xFB, 0x00, 0x00,
  0x08, 0xF9, 0x00, 0x00, 0x08, 0xFE, 0x20, 0x00, 0x07, 0xFA, 0x00, 0x00, 0x08, 0xF9, 0x00, 0x00, 0x00, 0xCF, 0x70, 0x00,
  0x08, 0xF8, 0x00, 0x00, 0x08, 0xF9, 0x00, 0x00, 0x00, 0x8F, 0xA0, 0x00, 0x0A, 0xF6, 0x00, 0x00, 0x08, 0xF9, 0x00, 0x00,
  0x00, 0x8F, 0xA0, 0x00, 0x0E, 0xF3, 0x00, 0x00, 0x08, 0xF9, 0x00, 0x00, 0x00, 0xCF, 0x70, 0x00, 0x8F, 0xC0, 0x00, 0x00,
  0x08, 0xF9, 0x00, 0x00, 0x08, 0xFE, 0x20, 0x6D, 0xFF, 0x50, 0x00, 0x00, 0x08, 0xFD, 0xBB, 0xBB, 0xEF, 0xF6, 0x00, 0x8E,
  0xC5, 0x00, 0x00, 0x00, 0x08, 0xFF, 0xFF, 0xFF, 0xEA, 0x30, 0x00, 0x00, 0x03, 0xE8, 0x00, 0x01, 0xDC, 0x00, 0x00, 0xBF,
  0x30, 0x00, 0x8F, 0x70, 0x00, 0x08, 0xF7, 0x00, 0x00, 0x0B, 0xE3, 0x00, 0x00, 0x1D, 0xC0, 0x00, 0x00, 0x3E, 0x80, 0x00,
  0x00, 0x00, 0x00, 0x00, 0x00, 0x00, 0x02, 0xFF, 0x00, 0x00, 0x00, 0x06, 0xFC, 0x00, 0x00, 0x00, 0x00, 0x00, 0x02, 0xFF,
  0x00, 0x00, 0x00, 0x06, 0xFC, 0x00, 0x00, 0x00, 0x00, 0x00, 0x02, 0xFF, 0x00, 0x00, 0x00, 0x06, 0xFC, 0x00, 0x00, 0x00,
  0x00, 0x00, 0x02, 0xFF, 0x00, 0x00, 0x00, 0x06, 0xFC, 0x00, 0x00, 0x00, 0x00, 0x00, 0x02, 0xFF, 0x00, 0x00, 0x00, 0x06,
  0xFC, 0x00, 0x00, 0x00, 0x00, 0x00, 0x02, 0xFF, 0x00, 0x00, 0x00, 0x06, 0xFC, 0x00, 0x00, 0x00, 0x00, 0x00, 0x02, 0xFF,
  0x00, 0x00, 0x00, 0x06, 0xFC, 0x00, 0x00, 0x00, 0x00, 0x00, 0x02, 0xFF, 0xFF, 0xFF, 0xFF, 0xFF, 0xFF, 0xFF, 0xFF, 0xEC,
  0x60, 0x00, 0x02, 0xFF, 0xBB, 0xBB, 0xBB, 0xBC, 0xFE, 0xBB, 0xBB, 0xDF, 0xFB, 0x00, 0x02, 0xFF, 0x00, 0x00, 0x00, 0x06,
  0xFC, 0x00, 0x00, 0x04, 0xEF, 0x70, 0x02, 0xFF, 0x00, 0x00, 0x00, 0x06, 0xFC, 0x00, 0x00, 0x00, 0x7F, 0xB0, 0x02, 0xFF,
  0x00, 0x00, 0x00, 0x06, 0xFC, 0x00, 0x00, 0x00, 0x5F, 0xC0, 0x02, 0xFF, 0x00, 0x00, 0x00, 0x06, 0xFC, 0x00, 0x00, 0x00,
  0x8F, 0xB0, 0x02, 0xFF, 0x00, 0x00, 0x00, 0x06, 0xFC, 0x00, 0x00, 0x06, 0xEF, 0x60, 0x02, 0xFF, 0x00, 0x00, 0x00, 0x06,
  0xFE, 0xCC, 0xCC, 0xEF, 0xFA, 0x00, 0x02, 0xFF, 0x00, 0x00, 0x00, 0x06, 0xFF, 0xFF, 0xFF, 0xEB, 0x60, 0x00, 0x00, 0x00,
  0x00, 0x2D, 0xF7, 0x00, 0x00, 0x00, 0x00, 0x01, 0xCF, 0x70, 0x00, 0x00, 0x00, 0x00, 0x05, 0xD8, 0x00, 0x00, 0x00, 0x00,
  0x00, 0x00, 0x00, 0x00, 0x00, 0x00, 0x04, 0xFD, 0x00, 0x00, 0x00, 0xAF, 0xD1, 0x04, 0xFD, 0x00, 0x00, 0x08, 0xFE, 0x20,
  0x04, 0xFD, 0x00, 0x00, 0x6F, 0xE4, 0x00, 0x04, 0xFD, 0x00, 0x05, 0xFF, 0x50, 0x00, 0x04, 0xFD, 0x00, 0x4E, 0xF7, 0x00,
  0x00, 0x04, 0xFD, 0x02, 0xEF, 0x90, 0x00, 0x00, 0x04, 0xFD, 0x1D, 0xFA, 0x00, 0x00, 0x00, 0x04, 0xFE, 0xCF, 0xF8, 0x00,
  0x00, 0x00, 0x04, 0xFF, 0xFD, 0xFF, 0x50, 0x00, 0x00, 0x04, 0xFF, 0xD2, 0x8F, 0xE2, 0x00, 0x00, 0x04, 0xFE, 0x20, 0x0C,
  0xFB, 0x00, 0x00, 0x04, 0xFD, 0x00, 0x02, 0xEF, 0x80, 0x00, 0x04, 0xFD, 0x00, 0x00, 0x5F, 0xF4, 0x00, 0x04, 0xFD, 0x00,
  0x00, 0x09, 0xFD, 0x10, 0x04, 0xFD, 0x00, 0x00, 0x00, 0xCF, 0xB0, 0x04, 0xFD, 0x00, 0x00, 0x00, 0x2E, 0xF7, 0x6F, 0xFF,
  0xFF, 0xFF, 0xFF, 0xFF, 0xC0, 0x00, 0x00, 0x4B, 0xBB, 0xBF, 0xFC, 0xBB, 0xBB, 0x90, 0x00, 0x00, 0x00, 0x00, 0x0E, 0xF2,
  0x00, 0x00, 0x00, 0x00, 0x00, 0x00, 0x00, 0x0E, 0xF2, 0x00, 0x00, 0x00, 0x00, 0x00, 0x00, 0x00, 0x0E, 0xF2, 0x00, 0x00,
  0x00, 0x00, 0x00, 0x00, 0x00, 0x0E, 0xF2, 0x00, 0x00, 0x00, 0x00, 0x00, 0x00, 0x00, 0x0E, 0xFB, 0xDE, 0xFE, 0xD8, 0x10,
  0x00, 0x00, 0x00, 0x0E, 0xFF, 0xEC, 0xBC, 0xEF, 0xD2, 0x00, 0x00, 0x00, 0x0E, 0xF4, 0x00, 0x00, 0x2C, 0xF9, 0x00, 0x00,
  0x00, 0x0E, 0xF2, 0x00, 0x00, 0x05, 0xFD, 0x00, 0x00, 0x00, 0x0E, 0xF2, 0x00, 0x00, 0x02, 0xFF, 0x00, 0x00, 0x00, 0x0E,
  0xF2, 0x00, 0x00, 0x01, 0xFF, 0x10, 0x00, 0x00, 0x0E, 0xF2, 0x00, 0x00, 0x01, 0xFF, 0x10, 0x00, 0x00, 0x0E, 0xF2, 0x00,
  0x00, 0x01, 0xFF, 0x10, 0x00, 0x00, 0x0E, 0xF2, 0x00, 0x00, 0x01, 0xFF, 0x10, 0x00, 0x00, 0x0E, 0xF2, 0x00, 0x00, 0x01,
  0xFF, 0x10, 0x02, 0xFF, 0x00, 0x00, 0x00, 0x06, 0xFC, 0x00, 0x02, 0xFF, 0x00, 0x00, 0x00, 0x06, 0xFC, 0x00, 0x02, 0xFF,
  0x00, 0x00, 0x00, 0x06, 0xFC, 0x00, 0x02, 0xFF, 0x00, 0x00, 0x00, 0x06, 0xFC, 0x00, 0x02, 0xFF, 0x00, 0x00, 0x00, 0x06,
  0xFC, 0x00, 0x02, 0xFF, 0x00, 0x00, 0x00, 0x06, 0xFC, 0x00, 0x02, 0xFF, 0x00, 0x00, 0x00, 0x06, 0xFC, 0x00, 0x02, 0xFF,
  0x00, 0x00, 0x00, 0x06, 0xFC, 0x00, 0x02, 0xFF, 0x00, 0x00, 0x00, 0x06, 0xFC, 0x00, 0x02, 0xFF, 0x00, 0x00, 0x00, 0x06,
  0xFC, 0x00, 0x02, 0xFF, 0x00, 0x00, 0x00, 0x06, 0xFC, 0x00, 0x02, 0xFF, 0x00, 0x00, 0x00, 0x06, 0xFC, 0x00, 0x02, 0xFF,
  0x00, 0x00, 0x00, 0x06, 0xFC, 0x00, 0x02, 0xFF, 0x00, 0x00, 0x00, 0x06, 0xFC, 0x00, 0x02, 0xFF, 0xBB, 0xBB, 0xBB, 0xBC,
  0xFC, 0x00, 0x02, 0xFF, 0xFF, 0xFF, 0xFF, 0xFF, 0xFC, 0x00, 0x00, 0x00, 0x00, 0x3F, 0xE0, 0x00, 0x00, 0x00, 0x00, 0x00,
  0x00, 0x3F, 0xE0, 0x00, 0x00, 0x00, 0x00, 0x00, 0x00, 0x3F, 0xE0, 0x00, 0x00, 0x00, 0x00, 0x00, 0x00, 0x3F, 0xE0, 0x00,
  0x00, 0x00, 0x00, 0x8F, 0x80, 0x00, 0x00, 0x00, 0x00, 0x08, 0xF8, 0x00, 0x00, 0x00, 0x00, 0x5F, 0xFF, 0xFF, 0xF9, 0x00,
  0x00, 0x03, 0xAD, 0xFD, 0xAA, 0x60, 0x00, 0x00, 0x00, 0x8F, 0x80, 0x00, 0x00, 0x00, 0x00, 0x08, 0xF8, 0x5C, 0xEE, 0xB3,
  0x00, 0x00, 0x8F, 0xCF, 0xDB, 0xEF, 0xE1, 0x00, 0x08, 0xFF, 0x60, 0x01, 0xCF, 0x70, 0x00, 0x8F, 0xA0, 0x00, 0x07, 0xF9,
  0x00, 0x08, 0xF8, 0x00, 0x00, 0x6F, 0xA0, 0x00, 0x8F, 0x80, 0x00, 0x06, 0xFA, 0x00, 0x08, 0xF8, 0x00, 0x00, 0x6F, 0xA0,
  0x00, 0x8F, 0x80, 0x00, 0x06, 0xFA, 0x00, 0x08, 0xF8, 0x00, 0x00, 0x6F, 0xA0, 0x00, 0x8F, 0x80, 0x00, 0x06, 0xFA, 0x00,
  0x08, 0xF8, 0x00, 0x00, 0x6F, 0xA0, 0x00, 0x8F, 0x80, 0x00, 0x06, 0xFA, 0x00, 0x00, 0x00, 0x00, 0x00, 0x6F, 0xA0, 0x00,
  0x00, 0x00, 0x00, 0x0A, 0xF8, 0x00, 0x00, 0x00, 0x00, 0xAB, 0xFE, 0x20, 0x00, 0x00, 0x00, 0x0E, 0xEC, 0x40, 0x00, 0x00,
  0x9A, 0x00, 0x6F, 0xA0, 0x0C, 0xF4, 0x00, 0xEF, 0x10, 0x0F, 0xF0, 0x00, 0x00, 0x00, 0x00, 0x00, 0x00, 0x00, 0x00, 0x00,
  0x00, 0x00, 0x00, 0x00, 0x00, 0x00, 0x00, 0x00, 0x00, 0x00, 0x00, 0x00, 0x00, 0x00, 0x00, 0x00, 0x00, 0x00, 0x00, 0x00,
  0x00, 0x00, 0x08, 0xF9, 0x08, 0xF8, 0x0A, 0xF5, 0x2E, 0xD0, 0x4C, 0x40, 0x00, 0x00, 0x00, 0x00, 0x00, 0x00, 0x00, 0x00,
  0x00, 0x00, 0x00, 0x00, 0x00, 0x00, 0x00, 0x00, 0x00, 0x00, 0x00, 0x00, 0x00, 0x00, 0x00, 0x00, 0x00, 0x8B, 0x14, 0xC4,
  0x04, 0xFB, 0x0D, 0xF3, 0x0A, 0xF6, 0x5F, 0xB0, 0x0D, 0xF3, 0x8F, 0x90, 0x0D, 0xF2, 0x8F, 0x80, 0x00, 0x00, 0x00, 0x00,
  0x00, 0x00, 0x00, 0x00, 0x00, 0x00, 0x00, 0x00, 0x00, 0x00, 0x00, 0x00, 0x00, 0x00, 0x00, 0x00, 0x00, 0x00, 0x00, 0x00,
  0x00, 0x00, 0x00, 0x00, 0x00, 0x00, 0x00, 0x00, 0x00, 0x00, 0x00, 0x00, 0x00, 0x00, 0x00, 0x00, 0x00, 0x00, 0x00, 0x00,
  0x00, 0x00, 0x00, 0x00, 0x06, 0xFA, 0x1F, 0xE0, 0x06, 0xFA, 0x1F, 0xE0, 0x09, 0xF7, 0x4F, 0xB0, 0x1E, 0xE1, 0xAF, 0x50,
  0x2C, 0x50, 0xA9, 0x00, 0x00, 0x00, 0x00, 0x00, 0x00, 0x00, 0x00, 0x00, 0x00, 0x00, 0x00, 0x00, 0x00, 0x00, 0x00, 0x00,
  0x00, 0x00, 0x00, 0x00, 0x00, 0x00, 0x00, 0x00, 0x00, 0x00, 0x00, 0x00, 0x00, 0x00, 0x00, 0x00, 0x00, 0x00, 0x00, 0x00,
  0x00, 0x00, 0x00, 0x00, 0x00, 0x00, 0x00, 0x00, 0x00, 0x00, 0x00, 0x00, 0x01, 0xAE, 0xD3, 0x00, 0x7F, 0xFF, 0xB0, 0x08,
  0xFF, 0xFD, 0x00, 0x5F, 0xFF, 0xA0, 0x00, 0x6A, 0x81, 0x00, 0x00, 0x00, 0x00, 0x00, 0x00, 0x00, 0x00, 0x00, 0x00, 0x00,
  0x00, 0x00, 0x00, 0x00, 0x00, 0x00, 0x00, 0x05, 0xFF, 0xFF, 0xFF, 0xFF, 0xFF, 0x80, 0x03, 0xAA, 0xAA, 0xAA, 0xAA, 0xAA,
  0x60, 0x00, 0x00, 0x00, 0x00, 0x00, 0x00, 0x00, 0x00, 0x00, 0x00, 0x00, 0x00, 0x00, 0x00, 0x00, 0x00, 0x00, 0x00, 0x00,
  0x00, 0x00, 0x00, 0x00, 0x00, 0x00, 0x00, 0x00, 0x00, 0x00, 0x00, 0x00, 0x00, 0x00, 0x00, 0x00, 0x00, 0x00, 0x00, 0x00,
  0x00, 0x00, 0x00, 0x00, 0x00, 0x00, 0x00, 0x00, 0x00, 0x00, 0x07, 0xFF, 0xFF, 0xFF, 0xFF, 0xFF, 0xFF, 0xFE, 0x00, 0x5A,
  0xAA, 0xAA, 0xAA, 0xAA, 0xAA, 0xAA, 0x90, 0x00, 0x00, 0x00, 0x00, 0x00, 0x00, 0x00, 0x00, 0x00, 0x00, 0x00, 0x00, 0x00,
  0x00, 0x00, 0x00, 0x00, 0x00, 0x00, 0x00, 0x00, 0x00, 0x00, 0x00, 0x00, 0x00, 0x00, 0x00, 0x00, 0x00, 0x00, 0x00, 0x00,
  0x00, 0x00, 0x00, 0x00, 0x00, 0x00, 0x00, 0x00, 0x00, 0x00, 0x00, 0x00, 0x00, 0x00, 0x00, 0x00, 0x00, 0x00, 0x00, 0x00,
  0x00, 0x00, 0x00, 0x00, 0x00, 0x00, 0x00, 0x0E, 0xFF, 0xF5, 0xE8, 0x00, 0xCA, 0x00, 0x00, 0x5B, 0x00, 0xED, 0x02, 0xFA,
  0x00, 0x00, 0x5B, 0x00, 0xEB, 0x38, 0xBA, 0x00, 0x00, 0x5B, 0x00, 0xE6, 0x9C, 0x7A, 0x00, 0x00, 0x5B, 0x00, 0xE2, 0xDA,
  0x6A, 0x00, 0x00, 0x5B, 0x00, 0xE1, 0xA5, 0x6A, 0x00, 0x00, 0x00, 0x00, 0x00, 0x00, 0x00, 0x00, 0x00, 0x00, 0x00, 0x00,
  0x00, 0x00, 0x00, 0x00, 0x00, 0x00, 0x00, 0x00, 0x00, 0x00, 0x00, 0x00, 0x00, 0x00, 0x00, 0x00, 0x00, 0x00, 0x00, 0x00,
  0x00, 0x00, 0x00, 0x00, 0x00, 0x00, 0x00, 0x00, 0x00, 0x00, 0x00, 0x00, 0x00, 0x00, 0x00, 0x00, 0x00, 0x00, 0x00, 0x00,
  0x00, 0x00, 0x00, 0x00, 0x00, 0x00, 0x00, 0x00, 0x00, 0x00, 0x00, 0x00, 0x00, 0x00, 0x00, 0x00, 0x00, 0x00, 0x00, 0x00,
  0x0E, 0xFF, 0xFF, 0xFF, 0xA0, 0x00, 0x00, 0x00, 0x00, 0x00, 0xEF, 0xAA, 0xAC, 0xFA, 0x00, 0x00, 0x00, 0x00, 0x00, 0x0F,
  0xF0, 0x00, 0x6F, 0xA0, 0x00, 0x00, 0x00, 0x00, 0x01, 0xFE, 0x00, 0x06, 0xFA, 0x00, 0x00, 0x00, 0x00, 0x00, 0x2F, 0xD0,
  0x00, 0x6F, 0xA0, 0x00, 0x00, 0x00, 0x00, 0x02, 0xFD, 0x00, 0x06, 0xFF, 0xFF, 0xFD, 0xB4, 0x00, 0x00, 0x3F, 0xC0, 0x00,
  0x6F, 0xDA, 0xAA, 0xCF, 0xF5, 0x00, 0x05, 0xFB, 0x00, 0x06, 0xFA, 0x00, 0x00, 0x7F, 0xC0, 0x00, 0x8F, 0x80, 0x00, 0x6F,
  0xA0, 0x00, 0x02, 0xFE, 0x00, 0x2D, 0xF5, 0x00, 0x06, 0xFA, 0x00, 0x00, 0x7F, 0xC0, 0x8E, 0xFD, 0x00, 0x00, 0x6F, 0xDA,
  0xAA, 0xCF, 0xF5, 0x09, 0xEB, 0x20, 0x00, 0x06, 0xFF, 0xFF, 0xFD, 0xB3, 0x00, 0x0B, 0xD1, 0x00, 0x00, 0x2E, 0xB0, 0x00,
  0x00, 0x6F, 0x90, 0x00, 0x00, 0xAF, 0x60, 0x00, 0x0A, 0xF6, 0x00, 0x06, 0xF9, 0x00, 0x02, 0xEB, 0x00, 0x00, 0xBD, 0x10,
  0x00, 0x00, 0x00, 0x00, 0x00, 0x00, 0x00, 0x00, 0x06, 0xFB, 0x00, 0x00, 0x0F, 0xF0, 0x00, 0x00, 0x00, 0x00, 0x6F, 0xB0,
  0x00, 0x00, 0xFF, 0x00, 0x00, 0x00, 0x00, 0x06, 0xFB, 0x00, 0x00, 0x0F, 0xF0, 0x00, 0x00, 0x00, 0x00, 0x6F, 0xB0, 0x00,
  0x00, 0xFF, 0x00, 0x00, 0x00, 0x00, 0x06, 0xFB, 0x00, 0x00, 0x0F, 0xF0, 0x00, 0x00, 0x00, 0x00, 0x6F, 0xFF, 0xFF, 0xFF,
  0xFF, 0xEE, 0xEE, 0xC6, 0x00, 0x06, 0xFD, 0xAA, 0xAA, 0xAF, 0xFB, 0xBB, 0xCF, 0xFA, 0x00, 0x6F, 0xB0, 0x00, 0x00, 0xFF,
  0x00, 0x00, 0x3E, 0xF3, 0x06, 0xFB, 0x00, 0x00, 0x0F, 0xF0, 0x00, 0x00, 0xCF, 0x50, 0x6F, 0xB0, 0x00, 0x00, 0xFF, 0x00,
  0x00, 0x3E, 0xF3, 0x06, 0xFB, 0x00, 0x00, 0x0F, 0xFA, 0xAA, 0xBE, 0xFA, 0x00, 0x6F, 0xB0, 0x00, 0x00, 0xFF, 0xFF, 0xFE,
  0xC6, 0x00, 0x00, 0x00, 0x00, 0xAF, 0xB0, 0x00, 0x00, 0x00, 0x08, 0xFB, 0x10, 0x00, 0x00, 0x00, 0x1C, 0xC1, 0x00, 0x00,
  0x00, 0x00, 0x00, 0x00, 0x00, 0x00, 0x00, 0x00, 0x00, 0x00, 0x00, 0x00, 0x06, 0xFB, 0x00, 0x00, 0x8F, 0xD1, 0x06, 0xFB,
  0x00, 0x05, 0xFE, 0x30, 0x06, 0xFB, 0x00, 0x3E, 0xF5, 0x00, 0x06, 0xFB, 0x01, 0xDF, 0x80, 0x00, 0x06, 0xFB, 0x0A, 0xFA,
  0x00, 0x00, 0x06, 0xFF, 0xFF, 0xD1, 0x00, 0x00, 0x06, 0xFE, 0xCE, 0xF6, 0x00, 0x00, 0x06, 0xFB, 0x05, 0xFE, 0x30, 0x00,
  0x06, 0xFB, 0x00, 0x9F, 0xD1, 0x00, 0x06, 0xFB, 0x00, 0x0C, 0xFB, 0x00, 0x06, 0xFB, 0x00, 0x02, 0xEF, 0x80, 0x06, 0xFB,
  0x00, 0x00, 0x5F, 0xF5, 0x00, 0x8F, 0x80, 0x00, 0x00, 0x00, 0x00, 0x08, 0xF8, 0x00, 0x00, 0x00, 0x00, 0x1F, 0xFF, 0xFF,
  0xFC, 0x00, 0x00, 0x01, 0xAD, 0xFD, 0xAA, 0x80, 0x00, 0x00, 0x00, 0x8F, 0x80, 0x00, 0x00, 0x00, 0x00, 0x08, 0xF8, 0x5C,
  0xEE, 0xB3, 0x00, 0x00, 0x8F, 0xCF, 0xDB, 0xEF, 0xE2, 0x00, 0x08, 0xFF, 0x60, 0x01, 0xDF, 0x70, 0x00, 0x8F, 0xA0, 0x00,
  0x07, 0xFA, 0x00, 0x08, 0xF8, 0x00, 0x00, 0x6F, 0xA0, 0x00, 0x8F, 0x80, 0x00, 0x06, 0xFA, 0x00, 0x08, 0xF8, 0x00, 0x00,
  0x6F, 0xA0, 0x00, 0x8F, 0x80, 0x00, 0x06, 0xFA, 0x00, 0x08, 0xF8, 0x00, 0x00, 0x6F, 0xA0, 0x00, 0x8F, 0x80, 0x00, 0x06,
  0xFA, 0x00, 0x08, 0xF8, 0x00, 0x00, 0x6F, 0xA0, 0x00, 0x8F, 0x80, 0x00, 0x06, 0xFA, 0x00, 0x06, 0xFB, 0x00, 0x00, 0x0F,
  0xF0, 0x00, 0x6F, 0xB0, 0x00, 0x00, 0xFF, 0x00, 0x06, 0xFB, 0x00, 0x00, 0x0F, 0xF0, 0x00, 0x6F, 0xB0, 0x00, 0x00, 0xFF,
  0x00, 0x06, 0xFB, 0x00, 0x00, 0x0F, 0xF0, 0x00, 0x6F, 0xB0, 0x00, 0x00, 0xFF, 0x00, 0x06, 0xFB, 0x00, 0x00, 0x0F, 0xF0,
  0x00, 0x6F, 0xB0, 0x00, 0x00, 0xFF, 0x00, 0x06, 0xFB, 0x00, 0x00, 0x0F, 0xF0, 0x00, 0x6F, 0xB0, 0x00, 0x00, 0xFF, 0x00,
  0x06, 0xFD, 0xAA, 0xAA, 0xAF, 0xF0, 0x00, 0x6F, 0xFF, 0xFF, 0xFF, 0xFF, 0x00, 0x00, 0x00, 0x0A, 0xF7, 0x00, 0x00, 0x00,
  0x00, 0x00, 0xAF, 0x70, 0x00, 0x00, 0x00, 0x00, 0x0A, 0xF7, 0x00, 0x00, 0x00, 0x00, 0x00, 0xAF, 0x70, 0x00, 0x00, 0x00,
  0x03, 0xF8, 0x00, 0x9F, 0x20, 0x00, 0x00, 0x00, 0xDE, 0x67, 0xEC, 0x00, 0x00, 0x00, 0x00, 0x2B, 0xEE, 0xA2, 0x00, 0x00,
  0x00, 0x00, 0x00, 0x00, 0x00, 0x00, 0x00, 0x1E, 0xF6, 0x00, 0x00, 0x00, 0x7F, 0xE1, 0x08, 0xFC, 0x00, 0x00, 0x00, 0xDF,
  0x90, 0x02, 0xEF, 0x50, 0x00, 0x04, 0xFF, 0x30, 0x00, 0x9F, 0xB0, 0x00, 0x0A, 0xFB, 0x00, 0x00, 0x3F, 0xF3, 0x00, 0x1E,
  0xF5, 0x00, 0x00, 0x0B, 0xF9, 0x00, 0x7F, 0xD0, 0x00, 0x00, 0x04, 0xFE, 0x10, 0xCF, 0x80, 0x00, 0x00, 0x00, 0xCF, 0x83,
  0xFE, 0x20, 0x00, 0x00, 0x00, 0x5F, 0xD9, 0xFA, 0x00, 0x00, 0x00, 0x00, 0x0D, 0xFF, 0xF4, 0x00, 0x00, 0x00, 0x00, 0x07,
  0xFF, 0xC0, 0x00, 0x00, 0x00, 0x00, 0x01, 0xEF, 0x60, 0x00, 0x00, 0x00, 0x00, 0x04, 0xFE, 0x10, 0x00, 0x00, 0x00, 0x00,
  0x0B, 0xF8, 0x00, 0x00, 0x00, 0x00, 0x3B, 0xDF, 0xD1, 0x00, 0x00, 0x00, 0x00, 0x4F, 0xEB, 0x20, 0x00, 0x00, 0x00, 0x00,
  0xBE, 0x00, 0x1F, 0xA0, 0x00, 0x06, 0xFA, 0x6B, 0xF5, 0x00, 0x00, 0x07, 0xDE, 0xD6, 0x00, 0x00, 0x00, 0x00, 0x00, 0x00,
  0x00, 0xAF, 0x90, 0x00, 0x03, 0xFE, 0x14, 0xFE, 0x00, 0x00, 0x8F, 0xA0, 0x0D, 0xF5, 0x00, 0x0C, 0xF5, 0x00, 0x8F, 0xA0,
  0x02, 0xFE, 0x00, 0x03, 0xFE, 0x00, 0x7F, 0x90, 0x00, 0x0C, 0xF5, 0x0B, 0xF4, 0x00, 0x00, 0x7F, 0xA1, 0xFD, 0x00, 0x00,
  0x01, 0xFE, 0x7F, 0x80, 0x00, 0x00, 0x0A, 0xFE, 0xF3, 0x00, 0x00, 0x00, 0x5F, 0xFC, 0x00, 0x00, 0x00, 0x00, 0xEF, 0x70,
  0x00, 0x00, 0x00, 0x0B, 0xF2, 0x00, 0x00, 0x00, 0x02, 0xFB, 0x00, 0x00, 0x00, 0x00, 0xAF, 0x50, 0x00, 0x00, 0x2C, 0xEF,
  0xB0, 0x00, 0x00, 0x02, 0xEE, 0xA1, 0x00, 0x00, 0x00, 0x00, 0x00, 0x00, 0x00, 0xAF, 0x70, 0x00, 0x00, 0x00, 0x00, 0xAF,
  0x70, 0x00, 0x00, 0x00, 0x00, 0xAF, 0x70, 0x00, 0x00, 0x00, 0x00, 0xAF, 0x70, 0x00, 0x00, 0x00, 0x00, 0xAF, 0x70, 0x00,
  0x00, 0x00, 0x00, 0xAF, 0x70, 0x00, 0x00, 0x00, 0x00, 0xAF, 0x70, 0x00, 0x00, 0x00, 0x00, 0xAF, 0x70, 0x00, 0x00, 0x00,
  0x00, 0xAF, 0x70, 0x00, 0x00, 0x00, 0x00, 0xAF, 0x70, 0x00, 0x00, 0x00, 0x00, 0xAF, 0x70, 0x49, 0x60, 0x00, 0x00, 0xBF,
  0x70, 0x6F, 0xD0, 0x00, 0x00, 0xDF, 0x50, 0x2E, 0xF7, 0x00, 0x09, 0xFE, 0x10, 0x07, 0xFF, 0xDB, 0xDF, 0xF5, 0x00, 0x00,
  0x5B, 0xEF, 0xEB, 0x40, 0x00, 0x00, 0x20, 0x00, 0x00, 0x00, 0x00, 0x02, 0x00, 0x06, 0xF6, 0x29, 0xDF, 0xEC, 0x71, 0x9E,
  0x40, 0x08, 0xFF, 0xEF, 0xFE, 0xEF, 0xFE, 0xFF, 0x60, 0x00, 0x9F, 0xFA, 0x20, 0x04, 0xBF, 0xF7, 0x00, 0x00, 0xCF, 0x80,
  0x00, 0x00, 0x0B, 0xF9, 0x00, 0x04, 0xFD, 0x00, 0x00, 0x00, 0x02, 0xFE, 0x10, 0x07, 0xF8, 0x00, 0x00, 0x00, 0x00, 0xBF,
  0x40, 0x08, 0xF6, 0x00, 0x00, 0x00, 0x00, 0xAF, 0x50, 0x07, 0xF8, 0x00, 0x00, 0x00, 0x00, 0xBF, 0x40, 0x04, 0xFD, 0x00,
  0x00, 0x00, 0x02, 0xFE, 0x10, 0x00, 0xCF, 0x80, 0x00, 0x00, 0x0B, 0xF9, 0x00, 0x00, 0xBF, 0xFA, 0x20, 0x04, 0xCF, 0xF9,
  0x00, 0x0A, 0xFE, 0xEF, 0xFE, 0xEF, 0xFD, 0xFF, 0x80, 0x03, 0xD4, 0x29, 0xDF, 0xEC, 0x71, 0x5C, 0x20, 0x00, 0x00, 0x00,
  0x00, 0x00, 0x00, 0x00, 0x00, 0x00, 0x00, 0x00, 0x00, 0x0A, 0xF7, 0x00, 0x00, 0x00, 0x00, 0x0A, 0xF7, 0x00, 0x00, 0x00,
  0x00, 0x0A, 0xF7, 0x05, 0xFF, 0xFF, 0xFF, 0xFF, 0xF7, 0x05, 0xFE, 0xBB, 0xBB, 0xBB, 0xB5, 0x05, 0xFC, 0x00, 0x00, 0x00,
  0x00, 0x05, 0xFC, 0x00, 0x00, 0x00, 0x00, 0x05, 0xFC, 0x00, 0x00, 0x00, 0x00, 0x05, 0xFC, 0x00, 0x00, 0x00, 0x00, 0x05,
  0xFC, 0x00, 0x00, 0x00, 0x00, 0x05, 0xFC, 0x00, 0x00, 0x00, 0x00, 0x05, 0xFC, 0x00, 0x00, 0x00, 0x00, 0x05, 0xFC, 0x00,
  0x00, 0x00, 0x00, 0x05, 0xFC, 0x00, 0x00, 0x00, 0x00, 0x05, 0xFC, 0x00, 0x00, 0x00, 0x00, 0x05, 0xFC, 0x00, 0x00, 0x00,
  0x00, 0x05, 0xFC, 0x00, 0x00, 0x00, 0x00, 0x05, 0xFC, 0x00, 0x00, 0x00, 0x00, 0x05, 0xFC, 0x00, 0x00, 0x00, 0x00, 0x07,
  0xF9, 0x00, 0x7F, 0x90, 0x07, 0xF9, 0x00, 0x7F, 0x90, 0x07, 0xF9, 0x00, 0x7F, 0x90, 0x07, 0xF9, 0x00, 0x7F, 0x90, 0x00,
  0x00, 0x00, 0x00, 0x00, 0x07, 0xF9, 0x00, 0x7F, 0x90, 0x07, 0xF9, 0x00, 0x7F, 0x90, 0x07, 0xF9, 0x00, 0x7F, 0x90, 0x07,
  0xF9, 0x00, 0x7F, 0x90, 0x07, 0xF9, 0x00, 0x00, 0x05, 0xBE, 0xFE, 0xC8, 0x10, 0x00, 0x00, 0x8F, 0xFC, 0xBC, 0xEF, 0xD2,
  0x00, 0x04, 0xFE, 0x40, 0x00, 0x2C, 0xFA, 0x00, 0x07, 0xFA, 0x00, 0x00, 0x04, 0xFE, 0x00, 0x07, 0xFA, 0x00, 0x00, 0x00,
  0xAA, 0x00, 0x03, 0xFF, 0x70, 0x00, 0x00, 0x00, 0x00, 0x00, 0x8F, 0xFE, 0xA5, 0x10, 0x00, 0x00, 0x02, 0xCF, 0xEF, 0xFF,
  0xEA, 0x30, 0x00, 0x0A, 0xF9, 0x02, 0x7B, 0xFF, 0xE5, 0x00, 0x0E, 0xF2, 0x00, 0x00, 0x2B, 0xFE, 0x10, 0x0E, 0xF3, 0x00,
  0x00, 0x00, 0xDF, 0x40, 0x0A, 0xFC, 0x30, 0x00, 0x00, 0xCF, 0x50, 0x02, 0xDF, 0xFC, 0x83, 0x06, 0xFE, 0x10, 0x00, 0x18,
  0xEF, 0xFF, 0xEF, 0xE4, 0x00, 0x00, 0x00, 0x04, 0x9D, 0xFF, 0xC1, 0x00, 0x00, 0x00, 0x00, 0x00, 0x5E, 0xF8, 0x00, 0x0A,
  0xA1, 0x00, 0x00, 0x06, 0xFC, 0x00, 0x0E, 0xF4, 0x00, 0x00, 0x05, 0xFC, 0x00, 0x09, 0xFD, 0x30, 0x00, 0x2C, 0xF9, 0x00,
  0x01, 0xCF, 0xFC, 0xBC, 0xFF, 0xC1, 0x00, 0x00, 0x07, 0xCE, 0xFE, 0xC8, 0x10, 0x00, 0x00, 0x01, 0x40, 0x00, 0x33, 0x00,
  0x00, 0x00, 0xBF, 0x70, 0x2F, 0xF2, 0x00, 0x00, 0x09, 0xE6, 0x01, 0xDD, 0x10, 0x00, 0x00, 0x00, 0x00, 0x00, 0x00, 0x00,
  0x04, 0xFF, 0xFF, 0xFF, 0xFF, 0xFA, 0x00, 0x4F, 0xFB, 0xBB, 0xBB, 0xBB, 0x80, 0x04, 0xFD, 0x00, 0x00, 0x00, 0x00, 0x00,
  0x4F, 0xD0, 0x00, 0x00, 0x00, 0x00, 0x04, 0xFD, 0x00, 0x00, 0x00, 0x00, 0x00, 0x4F, 0xD0, 0x00, 0x00, 0x00, 0x00, 0x04,
  0xFD, 0x00, 0x00, 0x00, 0x00, 0x00, 0x4F, 0xFF, 0xFF, 0xFF, 0xFB, 0x00, 0x04, 0xFF, 0xBB, 0xBB, 0xBB, 0x80, 0x00, 0x4F,
  0xD0, 0x00, 0x00, 0x00, 0x00, 0x04, 0xFD, 0x00, 0x00, 0x00, 0x00, 0x00, 0x4F, 0xD0, 0x00, 0x00, 0x00, 0x00, 0x04, 0xFD,
  0x00, 0x00, 0x00, 0x00, 0x00, 0x4F, 0xD0, 0x00, 0x00, 0x00, 0x00, 0x04, 0xFF, 0xBB, 0xBB, 0xBB, 0xB9, 0x00, 0x4F, 0xFF,
  0xFF, 0xFF, 0xFF, 0xC0, 0x00, 0x00, 0x05, 0xBE, 0xFE, 0xC7, 0x10, 0x00, 0x00, 0x00, 0x2B, 0xFB, 0x86, 0x7A, 0xFD, 0x30,
  0x00, 0x00, 0x1D, 0xD3, 0x00, 0x00, 0x02, 0xCE, 0x30, 0x00, 0x0B, 0xD1, 0x07, 0xDF, 0xD8, 0x00, 0xBD, 0x10, 0x04, 0xF4,
  0x07, 0xFB, 0x7A, 0xF8, 0x02, 0xE7, 0x00, 0xAB, 0x01, 0xEC, 0x00, 0x0C, 0xD0, 0x09, 0xD0, 0x0D, 0x70, 0x3F, 0x70, 0x00,
  0x58, 0x00, 0x4F, 0x10, 0xE5, 0x05, 0xF5, 0x00, 0x00, 0x00, 0x02, 0xF3, 0x0E, 0x50, 0x5F, 0x50, 0x00, 0x00, 0x00, 0x2F,
  0x30, 0xD7, 0x03, 0xF7, 0x00, 0x06, 0x90, 0x04, 0xF1, 0x0A, 0xB0, 0x0E, 0xC0, 0x00, 0xCD, 0x00, 0x9C, 0x00, 0x4F, 0x40,
  0x7F, 0xB7, 0xAF, 0x80, 0x2E, 0x70, 0x00, 0xBD, 0x10, 0x7D, 0xFD, 0x80, 0x0B, 0xD1, 0x00, 0x01, 0xDD, 0x30, 0x00, 0x00,
  0x2B, 0xE3, 0x00, 0x00, 0x01, 0xBF, 0xB7, 0x67, 0xAE, 0xD3, 0x00, 0x00, 0x00, 0x00, 0x5B, 0xEF, 0xEC, 0x71, 0x00, 0x00,
  0x00, 0x00, 0x4A, 0xDF, 0xEC, 0x60, 0x00, 0x00, 0x00, 0x7F, 0xFD, 0xCD, 0xFF, 0xB0, 0x00, 0x00, 0x6F, 0xE5, 0x00, 0x04,
  0xDF, 0x80, 0x00, 0x0E, 0xF5, 0x00, 0x00, 0x05, 0xFE, 0x10, 0x05, 0xFD, 0x00, 0x00, 0x00, 0x0E, 0xF4, 0x00, 0x8F, 0x90,
  0x00, 0x00, 0x00, 0x45, 0x20, 0x0A, 0xF7, 0x00, 0x00, 0x00, 0x00, 0x00, 0x00, 0xBF, 0xFF, 0xFF, 0xFF, 0x90, 0x00, 0x00,
  0x0B, 0xFD, 0xBB, 0xBB, 0xB6, 0x00, 0x00, 0x00, 0xAF, 0x70, 0x00, 0x00, 0x00, 0x00, 0x00, 0x09, 0xF9, 0x00, 0x00, 0x00,
  0x03, 0x31, 0x00, 0x5F, 0xD0, 0x00, 0x00, 0x00, 0xDF, 0x40, 0x01, 0xEF, 0x50, 0x00, 0x00, 0x4F, 0xE1, 0x00, 0x07, 0xFE,
  0x40, 0x00, 0x3D, 0xF8, 0x00, 0x00, 0x09, 0xFF, 0xDB, 0xDF, 0xFA, 0x00, 0x00, 0x00, 0x05, 0xBE, 0xFE, 0xB6, 0x00, 0x00,
  0x00, 0x04, 0xE7, 0x0A, 0xE2, 0x00, 0x2D, 0xC0, 0x7F, 0x50, 0x00, 0xCE, 0x24, 0xFA, 0x00, 0x09, 0xF6, 0x2E, 0xD1, 0x00,
  0x09, 0xF6, 0x2E, 0xD1, 0x00, 0x00, 0xCE, 0x24, 0xFA, 0x00, 0x00, 0x2D, 0xC0, 0x7F, 0x50, 0x00, 0x04, 0xE7, 0x0A, 0xE2,
  0x00, 0x00, 0x00, 0x00, 0x00, 0x00, 0x00, 0x00, 0x00, 0x00, 0x0A, 0xFF, 0xFF, 0xFF, 0xFF, 0x50, 0x08, 0xCC, 0xCC, 0xCC,
  0xEF, 0x50, 0x00, 0x00, 0x00, 0x00, 0xBF, 0x50, 0x00, 0x00, 0x00, 0x00, 0xBF, 0x50, 0x00, 0x00, 0x00, 0x00, 0xBF, 0x50,
  0x00, 0x00, 0x00, 0x00, 0x00, 0x00, 0x00, 0x00, 0x00, 0x00, 0x00, 0x00, 0x00, 0x00, 0x00, 0x00, 0x00, 0x00, 0x00, 0x00,
  0x00, 0x00, 0x00, 0x00, 0xAF, 0xFF, 0xFA, 0x7A, 0xAA, 0xA7, 0x00, 0x00, 0x00, 0x00, 0x00, 0x00, 0x00, 0x00, 0x00, 0x00,
  0x00, 0x00, 0x00, 0x00, 0x00, 0x00, 0x00, 0x06, 0xBE, 0xFE, 0xC7, 0x10, 0x00, 0x00, 0x00, 0x2B, 0xFB, 0x86, 0x7A, 0xFD,
  0x30, 0x00, 0x00, 0x2D, 0xD3, 0x00, 0x00, 0x02, 0xCE, 0x30, 0x00, 0x0B, 0xD1, 0x8F, 0xFF, 0xD9, 0x10, 0xBD, 0x10, 0x04,
  0xF3, 0x08, 0xF6, 0x68, 0xFA, 0x02, 0xE7, 0x00, 0xAB, 0x00, 0x8F, 0x00, 0x0A, 0xD0, 0x09, 0xC0, 0x0D, 0x70, 0x08, 0xF0,
  0x03, 0xDB, 0x00, 0x4F, 0x10, 0xF5, 0x00, 0x8F, 0xFF, 0xFD, 0x20, 0x02, 0xF3, 0x0F, 0x50, 0x08, 0xF7, 0x79, 0xF8, 0x00,
  0x2F, 0x30, 0xD7, 0x00, 0x8F, 0x00, 0x0B, 0xD0, 0x04, 0xF1, 0x0A, 0xB0, 0x08, 0xF0, 0x00, 0xAD, 0x00, 0x9C, 0x00, 0x4F,
  0x30, 0x8F, 0x00, 0x0A, 0xE0, 0x2E, 0x70, 0x00, 0xBD, 0x10, 0x00, 0x00, 0x00, 0x0B, 0xD1, 0x00, 0x02, 0xDD, 0x30, 0x00,
  0x00, 0x2B, 0xE3, 0x00, 0x00, 0x01, 0xBF, 0xB7, 0x67, 0xAF, 0xD3, 0x00, 0x00, 0x00, 0x00, 0x5B, 0xEF, 0xEC, 0x71, 0x00,
  0x00, 0x04, 0x20, 0x01, 0x40, 0x6F, 0xC0, 0x0C, 0xF7, 0x5E, 0xA0, 0x0A, 0xE5, 0x00, 0x00, 0x00, 0x00, 0x00, 0x1F, 0xF1,
  0x00, 0x00, 0x1F, 0xF1, 0x00, 0x00, 0x1F, 0xF1, 0x00, 0x00, 0x1F, 0xF1, 0x00, 0x00, 0x1F, 0xF1, 0x00, 0x00, 0x1F, 0xF1,
  0x00, 0x00, 0x1F, 0xF1, 0x00, 0x00, 0x1F, 0xF1, 0x00, 0x00, 0x1F, 0xF1, 0x00, 0x00, 0x1F, 0xF1, 0x00, 0x00, 0x1F, 0xF1,
  0x00, 0x00, 0x1F, 0xF1, 0x00, 0x00, 0x1F, 0xF1, 0x00, 0x00, 0x1F, 0xF1, 0x00, 0x00, 0x1F, 0xF1, 0x00, 0x00, 0x1F, 0xF1,
  0x00, 0x00, 0x7D, 0xE9, 0x00, 0x05, 0xF9, 0x8E, 0x80, 0x09, 0xC0, 0x09, 0xC0, 0x07, 0xE4, 0x2C, 0xA0, 0x01, 0xCF, 0xFE,
  0x30, 0x00, 0x05, 0x51, 0x00, 0x00, 0x00, 0x00, 0x00, 0x00, 0x00, 0x00, 0x00, 0x00, 0x00, 0x00, 0x00, 0x00, 0x00, 0x00,
  0x00, 0x00, 0x00, 0x00, 0x00, 0x00, 0x00, 0x00, 0x00, 0x00, 0x00, 0x00, 0x00, 0x00, 0x00, 0x00, 0x00, 0x00, 0x00, 0x00,
  0x00, 0x00, 0x00, 0x00, 0x00, 0x00, 0x00, 0x06, 0x70, 0x00, 0x00, 0x00, 0x00, 0x0D, 0xF0, 0x00, 0x00, 0x00, 0x00, 0x0D,
  0xF0, 0x00, 0x00, 0x00, 0x00, 0x0D, 0xF0, 0x00, 0x00, 0x00, 0x00, 0x0D, 0xF0, 0x00, 0x00, 0x0E, 0xFF, 0xFF, 0xFF, 0xFF,
  0xD0, 0x0A, 0xAA, 0xAE, 0xFA, 0xAA, 0x90, 0x00, 0x00, 0x0D, 0xF0, 0x00, 0x00, 0x00, 0x00, 0x0D, 0xF0, 0x00, 0x00, 0x00,
  0x00, 0x0D, 0xF0, 0x00, 0x00, 0x00, 0x00, 0x0C, 0xE0, 0x00, 0x00, 0x00, 0x00, 0x00, 0x00, 0x00, 0x00, 0x06, 0xAA, 0xAA,
  0xAA, 0xAA, 0x50, 0x09, 0xFF, 0xFF, 0xFF, 0xFF, 0x70, 0x01, 0xFF, 0x10, 0x01, 0xFF, 0x10, 0x01, 0xFF, 0x10, 0x01, 0xFF,
  0x10, 0x01, 0xFF, 0x10, 0x01, 0xFF, 0x10, 0x01, 0xFF, 0x10, 0x01, 0xFF, 0x10, 0x01, 0xFF, 0x10, 0x01, 0xFF, 0x10, 0x01,
  0xFF, 0x10, 0x01, 0xFF, 0x10, 0x01, 0xFF, 0x10, 0x01, 0xFF, 0x10, 0x01, 0xFF, 0x10, 0x01, 0xFF, 0x10, 0x00, 0x42, 0x00,
  0x7F, 0xC0, 0x05, 0xEA, 0x00, 0x00, 0x00, 0x00, 0x00, 0x00, 0x6F, 0xB0, 0x06, 0xFB, 0x00, 0x6F, 0xB0, 0x06, 0xFB, 0x00,
  0x6F, 0xB0, 0x06, 0xFB, 0x00, 0x6F, 0xB0, 0x06, 0xFB, 0x00, 0x6F, 0xB0, 0x06, 0xFB, 0x00, 0x6F, 0xB0, 0x06, 0xFB, 0x00,
  0x00, 0x00, 0x00, 0x1F, 0xE0, 0x00, 0x00, 0x00, 0x1F, 0xE0, 0x00, 0x00, 0x00, 0x1F, 0xE0, 0x07, 0xFF, 0xFF, 0xFF, 0xE0,
  0x07, 0xFD, 0xAA, 0xAA, 0xA0, 0x07, 0xF9, 0x00, 0x00, 0x00, 0x07, 0xF9, 0x00, 0x00, 0x00, 0x07, 0xF9, 0x00, 0x00, 0x00,
  0x07, 0xF9, 0x00, 0x00, 0x00, 0x07, 0xF9, 0x00, 0x00, 0x00, 0x07, 0xF9, 0x00, 0x00, 0x00, 0x07, 0xF9, 0x00, 0x00, 0x00,
  0x07, 0xF9, 0x00, 0x00, 0x00, 0x07, 0xF9, 0x00, 0x00, 0x00, 0x07, 0xF9, 0x00, 0x00, 0x00, 0x06, 0xFA, 0x00, 0x00, 0x4F,
  0xD0, 0x06, 0xFA, 0x00, 0x00, 0x4F, 0xD0, 0x06, 0xFA, 0x00, 0x00, 0x4F, 0xD0, 0x06, 0xFA, 0x00, 0x00, 0x4F, 0xD0, 0x06,
  0xFA, 0x00, 0x00, 0x4F, 0xD0, 0x06, 0xFA, 0x00, 0x00, 0x4F, 0xD0, 0x06, 0xFA, 0x00, 0x00, 0x4F, 0xD0, 0x06, 0xFB, 0x00,
  0x00, 0x4F, 0xD0, 0x06, 0xFD, 0x00, 0x00, 0x4F, 0xD0, 0x06, 0xFF, 0x50, 0x01, 0xBF, 0xD0, 0x06, 0xFF, 0xFB, 0xBE, 0xEF,
  0xD0, 0x06, 0xFC, 0xBE, 0xEB, 0x3C, 0xA0, 0x06, 0xFA, 0x00, 0x00, 0x00, 0x00, 0x06, 0xFA, 0x00, 0x00, 0x00, 0x00, 0x06,
  0xFA, 0x00, 0x00, 0x00, 0x00, 0x06, 0xFA, 0x00, 0x00, 0x00, 0x00, 0x00, 0x18, 0xDE, 0xFF, 0xE0, 0x00, 0x2D, 0xFF, 0xFF,
  0xFE, 0x00, 0x0A, 0xFF, 0xFF, 0xFF, 0xE0, 0x01, 0xFF, 0xFF, 0xFF, 0xFE, 0x00, 0x4F, 0xFF, 0xFF, 0xFF, 0xE0, 0x05, 0xFF,
  0xFF, 0xFF, 0xFE, 0x00, 0x3F, 0xFF, 0xFF, 0xFF, 0xE0, 0x00, 0xCF, 0xFF, 0xFF, 0xFE, 0x00, 0x04, 0xFF, 0xFF, 0xFF, 0xE0,
  0x00, 0x04, 0xCF, 0xFF, 0xFE, 0x00, 0x00, 0x00, 0x25, 0x6F, 0xE0, 0x00, 0x00, 0x00, 0x01, 0xFE, 0x00, 0x00, 0x00, 0x00,
  0x1F, 0xE0, 0x00, 0x00, 0x00, 0x01, 0xFE, 0x00, 0x00, 0x00, 0x00, 0x1F, 0xE0, 0x00, 0x00, 0x00, 0x01, 0xFE, 0x00, 0x04,
  0xEC, 0x00, 0x06, 0xFE, 0x00, 0x00, 0x64, 0x00, 0x00, 0x00, 0x00, 0x00, 0x00, 0x00, 0x00, 0x00, 0x00, 0x00, 0x00, 0x00,
  0x00, 0x00, 0x00, 0x00, 0x00, 0x00, 0x00, 0x04, 0x20, 0x01, 0x40, 0x00, 0x00, 0x5F, 0xD0, 0x0A, 0xF8, 0x00, 0x00, 0x4E,
  0xB0, 0x09, 0xE6, 0x00, 0x00, 0x00, 0x00, 0x00, 0x00, 0x00, 0x00, 0x00, 0x00, 0x00, 0x00, 0x00, 0x00, 0x04, 0xBE, 0xFC,
  0x70, 0x00, 0x00, 0x6F, 0xFC, 0xBE, 0xF9, 0x00, 0x03, 0xEE, 0x40, 0x03, 0xEF, 0x40, 0x09, 0xF8, 0x00, 0x00, 0x7F, 0x90,
  0x0D, 0xF3, 0x00, 0x00, 0x4F, 0xC0, 0x0E, 0xFF, 0xFF, 0xFF, 0xFF, 0xD0, 0x0F, 0xFA, 0xAA, 0xAA, 0xAA, 0x90, 0x0E, 0xF3,
  0x00, 0x00, 0x00, 0x00, 0x0A, 0xF8, 0x00, 0x00, 0x01, 0x00, 0x04, 0xFE, 0x50, 0x00, 0x5E, 0x60, 0x00, 0x7F, 0xFC, 0xAC,
  0xFE, 0x30, 0x00, 0x05, 0xBE, 0xFD, 0x92, 0x00, 0x05, 0xFF, 0x30, 0x00, 0x00, 0xBF, 0x50, 0x06, 0xDF, 0xD9, 0x10, 0x00,
  0x5F, 0xFB, 0x00, 0x00, 0x0B, 0xF5, 0x05, 0xFD, 0x9B, 0xFB, 0x00, 0x05, 0xFF, 0xF4, 0x00, 0x00, 0xBF, 0x50, 0xCF, 0x20,
  0x0B, 0xF3, 0x00, 0x5F, 0xEF, 0xB0, 0x00, 0x0B, 0xF5, 0x0E, 0xC0, 0x00, 0x7F, 0x60, 0x05, 0xFC, 0xCF, 0x40, 0x00, 0xBF,
  0x50, 0xFC, 0x00, 0x07, 0xF6, 0x00, 0x5F, 0xC5, 0xFC, 0x00, 0x0B, 0xF5, 0x0D, 0xE0, 0x00, 0x8F, 0x50, 0x05, 0xFC, 0x0C,
  0xF5, 0x00, 0xBF, 0x50, 0x9F, 0x82, 0x5E, 0xE1, 0x00, 0x5F, 0xC0, 0x5F, 0xC0, 0x0B, 0xF5, 0x01, 0xCF, 0xFF, 0xE5, 0x00,
  0x05, 0xFC, 0x00, 0xCF, 0x50, 0xBF, 0x50, 0x00, 0x47, 0x62, 0x00, 0x00, 0x5F, 0xC0, 0x04, 0xFC, 0x0B, 0xF5, 0x00, 0x00,
  0x00, 0x00, 0x00, 0x05, 0xFC, 0x00, 0x0B, 0xF5, 0xBF, 0x50, 0xAF, 0xFF, 0xFF, 0xF0, 0x00, 0x5F, 0xC0, 0x00, 0x4F, 0xDB,
  0xF5, 0x06, 0x99, 0x99, 0x99, 0x00, 0x05, 0xFC, 0x00, 0x00, 0xBF, 0xEF, 0x50, 0x00, 0x00, 0x00, 0x00, 0x00, 0x5F, 0xC0,
  0x00, 0x04, 0xFF, 0xF5, 0x00, 0x00, 0x00, 0x00, 0x00, 0x05, 0xFC, 0x00, 0x00, 0x0B, 0xFF, 0x50, 0x00, 0x00, 0x00, 0x00,
  0x00, 0x5F, 0xC0, 0x00, 0x00, 0x3F, 0xF5, 0x00, 0x00, 0x00, 0x00, 0x00, 0x00, 0x04, 0xBE, 0xFD, 0x91, 0x00, 0x00, 0x6F,
  0xFC, 0xBE, 0xFD, 0x10, 0x03, 0xEE, 0x40, 0x01, 0xBF, 0x90, 0x09, 0xF8, 0x00, 0x00, 0x3F, 0xD0, 0x0C, 0xF4, 0x00, 0x00,
  0x01, 0x10, 0x0D, 0xFF, 0xFF, 0xF8, 0x00, 0x00, 0x0D, 0xFB, 0xAA, 0xA5, 0x00, 0x00, 0x0C, 0xF5, 0x00, 0x00, 0x00, 0x00,
  0x09, 0xF9, 0x00, 0x00, 0x2D, 0xB0, 0x03, 0xFF, 0x50, 0x01, 0xBF, 0x80, 0x00, 0x7F, 0xFC, 0xBE, 0xFC, 0x10, 0x00, 0x05,
  0xBE, 0xFD, 0x70, 0x00, 0x09, 0xE2, 0x0C, 0xC1, 0x00, 0x01, 0xDC, 0x13, 0xFA, 0x00, 0x00, 0x4F, 0xA0, 0x7F, 0x70, 0x00,
  0x08, 0xF8, 0x0B, 0xF4, 0x00, 0x08, 0xF8, 0x0B, 0xF4, 0x00, 0x4F, 0xA0, 0x7F, 0x70, 0x01, 0xDC, 0x13, 0xEA, 0x00, 0x09,
  0xE2, 0x0C, 0xC1, 0x00, 0x00, 0x00, 0x00, 0x00, 0x00, 0x00, 0x00, 0x00, 0x00, 0x00, 0x00, 0x14, 0x10, 0x00, 0x9F, 0xA0,
  0x00, 0x7F, 0x80, 0x00, 0x00, 0x00, 0x00, 0x00, 0x00, 0x00, 0x7F, 0x90, 0x00, 0x7F, 0x90, 0x00, 0x7F, 0x90, 0x00, 0x7F,
  0x90, 0x00, 0x7F, 0x90, 0x00, 0x7F, 0x90, 0x00, 0x7F, 0x90, 0x00, 0x7F, 0x90, 0x00, 0x7F, 0x90, 0x00, 0x7F, 0x90, 0x00,
  0x7F, 0x90, 0x00, 0x7F, 0x90, 0x00, 0x8F, 0x90, 0x00, 0xAF, 0x80, 0x9C, 0xFF, 0x30, 0xAF, 0xD6, 0x00, 0x00, 0x04, 0xBE,
  0xFE, 0xC6, 0x00, 0x00, 0x08, 0xFF, 0xDC, 0xDF, 0xFB, 0x10, 0x04, 0xFF, 0x50, 0x00, 0x3C, 0xF9, 0x00, 0x9F, 0xA0, 0x00,
  0x00, 0x3F, 0xE1, 0x0A, 0xF9, 0x00, 0x00, 0x00, 0xBC, 0x20, 0x7F, 0xE2, 0x00, 0x00, 0x00, 0x00, 0x01, 0xDF, 0xE8, 0x30,
  0x00, 0x00, 0x00, 0x02, 0xAF, 0xFF, 0xD8, 0x20, 0x00, 0x00, 0x00, 0x39, 0xDF, 0xFE, 0x80, 0x00, 0x00, 0x00, 0x00, 0x4A,
  0xFF, 0x80, 0x00, 0x00, 0x00, 0x00, 0x06, 0xFE, 0x11, 0xCB, 0x00, 0x00, 0x00, 0x0E, 0xF3, 0x0E, 0xF4, 0x00, 0x00, 0x01,
  0xFF, 0x30, 0x8F, 0xD5, 0x00, 0x01, 0xAF, 0xD0, 0x00, 0x9F, 0xFD, 0xBC, 0xEF, 0xE3, 0x00, 0x00, 0x4A, 0xDF, 0xED, 0x92,
  0x00, 0x00, 0x18, 0xDE, 0xEB, 0x50, 0x00, 0x1D, 0xFD, 0xBC, 0xFF, 0x60, 0x07, 0xFB, 0x00, 0x06, 0xFE, 0x10, 0x9F, 0x80,
  0x00, 0x09, 0xA2, 0x06, 0xFE, 0x61, 0x00, 0x00, 0x00, 0x08, 0xFF, 0xFC, 0x82, 0x00, 0x00, 0x02, 0x7B, 0xEF, 0xE6, 0x00,
  0x00, 0x00, 0x01, 0x7F, 0xF2, 0x0C, 0xC2, 0x00, 0x00, 0xCF, 0x40, 0xBF, 0xA0, 0x00, 0x3E, 0xF2, 0x03, 0xEF, 0xDB, 0xBF,
  0xF9, 0x00, 0x02, 0x9D, 0xFE, 0xC6, 0x00, 0x14, 0x00, 0x02, 0x30, 0xAF, 0x80, 0x1E, 0xF3, 0x8E, 0x60, 0x1D, 0xD2, 0x00,
  0x00, 0x00, 0x00, 0x00, 0x00, 0x00, 0x00, 0x00, 0x6F, 0xB0, 0x00, 0x00, 0x6F, 0xB0, 0x00, 0x00, 0x6F, 0xB0, 0x00, 0x00,
  0x6F, 0xB0, 0x00, 0x00, 0x6F, 0xB0, 0x00, 0x00, 0x6F, 0xB0, 0x00, 0x00, 0x6F, 0xB0, 0x00, 0x00, 0x6F, 0xB0, 0x00, 0x00,
  0x6F, 0xB0, 0x00, 0x00, 0x6F, 0xB0, 0x00, 0x00, 0x6F, 0xB0, 0x00, 0x00, 0x6F, 0xB0, 0x00, 0x00, 0x00, 0x00, 0xEF, 0x50,
  0x00, 0x00, 0x00, 0x00, 0x00, 0x5F, 0xFA, 0x00, 0x00, 0x00, 0x00, 0x00, 0x0B, 0xFE, 0xE1, 0x00, 0x00, 0x00, 0x00, 0x01,
  0xFD, 0x8F, 0x70, 0x00, 0x00, 0x00, 0x00, 0x7F, 0x83, 0xFC, 0x00, 0x00, 0x00, 0x00, 0x0C, 0xF3, 0x0C, 0xF3, 0x00, 0x00,
  0x00, 0x03, 0xFC, 0x00, 0x7F, 0x80, 0x00, 0x00, 0x00, 0x9F, 0x70, 0x02, 0xFD, 0x00, 0x00, 0x00, 0x0E, 0xF2, 0x00, 0x0B,
  0xF5, 0x00, 0x00, 0x05, 0xFB, 0x00, 0x00, 0x6F, 0xA0, 0x00, 0x00, 0xAF, 0xFF, 0xFF, 0xFF, 0xFE, 0x10, 0x00, 0x1F, 0xEB,
  0xBB, 0xBB, 0xBD, 0xF7, 0x00, 0x07, 0xFA, 0x00, 0x00, 0x00, 0x5F, 0xC0, 0x00, 0xCF, 0x50, 0x00, 0x00, 0x00, 0xEF, 0x30,
  0x3F, 0xE0, 0x00, 0x00, 0x00, 0x09, 0xF8, 0x09, 0xFA, 0x00, 0x00, 0x00, 0x00, 0x4F, 0xD0, 0x05, 0xFF, 0xFF, 0xFF, 0xFF,
  0xF6, 0x00, 0x05, 0xFE, 0xBB, 0xBB, 0xBB, 0xB5, 0x00, 0x05, 0xFD, 0x00, 0x00, 0x00, 0x00, 0x00, 0x05, 0xFD, 0x00, 0x00,
  0x00, 0x00, 0x00, 0x05, 0xFD, 0x00, 0x00, 0x00, 0x00, 0x00, 0x05, 0xFD, 0x00, 0x00, 0x00, 0x00, 0x00, 0x05, 0xFD, 0x00,
  0x00, 0x00, 0x00, 0x00, 0x05, 0xFF, 0xFF, 0xFF, 0xEC, 0x70, 0x00, 0x05, 0xFE, 0xBB, 0xBB, 0xDF, 0xFC, 0x10, 0x05, 0xFD,
  0x00, 0x00, 0x04, 0xEF, 0x80, 0x05, 0xFD, 0x00, 0x00, 0x00, 0x6F, 0xC0, 0x05, 0xFD, 0x00, 0x00, 0x00, 0x4F, 0xD0, 0x05,
  0xFD, 0x00, 0x00, 0x00, 0x7F, 0xC0, 0x05, 0xFD, 0x00, 0x00, 0x04, 0xEF, 0x70, 0x05, 0xFE, 0xBB, 0xBB, 0xDF, 0xFB, 0x00,
  0x05, 0xFF, 0xFF, 0xFF, 0xEC, 0x70, 0x00, 0x04, 0xFF, 0xFF, 0xFF, 0xD9, 0x20, 0x00, 0x04, 0xFF, 0xBB, 0xBC, 0xEF, 0xE3,
  0x00, 0x04, 0xFD, 0x00, 0x00, 0x1B, 0xFB, 0x00, 0x04, 0xFD, 0x00, 0x00, 0x03, 0xFF, 0x00, 0x04, 0xFD, 0x00, 0x00, 0x02,
  0xFF, 0x00, 0x04, 0xFD, 0x00, 0x00, 0x06, 0xFD, 0x00, 0x04, 0xFD, 0x00, 0x02, 0x6E, 0xF5, 0x00, 0x04, 0xFF, 0xFF, 0xFF,
  0xFE, 0x50, 0x00, 0x04, 0xFE, 0xBB, 0xBB, 0xDF, 0xD4, 0x00, 0x04, 0xFD, 0x00, 0x00, 0x06, 0xFE, 0x10, 0x04, 0xFD, 0x00,
  0x00, 0x00, 0xCF, 0x60, 0x04, 0xFD, 0x00, 0x00, 0x00, 0xAF, 0x70, 0x04, 0xFD, 0x00, 0x00, 0x00, 0xDF, 0x60, 0x04, 0xFD,
  0x00, 0x00, 0x08, 0xFE, 0x20, 0x04, 0xFF, 0xBB, 0xBB, 0xEF, 0xF6, 0x00, 0x04, 0xFF, 0xFF, 0xFF, 0xEB, 0x40, 0x00, 0x02,
  0xFF, 0xFF, 0xFF, 0xFF, 0xF9, 0x02, 0xFF, 0xBB, 0xBB, 0xBB, 0xB6, 0x02, 0xFF, 0x00, 0x00, 0x00, 0x00, 0x02, 0xFF, 0x00,
  0x00, 0x00, 0x00, 0x02, 0xFF, 0x00, 0x00, 0x00, 0x00, 0x02, 0xFF, 0x00, 0x00, 0x00, 0x00, 0x02, 0xFF, 0x00, 0x00, 0x00,
  0x00, 0x02, 0xFF, 0x00, 0x00, 0x00, 0x00, 0x02, 0xFF, 0x00, 0x00, 0x00, 0x00, 0x02, 0xFF, 0x00, 0x00, 0x00, 0x00, 0x02,
  0xFF, 0x00, 0x00, 0x00, 0x00, 0x02, 0xFF, 0x00, 0x00, 0x00, 0x00, 0x02, 0xFF, 0x00, 0x00, 0x00, 0x00, 0x02, 0xFF, 0x00,
  0x00, 0x00, 0x00, 0x02, 0xFF, 0x00, 0x00, 0x00, 0x00, 0x02, 0xFF, 0x00, 0x00, 0x00, 0x00, 0x00, 0x00, 0x9F, 0xFF, 0xFF,
  0xFF, 0xFD, 0x00, 0x00, 0x00, 0x09, 0xFD, 0xBB, 0xBB, 0xCF, 0xD0, 0x00, 0x00, 0x00, 0xAF, 0x80, 0x00, 0x04, 0xFD, 0x00,
  0x00, 0x00, 0x0B, 0xF7, 0x00, 0x00, 0x4F, 0xD0, 0x00, 0x00, 0x00, 0xBF, 0x60, 0x00, 0x04, 0xFD, 0x00, 0x00, 0x00, 0x0C,
  0xF6, 0x00, 0x00, 0x4F, 0xD0, 0x00, 0x00, 0x00, 0xDF, 0x50, 0x00, 0x04, 0xFD, 0x00, 0x00, 0x00, 0x0E, 0xF3, 0x00, 0x00,
  0x4F, 0xD0, 0x00, 0x00, 0x01, 0xFF, 0x20, 0x00, 0x04, 0xFD, 0x00, 0x00, 0x00, 0x4F, 0xE0, 0x00, 0x00, 0x4F, 0xD0, 0x00,
  0x00, 0x07, 0xFB, 0x00, 0x00, 0x04, 0xFD, 0x00, 0x00, 0x00, 0xBF, 0x70, 0x00, 0x00, 0x4F, 0xD0, 0x00, 0x00, 0x2F, 0xF2,
  0x00, 0x00, 0x04, 0xFD, 0x00, 0x00, 0x0A, 0xFA, 0x00, 0x00, 0x00, 0x4F, 0xD0, 0x00, 0x6B, 0xFF, 0xCB, 0xBB, 0xBB, 0xBC,
  0xFF, 0xBA, 0x08, 0xFF, 0xFF, 0xFF, 0xFF, 0xFF, 0xFF, 0xFF, 0xE0, 0x8F, 0xA0, 0x00, 0x00, 0x00, 0x00, 0x03, 0xFE, 0x08,
  0xFA, 0x00, 0x00, 0x00, 0x00, 0x00, 0x3F, 0xE0, 0x8F, 0xA0, 0x00, 0x00, 0x00, 0x00, 0x03, 0xFE, 0x08, 0xFA, 0x00, 0x00,
  0x00, 0x00, 0x00, 0x3F, 0xD0, 0x04, 0xFF, 0xFF, 0xFF, 0xFF, 0xFA, 0x00, 0x4F, 0xFB, 0xBB, 0xBB, 0xBB, 0x80, 0x04, 0xFD,
  0x00, 0x00, 0x00, 0x00, 0x00, 0x4F, 0xD0, 0x00, 0x00, 0x00, 0x00, 0x04, 0xFD, 0x00, 0x00, 0x00, 0x00, 0x00, 0x4F, 0xD0,
  0x00, 0x00, 0x00, 0x00, 0x04, 0xFD, 0x00, 0x00, 0x00, 0x00, 0x00, 0x4F, 0xFF, 0xFF, 0xFF, 0xFB, 0x00, 0x04, 0xFF, 0xBB,
  0xBB, 0xBB, 0x80, 0x00, 0x4F, 0xD0, 0x00, 0x00, 0x00, 0x00, 0x04, 0xFD, 0x00, 0x00, 0x00, 0x00, 0x00, 0x4F, 0xD0, 0x00,
  0x00, 0x00, 0x00, 0x04, 0xFD, 0x00, 0x00, 0x00, 0x00, 0x00, 0x4F, 0xD0, 0x00, 0x00, 0x00, 0x00, 0x04, 0xFF, 0xBB, 0xBB,
  0xBB, 0xB9, 0x00, 0x4F, 0xFF, 0xFF, 0xFF, 0xFF, 0xC0, 0x2E, 0xF7, 0x00, 0x00, 0x0E, 0xF3, 0x00, 0x00, 0x6F, 0xE3, 0x06,
  0xFE, 0x20, 0x00, 0x0E, 0xF3, 0x00, 0x01, 0xDF, 0x80, 0x00, 0xBF, 0xA0, 0x00, 0x0E, 0xF3, 0x00, 0x08, 0xFC, 0x00, 0x00,
  0x2E, 0xF4, 0x00, 0x0E, 0xF3, 0x00, 0x3F, 0xF4, 0x00, 0x00, 0x07, 0xFC, 0x00, 0x0E, 0xF3, 0x00, 0xBF, 0x90, 0x00, 0x00,
  0x00, 0xCF, 0x70, 0x0E, 0xF3, 0x05, 0xFD, 0x10, 0x00, 0x00, 0x00, 0x3F, 0xE2, 0x0E, 0xF3, 0x1D, 0xF5, 0x00, 0x00, 0x00,
  0x00, 0x0A, 0xFF, 0xFF, 0xFF, 0xFF, 0xB0, 0x00, 0x00, 0x00, 0x00, 0x2E, 0xFC, 0xBF, 0xFC, 0xCF, 0xF3, 0x00, 0x00, 0x00,
  0x00, 0xAF, 0xD0, 0x0E, 0xF3, 0x0B, 0xFC, 0x00, 0x00, 0x00, 0x05, 0xFF, 0x40, 0x0E, 0xF3, 0x03, 0xFF, 0x70, 0x00, 0x00,
  0x1D, 0xFA, 0x00, 0x0E, 0xF3, 0x00, 0x8F, 0xE2, 0x00, 0x00, 0x9F, 0xE2, 0x00, 0x0E, 0xF3, 0x00, 0x1D, 0xFA, 0x00, 0x03,
  0xFF, 0x70, 0x00, 0x0E, 0xF3, 0x00, 0x05, 0xFF, 0x50, 0x0C, 0xFC, 0x00, 0x00, 0x0E, 0xF3, 0x00, 0x00, 0xBF, 0xD1, 0x7F,
  0xF4, 0x00, 0x00, 0x0E, 0xF3, 0x00, 0x00, 0x2E, 0xF8, 0x00, 0x06, 0xBE, 0xFE, 0xC7, 0x00, 0x00, 0x0A, 0xFF, 0xDC, 0xDF,
  0xFB, 0x10, 0x07, 0xFE, 0x40, 0x00, 0x4E, 0xF8, 0x00, 0xCF, 0x60, 0x00, 0x00, 0x6F, 0xC0, 0x05, 0x61, 0x00, 0x00, 0x04,
  0xFD, 0x00, 0x00, 0x00, 0x00, 0x00, 0x7F, 0xB0, 0x00, 0x00, 0x00, 0x02, 0x7E, 0xE3, 0x00, 0x00, 0x05, 0xFF, 0xFF, 0xD3,
  0x00, 0x00, 0x00, 0x4B, 0xBD, 0xFF, 0xA1, 0x00, 0x00, 0x00, 0x00, 0x02, 0xCF, 0xA0, 0x00, 0x00, 0x00, 0x00, 0x03, 0xFF,
  0x11, 0x99, 0x00, 0x00, 0x00, 0x0E, 0xF2, 0x0F, 0xF4, 0x00, 0x00, 0x03, 0xFF, 0x10, 0xAF, 0xD3, 0x00, 0x03, 0xDF, 0xA0,
  0x01, 0xCF, 0xFC, 0xBD, 0xFF, 0xC1, 0x00, 0x00, 0x7C, 0xEF, 0xEC, 0x70, 0x00, 0x02, 0xFF, 0x00, 0x00, 0x00, 0x0A, 0xFC,
  0x00, 0x02, 0xFF, 0x00, 0x00, 0x00, 0x5F, 0xFC, 0x00, 0x02, 0xFF, 0x00, 0x00, 0x01, 0xDF, 0xFC, 0x00, 0x02, 0xFF, 0x00,
  0x00, 0x09, 0xFF, 0xFC, 0x00, 0x02, 0xFF, 0x00, 0x00, 0x3F, 0xF8, 0xFC, 0x00, 0x02, 0xFF, 0x00, 0x00, 0xCF, 0x96, 0xFC,
  0x00, 0x02, 0xFF, 0x00, 0x07, 0xFD, 0x16, 0xFC, 0x00, 0x02, 0xFF, 0x00, 0x2E, 0xF5, 0x06, 0xFC, 0x00, 0x02, 0xFF, 0x00,
  0xAF, 0xA0, 0x06, 0xFC, 0x00, 0x02, 0xFF, 0x05, 0xFE, 0x20, 0x06, 0xFC, 0x00, 0x02, 0xFF, 0x1D, 0xF7, 0x00, 0x06, 0xFC,
  0x00, 0x02, 0xFF, 0x9F, 0xC0, 0x00, 0x06, 0xFC, 0x00, 0x02, 0xFF, 0xFF, 0x30, 0x00, 0x06, 0xFC, 0x00, 0x02, 0xFF, 0xF9,
  0x00, 0x00, 0x06, 0xFC, 0x00, 0x02, 0xFF, 0xD1, 0x00, 0x00, 0x06, 0xFC, 0x00, 0x02, 0xFF, 0x50, 0x00, 0x00, 0x06, 0xFC,
  0x00, 0x00, 0x00, 0x4F, 0x70, 0x0A, 0xF1, 0x00, 0x00, 0x00, 0x00, 0x1D, 0xD6, 0x7F, 0xB0, 0x00, 0x00, 0x00, 0x00, 0x03,
  0xBE, 0xEA, 0x20, 0x00, 0x00, 0x00, 0x00, 0x00, 0x00, 0x00, 0x00, 0x00, 0x00, 0x02, 0xFF, 0x00, 0x00, 0x00, 0x0A, 0xFC,
  0x00, 0x02, 0xFF, 0x00, 0x00, 0x00, 0x5F, 0xFC, 0x00, 0x02, 0xFF, 0x00, 0x00, 0x01, 0xDF, 0xFC, 0x00, 0x02, 0xFF, 0x00,
  0x00, 0x09, 0xFF, 0xFC, 0x00, 0x02, 0xFF, 0x00, 0x00, 0x3F, 0xF8, 0xFC, 0x00, 0x02, 0xFF, 0x00, 0x00, 0xCF, 0x96, 0xFC,
  0x00, 0x02, 0xFF, 0x00, 0x07, 0xFD, 0x16, 0xFC, 0x00, 0x02, 0xFF, 0x00, 0x2E, 0xF5, 0x06, 0xFC, 0x00, 0x02, 0xFF, 0x00,
  0xAF, 0xA0, 0x06, 0xFC, 0x00, 0x02, 0xFF, 0x05, 0xFE, 0x20, 0x06, 0xFC, 0x00, 0x02, 0xFF, 0x1D, 0xF7, 0x00, 0x06, 0xFC,
  0x00, 0x02, 0xFF, 0x9F, 0xC0, 0x00, 0x06, 0xFC, 0x00, 0x02, 0xFF, 0xFF, 0x30, 0x00, 0x06, 0xFC, 0x00, 0x02, 0xFF, 0xF9,
  0x00, 0x00, 0x06, 0xFC, 0x00, 0x02, 0xFF, 0xD1, 0x00, 0x00, 0x06, 0xFC, 0x00, 0x02, 0xFF, 0x50, 0x00, 0x00, 0x06, 0xFC,
  0x00, 0x02, 0xFF, 0x00, 0x00, 0x00, 0x6F, 0xF5, 0x00, 0x2F, 0xF0, 0x00, 0x00, 0x3E, 0xF8, 0x00, 0x02, 0xFF, 0x00, 0x00,
  0x1D, 0xFB, 0x00, 0x00, 0x2F, 0xF0, 0x00, 0x0B, 0xFD, 0x10, 0x00, 0x02, 0xFF, 0x00, 0x08, 0xFE, 0x30, 0x00, 0x00, 0x2F,
  0xF0, 0x05, 0xFF, 0x60, 0x00, 0x00, 0x02, 0xFF, 0x02, 0xEF, 0x90, 0x00, 0x00, 0x00, 0x2F, 0xFF, 0xFF, 0xD1, 0x00, 0x00,
  0x00, 0x02, 0xFF, 0xBB, 0xFF, 0x50, 0x00, 0x00, 0x00, 0x2F, 0xF0, 0x09, 0xFE, 0x30, 0x00, 0x00, 0x02, 0xFF, 0x00, 0x0C,
  0xFC, 0x10, 0x00, 0x00, 0x2F, 0xF0, 0x00, 0x2E, 0xFA, 0x00, 0x00, 0x02, 0xFF, 0x00, 0x00, 0x4F, 0xF6, 0x00, 0x00, 0x2F,
  0xF0, 0x00, 0x00, 0x7F, 0xE3, 0x00, 0x02, 0xFF, 0x00, 0x00, 0x00, 0xAF, 0xD1, 0x00, 0x2F, 0xF0, 0x00, 0x00, 0x01, 0xDF,
  0xB0, 0x00, 0x01, 0xFF, 0xFF, 0xFF, 0xFF, 0xFA, 0x00, 0x00, 0x01, 0xFF, 0xBB, 0xBB, 0xBD, 0xFA, 0x00, 0x00, 0x02, 0xFE,
  0x00, 0x00, 0x07, 0xFA, 0x00, 0x00, 0x03, 0xFE, 0x00, 0x00, 0x07, 0xFA, 0x00, 0x00, 0x04, 0xFD, 0x00, 0x00, 0x07, 0xFA,
  0x00, 0x00, 0x04, 0xFC, 0x00, 0x00, 0x07, 0xFA, 0x00, 0x00, 0x05, 0xFC, 0x00, 0x00, 0x07, 0xFA, 0x00, 0x00, 0x05, 0xFB,
  0x00, 0x00, 0x07, 0xFA, 0x00, 0x00, 0x06, 0xFB, 0x00, 0x00, 0x07, 0xFA, 0x00, 0x00, 0x07, 0xFA, 0x00, 0x00, 0x07, 0xFA,
  0x00, 0x00, 0x09, 0xF8, 0x00, 0x00, 0x07, 0xFA, 0x00, 0x00, 0x0B, 0xF6, 0x00, 0x00, 0x07, 0xFA, 0x00, 0x00, 0x0E, 0xF3,
  0x00, 0x00, 0x07, 0xFA, 0x00, 0x00, 0x8F, 0xC0, 0x00, 0x00, 0x07, 0xFA, 0x00, 0x6D, 0xFF, 0x50, 0x00, 0x00, 0x07, 0xFA,
  0x00, 0x8E, 0xC5, 0x00, 0x00, 0x00, 0x07, 0xFA, 0x00, 0x04, 0xFF, 0xB0, 0x00, 0x00, 0x00, 0x00, 0x8F, 0xF7, 0x00, 0x4F,
  0xFF, 0x20, 0x00, 0x00, 0x00, 0x0D, 0xFF, 0x70, 0x04, 0xFF, 0xF8, 0x00, 0x00, 0x00, 0x05, 0xFF, 0xF7, 0x00, 0x4F, 0xDF,
  0xD0, 0x00, 0x00, 0x00, 0xBF, 0xDF, 0x70, 0x04, 0xFB, 0xCF, 0x50, 0x00, 0x00, 0x2F, 0xE9, 0xF7, 0x00, 0x4F, 0xC6, 0xFA,
  0x00, 0x00, 0x08, 0xF9, 0x9F, 0x70, 0x04, 0xFC, 0x1E, 0xF1, 0x00, 0x00, 0xDF, 0x3A, 0xF7, 0x00, 0x4F, 0xD0, 0x9F, 0x70,
  0x00, 0x4F, 0xC0, 0xAF, 0x70, 0x04, 0xFD, 0x03, 0xFD, 0x00, 0x0A, 0xF6, 0x0A, 0xF7, 0x00, 0x4F, 0xD0, 0x0C, 0xF4, 0x01,
  0xEE, 0x10, 0xBF, 0x70, 0x04, 0xFD, 0x00, 0x7F, 0xA0, 0x7F, 0x90, 0x0B, 0xF7, 0x00, 0x4F, 0xD0, 0x01, 0xEE, 0x1C, 0xF3,
  0x00, 0xBF, 0x70, 0x04, 0xFD, 0x00, 0x0A, 0xF9, 0xFC, 0x00, 0x0B, 0xF7, 0x00, 0x4F, 0xD0, 0x00, 0x4F, 0xFF, 0x60, 0x00,
  0xBF, 0x70, 0x04, 0xFD, 0x00, 0x00, 0xCF, 0xE1, 0x00, 0x0B, 0xF7, 0x00, 0x4F, 0xD0, 0x00, 0x07, 0xF9, 0x00, 0x00, 0xBF,
  0x70, 0x04, 0xFD, 0x00, 0x00, 0x00, 0x04, 0xFD, 0x00, 0x04, 0xFD, 0x00, 0x00, 0x00, 0x04, 0xFD, 0x00, 0x04, 0xFD, 0x00,
  0x00, 0x00, 0x04, 0xFD, 0x00, 0x04, 0xFD, 0x00, 0x00, 0x00, 0x04, 0xFD, 0x00, 0x04, 0xFD, 0x00, 0x00, 0x00, 0x04, 0xFD,
  0x00, 0x04, 0xFD, 0x00, 0x00, 0x00, 0x04, 0xFD, 0x00, 0x04, 0xFD, 0x00, 0x00, 0x00, 0x04, 0xFD, 0x00, 0x04, 0xFF, 0xFF,
  0xFF, 0xFF, 0xFF, 0xFD, 0x00, 0x04, 0xFF, 0xBB, 0xBB, 0xBB, 0xBC, 0xFD, 0x00, 0x04, 0xFD, 0x00, 0x00, 0x00, 0x04, 0xFD,
  0x00, 0x04, 0xFD, 0x00, 0x00, 0x00, 0x04, 0xFD, 0x00, 0x04, 0xFD, 0x00, 0x00, 0x00, 0x04, 0xFD, 0x00, 0x04, 0xFD, 0x00,
  0x00, 0x00, 0x04, 0xFD, 0x00, 0x04, 0xFD, 0x00, 0x00, 0x00, 0x04, 0xFD, 0x00, 0x04, 0xFD, 0x00, 0x00, 0x00, 0x04, 0xFD,
  0x00, 0x04, 0xFD, 0x00, 0x00, 0x00, 0x04, 0xFD, 0x00, 0x00, 0x00, 0x3A, 0xDF, 0xDB, 0x50, 0x00, 0x00, 0x00, 0x7F, 0xFE,
  0xCE, 0xFF, 0x90, 0x00, 0x00, 0x5F, 0xE6, 0x00, 0x05, 0xEF, 0x70, 0x00, 0x0D, 0xF6, 0x00, 0x00, 0x04, 0xFE, 0x20, 0x05,
  0xFD, 0x00, 0x00, 0x00, 0x0B, 0xF6, 0x00, 0x9F, 0x90, 0x00, 0x00, 0x00, 0x7F, 0xA0, 0x0A, 0xF6, 0x00, 0x00, 0x00, 0x05,
  0xFC, 0x00, 0xBF, 0x60, 0x00, 0x00, 0x00, 0x4F, 0xD0, 0x0B, 0xF6, 0x00, 0x00, 0x00, 0x04, 0xFD, 0x00, 0xAF, 0x60, 0x00,
  0x00, 0x00, 0x5F, 0xC0, 0x09, 0xF9, 0x00, 0x00, 0x00, 0x07, 0xFA, 0x00, 0x5F, 0xD0, 0x00, 0x00, 0x00, 0xBF, 0x70, 0x00,
  0xDF, 0x60, 0x00, 0x00, 0x3F, 0xE2, 0x00, 0x05, 0xFE, 0x60, 0x00, 0x4D, 0xF8, 0x00, 0x00, 0x07, 0xFF, 0xEC, 0xDF, 0xF9,
  0x00, 0x00, 0x00, 0x03, 0xAD, 0xFE, 0xB5, 0x00, 0x00, 0x02, 0xFF, 0xFF, 0xFF, 0xFF, 0xFF, 0xFC, 0x00, 0x02, 0xFF, 0xBB,
  0xBB, 0xBB, 0xBC, 0xFC, 0x00, 0x02, 0xFF, 0x00, 0x00, 0x00, 0x06, 0xFC, 0x00, 0x02, 0xFF, 0x00, 0x00, 0x00, 0x06, 0xFC,
  0x00, 0x02, 0xFF, 0x00, 0x00, 0x00, 0x06, 0xFC, 0x00, 0x02, 0xFF, 0x00, 0x00, 0x00, 0x06, 0xFC, 0x00, 0x02, 0xFF, 0x00,
  0x00, 0x00, 0x06, 0xFC, 0x00, 0x02, 0xFF, 0x00, 0x00, 0x00, 0x06, 0xFC, 0x00, 0x02, 0xFF, 0x00, 0x00, 0x00, 0x06, 0xFC,
  0x00, 0x02, 0xFF, 0x00, 0x00, 0x00, 0x06, 0xFC, 0x00, 0x02, 0xFF, 0x00, 0x00, 0x00, 0x06, 0xFC, 0x00, 0x02, 0xFF, 0x00,
  0x00, 0x00, 0x06, 0xFC, 0x00, 0x02, 0xFF, 0x00, 0x00, 0x00, 0x06, 0xFC, 0x00, 0x02, 0xFF, 0x00, 0x00, 0x00, 0x06, 0xFC,
  0x00, 0x02, 0xFF, 0x00, 0x00, 0x00, 0x06, 0xFC, 0x00, 0x02, 0xFF, 0x00, 0x00, 0x00, 0x06, 0xFC, 0x00, 0x04, 0xFF, 0xFF,
  0xFF, 0xEC, 0x70, 0x00, 0x04, 0xFF, 0xBB, 0xBB, 0xDF, 0xFB, 0x00, 0x04, 0xFD, 0x00, 0x00, 0x04, 0xEF, 0x80, 0x04, 0xFD,
  0x00, 0x00, 0x00, 0x6F, 0xD0, 0x04, 0xFD, 0x00, 0x00, 0x00, 0x2F, 0xF1, 0x04, 0xFD, 0x00, 0x00, 0x00, 0x2F, 0xF0, 0x04,
  0xFD, 0x00, 0x00, 0x00, 0x7F, 0xD0, 0x04, 0xFD, 0x00, 0x00, 0x38, 0xEF, 0x70, 0x04, 0xFF, 0xFF, 0xFF, 0xFF, 0xF8, 0x00,
  0x04, 0xFF, 0xBB, 0xBB, 0xA8, 0x30, 0x00, 0x04, 0xFD, 0x00, 0x00, 0x00, 0x00, 0x00, 0x04, 0xFD, 0x00, 0x00, 0x00, 0x00,
  0x00, 0x04, 0xFD, 0x00, 0x00, 0x00, 0x00, 0x00, 0x04, 0xFD, 0x00, 0x00, 0x00, 0x00, 0x00, 0x04, 0xFD, 0x00, 0x00, 0x00,
  0x00, 0x00, 0x04, 0xFD, 0x00, 0x00, 0x00, 0x00, 0x00, 0x00, 0x00, 0x4A, 0xDF, 0xEB, 0x60, 0x00, 0x00, 0x08, 0xFF, 0xDC,
  0xDF, 0xFA, 0x00, 0x00, 0x6F, 0xE5, 0x00, 0x04, 0xDF, 0x70, 0x01, 0xEF, 0x50, 0x00, 0x00, 0x5F, 0xE0, 0x05, 0xFC, 0x00,
  0x00, 0x00, 0x0E, 0xF4, 0x09, 0xF9, 0x00, 0x00, 0x00, 0x04, 0x52, 0x0A, 0xF7, 0x00, 0x00, 0x00, 0x00, 0x00, 0x0B, 0xF6,
  0x00, 0x00, 0x00, 0x00, 0x00, 0x0B, 0xF6, 0x00, 0x00, 0x00, 0x00, 0x00, 0x0B, 0xF7, 0x00, 0x00, 0x00, 0x00, 0x00, 0x09,
  0xF9, 0x00, 0x00, 0x00, 0x03, 0x31, 0x06, 0xFC, 0x00, 0x00, 0x00, 0x0E, 0xF4, 0x01, 0xEF, 0x40, 0x00, 0x00, 0x4F, 0xE0,
  0x00, 0x7F, 0xE4, 0x00, 0x04, 0xDF, 0x70, 0x00, 0x09, 0xFF, 0xDB, 0xDF, 0xFA, 0x00, 0x00, 0x00, 0x5B, 0xEF, 0xEB, 0x50,
  0x00, 0x8F, 0xFF, 0xFF, 0xFF, 0xFF, 0xFF, 0xA6, 0xBB, 0xBB, 0xDF, 0xDB, 0xBB, 0xB7, 0x00, 0x00, 0x08, 0xFA, 0x00, 0x00,
  0x00, 0x00, 0x00, 0x8F, 0xA0, 0x00, 0x00, 0x00, 0x00, 0x08, 0xFA, 0x00, 0x00, 0x00, 0x00, 0x00, 0x8F, 0xA0, 0x00, 0x00,
  0x00, 0x00, 0x08, 0xFA, 0x00, 0x00, 0x00, 0x00, 0x00, 0x8F, 0xA0, 0x00, 0x00, 0x00, 0x00, 0x08, 0xFA, 0x00, 0x00, 0x00,
  0x00, 0x00, 0x8F, 0xA0, 0x00, 0x00, 0x00, 0x00, 0x08, 0xFA, 0x00, 0x00, 0x00, 0x00, 0x00, 0x8F, 0xA0, 0x00, 0x00, 0x00,
  0x00, 0x08, 0xFA, 0x00, 0x00, 0x00, 0x00, 0x00, 0x8F, 0xA0, 0x00, 0x00, 0x00, 0x00, 0x08, 0xFA, 0x00, 0x00, 0x00, 0x00,
  0x00, 0x8F, 0xA0, 0x00, 0x00, 0x1E, 0xF6, 0x00, 0x00, 0x00, 0x7F, 0xE1, 0x08, 0xFC, 0x00, 0x00, 0x00, 0xDF, 0x90, 0x02,
  0xEF, 0x50, 0x00, 0x04, 0xFF, 0x30, 0x00, 0x9F, 0xB0, 0x00, 0x0A, 0xFB, 0x00, 0x00, 0x3F, 0xF3, 0x00, 0x1E, 0xF5, 0x00,
  0x00, 0x0B, 0xF9, 0x00, 0x7F, 0xD0, 0x00, 0x00, 0x04, 0xFE, 0x10, 0xCF, 0x80, 0x00, 0x00, 0x00, 0xCF, 0x83, 0xFE, 0x20,
  0x00, 0x00, 0x00, 0x5F, 0xD9, 0xFA, 0x00, 0x00, 0x00, 0x00, 0x0D, 0xFF, 0xF4, 0x00, 0x00, 0x00, 0x00, 0x07, 0xFF, 0xC0,
  0x00, 0x00, 0x00, 0x00, 0x01, 0xEF, 0x60, 0x00, 0x00, 0x00, 0x00, 0x04, 0xFE, 0x10, 0x00, 0x00, 0x00, 0x00, 0x0B, 0xF8,
  0x00, 0x00, 0x00, 0x00, 0x3B, 0xDF, 0xD1, 0x00, 0x00, 0x00, 0x00, 0x4F, 0xEB, 0x20, 0x00, 0x00, 0x00, 0x00, 0x00, 0x00,
  0x08, 0xF9, 0x00, 0x00, 0x00, 0x00, 0x00, 0x00, 0x00, 0x8F, 0x90, 0x00, 0x00, 0x00, 0x00, 0x00, 0x6C, 0xEF, 0xFF, 0xEC,
  0x71, 0x00, 0x00, 0x02, 0xCF, 0xEB, 0xCF, 0xDB, 0xEF, 0xC3, 0x00, 0x01, 0xCF, 0x91, 0x08, 0xF9, 0x00, 0x8F, 0xD1, 0x00,
  0x7F, 0xA0, 0x00, 0x8F, 0x90, 0x00, 0x9F, 0x80, 0x0C, 0xF3, 0x00, 0x08, 0xF9, 0x00, 0x02, 0xFD, 0x00, 0xFE, 0x00, 0x00,
  0x8F, 0x90, 0x00, 0x0D, 0xF2, 0x2F, 0xE0, 0x00, 0x08, 0xF9, 0x00, 0x00, 0xDF, 0x30, 0xFE, 0x00, 0x00, 0x8F, 0x90, 0x00,
  0x0E, 0xF2, 0x0C, 0xF3, 0x00, 0x08, 0xF9, 0x00, 0x02, 0xFD, 0x00, 0x7F, 0xA0, 0x00, 0x8F, 0x90, 0x00, 0xAF, 0x80, 0x01,
  0xCF, 0x91, 0x08, 0xF9, 0x01, 0x8F, 0xD1, 0x00, 0x02, 0xCF, 0xEB, 0xDF, 0xDB, 0xEF, 0xD3, 0x00, 0x00, 0x00, 0x6C, 0xEF,
  0xFF, 0xEC, 0x71, 0x00, 0x00, 0x00, 0x00, 0x00, 0x8F, 0x90, 0x00, 0x00, 0x00, 0x00, 0x00, 0x00, 0x08, 0xF9, 0x00, 0x00,
  0x00, 0x00, 0x1E, 0xF8, 0x00, 0x00, 0x00, 0xAF, 0xC0, 0x06, 0xFE, 0x20, 0x00, 0x05, 0xFF, 0x30, 0x00, 0xBF, 0xB0, 0x00,
  0x1D, 0xF9, 0x00, 0x00, 0x3E, 0xF5, 0x00, 0x8F, 0xD1, 0x00, 0x00, 0x08, 0xFD, 0x13, 0xEF, 0x50, 0x00, 0x00, 0x00, 0xDF,
  0x9B, 0xFB, 0x00, 0x00, 0x00, 0x00, 0x4F, 0xFF, 0xE2, 0x00, 0x00, 0x00, 0x00, 0x0A, 0xFF, 0x70, 0x00, 0x00, 0x00, 0x00,
  0x0B, 0xFF, 0x80, 0x00, 0x00, 0x00, 0x00, 0x5F, 0xFF, 0xF3, 0x00, 0x00, 0x00, 0x01, 0xDF, 0x8A, 0xFC, 0x00, 0x00, 0x00,
  0x09, 0xFD, 0x02, 0xEF, 0x70, 0x00, 0x00, 0x4F, 0xF4, 0x00, 0x7F, 0xE2, 0x00, 0x00, 0xCF, 0xA0, 0x00, 0x0C, 0xFA, 0x00,
  0x08, 0xFE, 0x20, 0x00, 0x03, 0xFF, 0x50, 0x2E, 0xF6, 0x00, 0x00, 0x00, 0x9F, 0xD1, 0x03, 0xFE, 0x00, 0x00, 0x00, 0x06,
  0xFC, 0x00, 0x03, 0xFE, 0x00, 0x00, 0x00, 0x06, 0xFC, 0x00, 0x03, 0xFE, 0x00, 0x00, 0x00, 0x06, 0xFC, 0x00, 0x03, 0xFE,
  0x00, 0x00, 0x00, 0x06, 0xFC, 0x00, 0x03, 0xFE, 0x00, 0x00, 0x00, 0x06, 0xFC, 0x00, 0x03, 0xFE, 0x00, 0x00, 0x00, 0x06,
  0xFC, 0x00, 0x03, 0xFE, 0x00, 0x00, 0x00, 0x06, 0xFC, 0x00, 0x03, 0xFE, 0x00, 0x00, 0x00, 0x06, 0xFC, 0x00, 0x03, 0xFE,
  0x00, 0x00, 0x00, 0x06, 0xFC, 0x00, 0x03, 0xFE, 0x00, 0x00, 0x00, 0x06, 0xFC, 0x00, 0x03, 0xFE, 0x00, 0x00, 0x00, 0x06,
  0xFC, 0x00, 0x03, 0xFE, 0x00, 0x00, 0x00, 0x06, 0xFC, 0x00, 0x03, 0xFE, 0x00, 0x00, 0x00, 0x06, 0xFC, 0x00, 0x03, 0xFE,
  0x00, 0x00, 0x00, 0x06, 0xFC, 0x00, 0x03, 0xFF, 0xBB, 0xBB, 0xBB, 0xBC, 0xFE, 0xC5, 0x03, 0xFF, 0xFF, 0xFF, 0xFF, 0xFF,
  0xFF, 0xF6, 0x00, 0x00, 0x00, 0x00, 0x00, 0x00, 0x0B, 0xF5, 0x00, 0x00, 0x00, 0x00, 0x00, 0x00, 0x0B, 0xF5, 0x00, 0x00,
  0x00, 0x00, 0x00, 0x00, 0x0B, 0xF4, 0x00, 0x00, 0x00, 0x00, 0x00, 0x00, 0x0B, 0xF4, 0x07, 0xFB, 0x00, 0x00, 0x00, 0x0E,
  0xF3, 0x00, 0x7F, 0xB0, 0x00, 0x00, 0x00, 0xEF, 0x30, 0x07, 0xFB, 0x00, 0x00, 0x00, 0x0E, 0xF3, 0x00, 0x7F, 0xB0, 0x00,
  0x00, 0x00, 0xEF, 0x30, 0x07, 0xFB, 0x00, 0x00, 0x00, 0x0E, 0xF3, 0x00, 0x6F, 0xC0, 0x00, 0x00, 0x00, 0xEF, 0x30, 0x04,
  0xFE, 0x10, 0x00, 0x00, 0x0E, 0xF3, 0x00, 0x0D, 0xFB, 0x31, 0x12, 0x58, 0xFF, 0x30, 0x00, 0x3D, 0xFF, 0xFF, 0xFF, 0xFF,
  0xF3, 0x00, 0x00, 0x16, 0xAB, 0xBA, 0x85, 0xEF, 0x30, 0x00, 0x00, 0x00, 0x00, 0x00, 0x0E, 0xF3, 0x00, 0x00, 0x00, 0x00,
  0x00, 0x00, 0xEF, 0x30, 0x00, 0x00, 0x00, 0x00, 0x00, 0x0E, 0xF3, 0x00, 0x00, 0x00, 0x00, 0x00, 0x00, 0xEF, 0x30, 0x00,
  0x00, 0x00, 0x00, 0x00, 0x0E, 0xF3, 0x00, 0x00, 0x00, 0x00, 0x00, 0x00, 0xEF, 0x30, 0x02, 0xFF, 0x00, 0x00, 0x0B, 0xF7,
  0x00, 0x00, 0x5F, 0xD0, 0x00, 0x2F, 0xF0, 0x00, 0x00, 0xBF, 0x70, 0x00, 0x05, 0xFD, 0x00, 0x02, 0xFF, 0x00, 0x00, 0x0B,
  0xF7, 0x00, 0x00, 0x5F, 0xD0, 0x00, 0x2F, 0xF0, 0x00, 0x00, 0xBF, 0x70, 0x00, 0x05, 0xFD, 0x00, 0x02, 0xFF, 0x00, 0x00,
  0x0B, 0xF7, 0x00, 0x00, 0x5F, 0xD0, 0x00, 0x2F, 0xF0, 0x00, 0x00, 0xBF, 0x70, 0x00, 0x05, 0xFD, 0x00, 0x02, 0xFF, 0x00,
  0x00, 0x0B, 0xF7, 0x00, 0x00, 0x5F, 0xD0, 0x00, 0x2F, 0xF0, 0x00, 0x00, 0xBF, 0x70, 0x00, 0x05, 0xFD, 0x00, 0x02, 0xFF,
  0x00, 0x00, 0x0B, 0xF7, 0x00, 0x00, 0x5F, 0xD0, 0x00, 0x2F, 0xF0, 0x00, 0x00, 0xBF, 0x70, 0x00, 0x05, 0xFD, 0x00, 0x02,
  0xFF, 0x00, 0x00, 0x0B, 0xF7, 0x00, 0x00, 0x5F, 0xD0, 0x00, 0x2F, 0xF0, 0x00, 0x00, 0xBF, 0x70, 0x00, 0x05, 0xFD, 0x00,
  0x02, 0xFF, 0x00, 0x00, 0x0B, 0xF7, 0x00, 0x00, 0x5F, 0xD0, 0x00, 0x2F, 0xF0, 0x00, 0x00, 0xBF, 0x70, 0x00, 0x05, 0xFD,
  0x00, 0x02, 0xFF, 0xBB, 0xBB, 0xBE, 0xFD, 0xBB, 0xBB, 0xCF, 0xD0, 0x00, 0x2F, 0xFF, 0xFF, 0xFF, 0xFF, 0xFF, 0xFF, 0xFF,
  0xFD, 0x00, 0x02, 0xFF, 0x00, 0x00, 0x0B, 0xF7, 0x00, 0x00, 0x5F, 0xD0, 0x00, 0x2F, 0xF0, 0x00, 0x00, 0xBF, 0x70, 0x00,
  0x05, 0xFD, 0x00, 0x02, 0xFF, 0x00, 0x00, 0x0B, 0xF7, 0x00, 0x00, 0x5F, 0xD0, 0x00, 0x2F, 0xF0, 0x00, 0x00, 0xBF, 0x70,
  0x00, 0x05, 0xFD, 0x00, 0x02, 0xFF, 0x00, 0x00, 0x0B, 0xF7, 0x00, 0x00, 0x5F, 0xD0, 0x00, 0x2F, 0xF0, 0x00, 0x00, 0xBF,
  0x70, 0x00, 0x05, 0xFD, 0x00, 0x02, 0xFF, 0x00, 0x00, 0x0B, 0xF7, 0x00, 0x00, 0x5F, 0xD0, 0x00, 0x2F, 0xF0, 0x00, 0x00,
  0xBF, 0x70, 0x00, 0x05, 0xFD, 0x00, 0x02, 0xFF, 0x00, 0x00, 0x0B, 0xF7, 0x00, 0x00, 0x5F, 0xD0, 0x00, 0x2F, 0xF0, 0x00,
  0x00, 0xBF, 0x70, 0x00, 0x05, 0xFD, 0x00, 0x02, 0xFF, 0x00, 0x00, 0x0B, 0xF7, 0x00, 0x00, 0x5F, 0xD0, 0x00, 0x2F, 0xF0,
  0x00, 0x00, 0xBF, 0x70, 0x00, 0x05, 0xFD, 0x00, 0x02, 0xFF, 0x00, 0x00, 0x0B, 0xF7, 0x00, 0x00, 0x5F, 0xD0, 0x00, 0x2F,
  0xF0, 0x00, 0x00, 0xBF, 0x70, 0x00, 0x05, 0xFD, 0x00, 0x02, 0xFF, 0xBB, 0xBB, 0xBE, 0xFD, 0xBB, 0xBB, 0xCF, 0xEA, 0x40,
  0x2F, 0xFF, 0xFF, 0xFF, 0xFF, 0xFF, 0xFF, 0xFF, 0xFF, 0xF6, 0x00, 0x00, 0x00, 0x00, 0x00, 0x00, 0x00, 0x00, 0x00, 0x9F,
  0x60, 0x00, 0x00, 0x00, 0x00, 0x00, 0x00, 0x00, 0x00, 0x09, 0xF5, 0x00, 0x00, 0x00, 0x00, 0x00, 0x00, 0x00, 0x00, 0x00,
  0x9F, 0x50, 0x00, 0x00, 0x00, 0x00, 0x00, 0x00, 0x00, 0x00, 0x09, 0xF4, 0xDF, 0xFF, 0xFF, 0xB0, 0x00, 0x00, 0x00, 0x00,
  0x09, 0xAA, 0xAC, 0xFB, 0x00, 0x00, 0x00, 0x00, 0x00, 0x00, 0x00, 0x7F, 0xB0, 0x00, 0x00, 0x00, 0x00, 0x00, 0x00, 0x07,
  0xFB, 0x00, 0x00, 0x00, 0x00, 0x00, 0x00, 0x00, 0x7F, 0xB0, 0x00, 0x00, 0x00, 0x00, 0x00, 0x00, 0x07, 0xFB, 0x00, 0x00,
  0x00, 0x00, 0x00, 0x00, 0x00, 0x7F, 0xB0, 0x00, 0x00, 0x00, 0x00, 0x00, 0x00, 0x07, 0xFF, 0xFF, 0xFF, 0xEB, 0x60, 0x00,
  0x00, 0x00, 0x7F, 0xEB, 0xBB, 0xBD, 0xFF, 0xA0, 0x00, 0x00, 0x07, 0xFB, 0x00, 0x00, 0x05, 0xFF, 0x50, 0x00, 0x00, 0x7F,
  0xB0, 0x00, 0x00, 0x09, 0xFA, 0x00, 0x00, 0x07, 0xFB, 0x00, 0x00, 0x00, 0x7F, 0xB0, 0x00, 0x00, 0x7F, 0xB0, 0x00, 0x00,
  0x09, 0xFA, 0x00, 0x00, 0x07, 0xFB, 0x00, 0x00, 0x06, 0xFF, 0x50, 0x00, 0x00, 0x7F, 0xEB, 0xBB, 0xBD, 0xFF, 0x90, 0x00,
  0x00, 0x07, 0xFF, 0xFF, 0xFF, 0xEB, 0x50, 0x00, 0x02, 0xFF, 0x00, 0x00, 0x00, 0x00, 0x00, 0x1F, 0xF0, 0x00, 0x2F, 0xF0,
  0x00, 0x00, 0x00, 0x00, 0x01, 0xFF, 0x00, 0x02, 0xFF, 0x00, 0x00, 0x00, 0x00, 0x00, 0x1F, 0xF0, 0x00, 0x2F, 0xF0, 0x00,
  0x00, 0x00, 0x00, 0x01, 0xFF, 0x00, 0x02, 0xFF, 0x00, 0x00, 0x00, 0x00, 0x00, 0x1F, 0xF0, 0x00, 0x2F, 0xF0, 0x00, 0x00,
  0x00, 0x00, 0x01, 0xFF, 0x00, 0x02, 0xFF, 0x00, 0x00, 0x00, 0x00, 0x00, 0x1F, 0xF0, 0x00, 0x2F, 0xFF, 0xFF, 0xFE, 0xC8,
  0x10, 0x01, 0xFF, 0x00, 0x02, 0xFF, 0xBB, 0xBB, 0xCF, 0xFD, 0x20, 0x1F, 0xF0, 0x00, 0x2F, 0xF0, 0x00, 0x00, 0x2C, 0xFA,
  0x01, 0xFF, 0x00, 0x02, 0xFF, 0x00, 0x00, 0x00, 0x4F, 0xE0, 0x1F, 0xF0, 0x00, 0x2F, 0xF0, 0x00, 0x00, 0x01, 0xFF, 0x11,
  0xFF, 0x00, 0x02, 0xFF, 0x00, 0x00, 0x00, 0x5F, 0xE0, 0x1F, 0xF0, 0x00, 0x2F, 0xF0, 0x00, 0x00, 0x3D, 0xFA, 0x01, 0xFF,
  0x00, 0x02, 0xFF, 0xBB, 0xBB, 0xCF, 0xFD, 0x10, 0x1F, 0xF0, 0x00, 0x2F, 0xFF, 0xFF, 0xFE, 0xC8, 0x10, 0x01, 0xFF, 0x00,
  0x05, 0xFD, 0x00, 0x00, 0x00, 0x00, 0x00, 0x05, 0xFD, 0x00, 0x00, 0x00, 0x00, 0x00, 0x05, 0xFD, 0x00, 0x00, 0x00, 0x00,
  0x00, 0x05, 0xFD, 0x00, 0x00, 0x00, 0x00, 0x00, 0x05, 0xFD, 0x00, 0x00, 0x00, 0x00, 0x00, 0x05, 0xFD, 0x00, 0x00, 0x00,
  0x00, 0x00, 0x05, 0xFD, 0x00, 0x00, 0x00, 0x00, 0x00, 0x05, 0xFF, 0xFF, 0xFF, 0xEC, 0x70, 0x00, 0x05, 0xFE, 0xBB, 0xBB,
  0xDF, 0xFC, 0x10, 0x05, 0xFD, 0x00, 0x00, 0x04, 0xEF, 0x80, 0x05, 0xFD, 0x00, 0x00, 0x00, 0x6F, 0xC0, 0x05, 0xFD, 0x00,
  0x00, 0x00, 0x4F, 0xD0, 0x05, 0xFD, 0x00, 0x00, 0x00, 0x7F, 0xC0, 0x05, 0xFD, 0x00, 0x00, 0x04, 0xEF, 0x70, 0x05, 0xFE,
  0xBB, 0xBB, 0xDF, 0xFB, 0x00, 0x05, 0xFF, 0xFF, 0xFF, 0xEC, 0x70, 0x00, 0x00, 0x00, 0x7C, 0xEF, 0xDA, 0x30, 0x00, 0x00,
  0x01, 0xBF, 0xFD, 0xCD, 0xFF, 0x70, 0x00, 0x00, 0x9F, 0xD3, 0x00, 0x06, 0xEF, 0x50, 0x00, 0x1F, 0xF3, 0x00, 0x00, 0x06,
  0xFD, 0x00, 0x05, 0xFD, 0x00, 0x00, 0x00, 0x0D, 0xF4, 0x00, 0x25, 0x30, 0x00, 0x00, 0x00, 0xAF, 0x80, 0x00, 0x00, 0x00,
  0x00, 0x00, 0x08, 0xF9, 0x00, 0x00, 0x00, 0xAF, 0xFF, 0xFF, 0xFF, 0xA0, 0x00, 0x00, 0x07, 0xBB, 0xBB, 0xBD, 0xFA, 0x00,
  0x00, 0x00, 0x00, 0x00, 0x00, 0x8F, 0x90, 0x02, 0x32, 0x00, 0x00, 0x00, 0x0A, 0xF8, 0x00, 0x5F, 0xC0, 0x00, 0x00, 0x00,
  0xEF, 0x40, 0x01, 0xEF, 0x30, 0x00, 0x00, 0x6F, 0xD0, 0x00, 0x09, 0xFC, 0x30, 0x00, 0x5E, 0xF5, 0x00, 0x00, 0x1B, 0xFF,
  0xDB, 0xDF, 0xF7, 0x00, 0x00, 0x00, 0x06, 0xBE, 0xFD, 0xA4, 0x00, 0x00, 0x01, 0xFF, 0x10, 0x00, 0x04, 0xAD, 0xFD, 0xB5,
  0x00, 0x00, 0x01, 0xFF, 0x10, 0x00, 0x8F, 0xFE, 0xCE, 0xFF, 0x90, 0x00, 0x01, 0xFF, 0x10, 0x07, 0xFE, 0x60, 0x00, 0x5E,
  0xF7, 0x00, 0x01, 0xFF, 0x10, 0x1E, 0xF6, 0x00, 0x00, 0x04, 0xFE, 0x20, 0x01, 0xFF, 0x10, 0x6F, 0xD0, 0x00, 0x00, 0x00,
  0xBF, 0x60, 0x01, 0xFF, 0x10, 0x9F, 0x90, 0x00, 0x00, 0x00, 0x7F, 0xA0, 0x01, 0xFF, 0x10, 0xBF, 0x60, 0x00, 0x00, 0x00,
  0x5F, 0xC0, 0x01, 0xFF, 0xFF, 0xFF, 0x60, 0x00, 0x00, 0x00, 0x4F, 0xD0, 0x01, 0xFF, 0xAA, 0xEF, 0x60, 0x00, 0x00, 0x00,
  0x4F, 0xD0, 0x01, 0xFF, 0x10, 0xAF, 0x60, 0x00, 0x00, 0x00, 0x5F, 0xC0, 0x01, 0xFF, 0x10, 0x8F, 0x90, 0x00, 0x00, 0x00,
  0x7F, 0xA0, 0x01, 0xFF, 0x10, 0x4F, 0xD0, 0x00, 0x00, 0x00, 0xBF, 0x70, 0x01, 0xFF, 0x10, 0x0D, 0xF6, 0x00, 0x00, 0x03,
  0xFE, 0x20, 0x01, 0xFF, 0x10, 0x04, 0xFE, 0x60, 0x00, 0x4E, 0xF8, 0x00, 0x01, 0xFF, 0x10, 0x00, 0x6F, 0xFE, 0xCD, 0xFF,
  0x90, 0x00, 0x01, 0xFF, 0x10, 0x00, 0x03, 0xAD, 0xFE, 0xB5, 0x00, 0x00, 0x00, 0x02, 0x9D, 0xEF, 0xFF, 0xFF, 0x20, 0x00,
  0x4E, 0xFE, 0xCB, 0xBB, 0xFF, 0x20, 0x01, 0xEF, 0xA1, 0x00, 0x00, 0xFF, 0x20, 0x05, 0xFD, 0x10, 0x00, 0x00, 0xFF, 0x20,
  0x07, 0xFB, 0x00, 0x00, 0x00, 0xFF, 0x20, 0x06, 0xFC, 0x00, 0x00, 0x00, 0xFF, 0x20, 0x03, 0xFF, 0x30, 0x00, 0x00, 0xFF,
  0x20, 0x00, 0x9F, 0xD5, 0x20, 0x00, 0xFF, 0x20, 0x00, 0x08, 0xEF, 0xFF, 0xFF, 0xFF, 0x20, 0x00, 0x00, 0xAF, 0xCB, 0xBB,
  0xFF, 0x20, 0x00, 0x03, 0xFE, 0x10, 0x00, 0xFF, 0x20, 0x00, 0x0B, 0xF8, 0x00, 0x00, 0xFF, 0x20, 0x00, 0x4F, 0xE1, 0x00,
  0x00, 0xFF, 0x20, 0x00, 0xBF, 0x70, 0x00, 0x00, 0xFF, 0x20, 0x05, 0xFE, 0x10, 0x00, 0x00, 0xFF, 0x20, 0x0C, 0xF7, 0x00,
  0x00, 0x00, 0xFF, 0x20, 0x00, 0x06, 0xCE, 0xFD, 0x70, 0x00, 0x00, 0xAF, 0xEB, 0xBE, 0xF9, 0x00, 0x06, 0xFD, 0x10, 0x03,
  0xFF, 0x30, 0x06, 0xA5, 0x00, 0x00, 0xBF, 0x60, 0x00, 0x00, 0x00, 0x00, 0xAF, 0x60, 0x00, 0x28, 0xCE, 0xFF, 0xFF, 0x60,
  0x02, 0xEF, 0xC9, 0x77, 0xCF, 0x60, 0x0A, 0xF8, 0x00, 0x00, 0xAF, 0x60, 0x0C, 0xF4, 0x00, 0x00, 0xBF, 0x60, 0x0B, 0xFA,
  0x00, 0x17, 0xFF, 0x70, 0x04, 0xFF, 0xEC, 0xEF, 0xDF, 0x80, 0x00, 0x4B, 0xEE, 0xC5, 0x7F, 0xB0, 0x00, 0x00, 0x00, 0x00,
  0x3F, 0x90, 0x00, 0x00, 0x00, 0x48, 0xEF, 0x60, 0x00, 0x01, 0x9E, 0xFF, 0xFA, 0x00, 0x00, 0x1C, 0xFF, 0xB8, 0x30, 0x00,
  0x00, 0xAF, 0xA2, 0x00, 0x00, 0x00, 0x03, 0xFB, 0x00, 0x00, 0x00, 0x00, 0x08, 0xF3, 0x8D, 0xFE, 0xA3, 0x00, 0x0B, 0xED,
  0xFC, 0xBE, 0xFE, 0x30, 0x0D, 0xFE, 0x40, 0x01, 0xAF, 0xC0, 0x0E, 0xF7, 0x00, 0x00, 0x1E, 0xF4, 0x0E, 0xF3, 0x00, 0x00,
  0x0B, 0xF7, 0x0E, 0xF2, 0x00, 0x00, 0x0A, 0xF7, 0x0D, 0xF4, 0x00, 0x00, 0x0B, 0xF6, 0x0A, 0xF8, 0x00, 0x00, 0x2E, 0xF2,
  0x04, 0xFE, 0x30, 0x00, 0xAF, 0xB0, 0x00, 0x7F, 0xFB, 0xAD, 0xFD, 0x20, 0x00, 0x05, 0xBE, 0xFD, 0x81, 0x00, 0x06, 0xFF,
  0xFF, 0xFE, 0xB6, 0x00, 0x00, 0x6F, 0xDA, 0xAA, 0xCF, 0xF8, 0x00, 0x06, 0xFB, 0x00, 0x00, 0x5F, 0xE0, 0x00, 0x6F, 0xB0,
  0x00, 0x01, 0xFF, 0x00, 0x06, 0xFB, 0x00, 0x13, 0xAF, 0xA0, 0x00, 0x6F, 0xFF, 0xFF, 0xFF, 0xA1, 0x00, 0x06, 0xFD, 0xAA,
  0xAB, 0xEF, 0x80, 0x00, 0x6F, 0xB0, 0x00, 0x01, 0xDF, 0x40, 0x06, 0xFB, 0x00, 0x00, 0x0A, 0xF7, 0x00, 0x6F, 0xB0, 0x00,
  0x01, 0xDF, 0x50, 0x06, 0xFD, 0xAA, 0xAA, 0xEF, 0xC1, 0x00, 0x6F, 0xFF, 0xFF, 0xED, 0x81, 0x00, 0x06, 0xFF, 0xFF, 0xFF,
  0xF0, 0x06, 0xFD, 0xAA, 0xAA, 0xA0, 0x06, 0xFB, 0x00, 0x00, 0x00, 0x06, 0xFB, 0x00, 0x00, 0x00, 0x06, 0xFB, 0x00, 0x00,
  0x00, 0x06, 0xFB, 0x00, 0x00, 0x00, 0x06, 0xFB, 0x00, 0x00, 0x00, 0x06, 0xFB, 0x00, 0x00, 0x00, 0x06, 0xFB, 0x00, 0x00,
  0x00, 0x06, 0xFB, 0x00, 0x00, 0x00, 0x06, 0xFB, 0x00, 0x00, 0x00, 0x06, 0xFB, 0x00, 0x00, 0x00, 0x00, 0x07, 0xFF, 0xFF,
  0xFF, 0xF2, 0x00, 0x00, 0x8F, 0xED, 0xDD, 0xFF, 0x20, 0x00, 0x08, 0xF8, 0x00, 0x0E, 0xF2, 0x00, 0x00, 0x9F, 0x80, 0x00,
  0xEF, 0x20, 0x00, 0x09, 0xF7, 0x00, 0x0E, 0xF2, 0x00, 0x00, 0xAF, 0x60, 0x00, 0xEF, 0x20, 0x00, 0x0C, 0xF4, 0x00, 0x0E,
  0xF2, 0x00, 0x01, 0xFF, 0x10, 0x00, 0xEF, 0x20, 0x00, 0x6F, 0xB0, 0x00, 0x0E, 0xF2, 0x00, 0x1D, 0xF5, 0x00, 0x00, 0xEF,
  0x20, 0x6C, 0xFE, 0xAA, 0xAA, 0xAF, 0xFB, 0x68, 0xFF, 0xFF, 0xFF, 0xFF, 0xFF, 0xF9, 0x8F, 0x80, 0x00, 0x00, 0x00, 0x7F,
  0x98, 0xF8, 0x00, 0x00, 0x00, 0x07, 0xF9, 0x8F, 0x80, 0x00, 0x00, 0x00, 0x7F, 0x90, 0x00, 0x04, 0xBE, 0xFC, 0x70, 0x00,
  0x00, 0x6F, 0xFC, 0xBE, 0xF9, 0x00, 0x03, 0xEE, 0x40, 0x03, 0xEF, 0x40, 0x09, 0xF8, 0x00, 0x00, 0x7F, 0x90, 0x0D, 0xF3,
  0x00, 0x00, 0x4F, 0xC0, 0x0E, 0xFF, 0xFF, 0xFF, 0xFF, 0xD0, 0x0F, 0xFA, 0xAA, 0xAA, 0xAA, 0x90, 0x0E, 0xF3, 0x00, 0x00,
  0x00, 0x00, 0x0A, 0xF8, 0x00, 0x00, 0x01, 0x00, 0x04, 0xFE, 0x50, 0x00, 0x5E, 0x60, 0x00, 0x7F, 0xFC, 0xAC, 0xFE, 0x30,
  0x00, 0x05, 0xBE, 0xFD, 0x92, 0x00, 0x2E, 0xF6, 0x00, 0x0A, 0xF7, 0x00, 0x09, 0xFD, 0x00, 0x7F, 0xE1, 0x00, 0xAF, 0x70,
  0x03, 0xFF, 0x40, 0x00, 0xCF, 0x90, 0x0A, 0xF7, 0x00, 0xCF, 0x90, 0x00, 0x03, 0xFF, 0x30, 0xAF, 0x70, 0x6F, 0xD1, 0x00,
  0x00, 0x08, 0xFB, 0x0A, 0xF7, 0x1E, 0xF5, 0x00, 0x00, 0x00, 0x0D, 0xFF, 0xFF, 0xFF, 0xFA, 0x00, 0x00, 0x00, 0x03, 0xEF,
  0xCE, 0xFD, 0xCF, 0xD1, 0x00, 0x00, 0x00, 0xCF, 0x90, 0xAF, 0x70, 0xCF, 0x90, 0x00, 0x00, 0x7F, 0xD1, 0x0A, 0xF7, 0x03,
  0xFF, 0x40, 0x00, 0x3E, 0xF5, 0x00, 0xAF, 0x70, 0x09, 0xFD, 0x10, 0x0C, 0xFB, 0x00, 0x0A, 0xF7, 0x00, 0x1D, 0xF9, 0x08,
  0xFE, 0x20, 0x00, 0xAF, 0x70, 0x00, 0x5F, 0xF4, 0x00, 0x3A, 0xDF, 0xEB, 0x40, 0x00, 0x4E, 0xFD, 0xAC, 0xFF, 0x60, 0x0B,
  0xF9, 0x00, 0x07, 0xFC, 0x00, 0x67, 0x10, 0x00, 0x3F, 0xD0, 0x00, 0x00, 0x00, 0x2A, 0xF9, 0x00, 0x00, 0x5F, 0xFF, 0xFA,
  0x00, 0x00, 0x04, 0xBB, 0xCF, 0xE5, 0x00, 0x00, 0x00, 0x00, 0x4F, 0xE0, 0x0A, 0xA0, 0x00, 0x00, 0xEF, 0x10, 0xDF, 0x70,
  0x00, 0x5F, 0xE0, 0x05, 0xFF, 0xCA, 0xBF, 0xF7, 0x00, 0x03, 0xAD, 0xFE, 0xB4, 0x00, 0x06, 0xFB, 0x00, 0x00, 0x5F, 0xF0,
  0x00, 0x6F, 0xB0, 0x00, 0x1D, 0xFF, 0x00, 0x06, 0xFB, 0x00, 0x08, 0xFF, 0xF0, 0x00, 0x6F, 0xB0, 0x03, 0xFD, 0xFF, 0x00,
  0x06, 0xFB, 0x00, 0xBF, 0x5F, 0xF0, 0x00, 0x6F, 0xB0, 0x6F, 0xA0, 0xFF, 0x00, 0x06, 0xFB, 0x1E, 0xE2, 0x0F, 0xF0, 0x00,
  0x6F, 0xB9, 0xF7, 0x00, 0xFF, 0x00, 0x06, 0xFD, 0xFC, 0x00, 0x0F, 0xF0, 0x00, 0x6F, 0xFF, 0x40, 0x00, 0xFF, 0x00, 0x06,
  0xFF, 0x90, 0x00, 0x0F, 0xF0, 0x00, 0x6F, 0xE1, 0x00, 0x00, 0xFF, 0x00, 0x00, 0x0C, 0xD0, 0x03, 0xF8, 0x00, 0x00, 0x00,
  0x8F, 0x96, 0xCF, 0x30, 0x00, 0x00, 0x00, 0x8D, 0xEC, 0x50, 0x00, 0x00, 0x00, 0x00, 0x00, 0x00, 0x00, 0x00, 0x06, 0xFB,
  0x00, 0x00, 0x5F, 0xF0, 0x00, 0x6F, 0xB0, 0x00, 0x1D, 0xFF, 0x00, 0x06, 0xFB, 0x00, 0x08, 0xFF, 0xF0, 0x00, 0x6F, 0xB0,
  0x03, 0xFD, 0xFF, 0x00, 0x06, 0xFB, 0x00, 0xBF, 0x5F, 0xF0, 0x00, 0x6F, 0xB0, 0x6F, 0xA0, 0xFF, 0x00, 0x06, 0xFB, 0x1E,
  0xE2, 0x0F, 0xF0, 0x00, 0x6F, 0xB9, 0xF7, 0x00, 0xFF, 0x00, 0x06, 0xFD, 0xFC, 0x00, 0x0F, 0xF0, 0x00, 0x6F, 0xFF, 0x40,
  0x00, 0xFF, 0x00, 0x06, 0xFF, 0x90, 0x00, 0x0F, 0xF0, 0x00, 0x6F, 0xE1, 0x00, 0x00, 0xFF, 0x00, 0x06, 0xFB, 0x00, 0x00,
  0x8F, 0xD1, 0x06, 0xFB, 0x00, 0x05, 0xFE, 0x30, 0x06, 0xFB, 0x00, 0x3E, 0xF5, 0x00, 0x06, 0xFB, 0x01, 0xDF, 0x80, 0x00,
  0x06, 0xFB, 0x0A, 0xFA, 0x00, 0x00, 0x06, 0xFF, 0xFF, 0xD1, 0x00, 0x00, 0x06, 0xFE, 0xCE, 0xF6, 0x00, 0x00, 0x06, 0xFB,
  0x05, 0xFE, 0x30, 0x00, 0x06, 0xFB, 0x00, 0x9F, 0xD1, 0x00, 0x06, 0xFB, 0x00, 0x0C, 0xFB, 0x00, 0x06, 0xFB, 0x00, 0x02,
  0xEF, 0x80, 0x06, 0xFB, 0x00, 0x00, 0x5F, 0xF5, 0x00, 0x0D, 0xFF, 0xFF, 0xFF, 0xF1, 0x00, 0x00, 0xDF, 0xBA, 0xAA, 0xFF,
  0x10, 0x00, 0x0E, 0xF1, 0x00, 0x0F, 0xF1, 0x00, 0x00, 0xFF, 0x00, 0x00, 0xFF, 0x10, 0x00, 0x0F, 0xE0, 0x00, 0x0F, 0xF1,
  0x00, 0x01, 0xFD, 0x00, 0x00, 0xFF, 0x10, 0x00, 0x3F, 0xD0, 0x00, 0x0F, 0xF1, 0x00, 0x04, 0xFB, 0x00, 0x00, 0xFF, 0x10,
  0x00, 0x7F, 0x90, 0x00, 0x0F, 0xF1, 0x00, 0x1D, 0xF5, 0x00, 0x00, 0xFF, 0x10, 0x7E, 0xFD, 0x00, 0x00, 0x0F, 0xF1, 0x09,
  0xFB, 0x30, 0x00, 0x00, 0xFF, 0x10, 0x06, 0xFF, 0x80, 0x00, 0x00, 0x02, 0xFF, 0xA0, 0x06, 0xFF, 0xE0, 0x00, 0x00, 0x08,
  0xFF, 0xA0, 0x06, 0xFF, 0xF6, 0x00, 0x00, 0x0E, 0xFF, 0xA0, 0x06, 0xFD, 0xFC, 0x00, 0x00, 0x6F, 0xEF, 0xA0, 0x06, 0xFB,
  0xBF, 0x30, 0x00, 0xCF, 0x8F, 0xA0, 0x06, 0xFB, 0x5F, 0xA0, 0x04, 0xFB, 0x6F, 0xA0, 0x06, 0xFB, 0x0D, 0xE1, 0x0A, 0xF5,
  0x6F, 0xA0, 0x06, 0xFB, 0x07, 0xF8, 0x2F, 0xD0, 0x6F, 0xA0, 0x06, 0xFB, 0x01, 0xED, 0x8F, 0x70, 0x6F, 0xA0, 0x06, 0xFB,
  0x00, 0x9F, 0xFE, 0x10, 0x6F, 0xA0, 0x06, 0xFB, 0x00, 0x3F, 0xF9, 0x00, 0x6F, 0xA0, 0x06, 0xFB, 0x00, 0x0B, 0xF2, 0x00,
  0x6F, 0xA0, 0x06, 0xFB, 0x00, 0x00, 0x0F, 0xF0, 0x00, 0x6F, 0xB0, 0x00, 0x00, 0xFF, 0x00, 0x06, 0xFB, 0x00, 0x00, 0x0F,
  0xF0, 0x00, 0x6F, 0xB0, 0x00, 0x00, 0xFF, 0x00, 0x06, 0xFB, 0x00, 0x00, 0x0F, 0xF0, 0x00, 0x6F, 0xFF, 0xFF, 0xFF, 0xFF,
  0x00, 0x06, 0xFD, 0xAA, 0xAA, 0xAF, 0xF0, 0x00, 0x6F, 0xB0, 0x00, 0x00, 0xFF, 0x00, 0x06, 0xFB, 0x00, 0x00, 0x0F, 0xF0,
  0x00, 0x6F, 0xB0, 0x00, 0x00, 0xFF, 0x00, 0x06, 0xFB, 0x00, 0x00, 0x0F, 0xF0, 0x00, 0x6F, 0xB0, 0x00, 0x00, 0xFF, 0x00,
  0x00, 0x04, 0xBE, 0xFD, 0x81, 0x00, 0x00, 0x06, 0xFF, 0xCB, 0xEF, 0xD2, 0x00, 0x03, 0xFE, 0x50, 0x01, 0xBF, 0xB0, 0x00,
  0x9F, 0x90, 0x00, 0x01, 0xEF, 0x30, 0x0D, 0xF3, 0x00, 0x00, 0x0A, 0xF7, 0x00, 0xFF, 0x10, 0x00, 0x00, 0x8F, 0x90, 0x0F,
  0xF1, 0x00, 0x00, 0x08, 0xF9, 0x00, 0xDF, 0x30, 0x00, 0x00, 0xAF, 0x70, 0x0A, 0xF8, 0x00, 0x00, 0x1E, 0xF3, 0x00, 0x3F,
  0xE4, 0x00, 0x0A, 0xFB, 0x00, 0x00, 0x7F, 0xFC, 0xAD, 0xFD, 0x20, 0x00, 0x00, 0x4B, 0xEF, 0xD8, 0x10, 0x00, 0x06, 0xFF,
  0xFF, 0xFF, 0xFF, 0xF0, 0x00, 0x6F, 0xDA, 0xAA, 0xAA, 0xFF, 0x00, 0x06, 0xFB, 0x00, 0x00, 0x0F, 0xF0, 0x00, 0x6F, 0xB0,
  0x00, 0x00, 0xFF, 0x00, 0x06, 0xFB, 0x00, 0x00, 0x0F, 0xF0, 0x00, 0x6F, 0xB0, 0x00, 0x00, 0xFF, 0x00, 0x06, 0xFB, 0x00,
  0x00, 0x0F, 0xF0, 0x00, 0x6F, 0xB0, 0x00, 0x00, 0xFF, 0x00, 0x06, 0xFB, 0x00, 0x00, 0x0F, 0xF0, 0x00, 0x6F, 0xB0, 0x00,
  0x00, 0xFF, 0x00, 0x06, 0xFB, 0x00, 0x00, 0x0F, 0xF0, 0x00, 0x6F, 0xB0, 0x00, 0x00, 0xFF, 0x00, 0x08, 0xF6, 0x7D, 0xFE,
  0xA2, 0x00, 0x08, 0xFD, 0xFC, 0xBE, 0xFE, 0x20, 0x08, 0xFE, 0x40, 0x02, 0xCF, 0xA0, 0x08, 0xF9, 0x00, 0x00, 0x4F, 0xF1,
  0x08, 0xF8, 0x00, 0x00, 0x0D, 0xF4, 0x08, 0xF8, 0x00, 0x00, 0x0B, 0xF5, 0x08, 0xF8, 0x00, 0x00, 0x0B, 0xF5, 0x08, 0xF8,
  0x00, 0x00, 0x0D, 0xF4, 0x08, 0xF8, 0x00, 0x00, 0x3F, 0xF1, 0x08, 0xFE, 0x30, 0x01, 0xCF, 0xA0, 0x08, 0xFE, 0xFB, 0xBE,
  0xFE, 0x20, 0x08, 0xF8, 0x7D, 0xFE, 0xA2, 0x00, 0x08, 0xF8, 0x00, 0x00, 0x00, 0x00, 0x08, 0xF8, 0x00, 0x00, 0x00, 0x00,
  0x08, 0xF8, 0x00, 0x00, 0x00, 0x00, 0x08, 0xF8, 0x00, 0x00, 0x00, 0x00, 0x00, 0x05, 0xBE, 0xFD, 0x70, 0x00, 0x00, 0x8F,
  0xFB, 0xBE, 0xFB, 0x00, 0x04, 0xFE, 0x30, 0x02, 0xDF, 0x60, 0x0A, 0xF7, 0x00, 0x00, 0x5F, 0xB0, 0x0E, 0xF3, 0x00, 0x00,
  0x14, 0x30, 0x0F, 0xF1, 0x00, 0x00, 0x00, 0x00, 0x0F, 0xF0, 0x00, 0x00, 0x00, 0x00, 0x0E, 0xF2, 0x00, 0x00, 0x00, 0x00,
  0x0B, 0xF7, 0x00, 0x00, 0x4D, 0xA0, 0x04, 0xFE, 0x30, 0x01, 0xCF, 0x60, 0x00, 0x8F, 0xFB, 0xBE, 0xFA, 0x00, 0x00, 0x05,
  0xCE, 0xEC, 0x70, 0x00, 0x9F, 0xFF, 0xFF, 0xFF, 0xFF, 0x36, 0xAA, 0xAE, 0xFB, 0xAA, 0xA2, 0x00, 0x00, 0xCF, 0x40, 0x00,
  0x00, 0x00, 0x0C, 0xF4, 0x00, 0x00, 0x00, 0x00, 0xCF, 0x40, 0x00, 0x00, 0x00, 0x0C, 0xF4, 0x00, 0x00, 0x00, 0x00, 0xCF,
  0x40, 0x00, 0x00, 0x00, 0x0C, 0xF4, 0x00, 0x00, 0x00, 0x00, 0xCF, 0x40, 0x00, 0x00, 0x00, 0x0C, 0xF4, 0x00, 0x00, 0x00,
  0x00, 0xCF, 0x40, 0x00, 0x00, 0x00, 0x0C, 0xF4, 0x00, 0x00, 0xAF, 0x90, 0x00, 0x03, 0xFE, 0x14, 0xFE, 0x00, 0x00, 0x8F,
  0xA0, 0x0D, 0xF5, 0x00, 0x0C, 0xF5, 0x00, 0x8F, 0xA0, 0x02, 0xFE, 0x00, 0x03, 0xFE, 0x00, 0x7F, 0x90, 0x00, 0x0C, 0xF5,
  0x0B, 0xF4, 0x00, 0x00, 0x7F, 0xA1, 0xFD, 0x00, 0x00, 0x01, 0xFE, 0x7F, 0x80, 0x00, 0x00, 0x0A, 0xFE, 0xF3, 0x00, 0x00,
  0x00, 0x5F, 0xFC, 0x00, 0x00, 0x00, 0x00, 0xEF, 0x70, 0x00, 0x00, 0x00, 0x0B, 0xF2, 0x00, 0x00, 0x00, 0x02, 0xFB, 0x00,
  0x00, 0x00, 0x00, 0xAF, 0x50, 0x00, 0x00, 0x2C, 0xEF, 0xB0, 0x00, 0x00, 0x02, 0xEE, 0xA1, 0x00, 0x00, 0x00, 0x00, 0x00,
  0x00, 0x2F, 0xE0, 0x00, 0x00, 0x00, 0x00, 0x00, 0x00, 0x2F, 0xE0, 0x00, 0x00, 0x00, 0x00, 0x00, 0x00, 0x2F, 0xE0, 0x00,
  0x00, 0x00, 0x00, 0x00, 0x00, 0x2F, 0xE0, 0x00, 0x00, 0x00, 0x00, 0x00, 0x00, 0x2F, 0xE0, 0x00, 0x00, 0x00, 0x00, 0x19,
  0xEF, 0xDF, 0xED, 0xFD, 0x80, 0x00, 0x00, 0xAF, 0xEB, 0xCF, 0xFC, 0xBF, 0xFA, 0x00, 0x04, 0xFE, 0x30, 0x2F, 0xE0, 0x04,
  0xFF, 0x40, 0x0A, 0xF8, 0x00, 0x2F, 0xE0, 0x00, 0xAF, 0x90, 0x0C, 0xF4, 0x00, 0x2F, 0xE0, 0x00, 0x5F, 0xB0, 0x0E, 0xF2,
  0x00, 0x2F, 0xE0, 0x00, 0x3F, 0xD0, 0x0E, 0xF2, 0x00, 0x2F, 0xE0, 0x00, 0x3F, 0xD0, 0x0D, 0xF3, 0x00, 0x2F, 0xE0, 0x00,
  0x4F, 0xC0, 0x0B, 0xF7, 0x00, 0x2F, 0xE0, 0x00, 0x7F, 0xA0, 0x06, 0xFD, 0x20, 0x2F, 0xE0, 0x02, 0xEF, 0x50, 0x00, 0xCF,
  0xEB, 0xCF, 0xFB, 0xBE, 0xFB, 0x00, 0x00, 0x19, 0xEF, 0xDF, 0xFD, 0xFE, 0x91, 0x00, 0x00, 0x00, 0x00, 0x2F, 0xE0, 0x00,
  0x00, 0x00, 0x00, 0x00, 0x00, 0x2F, 0xE0, 0x00, 0x00, 0x00, 0x00, 0x00, 0x00, 0x2F, 0xE0, 0x00, 0x00, 0x00, 0x00, 0x00,
  0x00, 0x2F, 0xE0, 0x00, 0x00, 0x00, 0x3F, 0xF3, 0x00, 0x06, 0xFE, 0x20, 0x8F, 0xC0, 0x01, 0xDF, 0x60, 0x01, 0xDF, 0x60,
  0x8F, 0xB0, 0x00, 0x04, 0xFD, 0x3E, 0xE2, 0x00, 0x00, 0x09, 0xFE, 0xF7, 0x00, 0x00, 0x00, 0x1D, 0xFC, 0x00, 0x00, 0x00,
  0x02, 0xEF, 0xD1, 0x00, 0x00, 0x00, 0xAF, 0xDF, 0x80, 0x00, 0x00, 0x5F, 0xD2, 0xEF, 0x30, 0x00, 0x1E, 0xF5, 0x07, 0xFC,
  0x00, 0x0A, 0xFA, 0x00, 0x0C, 0xF8, 0x05, 0xFE, 0x20, 0x00, 0x4F, 0xE3, 0x06, 0xFB, 0x00, 0x00, 0x0F, 0xF0, 0x00, 0x6F,
  0xB0, 0x00, 0x00, 0xFF, 0x00, 0x06, 0xFB, 0x00, 0x00, 0x0F, 0xF0, 0x00, 0x6F, 0xB0, 0x00, 0x00, 0xFF, 0x00, 0x06, 0xFB,
  0x00, 0x00, 0x0F, 0xF0, 0x00, 0x6F, 0xB0, 0x00, 0x00, 0xFF, 0x00, 0x06, 0xFB, 0x00, 0x00, 0x0F, 0xF0, 0x00, 0x6F, 0xB0,
  0x00, 0x00, 0xFF, 0x00, 0x06, 0xFB, 0x00, 0x00, 0x0F, 0xF0, 0x00, 0x6F, 0xB0, 0x00, 0x00, 0xFF, 0x00, 0x06, 0xFD, 0xAA,
  0xAA, 0xAF, 0xFA, 0x40, 0x6F, 0xFF, 0xFF, 0xFF, 0xFF, 0xF6, 0x00, 0x00, 0x00, 0x00, 0x00, 0x9F, 0x50, 0x00, 0x00, 0x00,
  0x00, 0x09, 0xF5, 0x00, 0x00, 0x00, 0x00, 0x00, 0x9F, 0x40, 0x0E, 0xF2, 0x00, 0x00, 0xBF, 0x50, 0x0E, 0xF2, 0x00, 0x00,
  0xBF, 0x50, 0x0E, 0xF2, 0x00, 0x00, 0xBF, 0x50, 0x0D, 0xF2, 0x00, 0x00, 0xBF, 0x50, 0x0C, 0xF5, 0x00, 0x00, 0xBF, 0x50,
  0x08, 0xFD, 0x41, 0x14, 0xDF, 0x50, 0x01, 0xBF, 0xFF, 0xFF, 0xFF, 0x50, 0x00, 0x05, 0x9A, 0xA8, 0xDF, 0x50, 0x00, 0x00,
  0x00, 0x00, 0xBF, 0x50, 0x00, 0x00, 0x00, 0x00, 0xBF, 0x50, 0x00, 0x00, 0x00, 0x00, 0xBF, 0x50, 0x00, 0x00, 0x00, 0x00,
  0xBF, 0x50, 0x06, 0xFB, 0x00, 0x02, 0xFE, 0x00, 0x00, 0xDF, 0x30, 0x06, 0xFB, 0x00, 0x02, 0xFE, 0x00, 0x00, 0xDF, 0x30,
  0x06, 0xFB, 0x00, 0x02, 0xFE, 0x00, 0x00, 0xDF, 0x30, 0x06, 0xFB, 0x00, 0x02, 0xFE, 0x00, 0x00, 0xDF, 0x30, 0x06, 0xFB,
  0x00, 0x02, 0xFE, 0x00, 0x00, 0xDF, 0x30, 0x06, 0xFB, 0x00, 0x02, 0xFE, 0x00, 0x00, 0xDF, 0x30, 0x06, 0xFB, 0x00, 0x02,
  0xFE, 0x00, 0x00, 0xDF, 0x30, 0x06, 0xFB, 0x00, 0x02, 0xFE, 0x00, 0x00, 0xDF, 0x30, 0x06, 0xFB, 0x00, 0x02, 0xFE, 0x00,
  0x00, 0xDF, 0x30, 0x06, 0xFB, 0x00, 0x02, 0xFE, 0x00, 0x00, 0xDF, 0x30, 0x06, 0xFD, 0xAA, 0xAA, 0xFF, 0xAA, 0xAA, 0xEF,
  0x30, 0x06, 0xFF, 0xFF, 0xFF, 0xFF, 0xFF, 0xFF, 0xFF, 0x30, 0x07, 0xF9, 0x00, 0x04, 0xFC, 0x00, 0x00, 0xEF, 0x10, 0x07,
  0xF9, 0x00, 0x04, 0xFC, 0x00, 0x00, 0xEF, 0x10, 0x07, 0xF9, 0x00, 0x04, 0xFC, 0x00, 0x00, 0xEF, 0x10, 0x07, 0xF9, 0x00,
  0x04, 0xFC, 0x00, 0x00, 0xEF, 0x10, 0x07, 0xF9, 0x00, 0x04, 0xFC, 0x00, 0x00, 0xEF, 0x10, 0x07, 0xF9, 0x00, 0x04, 0xFC,
  0x00, 0x00, 0xEF, 0x10, 0x07, 0xF9, 0x00, 0x04, 0xFC, 0x00, 0x00, 0xEF, 0x10, 0x07, 0xF9, 0x00, 0x04, 0xFC, 0x00, 0x00,
  0xEF, 0x10, 0x07, 0xF9, 0x00, 0x04, 0xFC, 0x00, 0x00, 0xEF, 0x10, 0x07, 0xF9, 0x00, 0x04, 0xFC, 0x00, 0x00, 0xEF, 0x10,
  0x07, 0xFD, 0xAA, 0xAB, 0xFE, 0xAA, 0xAA, 0xFF, 0xA7, 0x07, 0xFF, 0xFF, 0xFF, 0xFF, 0xFF, 0xFF, 0xFF, 0xFA, 0x00, 0x00,
  0x00, 0x00, 0x00, 0x00, 0x00, 0x06, 0xFA, 0x00, 0x00, 0x00, 0x00, 0x00, 0x00, 0x00, 0x06, 0xF9, 0x00, 0x00, 0x00, 0x00,
  0x00, 0x00, 0x00, 0x06, 0xF8, 0xBF, 0xFF, 0xFC, 0x00, 0x00, 0x00, 0x00, 0x7A, 0xAB, 0xFC, 0x00, 0x00, 0x00, 0x00, 0x00,
  0x04, 0xFC, 0x00, 0x00, 0x00, 0x00, 0x00, 0x04, 0xFC, 0x00, 0x00, 0x00, 0x00, 0x00, 0x04, 0xFF, 0xFF, 0xFE, 0xB4, 0x00,
  0x00, 0x04, 0xFE, 0xAA, 0xAC, 0xFF, 0x50, 0x00, 0x04, 0xFC, 0x00, 0x00, 0x8F, 0xC0, 0x00, 0x04, 0xFC, 0x00, 0x00, 0x1F,
  0xF0, 0x00, 0x04, 0xFC, 0x00, 0x00, 0x1F, 0xF0, 0x00, 0x04, 0xFC, 0x00, 0x00, 0x7F, 0xC0, 0x00, 0x04, 0xFE, 0xAA, 0xAC,
  0xFF, 0x40, 0x00, 0x04, 0xFF, 0xFF, 0xFE, 0xB4, 0x00, 0x06, 0xFB, 0x00, 0x00, 0x00, 0x00, 0x0E, 0xF2, 0x00, 0x6F, 0xB0,
  0x00, 0x00, 0x00, 0x00, 0xEF, 0x20, 0x06, 0xFB, 0x00, 0x00, 0x00, 0x00, 0x0E, 0xF2, 0x00, 0x6F, 0xB0, 0x00, 0x00, 0x00,
  0x00, 0xEF, 0x20, 0x06, 0xFF, 0xFF, 0xFE, 0xB3, 0x00, 0x0E, 0xF2, 0x00, 0x6F, 0xDA, 0xAA, 0xCF, 0xE4, 0x00, 0xEF, 0x20,
  0x06, 0xFB, 0x00, 0x00, 0x9F, 0xB0, 0x0E, 0xF2, 0x00, 0x6F, 0xB0, 0x00, 0x02, 0xFE, 0x00, 0xEF, 0x20, 0x06, 0xFB, 0x00,
  0x00, 0x2F, 0xE0, 0x0E, 0xF2, 0x00, 0x6F, 0xB0, 0x00, 0x09, 0xFB, 0x00, 0xEF, 0x20, 0x06, 0xFD, 0xAA, 0xAC, 0xFE, 0x30,
  0x0E, 0xF2, 0x00, 0x6F, 0xFF, 0xFF, 0xEB, 0x30, 0x00, 0xEF, 0x20, 0x06, 0xFB, 0x00, 0x00, 0x00, 0x00, 0x06, 0xFB, 0x00,
  0x00, 0x00, 0x00, 0x06, 0xFB, 0x00, 0x00, 0x00, 0x00, 0x06, 0xFB, 0x00, 0x00, 0x00, 0x00, 0x06, 0xFF, 0xFF, 0xFE, 0xB3,
  0x00, 0x06, 0xFD, 0xAA, 0xAC, 0xFE, 0x40, 0x06, 0xFB, 0x00, 0x00, 0x9F, 0xB0, 0x06, 0xFB, 0x00, 0x00, 0x2F, 0xE0, 0x06,
  0xFB, 0x00, 0x00, 0x2F, 0xE0, 0x06, 0xFB, 0x00, 0x00, 0x9F, 0xB0, 0x06, 0xFD, 0xAA, 0xAC, 0xFE, 0x30, 0x06, 0xFF, 0xFF,
  0xFE, 0xB3, 0x00, 0x00, 0x18, 0xDF, 0xEA, 0x20, 0x00, 0x01, 0xDF, 0xDB, 0xDF, 0xE3, 0x00, 0x09, 0xFA, 0x00, 0x08, 0xFD,
  0x00, 0x0B, 0xD1, 0x00, 0x00, 0xCF, 0x50, 0x00, 0x00, 0x00, 0x00, 0x8F, 0x90, 0x00, 0x00, 0xBF, 0xFF, 0xFF, 0xA0, 0x00,
  0x00, 0x8A, 0xAA, 0xCF, 0xA0, 0x03, 0x40, 0x00, 0x00, 0x9F, 0x90, 0x0D, 0xF2, 0x00, 0x00, 0xDF, 0x50, 0x09, 0xFA, 0x10,
  0x08, 0xFC, 0x00, 0x01, 0xDF, 0xDB, 0xDF, 0xE3, 0x00, 0x00, 0x19, 0xDF, 0xDA, 0x20, 0x00, 0x06, 0xFB, 0x00, 0x00, 0x19,
  0xDF, 0xEB, 0x40, 0x00, 0x06, 0xFB, 0x00, 0x02, 0xDF, 0xEB, 0xCF, 0xF6, 0x00, 0x06, 0xFB, 0x00, 0x0C, 0xFA, 0x10, 0x05,
  0xFF, 0x30, 0x06, 0xFB, 0x00, 0x4F, 0xE1, 0x00, 0x00, 0x9F, 0xA0, 0x06, 0xFB, 0x00, 0x8F, 0xA0, 0x00, 0x00, 0x3F, 0xD0,
  0x06, 0xFF, 0xFF, 0xFF, 0x80, 0x00, 0x00, 0x1F, 0xF0, 0x06, 0xFD, 0xAA, 0xDF, 0x80, 0x00, 0x00, 0x1F, 0xF0, 0x06, 0xFB,
  0x00, 0x7F, 0xA0, 0x00, 0x00, 0x4F, 0xD0, 0x06, 0xFB, 0x00, 0x3F, 0xE1, 0x00, 0x00, 0x9F, 0x90, 0x06, 0xFB, 0x00, 0x0B,
  0xFA, 0x00, 0x04, 0xEF, 0x30, 0x06, 0xFB, 0x00, 0x02, 0xDF, 0xDA, 0xCF, 0xF7, 0x00, 0x06, 0xFB, 0x00, 0x00, 0x19, 0xDF,
  0xEB, 0x40, 0x00, 0x00, 0x3A, 0xEF, 0xFF, 0xFF, 0x70, 0x03, 0xEF, 0xDA, 0xAA, 0xDF, 0x70, 0x0A, 0xFA, 0x00, 0x00, 0xAF,
  0x70, 0x0D, 0xF3, 0x00, 0x00, 0xAF, 0x70, 0x0C, 0xF4, 0x00, 0x00, 0xAF, 0x70, 0x08, 0xFC, 0x30, 0x00, 0xAF, 0x70, 0x01,
  0xCF, 0xFF, 0xFF, 0xFF, 0x70, 0x00, 0x0D, 0xFC, 0xAA, 0xDF, 0x70, 0x00, 0x6F, 0xD1, 0x00, 0xAF, 0x70, 0x01, 0xEF, 0x40,
  0x00, 0xAF, 0x70, 0x09, 0xFA, 0x00, 0x00, 0xAF, 0x70, 0x4F, 0xE1, 0x00, 0x00, 0xAF, 0x70,
  0x00 };

inline const GFXglyph aaUI13Glyphs[] PROGMEM = {
  {      0,   0,   0,   5,    0,    0 },   // 0x20
  {      0,   6,  16,   6,    0,  -16 },   // 0x21
  {     48,   7,  17,   7,    0,  -17 },   // 0x22
  {    108,  14,  16,  14,    0,  -16 },   // 0x23
  {    220,  12,  22,  12,    0,  -19 },   // 0x24
  {    352,  16,  16,  16,    0,  -16 },   // 0x25
  {    480,  14,  16,  14,    0,  -16 },   // 0x26
  {    592,   4,  17,   4,    0,  -17 },   // 0x27
  {    626,   8,  23,   8,    0,  -18 },   // 0x28
  {    718,   8,  23,   8,    0,  -18 },   // 0x29
  {    810,  10,  16,   9,    0,  -16 },   // 0x2A
  {    890,  12,  13,  12,    0,  -13 },   // 0x2B
  {    968,   4,   6,   4,    0,   -3 },   // 0x2C
  {    980,   6,   7,   6,    0,   -7 },   // 0x2D
  {   1001,   6,   3,   6,    0,   -3 },   // 0x2E
  {   1010,   9,  17,   9,    0,  -16 },   // 0x2F
  {   1087,  12,  16,  12,    0,  -16 },   // 0x30
  {   1183,  12,  16,  12,    0,  -16 },   // 0x31
  {   1279,  12,  16,  12,    0,  -16 },   // 0x32
  {   1375,  12,  16,  12,    0,  -16 },   // 0x33
  {   1471,  12,  16,  12,    0,  -16 },   // 0x34
  {   1567,  12,  16,  12,    0,  -16 },   // 0x35
  {   1663,  12,  16,  12,    0,  -16 },   // 0x36
  {   1759,  12,  16,  12,    0,  -16 },   // 0x37
  {   1855,  12,  16,  12,    0,  -16 },   // 0x38
  {   1951,  12,  16,  12,    0,  -16 },   // 0x39
  {   2047,   5,  12,   5,    0,  -12 },   // 0x3A
  {   2077,   5,  15,   5,    0,  -12 },   // 0x3B
  {   2115,  11,  12,  11,    0,  -12 },   // 0x3C
  {   2181,  12,  10,  12,    0,  -10 },   // 0x3D
  {   2241,  12,  12,  12,    0,  -12 },   // 0x3E
  {   2313,  10,  16,  10,    0,  -16 },   // 0x3F
  {   2393,  20,  20,  20,    0,  -15 },   // 0x40
  {   2593,  15,  16,  14,    0,  -16 },   // 0x41
  {   2713,  14,  16,  14,    0,  -16 },   // 0x42
  {   2825,  14,  16,  14,    0,  -16 },   // 0x43
  {   2937,  14,  16,  14,    0,  -16 },   // 0x44
  {   3049,  13,  16,  13,    0,  -16 },   // 0x45
  {   3153,  12,  16,  12,    0,  -16 },   // 0x46
  {   3249,  15,  16,  15,    0,  -16 },   // 0x47
  {   3369,  16,  16,  16,    0,  -16 },   // 0x48
  {   3497,   6,  16,   6,    0,  -16 },   // 0x49
  {   3545,  12,  16,  12,    0,  -16 },   // 0x4A
  {   3641,  14,  16,  14,    0,  -16 },   // 0x4B
  {   3753,  12,  16,  12,    0,  -16 },   // 0x4C
  {   3849,  19,  16,  19,    0,  -16 },   // 0x4D
  {   4001,  16,  16,  16,    0,  -16 },   // 0x4E
  {   4129,  15,  16,  15,    0,  -16 },   // 0x4F
  {   4249,  14,  16,  14,    0,  -16 },   // 0x50
  {   4361,  15,  19,  15,    0,  -16 },   // 0x51
  {   4504,  14,  16,  14,    0,  -16 },   // 0x52
  {   4616,  13,  16,  13,    0,  -16 },   // 0x53
  {   4720,  13,  16,  13,    0,  -16 },   // 0x54
  {   4824,  14,  16,  14,    0,  -16 },   // 0x55
  {   4936,  14,  16,  14,    0,  -16 },   // 0x56
  {   5048,  20,  16,  20,    0,  -16 },   // 0x57
  {   5208,  14,  16,  14,    0,  -16 },   // 0x58
  {   5320,  14,  16,  13,    0,  -16 },   // 0x59
  {   5432,  13,  16,  13,    0,  -16 },   // 0x5A
  {   5536,   6,  21,   6,    0,  -18 },   // 0x5B
  {   5599,   9,  17,   9,    0,  -16 },   // 0x5C
  {   5676,   6,  21,   6,    0,  -18 },   // 0x5D
  {   5739,   9,  16,   9,    0,  -16 },   // 0x5E
  {   5811,  10,   2,  10,    0,    0 },   // 0x5F
  {   5821,   7,  16,   7,    0,  -16 },   // 0x60
  {   5877,  12,  12,  12,    0,  -12 },   // 0x61
  {   5949,  12,  17,  12,    0,  -17 },   // 0x62
  {   6051,  12,  12,  12,    0,  -12 },   // 0x63
  {   6123,  12,  17,  12,    0,  -17 },   // 0x64
  {   6225,  12,  12,  12,    0,  -12 },   // 0x65
  {   6297,   8,  17,   8,    0,  -17 },   // 0x66
  {   6365,  12,  16,  12,    0,  -12 },   // 0x67
  {   6461,  12,  17,  12,    0,  -17 },   // 0x68
  {   6563,   5,  17,   5,    0,  -17 },   // 0x69
  {   6606,   6,  21,   5,   -1,  -17 },   // 0x6A
  {   6669,  12,  17,  11,    0,  -17 },   // 0x6B
  {   6771,   5,  17,   5,    0,  -17 },   // 0x6C
  {   6814,  19,  12,  19,    0,  -12 },   // 0x6D
  {   6928,  12,  12,  12,    0,  -12 },   // 0x6E
  {   7000,  13,  12,  13,    0,  -12 },   // 0x6F
  {   7078,  12,  16,  12,    0,  -12 },   // 0x70
  {   7174,  13,  16,  13,    0,  -12 },   // 0x71
  {   7278,   8,  12,   7,    0,  -12 },   // 0x72
  {   7326,  11,  12,  11,    0,  -12 },   // 0x73
  {   7392,   7,  15,   7,    0,  -15 },   // 0x74
  {   7445,  12,  12,  12,    0,  -12 },   // 0x75
  {   7517,  11,  12,  11,    0,  -12 },   // 0x76
  {   7583,  17,  12,  17,    0,  -12 },   // 0x77
  {   7685,  11,  12,  11,    0,  -12 },   // 0x78
  {   7751,  11,  16,  10,    0,  -12 },   // 0x79
  {   7839,  11,  12,  11,    0,  -12 },   // 0x7A
  {   7905,   8,  21,   7,    0,  -17 },   // 0x7B
  {   7989,   5,  19,   5,    0,  -16 },   // 0x7C
  {   8037,   7,  21,   7,    0,  -17 },   // 0x7D
  {   8111,  15,   9,  15,    0,   -9 },   // 0x7E
  {   8179,  10,  16,  10,    0,  -16 },   // 0x7F
  {   8259,  16,  16,  16,    0,  -16 },   // 0x80
  {   8387,  12,  20,  12,    0,  -20 },   // 0x81
  {   8507,   4,   5,   4,    0,   -2 },   // 0x82
  {   8517,  10,  17,   9,    0,  -17 },   // 0x83
  {   8602,   8,   6,   8,    0,   -3 },   // 0x84
  {   8626,  15,   3,  15,    0,   -3 },   // 0x85
  {   8649,  12,  16,  12,    0,  -16 },   // 0x86
  {   8745,  13,  20,  13,    0,  -16 },   // 0x87
  {   8875,  12,  16,  12,    0,  -16 },   // 0x88
  {   8971,  21,  16,  21,    0,  -16 },   // 0x89
  {   9139,  24,  16,  24,    0,  -16 },   // 0x8A
  {   9331,   7,  10,   7,    0,  -10 },   // 0x8B
  {   9366,  24,  16,  24,    0,  -16 },   // 0x8C
  {   9558,  14,  20,  14,    0,  -20 },   // 0x8D
  {   9698,  18,  16,  18,    0,  -16 },   // 0x8E
  {   9842,  16,  20,  16,    0,  -16 },   // 0x8F
  {  10002,  13,  21,  12,   -1,  -17 },   // 0x90
  {  10139,   5,  17,   4,    0,  -17 },   // 0x91
  {  10182,   4,  17,   4,    0,  -17 },   // 0x92
  {  10216,   8,  17,   8,    0,  -17 },   // 0x93
  {  10284,   8,  17,   8,    0,  -17 },   // 0x94
  {  10352,   7,  10,   7,    0,  -10 },   // 0x95
  {  10387,  14,   9,  14,    0,   -9 },   // 0x96
  {  10450,  17,   9,  17,    0,   -9 },   // 0x97
  {  10527,   0,   0,   5,    0,    0 },   // 0x98
  {  10527,  14,  16,  14,    0,  -16 },   // 0x99
  {  10639,  19,  12,  19,    0,  -12 },   // 0x9A
  {  10753,   7,  10,   7,    0,  -10 },   // 0x9B
  {  10788,  19,  12,  19,    0,  -12 },   // 0x9C
  {  10902,  12,  17,  12,    0,  -17 },   // 0x9D
  {  11004,  13,  17,  12,   -1,  -17 },   // 0x9E
  {  11115,  13,  16,  13,    0,  -12 },   // 0x9F
  {  11219,   0,   0,   5,    0,    0 },   // 0xA0
  {  11219,  14,  20,  14,    0,  -20 },   // 0xA1
  {  11359,  11,  20,  10,    0,  -16 },   // 0xA2
  {  11469,  12,  16,  12,    0,  -16 },   // 0xA3
  {  11565,  16,  15,  16,    0,  -14 },   // 0xA4
  {  11685,  12,  19,  12,    0,  -19 },   // 0xA5
  {  11799,   5,  19,   5,    0,  -16 },   // 0xA6
  {  11847,  14,  21,  14,    0,  -16 },   // 0xA7
  {  11994,  13,  20,  13,    0,  -20 },   // 0xA8
  {  12124,  17,  16,  17,    0,  -16 },   // 0xA9
  {  12260,  15,  16,  15,    0,  -16 },   // 0xAA
  {  12380,  10,  10,  10,    0,  -10 },   // 0xAB
  {  12430,  12,   9,  12,    0,   -9 },   // 0xAC
  {  12484,   6,   7,   6,    0,   -7 },   // 0xAD
  {  12505,  17,  16,  17,    0,  -16 },   // 0xAE
  {  12641,   8,  20,   6,   -1,  -20 },   // 0xAF
  {  12721,   8,  16,   8,    0,  -16 },   // 0xB0
  {  12785,  12,  14,  12,    0,  -14 },   // 0xB1
  {  12869,   6,  16,   6,    0,  -16 },   // 0xB2
  {  12917,   5,  17,   5,    0,  -17 },   // 0xB3
  {  12960,  10,  15,  10,    0,  -15 },   // 0xB4
  {  13035,  12,  16,  12,    0,  -12 },   // 0xB5
  {  13131,  11,  16,  11,    0,  -16 },   // 0xB6
  {  13219,   6,   9,   6,    0,   -9 },   // 0xB7
  {  13246,  12,  17,  12,    0,  -17 },   // 0xB8
  {  13348,  23,  16,  23,    0,  -16 },   // 0xB9
  {  13532,  12,  12,  12,    0,  -12 },   // 0xBA
  {  13604,  10,  10,  10,    0,  -10 },   // 0xBB
  {  13654,   6,  21,   5,   -1,  -17 },   // 0xBC
  {  13717,  13,  16,  13,    0,  -16 },   // 0xBD
  {  13821,  11,  12,  11,    0,  -12 },   // 0xBE
  {  13887,   8,  17,   5,   -1,  -17 },   // 0xBF
  {  13955,  15,  16,  14,    0,  -16 },   // 0xC0
  {  14075,  14,  16,  14,    0,  -16 },   // 0xC1
  {  14187,  14,  16,  14,    0,  -16 },   // 0xC2
  {  14299,  12,  16,  12,    0,  -16 },   // 0xC3
  {  14395,  17,  20,  17,    0,  -16 },   // 0xC4
  {  14565,  13,  16,  13,    0,  -16 },   // 0xC5
  {  14669,  20,  16,  20,    0,  -16 },   // 0xC6
  {  14829,  13,  16,  13,    0,  -16 },   // 0xC7
  {  14933,  16,  16,  16,    0,  -16 },   // 0xC8
  {  15061,  16,  20,  16,    0,  -20 },   // 0xC9
  {  15221,  15,  16,  14,    0,  -16 },   // 0xCA
  {  15341,  16,  16,  16,    0,  -16 },   // 0xCB
  {  15469,  19,  16,  19,    0,  -16 },   // 0xCC
  {  15621,  16,  16,  16,    0,  -16 },   // 0xCD
  {  15749,  15,  16,  15,    0,  -16 },   // 0xCE
  {  15869,  16,  16,  16,    0,  -16 },   // 0xCF
  {  15997,  14,  16,  14,    0,  -16 },   // 0xD0
  {  16109,  14,  16,  14,    0,  -16 },   // 0xD1
  {  16221,  13,  16,  13,    0,  -16 },   // 0xD2
  {  16325,  14,  16,  14,    0,  -16 },   // 0xD3
  {  16437,  17,  17,  17,    0,  -16 },   // 0xD4
  {  16582,  14,  16,  14,    0,  -16 },   // 0xD5
  {  16694,  16,  20,  16,    0,  -16 },   // 0xD6
  {  16854,  15,  16,  15,    0,  -16 },   // 0xD7
  {  16974,  21,  16,  21,    0,  -16 },   // 0xD8
  {  17142,  21,  20,  21,    0,  -16 },   // 0xD9
  {  17352,  17,  16,  17,    0,  -16 },   // 0xDA
  {  17488,  19,  16,  19,    0,  -16 },   // 0xDB
  {  17640,  14,  16,  14,    0,  -16 },   // 0xDC
  {  17752,  15,  16,  15,    0,  -16 },   // 0xDD
  {  17872,  20,  16,  20,    0,  -16 },   // 0xDE
  {  18032,  14,  16,  14,    0,  -16 },   // 0xDF
  {  18144,  12,  12,  12,    0,  -12 },   // 0xE0
  {  18216,  12,  17,  12,    0,  -17 },   // 0xE1
  {  18318,  13,  12,  13,    0,  -12 },   // 0xE2
  {  18396,  10,  12,   9,    0,  -12 },   // 0xE3
  {  18456,  13,  15,  13,    0,  -12 },   // 0xE4
  {  18554,  12,  12,  12,    0,  -12 },   // 0xE5
  {  18626,  17,  12,  17,    0,  -12 },   // 0xE6
  {  18728,  11,  12,  11,    0,  -12 },   // 0xE7
  {  18794,  13,  12,  13,    0,  -12 },   // 0xE8
  {  18872,  13,  16,  13,    0,  -16 },   // 0xE9
  {  18976,  12,  12,  12,    0,  -12 },   // 0xEA
  {  19048,  13,  12,  13,    0,  -12 },   // 0xEB
  {  19126,  16,  12,  16,    0,  -12 },   // 0xEC
  {  19222,  13,  12,  13,    0,  -12 },   // 0xED
  {  19300,  13,  12,  13,    0,  -12 },   // 0xEE
  {  19378,  13,  12,  13,    0,  -12 },   // 0xEF
  {  19456,  12,  16,  12,    0,  -12 },   // 0xF0
  {  19552,  12,  12,  12,    0,  -12 },   // 0xF1
  {  19624,  11,  12,  11,    0,  -12 },   // 0xF2
  {  19690,  11,  16,  10,    0,  -12 },   // 0xF3
  {  19778,  16,  21,  16,    0,  -17 },   // 0xF4
  {  19946,  11,  12,  11,    0,  -12 },   // 0xF5
  {  20012,  13,  15,  13,    0,  -12 },   // 0xF6
  {  20110,  12,  12,  12,    0,  -12 },   // 0xF7
  {  20182,  18,  12,  18,    0,  -12 },   // 0xF8
  {  20290,  18,  15,  18,    0,  -12 },   // 0xF9
  {  20425,  14,  12,  14,    0,  -12 },   // 0xFA
  {  20509,  17,  12,  17,    0,  -12 },   // 0xFB
  {  20611,  12,  12,  12,    0,  -12 },   // 0xFC
  {  20683,  12,  12,  12,    0,  -12 },   // 0xFD
  {  20755,  18,  12,  18,    0,  -12 },   // 0xFE
  {  20863,  12,  12,  12,    0,  -12 },   // 0xFF
};

inline const GFXfont aaUI13 PROGMEM = { (uint8_t*)aaUI13Bitmaps, (GFXglyph*)aaUI13Glyphs, 0x20, 0xFF, 31 };
