/* Створює tools/make_aafonts.py — вручну не правити. Roboto-Regular.ttf, «H» 20 px (розмір 27.50), 4 біти на піксель. */
#pragma once
#include <Adafruit_GFX.h>

inline const uint8_t aaUI15Bitmaps[] PROGMEM = {
  0x00, 0xBF, 0xE0, 0x00, 0x0B, 0xFE, 0x00, 0x00, 0xBF, 0xE0, 0x00, 0x0B, 0xFE, 0x00, 0x00, 0xBF, 0xD0, 0x00, 0x0A, 0xFD,
  0x00, 0x00, 0xAF, 0xD0, 0x00, 0x0A, 0xFD, 0x00, 0x00, 0xAF, 0xD0, 0x00, 0x0A, 0xFD, 0x00, 0x00, 0xAF, 0xC0, 0x00, 0x09,
  0xFC, 0x00, 0x00, 0x9F, 0xC0, 0x00, 0x09, 0xFC, 0x00, 0x00, 0x34, 0x30, 0x00, 0x00, 0x00, 0x00, 0x00, 0x00, 0x00, 0x00,
  0x06, 0xDA, 0x00, 0x00, 0xCF, 0xF3, 0x00, 0x07, 0xEC, 0x10, 0x03, 0xFC, 0x08, 0xF8, 0x00, 0x3F, 0xC0, 0x8F, 0x80, 0x03,
  0xFC, 0x08, 0xF7, 0x00, 0x3F, 0xA0, 0x8F, 0x60, 0x03, 0xF9, 0x08, 0xF5, 0x00, 0x3F, 0x80, 0x8F, 0x40, 0x03, 0xF7, 0x08,
  0xF2, 0x00, 0x00, 0x00, 0x00, 0x00, 0x00, 0x00, 0x00, 0x00, 0x00, 0x00, 0x00, 0x00, 0x00, 0x00, 0x00, 0x00, 0x00, 0x00,
  0x00, 0x00, 0x00, 0x00, 0x00, 0x00, 0x00, 0x00, 0x00, 0x00, 0x00, 0x00, 0x00, 0x00, 0x00, 0x00, 0x00, 0x00, 0x00, 0x00,
  0x00, 0x00, 0x00, 0x00, 0x00, 0x00, 0x00, 0x00, 0x00, 0x00, 0x00, 0x00, 0x00, 0x00, 0x00, 0x00, 0x00, 0x00, 0x00, 0x00,
  0x00, 0x00, 0x00, 0x00, 0x00, 0x00, 0x00, 0x00, 0x07, 0xF9, 0x00, 0x0D, 0xF2, 0x00, 0x00, 0x00, 0x00, 0xAF, 0x50, 0x02,
  0xFD, 0x00, 0x00, 0x00, 0x00, 0x0D, 0xF2, 0x00, 0x6F, 0xA0, 0x00, 0x00, 0x00, 0x02, 0xFD, 0x00, 0x09, 0xF7, 0x00, 0x00,
  0x00, 0x00, 0x6F, 0xA0, 0x00, 0xCF, 0x40, 0x00, 0x06, 0xFF, 0xFF, 0xFF, 0xFF, 0xFF, 0xFF, 0xFE, 0x00, 0x5E, 0xEE, 0xFF,
  0xEE, 0xEE, 0xFF, 0xEE, 0xD0, 0x00, 0x00, 0x0E, 0xF1, 0x00, 0x6F, 0xA0, 0x00, 0x00, 0x00, 0x02, 0xFD, 0x00, 0x09, 0xF7,
  0x00, 0x00, 0x00, 0x00, 0x5F, 0xB0, 0x00, 0xBF, 0x50, 0x00, 0x00, 0x00, 0x08, 0xF8, 0x00, 0x0E, 0xF1, 0x00, 0x00, 0x00,
  0x00, 0xBF, 0x50, 0x02, 0xFD, 0x00, 0x00, 0x07, 0xFF, 0xFF, 0xFF, 0xFF, 0xFF, 0xFF, 0xFD, 0x00, 0x6D, 0xDE, 0xFF, 0xDD,
  0xDE, 0xFE, 0xDD, 0xC0, 0x00, 0x00, 0x4F, 0xC0, 0x00, 0xBF, 0x60, 0x00, 0x00, 0x00, 0x07, 0xF9, 0x00, 0x0D, 0xF3, 0x00,
  0x00, 0x00, 0x00, 0x9F, 0x60, 0x01, 0xFE, 0x00, 0x00, 0x00, 0x00, 0x0C, 0xF4, 0x00, 0x4F, 0xC0, 0x00, 0x00, 0x00, 0x00,
  0xEF, 0x10, 0x07, 0xFA, 0x00, 0x00, 0x00, 0x00, 0x2F, 0xD0, 0x00, 0x9F, 0x70, 0x00, 0x00, 0x00, 0x00, 0x00, 0x0D, 0xF4,
  0x00, 0x00, 0x00, 0x00, 0x00, 0x00, 0x0D, 0xF4, 0x00, 0x00, 0x00, 0x00, 0x00, 0x00, 0x0D, 0xF4, 0x00, 0x00, 0x00, 0x00,
  0x00, 0x29, 0xDF, 0xFE, 0xA3, 0x00, 0x00, 0x00, 0x05, 0xEF, 0xFF, 0xFF, 0xFF, 0x60, 0x00, 0x00, 0x2E, 0xFE, 0x85, 0x48,
  0xEF, 0xF3, 0x00, 0x00, 0x8F, 0xF6, 0x00, 0x00, 0x5F, 0xFA, 0x00, 0x00, 0xBF, 0xE0, 0x00, 0x00, 0x0C, 0xFD, 0x00, 0x00,
  0xBF, 0xD0, 0x00, 0x00, 0x09, 0xFF, 0x00, 0x00, 0xAF, 0xF2, 0x00, 0x00, 0x03, 0x66, 0x00, 0x00, 0x5F, 0xFC, 0x20, 0x00,
  0x00, 0x00, 0x00, 0x00, 0x0B, 0xFF, 0xE9, 0x40, 0x00, 0x00, 0x00, 0x00, 0x01, 0xAF, 0xFF, 0xFD, 0x71, 0x00, 0x00, 0x00,
  0x00, 0x04, 0xAE, 0xFF, 0xFD, 0x40, 0x00, 0x00, 0x00, 0x00, 0x01, 0x6C, 0xFF, 0xF4, 0x00, 0x00, 0x00, 0x00, 0x00, 0x00,
  0x7F, 0xFC, 0x00, 0x01, 0x22, 0x00, 0x00, 0x00, 0x0A, 0xFF, 0x20, 0x08, 0xFF, 0x20, 0x00, 0x00, 0x06, 0xFF, 0x40, 0x06,
  0xFF, 0x50, 0x00, 0x00, 0x07, 0xFF, 0x30, 0x02, 0xFF, 0xD1, 0x00, 0x00, 0x1D, 0xFE, 0x00, 0x00, 0x9F, 0xFC, 0x63, 0x47,
  0xDF, 0xF8, 0x00, 0x00, 0x1B, 0xFF, 0xFF, 0xFF, 0xFF, 0xA0, 0x00, 0x00, 0x00, 0x6B, 0xEF, 0xFE, 0xB5, 0x00, 0x00, 0x00,
  0x00, 0x00, 0x1F, 0xE0, 0x00, 0x00, 0x00, 0x00, 0x00, 0x00, 0x1F, 0xE0, 0x00, 0x00, 0x00, 0x00, 0x00, 0x00, 0x1A, 0x90,
  0x00, 0x00, 0x00, 0x00, 0x18, 0xDF, 0xD9, 0x10, 0x00, 0x00, 0x00, 0x00, 0x00, 0x00, 0x0B, 0xFE, 0xBE, 0xFB, 0x00, 0x00,
  0x00, 0x00, 0x00, 0x00, 0x05, 0xFD, 0x10, 0x1C, 0xF5, 0x00, 0x01, 0xC5, 0x00, 0x00, 0x00, 0x9F, 0x70, 0x00, 0x7F, 0x90,
  0x00, 0x9F, 0x70, 0x00, 0x00, 0x09, 0xF6, 0x00, 0x05, 0xF9, 0x00, 0x4F, 0xC0, 0x00, 0x00, 0x00, 0x9F, 0x70, 0x00, 0x7F,
  0x90, 0x1D, 0xF3, 0x00, 0x00, 0x00, 0x05, 0xFC, 0x10, 0x1C, 0xF5, 0x08, 0xF8, 0x00, 0x00, 0x00, 0x00, 0x0B, 0xFE, 0xBD,
  0xFC, 0x03, 0xFD, 0x10, 0x00, 0x00, 0x00, 0x00, 0x19, 0xDF, 0xE9, 0x10, 0xCF, 0x40, 0x00, 0x00, 0x00, 0x00, 0x00, 0x00,
  0x00, 0x00, 0x7F, 0x90, 0x00, 0x00, 0x00, 0x00, 0x00, 0x00, 0x00, 0x00, 0x2E, 0xD1, 0x00, 0x00, 0x00, 0x00, 0x00, 0x00,
  0x00, 0x00, 0x0B, 0xF5, 0x03, 0xBE, 0xFD, 0x60, 0x00, 0x00, 0x00, 0x00, 0x06, 0xFA, 0x02, 0xEF, 0xDB, 0xEF, 0x70, 0x00,
  0x00, 0x00, 0x02, 0xEE, 0x20, 0xAF, 0x90, 0x03, 0xFE, 0x10, 0x00, 0x00, 0x00, 0xAF, 0x60, 0x0D, 0xF2, 0x00, 0x0B, 0xF5,
  0x00, 0x00, 0x00, 0x5F, 0xB0, 0x00, 0xDF, 0x00, 0x00, 0xAF, 0x50, 0x00, 0x00, 0x1D, 0xE2, 0x00, 0x0D, 0xF2, 0x00, 0x0B,
  0xF5, 0x00, 0x00, 0x02, 0xA7, 0x00, 0x00, 0xAF, 0x90, 0x03, 0xEF, 0x10, 0x00, 0x00, 0x00, 0x00, 0x00, 0x02, 0xEF, 0xCB,
  0xEF, 0x80, 0x00, 0x00, 0x00, 0x00, 0x00, 0x00, 0x03, 0xAE, 0xFD, 0x60, 0x00, 0x00, 0x00, 0x18, 0xDF, 0xEC, 0x70, 0x00,
  0x00, 0x00, 0x00, 0x01, 0xCF, 0xFF, 0xFF, 0xFB, 0x00, 0x00, 0x00, 0x00, 0x09, 0xFF, 0xA3, 0x3A, 0xFF, 0x60, 0x00, 0x00,
  0x00, 0x0D, 0xFC, 0x00, 0x00, 0xCF, 0xA0, 0x00, 0x00, 0x00, 0x0E, 0xF9, 0x00, 0x00, 0xBF, 0xB0, 0x00, 0x00, 0x00, 0x0E,
  0xFB, 0x00, 0x02, 0xEF, 0x80, 0x00, 0x00, 0x00, 0x0A, 0xFF, 0x40, 0x2C, 0xFD, 0x10, 0x00, 0x00, 0x00, 0x02, 0xEF, 0xD7,
  0xEF, 0xD3, 0x00, 0x00, 0x00, 0x00, 0x00, 0x6F, 0xFF, 0xFB, 0x20, 0x00, 0x00, 0x00, 0x00, 0x00, 0x5E, 0xFF, 0xC0, 0x00,
  0x00, 0x00, 0x00, 0x00, 0x08, 0xFF, 0xEF, 0xF7, 0x00, 0x01, 0x55, 0x10, 0x00, 0x8F, 0xFB, 0x1C, 0xFF, 0x50, 0x04, 0xFF,
  0x20, 0x03, 0xFF, 0xB0, 0x01, 0xDF, 0xE4, 0x06, 0xFF, 0x10, 0x08, 0xFF, 0x30, 0x00, 0x3E, 0xFE, 0x2A, 0xFD, 0x00, 0x0A,
  0xFE, 0x00, 0x00, 0x04, 0xFF, 0xDE, 0xF8, 0x00, 0x09, 0xFF, 0x20, 0x00, 0x00, 0x6F, 0xFF, 0xE2, 0x00, 0x05, 0xFF, 0x90,
  0x00, 0x00, 0x0C, 0xFF, 0xB0, 0x00, 0x00, 0xBF, 0xFB, 0x52, 0x36, 0xDF, 0xFF, 0xF6, 0x00, 0x00, 0x1C, 0xFF, 0xFF, 0xFF,
  0xFF, 0x9C, 0xFE, 0x40, 0x00, 0x00, 0x6B, 0xEF, 0xED, 0x93, 0x03, 0xEF, 0xD2, 0x0A, 0xF8, 0x00, 0xAF, 0x80, 0x0A, 0xF7,
  0x00, 0xAF, 0x60, 0x0A, 0xF5, 0x00, 0xAF, 0x50, 0x0A, 0xF4, 0x00, 0x00, 0x00, 0x00, 0x00, 0x00, 0x00, 0x00, 0x00, 0x00,
  0x00, 0x00, 0x00, 0x00, 0x00, 0x00, 0x00, 0x00, 0x00, 0x00, 0x00, 0x00, 0x00, 0x00, 0x00, 0x00, 0x00, 0x00, 0x00, 0x00,
  0x00, 0x00, 0x00, 0x00, 0x00, 0x00, 0x00, 0x00, 0x00, 0x06, 0xA0, 0x00, 0x00, 0x00, 0x8F, 0xE0, 0x00, 0x00, 0x06, 0xFE,
  0x30, 0x00, 0x00, 0x2E, 0xF5, 0x00, 0x00, 0x00, 0xBF, 0xA0, 0x00, 0x00, 0x05, 0xFF, 0x20, 0x00, 0x00, 0x0B, 0xFA, 0x00,
  0x00, 0x00, 0x2F, 0xF5, 0x00, 0x00, 0x00, 0x7F, 0xF1, 0x00, 0x00, 0x00, 0xAF, 0xC0, 0x00, 0x00, 0x00, 0xDF, 0xA0, 0x00,
  0x00, 0x00, 0xFF, 0x80, 0x00, 0x00, 0x02, 0xFF, 0x70, 0x00, 0x00, 0x03, 0xFF, 0x60, 0x00, 0x00, 0x03, 0xFF, 0x60, 0x00,
  0x00, 0x02, 0xFF, 0x70, 0x00, 0x00, 0x01, 0xFF, 0x80, 0x00, 0x00, 0x00, 0xDF, 0xA0, 0x00, 0x00, 0x00, 0xBF, 0xC0, 0x00,
  0x00, 0x00, 0x7F, 0xF1, 0x00, 0x00, 0x00, 0x2F, 0xF5, 0x00, 0x00, 0x00, 0x0B, 0xFA, 0x00, 0x00, 0x00, 0x05, 0xFF, 0x20,
  0x00, 0x00, 0x00, 0xBF, 0xA0, 0x00, 0x00, 0x00, 0x3E, 0xF5, 0x00, 0x00, 0x00, 0x06, 0xFE, 0x30, 0x00, 0x00, 0x00, 0x7F,
  0xD0, 0x00, 0x00, 0x00, 0x06, 0xA0, 0x3B, 0x20, 0x00, 0x00, 0x00, 0x6F, 0xD3, 0x00, 0x00, 0x00, 0x08, 0xFD, 0x10, 0x00,
  0x00, 0x00, 0xBF, 0xA0, 0x00, 0x00, 0x00, 0x2F, 0xF5, 0x00, 0x00, 0x00, 0x0A, 0xFD, 0x00, 0x00, 0x00, 0x03, 0xFF, 0x50,
  0x00, 0x00, 0x00, 0xCF, 0xA0, 0x00, 0x00, 0x00, 0x8F, 0xF1, 0x00, 0x00, 0x00, 0x5F, 0xF4, 0x00, 0x00, 0x00, 0x2F, 0xF7,
  0x00, 0x00, 0x00, 0x0E, 0xF9, 0x00, 0x00, 0x00, 0x0D, 0xFA, 0x00, 0x00, 0x00, 0x0D, 0xFB, 0x00, 0x00, 0x00, 0x0D, 0xFB,
  0x00, 0x00, 0x00, 0x0D, 0xFA, 0x00, 0x00, 0x00, 0x0E, 0xFA, 0x00, 0x00, 0x00, 0x1F, 0xF7, 0x00, 0x00, 0x00, 0x4F, 0xF4,
  0x00, 0x00, 0x00, 0x7F, 0xF1, 0x00, 0x00, 0x00, 0xBF, 0xB0, 0x00, 0x00, 0x02, 0xFF, 0x50, 0x00, 0x00, 0x08, 0xFD, 0x00,
  0x00, 0x00, 0x1E, 0xF5, 0x00, 0x00, 0x00, 0xAF, 0xA0, 0x00, 0x00, 0x07, 0xFD, 0x10, 0x00, 0x00, 0x5F, 0xD3, 0x00, 0x00,
  0x00, 0x3B, 0x20, 0x00, 0x00, 0x00, 0x00, 0x00, 0x0F, 0xF2, 0x00, 0x00, 0x00, 0x00, 0x0E, 0xF1, 0x00, 0x00, 0x00, 0x00,
  0x0E, 0xF1, 0x00, 0x00, 0x2A, 0x50, 0x0E, 0xF0, 0x04, 0xA2, 0x7F, 0xFD, 0x8E, 0xF8, 0xDF, 0xF7, 0x4A, 0xEF, 0xFF, 0xFF,
  0xFE, 0xA4, 0x00, 0x04, 0xCF, 0xFC, 0x40, 0x00, 0x00, 0x05, 0xFE, 0xEF, 0x40, 0x00, 0x00, 0x2E, 0xF6, 0x8F, 0xD1, 0x00,
  0x00, 0xCF, 0xB0, 0x0C, 0xFB, 0x00, 0x01, 0xBE, 0x20, 0x03, 0xFB, 0x10, 0x00, 0x03, 0x00, 0x00, 0x40, 0x00, 0x00, 0x00,
  0x00, 0x00, 0x00, 0x00, 0x00, 0x00, 0x00, 0x00, 0x00, 0x00, 0x00, 0x00, 0x00, 0x00, 0x00, 0x00, 0x00, 0x00, 0x00, 0x00,
  0x00, 0x00, 0x00, 0x00, 0x00, 0x00, 0x00, 0x00, 0x00, 0x00, 0x00, 0x00, 0x00, 0x00, 0x00, 0x00, 0x00, 0x00, 0x00, 0x00,
  0x00, 0x00, 0x00, 0x00, 0x00, 0x00, 0x00, 0x00, 0x00, 0x5D, 0xD3, 0x00, 0x00, 0x00, 0x00, 0x00, 0x00, 0x7F, 0xF3, 0x00,
  0x00, 0x00, 0x00, 0x00, 0x00, 0x7F, 0xF3, 0x00, 0x00, 0x00, 0x00, 0x00, 0x00, 0x7F, 0xF3, 0x00, 0x00, 0x00, 0x00, 0x00,
  0x00, 0x7F, 0xF3, 0x00, 0x00, 0x00, 0x00, 0x00, 0x00, 0x7F, 0xF3, 0x00, 0x00, 0x00, 0x0E, 0xFF, 0xFF, 0xFF, 0xFF, 0xFF,
  0xFF, 0xB0, 0x0E, 0xFF, 0xFF, 0xFF, 0xFF, 0xFF, 0xFF, 0xB0, 0x06, 0x77, 0x77, 0xAF, 0xF8, 0x77, 0x77, 0x50, 0x00, 0x00,
  0x00, 0x7F, 0xF3, 0x00, 0x00, 0x00, 0x00, 0x00, 0x00, 0x7F, 0xF3, 0x00, 0x00, 0x00, 0x00, 0x00, 0x00, 0x7F, 0xF3, 0x00,
  0x00, 0x00, 0x00, 0x00, 0x00, 0x7F, 0xF3, 0x00, 0x00, 0x00, 0x00, 0x00, 0x00, 0x7F, 0xF3, 0x00, 0x00, 0x00, 0x00, 0x00,
  0x00, 0x5B, 0xB2, 0x00, 0x00, 0x00, 0x00, 0x00, 0x00, 0x00, 0x00, 0x00, 0x00, 0x00, 0x00, 0x00, 0x00, 0x00, 0x00, 0x00,
  0x00, 0x00, 0x05, 0xFF, 0x40, 0x05, 0xFF, 0x40, 0x05, 0xFF, 0x30, 0x08, 0xFE, 0x10, 0x0C, 0xFA, 0x00, 0x5F, 0xF3, 0x00,
  0x3C, 0x60, 0x00, 0x8F, 0xFF, 0xFF, 0xF3, 0x8F, 0xFF, 0xFF, 0xF3, 0x11, 0x11, 0x11, 0x10, 0x00, 0x00, 0x00, 0x00, 0x00,
  0x00, 0x00, 0x00, 0x00, 0x00, 0x00, 0x00, 0x00, 0x00, 0x00, 0x00, 0x00, 0x00, 0x00, 0x00, 0x00, 0x00, 0x00, 0x00, 0x00,
  0x00, 0x00, 0x00, 0x0A, 0xFB, 0x00, 0x00, 0xFF, 0xF1, 0x00, 0x0A, 0xFB, 0x00, 0x00, 0x00, 0x00, 0x00, 0xAF, 0x90, 0x00,
  0x00, 0x00, 0x01, 0xEF, 0x30, 0x00, 0x00, 0x00, 0x07, 0xFC, 0x00, 0x00, 0x00, 0x00, 0x0C, 0xF7, 0x00, 0x00, 0x00, 0x00,
  0x3F, 0xF1, 0x00, 0x00, 0x00, 0x00, 0x9F, 0xA0, 0x00, 0x00, 0x00, 0x00, 0xEF, 0x50, 0x00, 0x00, 0x00, 0x05, 0xFD, 0x00,
  0x00, 0x00, 0x00, 0x0A, 0xF9, 0x00, 0x00, 0x00, 0x00, 0x1F, 0xF3, 0x00, 0x00, 0x00, 0x00, 0x7F, 0xC0, 0x00, 0x00, 0x00,
  0x00, 0xCF, 0x70, 0x00, 0x00, 0x00, 0x03, 0xFE, 0x10, 0x00, 0x00, 0x00, 0x09, 0xFA, 0x00, 0x00, 0x00, 0x00, 0x0E, 0xF5,
  0x00, 0x00, 0x00, 0x00, 0x5F, 0xD0, 0x00, 0x00, 0x00, 0x00, 0xBF, 0x80, 0x00, 0x00, 0x00, 0x02, 0xFF, 0x30, 0x00, 0x00,
  0x00, 0x07, 0xFC, 0x00, 0x00, 0x00, 0x00, 0x0D, 0xF6, 0x00, 0x00, 0x00, 0x00, 0x4F, 0xE1, 0x00, 0x00, 0x00, 0x00, 0x9F,
  0xA0, 0x00, 0x00, 0x00, 0x00, 0x00, 0x00, 0x3A, 0xDF, 0xED, 0x92, 0x00, 0x00, 0x00, 0x06, 0xFF, 0xFF, 0xFF, 0xFE, 0x30,
  0x00, 0x00, 0x3F, 0xFD, 0x62, 0x38, 0xFF, 0xD0, 0x00, 0x00, 0xAF, 0xE2, 0x00, 0x00, 0x6F, 0xF6, 0x00, 0x01, 0xEF, 0x90,
  0x00, 0x00, 0x0D, 0xFB, 0x00, 0x03, 0xFF, 0x60, 0x00, 0x00, 0x0A, 0xFE, 0x00, 0x06, 0xFF, 0x30, 0x00, 0x00, 0x08, 0xFF,
  0x10, 0x07, 0xFF, 0x30, 0x00, 0x00, 0x07, 0xFF, 0x20, 0x07, 0xFF, 0x20, 0x00, 0x00, 0x07, 0xFF, 0x30, 0x07, 0xFF, 0x20,
  0x00, 0x00, 0x07, 0xFF, 0x30, 0x07, 0xFF, 0x20, 0x00, 0x00, 0x07, 0xFF, 0x30, 0x07, 0xFF, 0x20, 0x00, 0x00, 0x07, 0xFF,
  0x30, 0x07, 0xFF, 0x30, 0x00, 0x00, 0x07, 0xFF, 0x20, 0x06, 0xFF, 0x40, 0x00, 0x00, 0x08, 0xFF, 0x10, 0x03, 0xFF, 0x60,
  0x00, 0x00, 0x0A, 0xFD, 0x00, 0x00, 0xEF, 0xA0, 0x00, 0x00, 0x0D, 0xFB, 0x00, 0x00, 0xAF, 0xF3, 0x00, 0x00, 0x6F, 0xF6,
  0x00, 0x00, 0x3F, 0xFD, 0x62, 0x38, 0xFF, 0xD0, 0x00, 0x00, 0x06, 0xFF, 0xFF, 0xFF, 0xFE, 0x30, 0x00, 0x00, 0x00, 0x3A,
  0xDF, 0xED, 0x91, 0x00, 0x00, 0x00, 0x00, 0x00, 0x03, 0x9E, 0x00, 0x00, 0x00, 0x00, 0x00, 0x06, 0xBF, 0xFF, 0x00, 0x00,
  0x00, 0x00, 0x28, 0xEF, 0xFF, 0xFF, 0x00, 0x00, 0x00, 0x00, 0xBF, 0xFF, 0xBC, 0xFF, 0x00, 0x00, 0x00, 0x00, 0xBD, 0x82,
  0x09, 0xFF, 0x00, 0x00, 0x00, 0x00, 0x20, 0x00, 0x09, 0xFF, 0x00, 0x00, 0x00, 0x00, 0x00, 0x00, 0x09, 0xFF, 0x00, 0x00,
  0x00, 0x00, 0x00, 0x00, 0x09, 0xFF, 0x00, 0x00, 0x00, 0x00, 0x00, 0x00, 0x09, 0xFF, 0x00, 0x00, 0x00, 0x00, 0x00, 0x00,
  0x09, 0xFF, 0x00, 0x00, 0x00, 0x00, 0x00, 0x00, 0x09, 0xFF, 0x00, 0x00, 0x00, 0x00, 0x00, 0x00, 0x09, 0xFF, 0x00, 0x00,
  0x00, 0x00, 0x00, 0x00, 0x09, 0xFF, 0x00, 0x00, 0x00, 0x00, 0x00, 0x00, 0x09, 0xFF, 0x00, 0x00, 0x00, 0x00, 0x00, 0x00,
  0x09, 0xFF, 0x00, 0x00, 0x00, 0x00, 0x00, 0x00, 0x09, 0xFF, 0x00, 0x00, 0x00, 0x00, 0x00, 0x00, 0x09, 0xFF, 0x00, 0x00,
  0x00, 0x00, 0x00, 0x00, 0x09, 0xFF, 0x00, 0x00, 0x00, 0x00, 0x00, 0x00, 0x09, 0xFF, 0x00, 0x00, 0x00, 0x00, 0x00, 0x00,
  0x09, 0xFF, 0x00, 0x00, 0x00, 0x00, 0x00, 0x5B, 0xEF, 0xED, 0x92, 0x00, 0x00, 0x00, 0x1B, 0xFF, 0xFF, 0xFF, 0xFE, 0x40,
  0x00, 0x00, 0xAF, 0xFB, 0x52, 0x49, 0xFF, 0xE2, 0x00, 0x04, 0xFF, 0xA0, 0x00, 0x00, 0x7F, 0xF8, 0x00, 0x09, 0xFF, 0x20,
  0x00, 0x00, 0x0E, 0xFB, 0x00, 0x0B, 0xFD, 0x00, 0x00, 0x00, 0x0D, 0xFC, 0x00, 0x02, 0x32, 0x00, 0x00, 0x00, 0x0E, 0xFA,
  0x00, 0x00, 0x00, 0x00, 0x00, 0x00, 0x4F, 0xF5, 0x00, 0x00, 0x00, 0x00, 0x00, 0x00, 0xCF, 0xC0, 0x00, 0x00, 0x00, 0x00,
  0x00, 0x09, 0xFF, 0x40, 0x00, 0x00, 0x00, 0x00, 0x00, 0x7F, 0xF8, 0x00, 0x00, 0x00, 0x00, 0x00, 0x05, 0xFF, 0xA0, 0x00,
  0x00, 0x00, 0x00, 0x00, 0x4E, 0xFC, 0x10, 0x00, 0x00, 0x00, 0x00, 0x03, 0xEF, 0xC1, 0x00, 0x00, 0x00, 0x00, 0x00, 0x2E,
  0xFD, 0x20, 0x00, 0x00, 0x00, 0x00, 0x02, 0xDF, 0xD2, 0x00, 0x00, 0x00, 0x00, 0x00, 0x1C, 0xFE, 0x30, 0x00, 0x00, 0x00,
  0x00, 0x00, 0xBF, 0xE4, 0x11, 0x11, 0x11, 0x11, 0x10, 0x06, 0xFF, 0xFF, 0xFF, 0xFF, 0xFF, 0xFF, 0xB0, 0x06, 0xFF, 0xFF,
  0xFF, 0xFF, 0xFF, 0xFF, 0xB0, 0x00, 0x00, 0x5B, 0xEF, 0xEC, 0x71, 0x00, 0x00, 0x00, 0x1A, 0xFF, 0xFF, 0xFF, 0xFD, 0x20,
  0x00, 0x00, 0xAF, 0xFB, 0x52, 0x49, 0xFF, 0xC0, 0x00, 0x03, 0xFF, 0xA0, 0x00, 0x00, 0x8F, 0xF5, 0x00, 0x07, 0xFF, 0x30,
  0x00, 0x00, 0x2F, 0xF8, 0x00, 0x05, 0x88, 0x10, 0x00, 0x00, 0x0E, 0xF9, 0x00, 0x00, 0x00, 0x00, 0x00, 0x00, 0x1F, 0xF8,
  0x00, 0x00, 0x00, 0x00, 0x00, 0x00, 0x8F, 0xF3, 0x00, 0x00, 0x00, 0x00, 0x01, 0x4A, 0xFF, 0x70, 0x00, 0x00, 0x00, 0x0B,
  0xFF, 0xFF, 0xE6, 0x00, 0x00, 0x00, 0x00, 0x0B, 0xFF, 0xFF, 0xE9, 0x10, 0x00, 0x00, 0x00, 0x01, 0x12, 0x49, 0xFF, 0xC1,
  0x00, 0x00, 0x00, 0x00, 0x00, 0x00, 0x4F, 0xF8, 0x00, 0x00, 0x00, 0x00, 0x00, 0x00, 0x0C, 0xFC, 0x00, 0x06, 0x98, 0x00,
  0x00, 0x00, 0x0B, 0xFD, 0x00, 0x0A, 0xFE, 0x10, 0x00, 0x00, 0x0C, 0xFC, 0x00, 0x06, 0xFF, 0x80, 0x00, 0x00, 0x4F, 0xF9,
  0x00, 0x00, 0xCF, 0xFA, 0x42, 0x48, 0xEF, 0xE2, 0x00, 0x00, 0x2C, 0xFF, 0xFF, 0xFF, 0xFE, 0x40, 0x00, 0x00, 0x01, 0x7B,
  0xEF, 0xEC, 0x81, 0x00, 0x00, 0x00, 0x00, 0x00, 0x00, 0x0B, 0xFF, 0x60, 0x00, 0x00, 0x00, 0x00, 0x00, 0x6F, 0xFF, 0x60,
  0x00, 0x00, 0x00, 0x00, 0x02, 0xEF, 0xFF, 0x60, 0x00, 0x00, 0x00, 0x00, 0x0B, 0xFE, 0xFF, 0x60, 0x00, 0x00, 0x00, 0x00,
  0x6F, 0xF7, 0xFF, 0x60, 0x00, 0x00, 0x00, 0x02, 0xEF, 0x84, 0xFF, 0x60, 0x00, 0x00, 0x00, 0x0A, 0xFD, 0x14, 0xFF, 0x60,
  0x00, 0x00, 0x00, 0x5F, 0xF4, 0x04, 0xFF, 0x60, 0x00, 0x00, 0x01, 0xEF, 0x90, 0x04, 0xFF, 0x60, 0x00, 0x00, 0x0A, 0xFD,
  0x10, 0x04, 0xFF, 0x60, 0x00, 0x00, 0x5F, 0xF4, 0x00, 0x04, 0xFF, 0x60, 0x00, 0x01, 0xDF, 0x90, 0x00, 0x04, 0xFF, 0x60,
  0x00, 0x09, 0xFD, 0x10, 0x00, 0x04, 0xFF, 0x60, 0x00, 0x3F, 0xFF, 0xFF, 0xFF, 0xFF, 0xFF, 0xFF, 0xF2, 0x5F, 0xFF, 0xFF,
  0xFF, 0xFF, 0xFF, 0xFF, 0xF2, 0x01, 0x11, 0x11, 0x11, 0x15, 0xFF, 0x61, 0x10, 0x00, 0x00, 0x00, 0x00, 0x04, 0xFF, 0x60,
  0x00, 0x00, 0x00, 0x00, 0x00, 0x04, 0xFF, 0x60, 0x00, 0x00, 0x00, 0x00, 0x00, 0x04, 0xFF, 0x60, 0x00, 0x00, 0x00, 0x00,
  0x00, 0x04, 0xFF, 0x60, 0x00, 0x00, 0x04, 0xFF, 0xFF, 0xFF, 0xFF, 0xFF, 0x10, 0x00, 0x06, 0xFF, 0xFF, 0xFF, 0xFF, 0xFF,
  0x10, 0x00, 0x07, 0xFE, 0x66, 0x66, 0x66, 0x66, 0x00, 0x00, 0x09, 0xFD, 0x00, 0x00, 0x00, 0x00, 0x00, 0x00, 0x0A, 0xFC,
  0x00, 0x00, 0x00, 0x00, 0x00, 0x00, 0x0C, 0xFA, 0x00, 0x00, 0x00, 0x00, 0x00, 0x00, 0x0D, 0xF9, 0x00, 0x00, 0x00, 0x00,
  0x00, 0x00, 0x0E, 0xF9, 0xAD, 0xFE, 0xC6, 0x00, 0x00, 0x00, 0x1F, 0xFF, 0xFF, 0xFF, 0xFF, 0xB1, 0x00, 0x00, 0x3F, 0xFE,
  0x96, 0x58, 0xEF, 0xF9, 0x00, 0x00, 0x04, 0x82, 0x00, 0x00, 0x2D, 0xFF, 0x20, 0x00, 0x00, 0x00, 0x00, 0x00, 0x06, 0xFF,
  0x60, 0x00, 0x00, 0x00, 0x00, 0x00, 0x01, 0xFF, 0x90, 0x00, 0x00, 0x00, 0x00, 0x00, 0x00, 0xEF, 0xA0, 0x00, 0x79, 0x50,
  0x00, 0x00, 0x00, 0xFF, 0x90, 0x00, 0xBF, 0xC0, 0x00, 0x00, 0x04, 0xFF, 0x60, 0x00, 0x7F, 0xF5, 0x00, 0x00, 0x0B, 0xFF,
  0x20, 0x00, 0x1D, 0xFE, 0x83, 0x24, 0xBF, 0xF9, 0x00, 0x00, 0x03, 0xDF, 0xFF, 0xFF, 0xFF, 0xA0, 0x00, 0x00, 0x00, 0x18,
  0xCE, 0xFE, 0xB5, 0x00, 0x00, 0x00, 0x00, 0x00, 0x16, 0xAD, 0xE9, 0x00, 0x00, 0x00, 0x00, 0x05, 0xDF, 0xFF, 0xF9, 0x00,
  0x00, 0x00, 0x00, 0x7F, 0xFF, 0xA6, 0x42, 0x00, 0x00, 0x00, 0x04, 0xFF, 0xD3, 0x00, 0x00, 0x00, 0x00, 0x00, 0x0D, 0xFD,
  0x20, 0x00, 0x00, 0x00, 0x00, 0x00, 0x4F, 0xF5, 0x00, 0x00, 0x00, 0x00, 0x00, 0x00, 0xAF, 0xD0, 0x00, 0x00, 0x00, 0x00,
  0x00, 0x00, 0xDF, 0xA3, 0xAD, 0xFE, 0xB5, 0x00, 0x00, 0x01, 0xFF, 0xBF, 0xFF, 0xFF, 0xFF, 0x80, 0x00, 0x02, 0xFF, 0xFF,
  0x94, 0x36, 0xDF, 0xF6, 0x00, 0x03, 0xFF, 0xE4, 0x00, 0x00, 0x2E, 0xFD, 0x00, 0x04, 0xFF, 0x80, 0x00, 0x00, 0x08, 0xFF,
  0x30, 0x03, 0xFF, 0x60, 0x00, 0x00, 0x05, 0xFF, 0x60, 0x02, 0xFF, 0x70, 0x00, 0x00, 0x03, 0xFF, 0x60, 0x00, 0xEF, 0x90,
  0x00, 0x00, 0x05, 0xFF, 0x50, 0x00, 0xBF, 0xE1, 0x00, 0x00, 0x08, 0xFF, 0x20, 0x00, 0x5F, 0xF9, 0x00, 0x00, 0x2E, 0xFC,
  0x00, 0x00, 0x0A, 0xFF, 0xA4, 0x36, 0xDF, 0xF5, 0x00, 0x00, 0x01, 0xBF, 0xFF, 0xFF, 0xFF, 0x60, 0x00, 0x00, 0x00, 0x06,
  0xCE, 0xFD, 0xA3, 0x00, 0x00, 0x0E, 0xFF, 0xFF, 0xFF, 0xFF, 0xFF, 0xFF, 0x80, 0x0E, 0xFF, 0xFF, 0xFF, 0xFF, 0xFF, 0xFF,
  0x70, 0x02, 0x22, 0x22, 0x22, 0x22, 0x27, 0xFE, 0x20, 0x00, 0x00, 0x00, 0x00, 0x00, 0x0D, 0xF9, 0x00, 0x00, 0x00, 0x00,
  0x00, 0x00, 0x5F, 0xF3, 0x00, 0x00, 0x00, 0x00, 0x00, 0x00, 0xCF, 0xB0, 0x00, 0x00, 0x00, 0x00, 0x00, 0x04, 0xFF, 0x50,
  0x00, 0x00, 0x00, 0x00, 0x00, 0x0B, 0xFC, 0x00, 0x00, 0x00, 0x00, 0x00, 0x00, 0x3F, 0xF6, 0x00, 0x00, 0x00, 0x00, 0x00,
  0x00, 0x9F, 0xE1, 0x00, 0x00, 0x00, 0x00, 0x00, 0x02, 0xEF, 0x80, 0x00, 0x00, 0x00, 0x00, 0x00, 0x08, 0xFE, 0x20, 0x00,
  0x00, 0x00, 0x00, 0x00, 0x1E, 0xFA, 0x00, 0x00, 0x00, 0x00, 0x00, 0x00, 0x7F, 0xF3, 0x00, 0x00, 0x00, 0x00, 0x00, 0x00,
  0xDF, 0xB0, 0x00, 0x00, 0x00, 0x00, 0x00, 0x06, 0xFF, 0x50, 0x00, 0x00, 0x00, 0x00, 0x00, 0x0C, 0xFD, 0x00, 0x00, 0x00,
  0x00, 0x00, 0x00, 0x5F, 0xF6, 0x00, 0x00, 0x00, 0x00, 0x00, 0x00, 0xBF, 0xE1, 0x00, 0x00, 0x00, 0x00, 0x00, 0x03, 0xFF,
  0x80, 0x00, 0x00, 0x00, 0x00, 0x00, 0x00, 0x3A, 0xDF, 0xED, 0x81, 0x00, 0x00, 0x00, 0x06, 0xFF, 0xFF, 0xFF, 0xFD, 0x30,
  0x00, 0x00, 0x4F, 0xFE, 0x73, 0x49, 0xFF, 0xD1, 0x00, 0x00, 0xBF, 0xF3, 0x00, 0x00, 0x8F, 0xF7, 0x00, 0x00, 0xEF, 0xB0,
  0x00, 0x00, 0x0F, 0xFA, 0x00, 0x00, 0xFF, 0x90, 0x00, 0x00, 0x0D, 0xFB, 0x00, 0x00, 0xDF, 0xB0, 0x00, 0x00, 0x0E, 0xFA,
  0x00, 0x00, 0x9F, 0xF3, 0x00, 0x00, 0x7F, 0xF5, 0x00, 0x00, 0x2D, 0xFD, 0x51, 0x27, 0xEF, 0xB0, 0x00, 0x00, 0x03, 0xCF,
  0xFF, 0xFF, 0xFA, 0x10, 0x00, 0x00, 0x04, 0xCF, 0xFF, 0xFF, 0xF9, 0x10, 0x00, 0x00, 0x4E, 0xFC, 0x53, 0x47, 0xEF, 0xD2,
  0x00, 0x01, 0xDF, 0xB0, 0x00, 0x00, 0x3E, 0xFA, 0x00, 0x05, 0xFF, 0x40, 0x00, 0x00, 0x09, 0xFF, 0x10, 0x07, 0xFF, 0x20,
  0x00, 0x00, 0x06, 0xFF, 0x30, 0x07, 0xFF, 0x40, 0x00, 0x00, 0x08, 0xFF, 0x20, 0x03, 0xFF, 0xB0, 0x00, 0x00, 0x1D, 0xFD,
  0x00, 0x00, 0xAF, 0xFB, 0x52, 0x36, 0xDF, 0xF6, 0x00, 0x00, 0x1B, 0xFF, 0xFF, 0xFF, 0xFF, 0x80, 0x00, 0x00, 0x00, 0x6B,
  0xEF, 0xED, 0xA3, 0x00, 0x00, 0x00, 0x00, 0x5B, 0xDF, 0xEB, 0x50, 0x00, 0x00, 0x00, 0x09, 0xFF, 0xFF, 0xFF, 0xF8, 0x00,
  0x00, 0x00, 0x7F, 0xFC, 0x53, 0x5C, 0xFF, 0x70, 0x00, 0x01, 0xEF, 0xC0, 0x00, 0x01, 0xCF, 0xE1, 0x00, 0x06, 0xFF, 0x40,
  0x00, 0x00, 0x4F, 0xF6, 0x00, 0x09, 0xFF, 0x00, 0x00, 0x00, 0x0D, 0xFA, 0x00, 0x0A, 0xFE, 0x00, 0x00, 0x00, 0x0B, 0xFC,
  0x00, 0x09, 0xFF, 0x00, 0x00, 0x00, 0x0A, 0xFD, 0x00, 0x07, 0xFF, 0x40, 0x00, 0x00, 0x0C, 0xFE, 0x00, 0x02, 0xFF, 0xC0,
  0x00, 0x00, 0x8F, 0xFD, 0x00, 0x00, 0x9F, 0xFB, 0x43, 0x5B, 0xFF, 0xFC, 0x00, 0x00, 0x1B, 0xFF, 0xFF, 0xFF, 0xCC, 0xFC,
  0x00, 0x00, 0x00, 0x7C, 0xEE, 0xC7, 0x0D, 0xF9, 0x00, 0x00, 0x00, 0x00, 0x00, 0x00, 0x1F, 0xF7, 0x00, 0x00, 0x00, 0x00,
  0x00, 0x00, 0x7F, 0xF2, 0x00, 0x00, 0x00, 0x00, 0x00, 0x02, 0xDF, 0xB0, 0x00, 0x00, 0x00, 0x00, 0x00, 0x3C, 0xFF, 0x30,
  0x00, 0x00, 0x00, 0x24, 0x6A, 0xFF, 0xF6, 0x00, 0x00, 0x00, 0x00, 0xDF, 0xFF, 0xFD, 0x50, 0x00, 0x00, 0x00, 0x00, 0xDE,
  0xDA, 0x60, 0x00, 0x00, 0x00, 0x00, 0xBE, 0x90, 0x00, 0x2F, 0xFE, 0x00, 0x00, 0xBF, 0x90, 0x00, 0x00, 0x00, 0x00, 0x00,
  0x00, 0x00, 0x00, 0x00, 0x00, 0x00, 0x00, 0x00, 0x00, 0x00, 0x00, 0x00, 0x00, 0x00, 0x00, 0x00, 0x00, 0x00, 0x00, 0x00,
  0x00, 0x00, 0x00, 0x00, 0x00, 0x00, 0x00, 0x00, 0xBF, 0x90, 0x00, 0x3F, 0xFE, 0x00, 0x00, 0xBE, 0x90, 0x00, 0x03, 0xDE,
  0x50, 0x08, 0xFF, 0xA0, 0x03, 0xEE, 0x50, 0x00, 0x00, 0x00, 0x00, 0x00, 0x00, 0x00, 0x00, 0x00, 0x00, 0x00, 0x00, 0x00,
  0x00, 0x00, 0x00, 0x00, 0x00, 0x00, 0x00, 0x00, 0x00, 0x00, 0x00, 0x00, 0x00, 0x00, 0x02, 0xFF, 0x70, 0x02, 0xFF, 0x70,
  0x03, 0xFF, 0x60, 0x05, 0xFF, 0x30, 0x0A, 0xFC, 0x00, 0x3F, 0xF5, 0x00, 0x2B, 0x80, 0x00, 0x00, 0x00, 0x00, 0x00, 0x00,
  0x5B, 0x30, 0x00, 0x00, 0x00, 0x00, 0x6C, 0xFF, 0x30, 0x00, 0x00, 0x01, 0x8E, 0xFF, 0xFD, 0x20, 0x00, 0x03, 0x9E, 0xFF,
  0xFB, 0x50, 0x00, 0x04, 0xBF, 0xFF, 0xD8, 0x20, 0x00, 0x00, 0x0F, 0xFF, 0xB5, 0x00, 0x00, 0x00, 0x00, 0x0F, 0xFE, 0xA4,
  0x00, 0x00, 0x00, 0x00, 0x04, 0xAF, 0xFF, 0xD8, 0x20, 0x00, 0x00, 0x00, 0x02, 0x9E, 0xFF, 0xFB, 0x50, 0x00, 0x00, 0x00,
  0x01, 0x8E, 0xFF, 0xFD, 0x20, 0x00, 0x00, 0x00, 0x00, 0x6C, 0xFF, 0x30, 0x00, 0x00, 0x00, 0x00, 0x00, 0x5B, 0x30, 0x00,
  0x00, 0x00, 0x00, 0x00, 0x00, 0x00, 0x00, 0x00, 0x00, 0x00, 0x00, 0x00, 0x00, 0x00, 0x00, 0x00, 0x00, 0x00, 0x00, 0x00,
  0x00, 0xEF, 0xFF, 0xFF, 0xFF, 0xFF, 0xF8, 0x00, 0x0E, 0xFF, 0xFF, 0xFF, 0xFF, 0xFF, 0x80, 0x00, 0x44, 0x44, 0x44, 0x44,
  0x44, 0x42, 0x00, 0x00, 0x00, 0x00, 0x00, 0x00, 0x00, 0x00, 0x00, 0x00, 0x00, 0x00, 0x00, 0x00, 0x00, 0x00, 0x00, 0x00,
  0x00, 0x00, 0x00, 0x00, 0x00, 0x00, 0xEF, 0xFF, 0xFF, 0xFF, 0xFF, 0xF8, 0x00, 0x0E, 0xFF, 0xFF, 0xFF, 0xFF, 0xFF, 0x80,
  0x00, 0x34, 0x44, 0x44, 0x44, 0x44, 0x42, 0x00, 0x00, 0x00, 0x00, 0x00, 0x00, 0x00, 0x00, 0x00, 0x00, 0x00, 0x00, 0x00,
  0x00, 0x00, 0x00, 0x00, 0x00, 0x00, 0x00, 0x00, 0x00, 0x00, 0x00, 0x00, 0x00, 0x00, 0x00, 0x00, 0x00, 0x00, 0x00, 0x00,
  0x00, 0x00, 0x00, 0x00, 0x00, 0x03, 0xB5, 0x00, 0x00, 0x00, 0x00, 0x00, 0x00, 0x3F, 0xFD, 0x71, 0x00, 0x00, 0x00, 0x00,
  0x02, 0xCF, 0xFF, 0xE9, 0x30, 0x00, 0x00, 0x00, 0x00, 0x39, 0xEF, 0xFF, 0xB5, 0x00, 0x00, 0x00, 0x00, 0x00, 0x6B, 0xFF,
  0xFD, 0x71, 0x00, 0x00, 0x00, 0x00, 0x02, 0x8D, 0xFF, 0x90, 0x00, 0x00, 0x00, 0x00, 0x38, 0xDF, 0xF9, 0x00, 0x00, 0x00,
  0x16, 0xBF, 0xFF, 0xD7, 0x10, 0x00, 0x04, 0x9E, 0xFF, 0xFB, 0x50, 0x00, 0x00, 0x2C, 0xFF, 0xFE, 0x93, 0x00, 0x00, 0x00,
  0x03, 0xFF, 0xD7, 0x10, 0x00, 0x00, 0x00, 0x00, 0x3B, 0x50, 0x00, 0x00, 0x00, 0x00, 0x00, 0x00, 0x00, 0x00, 0x00, 0x00,
  0x00, 0x00, 0x00, 0x00, 0x00, 0x00, 0x00, 0x00, 0x00, 0x00, 0x00, 0x00, 0x00, 0x00, 0x00, 0x00, 0x00, 0x00, 0x00, 0x05,
  0xBE, 0xFE, 0xC7, 0x00, 0x00, 0x08, 0xFF, 0xFF, 0xFF, 0xFC, 0x10, 0x06, 0xFF, 0xD7, 0x56, 0xCF, 0xF8, 0x00, 0xCF, 0xE2,
  0x00, 0x01, 0xDF, 0xE0, 0x0D, 0xEA, 0x00, 0x00, 0x09, 0xFF, 0x10, 0x00, 0x00, 0x00, 0x00, 0x8F, 0xF1, 0x00, 0x00, 0x00,
  0x00, 0x0B, 0xFD, 0x00, 0x00, 0x00, 0x00, 0x05, 0xFF, 0x80, 0x00, 0x00, 0x00, 0x04, 0xEF, 0xD1, 0x00, 0x00, 0x00, 0x04,
  0xEF, 0xE3, 0x00, 0x00, 0x00, 0x02, 0xEF, 0xE3, 0x00, 0x00, 0x00, 0x00, 0xAF, 0xF4, 0x00, 0x00, 0x00, 0x00, 0x0E, 0xFB,
  0x00, 0x00, 0x00, 0x00, 0x02, 0xFF, 0x90, 0x00, 0x00, 0x00, 0x00, 0x15, 0x53, 0x00, 0x00, 0x00, 0x00, 0x00, 0x00, 0x00,
  0x00, 0x00, 0x00, 0x00, 0x00, 0x00, 0x00, 0x00, 0x00, 0x00, 0x00, 0xAD, 0x50, 0x00, 0x00, 0x00, 0x00, 0x4F, 0xFB, 0x00,
  0x00, 0x00, 0x00, 0x01, 0xCE, 0x70, 0x00, 0x00, 0x00, 0x00, 0x00, 0x00, 0x16, 0xAD, 0xEF, 0xEC, 0x95, 0x00, 0x00, 0x00,
  0x00, 0x00, 0x00, 0x00, 0x7E, 0xFF, 0xFD, 0xDE, 0xFF, 0xFC, 0x40, 0x00, 0x00, 0x00, 0x00, 0x01, 0xBF, 0xF9, 0x40, 0x00,
  0x01, 0x6B, 0xFF, 0x60, 0x00, 0x00, 0x00, 0x01, 0xCF, 0xC3, 0x00, 0x00, 0x00, 0x00, 0x05, 0xEF, 0x50, 0x00, 0x00, 0x00,
  0x9F, 0xC1, 0x00, 0x00, 0x00, 0x00, 0x00, 0x04, 0xEE, 0x10, 0x00, 0x00, 0x4F, 0xE2, 0x00, 0x00, 0x00, 0x00, 0x00, 0x00,
  0x08, 0xF8, 0x00, 0x00, 0x0C, 0xF6, 0x00, 0x00, 0x08, 0xDF, 0xEA, 0x30, 0x00, 0x0E, 0xE0, 0x00, 0x04, 0xFD, 0x00, 0x00,
  0x1B, 0xFF, 0xCD, 0xFF, 0x50, 0x00, 0x9F, 0x40, 0x00, 0x9F, 0x80, 0x00, 0x0A, 0xFC, 0x20, 0x0C, 0xF6, 0x00, 0x05, 0xF8,
  0x00, 0x0D, 0xF3, 0x00, 0x04, 0xFE, 0x20, 0x00, 0xCF, 0x40, 0x00, 0x3F, 0xA0, 0x02, 0xFE, 0x00, 0x00, 0xAF, 0x90, 0x00,
  0x0E, 0xF3, 0x00, 0x01, 0xFB, 0x00, 0x4F, 0xC0, 0x00, 0x1E, 0xF3, 0x00, 0x00, 0xFF, 0x10, 0x00, 0x0F, 0xC0, 0x06, 0xFA,
  0x00, 0x04, 0xFE, 0x00, 0x00, 0x1F, 0xE0, 0x00, 0x00, 0xFC, 0x00, 0x7F, 0xA0, 0x00, 0x6F, 0xC0, 0x00, 0x03, 0xFD, 0x00,
  0x00, 0x2F, 0xB0, 0x07, 0xFA, 0x00, 0x08, 0xFC, 0x00, 0x00, 0x4F, 0xC0, 0x00, 0x04, 0xF9, 0x00, 0x6F, 0xA0, 0x00, 0x8F,
  0xC0, 0x00, 0x07, 0xFB, 0x00, 0x00, 0x8F, 0x60, 0x04, 0xFC, 0x00, 0x06, 0xFE, 0x00, 0x01, 0xDF, 0xC0, 0x00, 0x0E, 0xE1,
  0x00, 0x1F, 0xE0, 0x00, 0x2F, 0xF9, 0x13, 0xCE, 0xFE, 0x20, 0x0A, 0xF8, 0x00, 0x00, 0xDF, 0x40, 0x00, 0xAF, 0xFF, 0xFF,
  0x5B, 0xFE, 0xAD, 0xFB, 0x00, 0x00, 0x08, 0xFA, 0x00, 0x01, 0x9E, 0xEB, 0x40, 0x1A, 0xEF, 0xD7, 0x00, 0x00, 0x00, 0x2F,
  0xF3, 0x00, 0x00, 0x00, 0x00, 0x00, 0x00, 0x00, 0x00, 0x00, 0x00, 0x00, 0x9F, 0xC1, 0x00, 0x00, 0x00, 0x00, 0x00, 0x00,
  0x00, 0x00, 0x00, 0x00, 0x01, 0xCF, 0xC2, 0x00, 0x00, 0x00, 0x00, 0x00, 0x00, 0x00, 0x00, 0x00, 0x00, 0x02, 0xCF, 0xE8,
  0x20, 0x00, 0x00, 0x49, 0x00, 0x00, 0x00, 0x00, 0x00, 0x00, 0x01, 0x9F, 0xFF, 0xDC, 0xBC, 0xEF, 0xF3, 0x00, 0x00, 0x00,
  0x00, 0x00, 0x00, 0x00, 0x27, 0xBD, 0xFF, 0xEC, 0x93, 0x00, 0x00, 0x00, 0x00, 0x00, 0x00, 0x00, 0x04, 0xFF, 0x80, 0x00,
  0x00, 0x00, 0x00, 0x00, 0x00, 0x0A, 0xFF, 0xD0, 0x00, 0x00, 0x00, 0x00, 0x00, 0x00, 0x1E, 0xFF, 0xF4, 0x00, 0x00, 0x00,
  0x00, 0x00, 0x00, 0x6F, 0xFD, 0xFA, 0x00, 0x00, 0x00, 0x00, 0x00, 0x00, 0xBF, 0xB7, 0xFE, 0x10, 0x00, 0x00, 0x00, 0x00,
  0x02, 0xFF, 0x62, 0xFF, 0x60, 0x00, 0x00, 0x00, 0x00, 0x08, 0xFF, 0x10, 0xCF, 0xC0, 0x00, 0x00, 0x00, 0x00, 0x0D, 0xFB,
  0x00, 0x7F, 0xF3, 0x00, 0x00, 0x00, 0x00, 0x5F, 0xF6, 0x00, 0x1F, 0xF9, 0x00, 0x00, 0x00, 0x00, 0xAF, 0xE1, 0x00, 0x0B,
  0xFE, 0x00, 0x00, 0x00, 0x01, 0xEF, 0xA0, 0x00, 0x06, 0xFF, 0x50, 0x00, 0x00, 0x07, 0xFF, 0x50, 0x00, 0x01, 0xEF, 0xA0,
  0x00, 0x00, 0x0C, 0xFE, 0x00, 0x00, 0x00, 0xAF, 0xF2, 0x00, 0x00, 0x3F, 0xFF, 0xFF, 0xFF, 0xFF, 0xFF, 0xF7, 0x00, 0x00,
  0x9F, 0xFF, 0xFF, 0xFF, 0xFF, 0xFF, 0xFC, 0x00, 0x00, 0xEF, 0xD3, 0x33, 0x33, 0x33, 0x3A, 0xFF, 0x30, 0x05, 0xFF, 0x80,
  0x00, 0x00, 0x00, 0x03, 0xFF, 0x90, 0x0B, 0xFF, 0x20, 0x00, 0x00, 0x00, 0x00, 0xCF, 0xE1, 0x2F, 0xFB, 0x00, 0x00, 0x00,
  0x00, 0x00, 0x7F, 0xF6, 0x7F, 0xF5, 0x00, 0x00, 0x00, 0x00, 0x00, 0x1E, 0xFB, 0x00, 0xBF, 0xFF, 0xFF, 0xFE, 0xDB, 0x50,
  0x00, 0x00, 0x0B, 0xFF, 0xFF, 0xFF, 0xFF, 0xFF, 0xB1, 0x00, 0x00, 0xBF, 0xE3, 0x33, 0x34, 0x7D, 0xFF, 0x90, 0x00, 0x0B,
  0xFE, 0x00, 0x00, 0x00, 0x1D, 0xFF, 0x10, 0x00, 0xBF, 0xE0, 0x00, 0x00, 0x00, 0x8F, 0xF4, 0x00, 0x0B, 0xFE, 0x00, 0x00,
  0x00, 0x06, 0xFF, 0x50, 0x00, 0xBF, 0xE0, 0x00, 0x00, 0x00, 0x8F, 0xF4, 0x00, 0x0B, 0xFE, 0x00, 0x00, 0x00, 0x1D, 0xFD,
  0x00, 0x00, 0xBF, 0xE0, 0x00, 0x02, 0x5D, 0xFF, 0x50, 0x00, 0x0B, 0xFF, 0xFF, 0xFF, 0xFF, 0xFD, 0x40, 0x00, 0x00, 0xBF,
  0xFF, 0xFF, 0xFF, 0xFF, 0xE9, 0x10, 0x00, 0x0B, 0xFE, 0x22, 0x22, 0x35, 0x9F, 0xFC, 0x00, 0x00, 0xBF, 0xE0, 0x00, 0x00,
  0x00, 0x7F, 0xF7, 0x00, 0x0B, 0xFE, 0x00, 0x00, 0x00, 0x00, 0xEF, 0xB0, 0x00, 0xBF, 0xE0, 0x00, 0x00, 0x00, 0x0D, 0xFD,
  0x00, 0x0B, 0xFE, 0x00, 0x00, 0x00, 0x00, 0xEF, 0xC0, 0x00, 0xBF, 0xE0, 0x00, 0x00, 0x00, 0x8F, 0xF8, 0x00, 0x0B, 0xFE,
  0x33, 0x33, 0x35, 0xBF, 0xFE, 0x20, 0x00, 0xBF, 0xFF, 0xFF, 0xFF, 0xFF, 0xFE, 0x40, 0x00, 0x0B, 0xFF, 0xFF, 0xFF, 0xFE,
  0xC8, 0x10, 0x00, 0x00, 0x00, 0x01, 0x7C, 0xEF, 0xEC, 0x92, 0x00, 0x00, 0x00, 0x00, 0x3D, 0xFF, 0xFF, 0xFF, 0xFF, 0x60,
  0x00, 0x00, 0x04, 0xEF, 0xFA, 0x53, 0x48, 0xEF, 0xF6, 0x00, 0x00, 0x1D, 0xFE, 0x40, 0x00, 0x00, 0x2D, 0xFE, 0x20, 0x00,
  0x8F, 0xF6, 0x00, 0x00, 0x00, 0x06, 0xFF, 0x80, 0x00, 0xCF, 0xD0, 0x00, 0x00, 0x00, 0x00, 0xEF, 0xC0, 0x02, 0xFF, 0x90,
  0x00, 0x00, 0x00, 0x00, 0x8B, 0xA0, 0x04, 0xFF, 0x60, 0x00, 0x00, 0x00, 0x00, 0x00, 0x00, 0x06, 0xFF, 0x50, 0x00, 0x00,
  0x00, 0x00, 0x00, 0x00, 0x07, 0xFF, 0x50, 0x00, 0x00, 0x00, 0x00, 0x00, 0x00, 0x06, 0xFF, 0x50, 0x00, 0x00, 0x00, 0x00,
  0x00, 0x00, 0x06, 0xFF, 0x50, 0x00, 0x00, 0x00, 0x00, 0x00, 0x00, 0x05, 0xFF, 0x60, 0x00, 0x00, 0x00, 0x00, 0x00, 0x00,
  0x02, 0xFF, 0x90, 0x00, 0x00, 0x00, 0x00, 0x8A, 0x90, 0x00, 0xDF, 0xD0, 0x00, 0x00, 0x00, 0x00, 0xEF, 0xC0, 0x00, 0x8F,
  0xF6, 0x00, 0x00, 0x00, 0x05, 0xFF, 0x70, 0x00, 0x1E, 0xFE, 0x30, 0x00, 0x00, 0x2D, 0xFE, 0x20, 0x00, 0x05, 0xFF, 0xE9,
  0x43, 0x48, 0xEF, 0xF6, 0x00, 0x00, 0x00, 0x5E, 0xFF, 0xFF, 0xFF, 0xFE, 0x60, 0x00, 0x00, 0x00, 0x01, 0x8C, 0xEF, 0xEC,
  0x82, 0x00, 0x00, 0x00, 0xBF, 0xFF, 0xFF, 0xFD, 0xB6, 0x00, 0x00, 0x00, 0x00, 0xBF, 0xFF, 0xFF, 0xFF, 0xFF, 0xD3, 0x00,
  0x00, 0x00, 0xBF, 0xE3, 0x33, 0x46, 0xAF, 0xFE, 0x40, 0x00, 0x00, 0xBF, 0xE0, 0x00, 0x00, 0x04, 0xEF, 0xD1, 0x00, 0x00,
  0xBF, 0xE0, 0x00, 0x00, 0x00, 0x4F, 0xFA, 0x00, 0x00, 0xBF, 0xE0, 0x00, 0x00, 0x00, 0x0A, 0xFF, 0x20, 0x00, 0xBF, 0xE0,
  0x00, 0x00, 0x00, 0x05, 0xFF, 0x60, 0x00, 0xBF, 0xE0, 0x00, 0x00, 0x00, 0x01, 0xFF, 0x90, 0x00, 0xBF, 0xE0, 0x00, 0x00,
  0x00, 0x00, 0xEF, 0xA0, 0x00, 0xBF, 0xE0, 0x00, 0x00, 0x00, 0x00, 0xEF, 0xB0, 0x00, 0xBF, 0xE0, 0x00, 0x00, 0x00, 0x00,
  0xEF, 0xB0, 0x00, 0xBF, 0xE0, 0x00, 0x00, 0x00, 0x00, 0xEF, 0xA0, 0x00, 0xBF, 0xE0, 0x00, 0x00, 0x00, 0x02, 0xFF, 0x90,
  0x00, 0xBF, 0xE0, 0x00, 0x00, 0x00, 0x05, 0xFF, 0x60, 0x00, 0xBF, 0xE0, 0x00, 0x00, 0x00, 0x0B, 0xFF, 0x20, 0x00, 0xBF,
  0xE0, 0x00, 0x00, 0x00, 0x5F, 0xFA, 0x00, 0x00, 0xBF, 0xE0, 0x00, 0x00, 0x05, 0xEF, 0xE1, 0x00, 0x00, 0xBF, 0xE3, 0x33,
  0x46, 0xBF, 0xFE, 0x40, 0x00, 0x00, 0xBF, 0xFF, 0xFF, 0xFF, 0xFF, 0xC3, 0x00, 0x00, 0x00, 0xBF, 0xFF, 0xFF, 0xED, 0xA5,
  0x00, 0x00, 0x00, 0x00, 0xBF, 0xFF, 0xFF, 0xFF, 0xFF, 0xFF, 0xD0, 0x00, 0xBF, 0xFF, 0xFF, 0xFF, 0xFF, 0xFF, 0xD0, 0x00,
  0xBF, 0xE3, 0x33, 0x33, 0x33, 0x33, 0x30, 0x00, 0xBF, 0xE0, 0x00, 0x00, 0x00, 0x00, 0x00, 0x00, 0xBF, 0xE0, 0x00, 0x00,
  0x00, 0x00, 0x00, 0x00, 0xBF, 0xE0, 0x00, 0x00, 0x00, 0x00, 0x00, 0x00, 0xBF, 0xE0, 0x00, 0x00, 0x00, 0x00, 0x00, 0x00,
  0xBF, 0xE0, 0x00, 0x00, 0x00, 0x00, 0x00, 0x00, 0xBF, 0xE0, 0x00, 0x00, 0x00, 0x00, 0x00, 0x00, 0xBF, 0xFF, 0xFF, 0xFF,
  0xFF, 0xF9, 0x00, 0x00, 0xBF, 0xFF, 0xFF, 0xFF, 0xFF, 0xF9, 0x00, 0x00, 0xBF, 0xE3, 0x33, 0x33, 0x33, 0x32, 0x00, 0x00,
  0xBF, 0xE0, 0x00, 0x00, 0x00, 0x00, 0x00, 0x00, 0xBF, 0xE0, 0x00, 0x00, 0x00, 0x00, 0x00, 0x00, 0xBF, 0xE0, 0x00, 0x00,
  0x00, 0x00, 0x00, 0x00, 0xBF, 0xE0, 0x00, 0x00, 0x00, 0x00, 0x00, 0x00, 0xBF, 0xE0, 0x00, 0x00, 0x00, 0x00, 0x00, 0x00,
  0xBF, 0xE3, 0x33, 0x33, 0x33, 0x33, 0x30, 0x00, 0xBF, 0xFF, 0xFF, 0xFF, 0xFF, 0xFF, 0xE0, 0x00, 0xBF, 0xFF, 0xFF, 0xFF,
  0xFF, 0xFF, 0xE0, 0x00, 0xBF, 0xFF, 0xFF, 0xFF, 0xFF, 0xFF, 0xA0, 0x0B, 0xFF, 0xFF, 0xFF, 0xFF, 0xFF, 0xFA, 0x00, 0xBF,
  0xE3, 0x33, 0x33, 0x33, 0x33, 0x20, 0x0B, 0xFE, 0x00, 0x00, 0x00, 0x00, 0x00, 0x00, 0xBF, 0xE0, 0x00, 0x00, 0x00, 0x00,
  0x00, 0x0B, 0xFE, 0x00, 0x00, 0x00, 0x00, 0x00, 0x00, 0xBF, 0xE0, 0x00, 0x00, 0x00, 0x00, 0x00, 0x0B, 0xFE, 0x00, 0x00,
  0x00, 0x00, 0x00, 0x00, 0xBF, 0xE0, 0x00, 0x00, 0x00, 0x00, 0x00, 0x0B, 0xFF, 0xFF, 0xFF, 0xFF, 0xFF, 0x50, 0x00, 0xBF,
  0xFF, 0xFF, 0xFF, 0xFF, 0xF5, 0x00, 0x0B, 0xFE, 0x33, 0x33, 0x33, 0x33, 0x10, 0x00, 0xBF, 0xE0, 0x00, 0x00, 0x00, 0x00,
  0x00, 0x0B, 0xFE, 0x00, 0x00, 0x00, 0x00, 0x00, 0x00, 0xBF, 0xE0, 0x00, 0x00, 0x00, 0x00, 0x00, 0x0B, 0xFE, 0x00, 0x00,
  0x00, 0x00, 0x00, 0x00, 0xBF, 0xE0, 0x00, 0x00, 0x00, 0x00, 0x00, 0x0B, 0xFE, 0x00, 0x00, 0x00, 0x00, 0x00, 0x00, 0xBF,
  0xE0, 0x00, 0x00, 0x00, 0x00, 0x00, 0x0B, 0xFE, 0x00, 0x00, 0x00, 0x00, 0x00, 0x00, 0x00, 0x01, 0x8C, 0xEF, 0xED, 0x93,
  0x00, 0x00, 0x00, 0x00, 0x05, 0xEF, 0xFF, 0xFF, 0xFF, 0xF8, 0x00, 0x00, 0x00, 0x05, 0xFF, 0xFA, 0x54, 0x58, 0xEF, 0xF8,
  0x00, 0x00, 0x01, 0xEF, 0xE4, 0x00, 0x00, 0x01, 0xDF, 0xF3, 0x00, 0x00, 0x8F, 0xF6, 0x00, 0x00, 0x00, 0x03, 0xFF, 0xA0,
  0x00, 0x0D, 0xFE, 0x00, 0x00, 0x00, 0x00, 0x0D, 0xFD, 0x00, 0x01, 0xFF, 0xA0, 0x00, 0x00, 0x00, 0x00, 0x22, 0x20, 0x00,
  0x4F, 0xF7, 0x00, 0x00, 0x00, 0x00, 0x00, 0x00, 0x00, 0x05, 0xFF, 0x60, 0x00, 0x00, 0x00, 0x00, 0x00, 0x00, 0x00, 0x6F,
  0xF6, 0x00, 0x00, 0x00, 0x00, 0x00, 0x00, 0x00, 0x06, 0xFF, 0x60, 0x00, 0x04, 0xFF, 0xFF, 0xFF, 0xF0, 0x00, 0x5F, 0xF6,
  0x00, 0x00, 0x4F, 0xFF, 0xFF, 0xFF, 0x00, 0x03, 0xFF, 0x80, 0x00, 0x01, 0x33, 0x33, 0xBF, 0xF0, 0x00, 0x1F, 0xFB, 0x00,
  0x00, 0x00, 0x00, 0x0A, 0xFF, 0x00, 0x00, 0xBF, 0xE1, 0x00, 0x00, 0x00, 0x00, 0xAF, 0xF0, 0x00, 0x06, 0xFF, 0x90, 0x00,
  0x00, 0x00, 0x0A, 0xFF, 0x00, 0x00, 0x0B, 0xFF, 0x70, 0x00, 0x00, 0x01, 0xCF, 0xF0, 0x00, 0x00, 0x2D, 0xFF, 0xB6, 0x43,
  0x58, 0xDF, 0xFB, 0x00, 0x00, 0x00, 0x2C, 0xFF, 0xFF, 0xFF, 0xFF, 0xF9, 0x10, 0x00, 0x00, 0x00, 0x06, 0xBD, 0xFF, 0xEC,
  0x83, 0x00, 0x00, 0x00, 0xBF, 0xE0, 0x00, 0x00, 0x00, 0x00, 0x1F, 0xFA, 0x00, 0x00, 0xBF, 0xE0, 0x00, 0x00, 0x00, 0x00,
  0x1F, 0xFA, 0x00, 0x00, 0xBF, 0xE0, 0x00, 0x00, 0x00, 0x00, 0x1F, 0xFA, 0x00, 0x00, 0xBF, 0xE0, 0x00, 0x00, 0x00, 0x00,
  0x1F, 0xFA, 0x00, 0x00, 0xBF, 0xE0, 0x00, 0x00, 0x00, 0x00, 0x1F, 0xFA, 0x00, 0x00, 0xBF, 0xE0, 0x00, 0x00, 0x00, 0x00,
  0x1F, 0xFA, 0x00, 0x00, 0xBF, 0xE0, 0x00, 0x00, 0x00, 0x00, 0x1F, 0xFA, 0x00, 0x00, 0xBF, 0xE0, 0x00, 0x00, 0x00, 0x00,
  0x1F, 0xFA, 0x00, 0x00, 0xBF, 0xE0, 0x00, 0x00, 0x00, 0x00, 0x1F, 0xFA, 0x00, 0x00, 0xBF, 0xFF, 0xFF, 0xFF, 0xFF, 0xFF,
  0xFF, 0xFA, 0x00, 0x00, 0xBF, 0xFF, 0xFF, 0xFF, 0xFF, 0xFF, 0xFF, 0xFA, 0x00, 0x00, 0xBF, 0xE3, 0x33, 0x33, 0x33, 0x33,
  0x3F, 0xFA, 0x00, 0x00, 0xBF, 0xE0, 0x00, 0x00, 0x00, 0x00, 0x1F, 0xFA, 0x00, 0x00, 0xBF, 0xE0, 0x00, 0x00, 0x00, 0x00,
  0x1F, 0xFA, 0x00, 0x00, 0xBF, 0xE0, 0x00, 0x00, 0x00, 0x00, 0x1F, 0xFA, 0x00, 0x00, 0xBF, 0xE0, 0x00, 0x00, 0x00, 0x00,
  0x1F, 0xFA, 0x00, 0x00, 0xBF, 0xE0, 0x00, 0x00, 0x00, 0x00, 0x1F, 0xFA, 0x00, 0x00, 0xBF, 0xE0, 0x00, 0x00, 0x00, 0x00,
  0x1F, 0xFA, 0x00, 0x00, 0xBF, 0xE0, 0x00, 0x00, 0x00, 0x00, 0x1F, 0xFA, 0x00, 0x00, 0xBF, 0xE0, 0x00, 0x00, 0x00, 0x00,
  0x1F, 0xFA, 0x00, 0x00, 0x8F, 0xF3, 0x00, 0x00, 0x8F, 0xF3, 0x00, 0x00, 0x8F, 0xF3, 0x00, 0x00, 0x8F, 0xF3, 0x00, 0x00,
  0x8F, 0xF3, 0x00, 0x00, 0x8F, 0xF3, 0x00, 0x00, 0x8F, 0xF3, 0x00, 0x00, 0x8F, 0xF3, 0x00, 0x00, 0x8F, 0xF3, 0x00, 0x00,
  0x8F, 0xF3, 0x00, 0x00, 0x8F, 0xF3, 0x00, 0x00, 0x8F, 0xF3, 0x00, 0x00, 0x8F, 0xF3, 0x00, 0x00, 0x8F, 0xF3, 0x00, 0x00,
  0x8F, 0xF3, 0x00, 0x00, 0x8F, 0xF3, 0x00, 0x00, 0x8F, 0xF3, 0x00, 0x00, 0x8F, 0xF3, 0x00, 0x00, 0x8F, 0xF3, 0x00, 0x00,
  0x8F, 0xF3, 0x00, 0x00, 0x00, 0x00, 0x00, 0x00, 0x6F, 0xF5, 0x00, 0x00, 0x00, 0x00, 0x00, 0x06, 0xFF, 0x50, 0x00, 0x00,
  0x00, 0x00, 0x00, 0x6F, 0xF5, 0x00, 0x00, 0x00, 0x00, 0x00, 0x06, 0xFF, 0x50, 0x00, 0x00, 0x00, 0x00, 0x00, 0x6F, 0xF5,
  0x00, 0x00, 0x00, 0x00, 0x00, 0x06, 0xFF, 0x50, 0x00, 0x00, 0x00, 0x00, 0x00, 0x6F, 0xF5, 0x00, 0x00, 0x00, 0x00, 0x00,
  0x06, 0xFF, 0x50, 0x00, 0x00, 0x00, 0x00, 0x00, 0x6F, 0xF5, 0x00, 0x00, 0x00, 0x00, 0x00, 0x06, 0xFF, 0x50, 0x00, 0x00,
  0x00, 0x00, 0x00, 0x6F, 0xF5, 0x00, 0x00, 0x00, 0x00, 0x00, 0x06, 0xFF, 0x50, 0x00, 0x00, 0x00, 0x00, 0x00, 0x6F, 0xF5,
  0x00, 0x00, 0x00, 0x00, 0x00, 0x06, 0xFF, 0x50, 0x4C, 0xC5, 0x00, 0x00, 0x00, 0x7F, 0xF5, 0x03, 0xFF, 0x90, 0x00, 0x00,
  0x0A, 0xFF, 0x30, 0x0E, 0xFE, 0x20, 0x00, 0x04, 0xFF, 0xD0, 0x00, 0x7F, 0xFE, 0x74, 0x47, 0xEF, 0xF5, 0x00, 0x00, 0x9F,
  0xFF, 0xFF, 0xFF, 0xF7, 0x00, 0x00, 0x00, 0x4A, 0xDF, 0xFD, 0xA3, 0x00, 0x00, 0x00, 0xBF, 0xE0, 0x00, 0x00, 0x00, 0x0B,
  0xFF, 0x80, 0x00, 0xBF, 0xE0, 0x00, 0x00, 0x00, 0x9F, 0xFA, 0x00, 0x00, 0xBF, 0xE0, 0x00, 0x00, 0x08, 0xFF, 0xB0, 0x00,
  0x00, 0xBF, 0xE0, 0x00, 0x00, 0x6F, 0xFC, 0x10, 0x00, 0x00, 0xBF, 0xE0, 0x00, 0x05, 0xFF, 0xD2, 0x00, 0x00, 0x00, 0xBF,
  0xE0, 0x00, 0x4E, 0xFE, 0x30, 0x00, 0x00, 0x00, 0xBF, 0xE0, 0x03, 0xEF, 0xF4, 0x00, 0x00, 0x00, 0x00, 0xBF, 0xE0, 0x2D,
  0xFF, 0x60, 0x00, 0x00, 0x00, 0x00, 0xBF, 0xE1, 0xCF, 0xF7, 0x00, 0x00, 0x00, 0x00, 0x00, 0xBF, 0xEB, 0xFF, 0xFA, 0x00,
  0x00, 0x00, 0x00, 0x00, 0xBF, 0xFF, 0xFE, 0xFF, 0x70, 0x00, 0x00, 0x00, 0x00, 0xBF, 0xFF, 0xA2, 0xEF, 0xF3, 0x00, 0x00,
  0x00, 0x00, 0xBF, 0xFA, 0x00, 0x5F, 0xFD, 0x10, 0x00, 0x00, 0x00, 0xBF, 0xE0, 0x00, 0x08, 0xFF, 0xA0, 0x00, 0x00, 0x00,
  0xBF, 0xE0, 0x00, 0x00, 0xCF, 0xF7, 0x00, 0x00, 0x00, 0xBF, 0xE0, 0x00, 0x00, 0x2E, 0xFF, 0x40, 0x00, 0x00, 0xBF, 0xE0,
  0x00, 0x00, 0x05, 0xFF, 0xD1, 0x00, 0x00, 0xBF, 0xE0, 0x00, 0x00, 0x00, 0x8F, 0xFB, 0x00, 0x00, 0xBF, 0xE0, 0x00, 0x00,
  0x00, 0x0B, 0xFF, 0x70, 0x00, 0xBF, 0xE0, 0x00, 0x00, 0x00, 0x02, 0xEF, 0xF4, 0x00, 0xBF, 0xE0, 0x00, 0x00, 0x00, 0x00,
  0x00, 0x0B, 0xFE, 0x00, 0x00, 0x00, 0x00, 0x00, 0x00, 0xBF, 0xE0, 0x00, 0x00, 0x00, 0x00, 0x00, 0x0B, 0xFE, 0x00, 0x00,
  0x00, 0x00, 0x00, 0x00, 0xBF, 0xE0, 0x00, 0x00, 0x00, 0x00, 0x00, 0x0B, 0xFE, 0x00, 0x00, 0x00, 0x00, 0x00, 0x00, 0xBF,
  0xE0, 0x00, 0x00, 0x00, 0x00, 0x00, 0x0B, 0xFE, 0x00, 0x00, 0x00, 0x00, 0x00, 0x00, 0xBF, 0xE0, 0x00, 0x00, 0x00, 0x00,
  0x00, 0x0B, 0xFE, 0x00, 0x00, 0x00, 0x00, 0x00, 0x00, 0xBF, 0xE0, 0x00, 0x00, 0x00, 0x00, 0x00, 0x0B, 0xFE, 0x00, 0x00,
  0x00, 0x00, 0x00, 0x00, 0xBF, 0xE0, 0x00, 0x00, 0x00, 0x00, 0x00, 0x0B, 0xFE, 0x00, 0x00, 0x00, 0x00, 0x00, 0x00, 0xBF,
  0xE0, 0x00, 0x00, 0x00, 0x00, 0x00, 0x0B, 0xFE, 0x00, 0x00, 0x00, 0x00, 0x00, 0x00, 0xBF, 0xE0, 0x00, 0x00, 0x00, 0x00,
  0x00, 0x0B, 0xFE, 0x33, 0x33, 0x33, 0x33, 0x31, 0x00, 0xBF, 0xFF, 0xFF, 0xFF, 0xFF, 0xFF, 0x70, 0x0B, 0xFF, 0xFF, 0xFF,
  0xFF, 0xFF, 0xF7, 0x00, 0xBF, 0xFE, 0x00, 0x00, 0x00, 0x00, 0x00, 0x00, 0x8F, 0xFF, 0x30, 0x00, 0xBF, 0xFF, 0x50, 0x00,
  0x00, 0x00, 0x00, 0x00, 0xDF, 0xFF, 0x30, 0x00, 0xBF, 0xFF, 0xB0, 0x00, 0x00, 0x00, 0x00, 0x05, 0xFF, 0xFF, 0x30, 0x00,
  0xBF, 0xFF, 0xF2, 0x00, 0x00, 0x00, 0x00, 0x0B, 0xFF, 0xFF, 0x30, 0x00, 0xBF, 0xCF, 0xF8, 0x00, 0x00, 0x00, 0x00, 0x2F,
  0xFC, 0xFF, 0x30, 0x00, 0xBF, 0xBB, 0xFE, 0x00, 0x00, 0x00, 0x00, 0x8F, 0xF7, 0xFF, 0x30, 0x00, 0xBF, 0xC5, 0xFF, 0x50,
  0x00, 0x00, 0x00, 0xDF, 0xB6, 0xFF, 0x30, 0x00, 0xBF, 0xC0, 0xDF, 0xB0, 0x00, 0x00, 0x05, 0xFF, 0x56, 0xFF, 0x30, 0x00,
  0xBF, 0xD0, 0x8F, 0xF2, 0x00, 0x00, 0x0B, 0xFD, 0x07, 0xFF, 0x30, 0x00, 0xBF, 0xD0, 0x2F, 0xF8, 0x00, 0x00, 0x2F, 0xF8,
  0x07, 0xFF, 0x30, 0x00, 0xBF, 0xE0, 0x0A, 0xFD, 0x00, 0x00, 0x8F, 0xF2, 0x08, 0xFF, 0x30, 0x00, 0xBF, 0xE0, 0x04, 0xFF,
  0x50, 0x00, 0xDF, 0xA0, 0x08, 0xFF, 0x30, 0x00, 0xBF, 0xE0, 0x00, 0xDF, 0xB0, 0x05, 0xFF, 0x40, 0x08, 0xFF, 0x30, 0x00,
  0xBF, 0xE0, 0x00, 0x7F, 0xF2, 0x0B, 0xFD, 0x00, 0x08, 0xFF, 0x30, 0x00, 0xBF, 0xE0, 0x00, 0x1E, 0xF8, 0x2F, 0xF7, 0x00,
  0x08, 0xFF, 0x30, 0x00, 0xBF, 0xE0, 0x00, 0x0A, 0xFD, 0x8F, 0xE1, 0x00, 0x08, 0xFF, 0x30, 0x00, 0xBF, 0xE0, 0x00, 0x04,
  0xFF, 0xFF, 0xA0, 0x00, 0x08, 0xFF, 0x30, 0x00, 0xBF, 0xE0, 0x00, 0x00, 0xDF, 0xFF, 0x40, 0x00, 0x08, 0xFF, 0x30, 0x00,
  0xBF, 0xE0, 0x00, 0x00, 0x7F, 0xFD, 0x00, 0x00, 0x08, 0xFF, 0x30, 0x00, 0xBF, 0xE0, 0x00, 0x00, 0x1E, 0xF7, 0x00, 0x00,
  0x08, 0xFF, 0x30, 0x00, 0xBF, 0xF5, 0x00, 0x00, 0x00, 0x00, 0x0F, 0xFA, 0x00, 0x00, 0xBF, 0xFD, 0x10, 0x00, 0x00, 0x00,
  0x0F, 0xFA, 0x00, 0x00, 0xBF, 0xFF, 0x90, 0x00, 0x00, 0x00, 0x0F, 0xFA, 0x00, 0x00, 0xBF, 0xFF, 0xF4, 0x00, 0x00, 0x00,
  0x0F, 0xFA, 0x00, 0x00, 0xBF, 0xFF, 0xFD, 0x10, 0x00, 0x00, 0x0F, 0xFA, 0x00, 0x00, 0xBF, 0xE8, 0xFF, 0x90, 0x00, 0x00,
  0x0F, 0xFA, 0x00, 0x00, 0xBF, 0xE0, 0xCF, 0xF4, 0x00, 0x00, 0x0F, 0xFA, 0x00, 0x00, 0xBF, 0xE0, 0x3F, 0xFC, 0x00, 0x00,
  0x0F, 0xFA, 0x00, 0x00, 0xBF, 0xE0, 0x08, 0xFF, 0x80, 0x00, 0x0F, 0xFA, 0x00, 0x00, 0xBF, 0xE0, 0x01, 0xDF, 0xF3, 0x00,
  0x0F, 0xFA, 0x00, 0x00, 0xBF, 0xE0, 0x00, 0x4F, 0xFC, 0x00, 0x0F, 0xFA, 0x00, 0x00, 0xBF, 0xE0, 0x00, 0x09, 0xFF, 0x70,
  0x0F, 0xFA, 0x00, 0x00, 0xBF, 0xE0, 0x00, 0x01, 0xDF, 0xE2, 0x0F, 0xFA, 0x00, 0x00, 0xBF, 0xE0, 0x00, 0x00, 0x5F, 0xFB,
  0x0F, 0xFA, 0x00, 0x00, 0xBF, 0xE0, 0x00, 0x00, 0x0A, 0xFF, 0x6F, 0xFA, 0x00, 0x00, 0xBF, 0xE0, 0x00, 0x00, 0x01, 0xEF,
  0xEF, 0xFA, 0x00, 0x00, 0xBF, 0xE0, 0x00, 0x00, 0x00, 0x5F, 0xFF, 0xFA, 0x00, 0x00, 0xBF, 0xE0, 0x00, 0x00, 0x00, 0x0B,
  0xFF, 0xFA, 0x00, 0x00, 0xBF, 0xE0, 0x00, 0x00, 0x00, 0x02, 0xEF, 0xFA, 0x00, 0x00, 0xBF, 0xE0, 0x00, 0x00, 0x00, 0x00,
  0x6F, 0xFA, 0x00, 0x00, 0x00, 0x01, 0x7B, 0xEF, 0xEC, 0x82, 0x00, 0x00, 0x00, 0x00, 0x04, 0xDF, 0xFF, 0xFF, 0xFF, 0xE6,
  0x00, 0x00, 0x00, 0x03, 0xEF, 0xFB, 0x75, 0x6A, 0xFF, 0xF7, 0x00, 0x00, 0x01, 0xDF, 0xF6, 0x00, 0x00, 0x03, 0xDF, 0xF3,
  0x00, 0x00, 0x7F, 0xF7, 0x00, 0x00, 0x00, 0x03, 0xFF, 0xA0, 0x00, 0x0C, 0xFE, 0x00, 0x00, 0x00, 0x00, 0x0A, 0xFE, 0x10,
  0x02, 0xFF, 0x90, 0x00, 0x00, 0x00, 0x00, 0x6F, 0xF5, 0x00, 0x4F, 0xF6, 0x00, 0x00, 0x00, 0x00, 0x03, 0xFF, 0x80, 0x06,
  0xFF, 0x50, 0x00, 0x00, 0x00, 0x00, 0x1F, 0xF9, 0x00, 0x7F, 0xF4, 0x00, 0x00, 0x00, 0x00, 0x00, 0xFF, 0xA0, 0x07, 0xFF,
  0x40, 0x00, 0x00, 0x00, 0x00, 0x0F, 0xFA, 0x00, 0x6F, 0xF5, 0x00, 0x00, 0x00, 0x00, 0x01, 0xFF, 0x90, 0x04, 0xFF, 0x60,
  0x00, 0x00, 0x00, 0x00, 0x3F, 0xF8, 0x00, 0x2F, 0xF9, 0x00, 0x00, 0x00, 0x00, 0x06, 0xFF, 0x50, 0x00, 0xCF, 0xE0, 0x00,
  0x00, 0x00, 0x00, 0xAF, 0xE1, 0x00, 0x07, 0xFF, 0x70, 0x00, 0x00, 0x00, 0x3F, 0xFB, 0x00, 0x00, 0x0C, 0xFF, 0x60, 0x00,
  0x00, 0x2D, 0xFE, 0x30, 0x00, 0x00, 0x3E, 0xFF, 0xB6, 0x56, 0x9E, 0xFF, 0x70, 0x00, 0x00, 0x00, 0x3D, 0xFF, 0xFF, 0xFF,
  0xFE, 0x60, 0x00, 0x00, 0x00, 0x00, 0x17, 0xBE, 0xFE, 0xC8, 0x20, 0x00, 0x00, 0x00, 0xBF, 0xFF, 0xFF, 0xFF, 0xED, 0x93,
  0x00, 0x00, 0x00, 0xBF, 0xFF, 0xFF, 0xFF, 0xFF, 0xFF, 0x80, 0x00, 0x00, 0xBF, 0xE3, 0x33, 0x33, 0x48, 0xEF, 0xF8, 0x00,
  0x00, 0xBF, 0xE0, 0x00, 0x00, 0x00, 0x2D, 0xFF, 0x20, 0x00, 0xBF, 0xE0, 0x00, 0x00, 0x00, 0x06, 0xFF, 0x70, 0x00, 0xBF,
  0xE0, 0x00, 0x00, 0x00, 0x01, 0xFF, 0x90, 0x00, 0xBF, 0xE0, 0x00, 0x00, 0x00, 0x01, 0xFF, 0xA0, 0x00, 0xBF, 0xE0, 0x00,
  0x00, 0x00, 0x04, 0xFF, 0x80, 0x00, 0xBF, 0xE0, 0x00, 0x00, 0x00, 0x0B, 0xFF, 0x40, 0x00, 0xBF, 0xE0, 0x00, 0x00, 0x25,
  0xCF, 0xFB, 0x00, 0x00, 0xBF, 0xFF, 0xFF, 0xFF, 0xFF, 0xFF, 0xC1, 0x00, 0x00, 0xBF, 0xFF, 0xFF, 0xFF, 0xFF, 0xC7, 0x00,
  0x00, 0x00, 0xBF, 0xE3, 0x33, 0x33, 0x20, 0x00, 0x00, 0x00, 0x00, 0xBF, 0xE0, 0x00, 0x00, 0x00, 0x00, 0x00, 0x00, 0x00,
  0xBF, 0xE0, 0x00, 0x00, 0x00, 0x00, 0x00, 0x00, 0x00, 0xBF, 0xE0, 0x00, 0x00, 0x00, 0x00, 0x00, 0x00, 0x00, 0xBF, 0xE0,
  0x00, 0x00, 0x00, 0x00, 0x00, 0x00, 0x00, 0xBF, 0xE0, 0x00, 0x00, 0x00, 0x00, 0x00, 0x00, 0x00, 0xBF, 0xE0, 0x00, 0x00,
  0x00, 0x00, 0x00, 0x00, 0x00, 0xBF, 0xE0, 0x00, 0x00, 0x00, 0x00, 0x00, 0x00, 0x00, 0x00, 0x01, 0x7C, 0xEF, 0xEC, 0x81,
  0x00, 0x00, 0x00, 0x00, 0x05, 0xEF, 0xFF, 0xFF, 0xFF, 0xE5, 0x00, 0x00, 0x00, 0x05, 0xFF, 0xFA, 0x65, 0x6A, 0xFF, 0xF5,
  0x00, 0x00, 0x02, 0xEF, 0xE4, 0x00, 0x00, 0x04, 0xEF, 0xE2, 0x00, 0x00, 0x9F, 0xF6, 0x00, 0x00, 0x00, 0x05, 0xFF, 0x90,
  0x00, 0x0D, 0xFC, 0x00, 0x00, 0x00, 0x00, 0x0C, 0xFD, 0x00, 0x03, 0xFF, 0x80, 0x00, 0x00, 0x00, 0x00, 0x8F, 0xF4, 0x00,
  0x6F, 0xF5, 0x00, 0x00, 0x00, 0x00, 0x05, 0xFF, 0x60, 0x07, 0xFF, 0x30, 0x00, 0x00, 0x00, 0x00, 0x3F, 0xF7, 0x00, 0x8F,
  0xF2, 0x00, 0x00, 0x00, 0x00, 0x02, 0xFF, 0x80, 0x09, 0xFF, 0x20, 0x00, 0x00, 0x00, 0x00, 0x2F, 0xF8, 0x00, 0x8F, 0xF3,
  0x00, 0x00, 0x00, 0x00, 0x03, 0xFF, 0x70, 0x06, 0xFF, 0x50, 0x00, 0x00, 0x00, 0x00, 0x5F, 0xF6, 0x00, 0x4F, 0xF8, 0x00,
  0x00, 0x00, 0x00, 0x08, 0xFF, 0x40, 0x00, 0xDF, 0xC0, 0x00, 0x00, 0x00, 0x00, 0xCF, 0xE0, 0x00, 0x09, 0xFF, 0x60, 0x00,
  0x00, 0x00, 0x5F, 0xF9, 0x00, 0x00, 0x1D, 0xFE, 0x40, 0x00, 0x00, 0x3E, 0xFE, 0x10, 0x00, 0x00, 0x5E, 0xFF, 0xA6, 0x56,
  0xAF, 0xFF, 0x50, 0x00, 0x00, 0x00, 0x4E, 0xFF, 0xFF, 0xFF, 0xFF, 0x60, 0x00, 0x00, 0x00, 0x00, 0x17, 0xCE, 0xFE, 0xDF,
  0xFE, 0x40, 0x00, 0x00, 0x00, 0x00, 0x00, 0x00, 0x00, 0x8F, 0xFF, 0x70, 0x00, 0x00, 0x00, 0x00, 0x00, 0x00, 0x00, 0x5E,
  0xFF, 0x50, 0x00, 0x00, 0x00, 0x00, 0x00, 0x00, 0x00, 0x3C, 0x70, 0x00, 0x00, 0x00, 0x00, 0x00, 0x00, 0x00, 0x00, 0x00,
  0x00, 0x00, 0xBF, 0xFF, 0xFF, 0xFE, 0xDB, 0x60, 0x00, 0x00, 0x0B, 0xFF, 0xFF, 0xFF, 0xFF, 0xFF, 0xC2, 0x00, 0x00, 0xBF,
  0xE3, 0x33, 0x34, 0x6C, 0xFF, 0xD1, 0x00, 0x0B, 0xFE, 0x00, 0x00, 0x00, 0x0A, 0xFF, 0x70, 0x00, 0xBF, 0xE0, 0x00, 0x00,
  0x00, 0x2F, 0xFB, 0x00, 0x0B, 0xFE, 0x00, 0x00, 0x00, 0x00, 0xDF, 0xD0, 0x00, 0xBF, 0xE0, 0x00, 0x00, 0x00, 0x0C, 0xFD,
  0x00, 0x0B, 0xFE, 0x00, 0x00, 0x00, 0x01, 0xEF, 0xB0, 0x00, 0xBF, 0xE0, 0x00, 0x00, 0x00, 0x9F, 0xF7, 0x00, 0x0B, 0xFE,
  0x00, 0x00, 0x14, 0xAF, 0xFC, 0x00, 0x00, 0xBF, 0xFF, 0xFF, 0xFF, 0xFF, 0xFC, 0x10, 0x00, 0x0B, 0xFF, 0xFF, 0xFF, 0xFF,
  0xF7, 0x00, 0x00, 0x00, 0xBF, 0xE3, 0x33, 0x35, 0xFF, 0xA0, 0x00, 0x00, 0x0B, 0xFE, 0x00, 0x00, 0x0A, 0xFF, 0x30, 0x00,
  0x00, 0xBF, 0xE0, 0x00, 0x00, 0x3F, 0xFC, 0x00, 0x00, 0x0B, 0xFE, 0x00, 0x00, 0x00, 0x9F, 0xF5, 0x00, 0x00, 0xBF, 0xE0,
  0x00, 0x00, 0x01, 0xEF, 0xD0, 0x00, 0x0B, 0xFE, 0x00, 0x00, 0x00, 0x07, 0xFF, 0x70, 0x00, 0xBF, 0xE0, 0x00, 0x00, 0x00,
  0x1D, 0xFE, 0x10, 0x0B, 0xFE, 0x00, 0x00, 0x00, 0x00, 0x6F, 0xF9, 0x00, 0x00, 0x29, 0xCE, 0xFE, 0xC7, 0x10, 0x00, 0x00,
  0x00, 0x7E, 0xFF, 0xFF, 0xFF, 0xFE, 0x50, 0x00, 0x00, 0x6F, 0xFE, 0x85, 0x35, 0x8E, 0xFF, 0x40, 0x00, 0x0E, 0xFE, 0x20,
  0x00, 0x00, 0x3E, 0xFD, 0x00, 0x04, 0xFF, 0x80, 0x00, 0x00, 0x00, 0x7F, 0xF5, 0x00, 0x5F, 0xF7, 0x00, 0x00, 0x00, 0x03,
  0xFF, 0x70, 0x02, 0xFF, 0xC0, 0x00, 0x00, 0x00, 0x01, 0x10, 0x00, 0x0B, 0xFF, 0xB3, 0x00, 0x00, 0x00, 0x00, 0x00, 0x00,
  0x2D, 0xFF, 0xFB, 0x72, 0x00, 0x00, 0x00, 0x00, 0x00, 0x1A, 0xFF, 0xFF, 0xFC, 0x71, 0x00, 0x00, 0x00, 0x00, 0x02, 0x8D,
  0xFF, 0xFF, 0xE5, 0x00, 0x00, 0x00, 0x00, 0x00, 0x03, 0x8D, 0xFF, 0xF6, 0x00, 0x00, 0x00, 0x00, 0x00, 0x00, 0x06, 0xEF,
  0xE1, 0x00, 0x11, 0x10, 0x00, 0x00, 0x00, 0x07, 0xFF, 0x70, 0x0D, 0xFC, 0x00, 0x00, 0x00, 0x00, 0x2F, 0xF9, 0x00, 0xAF,
  0xF2, 0x00, 0x00, 0x00, 0x04, 0xFF, 0x80, 0x04, 0xFF, 0xB1, 0x00, 0x00, 0x00, 0xBF, 0xF4, 0x00, 0x09, 0xFF, 0xD8, 0x43,
  0x47, 0xDF, 0xFB, 0x00, 0x00, 0x07, 0xEF, 0xFF, 0xFF, 0xFF, 0xFB, 0x10, 0x00, 0x00, 0x02, 0x8C, 0xEF, 0xED, 0xA5, 0x00,
  0x00, 0x6F, 0xFF, 0xFF, 0xFF, 0xFF, 0xFF, 0xFF, 0xFF, 0x16, 0xFF, 0xFF, 0xFF, 0xFF, 0xFF, 0xFF, 0xFF, 0xF1, 0x13, 0x33,
  0x33, 0x3E, 0xFB, 0x33, 0x33, 0x33, 0x00, 0x00, 0x00, 0x00, 0xEF, 0xB0, 0x00, 0x00, 0x00, 0x00, 0x00, 0x00, 0x0E, 0xFB,
  0x00, 0x00, 0x00, 0x00, 0x00, 0x00, 0x00, 0xEF, 0xB0, 0x00, 0x00, 0x00, 0x00, 0x00, 0x00, 0x0E, 0xFB, 0x00, 0x00, 0x00,
  0x00, 0x00, 0x00, 0x00, 0xEF, 0xB0, 0x00, 0x00, 0x00, 0x00, 0x00, 0x00, 0x0E, 0xFB, 0x00, 0x00, 0x00, 0x00, 0x00, 0x00,
  0x00, 0xEF, 0xB0, 0x00, 0x00, 0x00, 0x00, 0x00, 0x00, 0x0E, 0xFB, 0x00, 0x00, 0x00, 0x00, 0x00, 0x00, 0x00, 0xEF, 0xB0,
  0x00, 0x00, 0x00, 0x00, 0x00, 0x00, 0x0E, 0xFB, 0x00, 0x00, 0x00, 0x00, 0x00, 0x00, 0x00, 0xEF, 0xB0, 0x00, 0x00, 0x00,
  0x00, 0x00, 0x00, 0x0E, 0xFB, 0x00, 0x00, 0x00, 0x00, 0x00, 0x00, 0x00, 0xEF, 0xB0, 0x00, 0x00, 0x00, 0x00, 0x00, 0x00,
  0x0E, 0xFB, 0x00, 0x00, 0x00, 0x00, 0x00, 0x00, 0x00, 0xEF, 0xB0, 0x00, 0x00, 0x00, 0x00, 0x00, 0x00, 0x0E, 0xFB, 0x00,
  0x00, 0x00, 0x00, 0x00, 0x00, 0x00, 0xEF, 0xB0, 0x00, 0x00, 0x00, 0x02, 0xFF, 0x90, 0x00, 0x00, 0x00, 0x06, 0xFF, 0x60,
  0x02, 0xFF, 0x90, 0x00, 0x00, 0x00, 0x06, 0xFF, 0x60, 0x02, 0xFF, 0x90, 0x00, 0x00, 0x00, 0x06, 0xFF, 0x60, 0x02, 0xFF,
  0x90, 0x00, 0x00, 0x00, 0x06, 0xFF, 0x60, 0x02, 0xFF, 0x90, 0x00, 0x00, 0x00, 0x06, 0xFF, 0x60, 0x02, 0xFF, 0x90, 0x00,
  0x00, 0x00, 0x06, 0xFF, 0x60, 0x02, 0xFF, 0x90, 0x00, 0x00, 0x00, 0x06, 0xFF, 0x60, 0x02, 0xFF, 0x90, 0x00, 0x00, 0x00,
  0x06, 0xFF, 0x60, 0x02, 0xFF, 0x90, 0x00, 0x00, 0x00, 0x06, 0xFF, 0x60, 0x02, 0xFF, 0x90, 0x00, 0x00, 0x00, 0x06, 0xFF,
  0x60, 0x02, 0xFF, 0x90, 0x00, 0x00, 0x00, 0x06, 0xFF, 0x60, 0x02, 0xFF, 0x90, 0x00, 0x00, 0x00, 0x06, 0xFF, 0x60, 0x02,
  0xFF, 0x90, 0x00, 0x00, 0x00, 0x06, 0xFF, 0x60, 0x01, 0xFF, 0x90, 0x00, 0x00, 0x00, 0x06, 0xFF, 0x60, 0x00, 0xFF, 0xA0,
  0x00, 0x00, 0x00, 0x07, 0xFF, 0x40, 0x00, 0xCF, 0xE1, 0x00, 0x00, 0x00, 0x0C, 0xFF, 0x10, 0x00, 0x7F, 0xFA, 0x00, 0x00,
  0x00, 0x6F, 0xFA, 0x00, 0x00, 0x0C, 0xFF, 0xC6, 0x33, 0x5A, 0xFF, 0xD2, 0x00, 0x00, 0x01, 0xBF, 0xFF, 0xFF, 0xFF, 0xFC,
  0x20, 0x00, 0x00, 0x00, 0x05, 0xAD, 0xFF, 0xDB, 0x60, 0x00, 0x00, 0x7F, 0xF7, 0x00, 0x00, 0x00, 0x00, 0x00, 0xAF, 0xF5,
  0x2F, 0xFC, 0x00, 0x00, 0x00, 0x00, 0x00, 0xEF, 0xE0, 0x0B, 0xFF, 0x20, 0x00, 0x00, 0x00, 0x05, 0xFF, 0x90, 0x06, 0xFF,
  0x70, 0x00, 0x00, 0x00, 0x0A, 0xFF, 0x30, 0x01, 0xEF, 0xC0, 0x00, 0x00, 0x00, 0x1E, 0xFC, 0x00, 0x00, 0xAF, 0xF3, 0x00,
  0x00, 0x00, 0x5F, 0xF7, 0x00, 0x00, 0x4F, 0xF8, 0x00, 0x00, 0x00, 0xAF, 0xF2, 0x00, 0x00, 0x0D, 0xFD, 0x00, 0x00, 0x01,
  0xEF, 0xB0, 0x00, 0x00, 0x08, 0xFF, 0x30, 0x00, 0x06, 0xFF, 0x60, 0x00, 0x00, 0x03, 0xFF, 0x80, 0x00, 0x0B, 0xFE, 0x10,
  0x00, 0x00, 0x00, 0xCF, 0xD0, 0x00, 0x1F, 0xF9, 0x00, 0x00, 0x00, 0x00, 0x7F, 0xF4, 0x00, 0x6F, 0xF4, 0x00, 0x00, 0x00,
  0x00, 0x1E, 0xF9, 0x00, 0xBF, 0xD0, 0x00, 0x00, 0x00, 0x00, 0x0A, 0xFD, 0x02, 0xFF, 0x80, 0x00, 0x00, 0x00, 0x00, 0x05,
  0xFF, 0x47, 0xFF, 0x20, 0x00, 0x00, 0x00, 0x00, 0x00, 0xEF, 0x9C, 0xFC, 0x00, 0x00, 0x00, 0x00, 0x00, 0x00, 0x9F, 0xEF,
  0xF6, 0x00, 0x00, 0x00, 0x00, 0x00, 0x00, 0x3F, 0xFF, 0xE1, 0x00, 0x00, 0x00, 0x00, 0x00, 0x00, 0x0D, 0xFF, 0xA0, 0x00,
  0x00, 0x00, 0x00, 0x00, 0x00, 0x07, 0xFF, 0x50, 0x00, 0x00, 0x00, 0x1F, 0xF9, 0x00, 0x00, 0x00, 0x0B, 0xFD, 0x00, 0x00,
  0x00, 0x08, 0xFF, 0x20, 0xDF, 0xC0, 0x00, 0x00, 0x00, 0xEF, 0xF2, 0x00, 0x00, 0x00, 0xCF, 0xD0, 0x09, 0xFF, 0x10, 0x00,
  0x00, 0x4F, 0xFF, 0x70, 0x00, 0x00, 0x0E, 0xFA, 0x00, 0x6F, 0xF5, 0x00, 0x00, 0x08, 0xFF, 0xFB, 0x00, 0x00, 0x04, 0xFF,
  0x70, 0x02, 0xFF, 0x80, 0x00, 0x00, 0xCF, 0xCF, 0xE0, 0x00, 0x00, 0x7F, 0xF3, 0x00, 0x0D, 0xFB, 0x00, 0x00, 0x2F, 0xF6,
  0xFF, 0x40, 0x00, 0x0A, 0xFE, 0x00, 0x00, 0xAF, 0xE0, 0x00, 0x06, 0xFE, 0x1C, 0xF8, 0x00, 0x00, 0xDF, 0xB0, 0x00, 0x06,
  0xFF, 0x30, 0x00, 0xAF, 0xB0, 0x8F, 0xC0, 0x00, 0x2F, 0xF7, 0x00, 0x00, 0x3F, 0xF7, 0x00, 0x0E, 0xF7, 0x04, 0xFF, 0x10,
  0x06, 0xFF, 0x40, 0x00, 0x00, 0xEF, 0xA0, 0x04, 0xFF, 0x20, 0x0E, 0xF6, 0x00, 0x9F, 0xE0, 0x00, 0x00, 0x0A, 0xFD, 0x00,
  0x8F, 0xD0, 0x00, 0xBF, 0xA0, 0x0C, 0xFB, 0x00, 0x00, 0x00, 0x7F, 0xF2, 0x0C, 0xF9, 0x00, 0x07, 0xFD, 0x01, 0xFF, 0x80,
  0x00, 0x00, 0x03, 0xFF, 0x61, 0xFF, 0x40, 0x00, 0x2F, 0xF3, 0x4F, 0xF4, 0x00, 0x00, 0x00, 0x0E, 0xF9, 0x6F, 0xE0, 0x00,
  0x00, 0xDF, 0x77, 0xFF, 0x10, 0x00, 0x00, 0x00, 0xBF, 0xBA, 0xFA, 0x00, 0x00, 0x09, 0xFB, 0xAF, 0xC0, 0x00, 0x00, 0x00,
  0x08, 0xFD, 0xDF, 0x60, 0x00, 0x00, 0x5F, 0xEC, 0xF8, 0x00, 0x00, 0x00, 0x00, 0x4F, 0xFF, 0xF2, 0x00, 0x00, 0x01, 0xEF,
  0xFF, 0x50, 0x00, 0x00, 0x00, 0x00, 0xEF, 0xFC, 0x00, 0x00, 0x00, 0x0B, 0xFF, 0xF1, 0x00, 0x00, 0x00, 0x00, 0x0B, 0xFF,
  0x80, 0x00, 0x00, 0x00, 0x7F, 0xFC, 0x00, 0x00, 0x00, 0x00, 0x00, 0x8F, 0xF4, 0x00, 0x00, 0x00, 0x03, 0xFF, 0x90, 0x00,
  0x00, 0x0C, 0xFF, 0x60, 0x00, 0x00, 0x00, 0x0C, 0xFF, 0x60, 0x03, 0xFF, 0xE1, 0x00, 0x00, 0x00, 0x6F, 0xFB, 0x00, 0x00,
  0x8F, 0xF9, 0x00, 0x00, 0x01, 0xEF, 0xE3, 0x00, 0x00, 0x1D, 0xFF, 0x40, 0x00, 0x0A, 0xFF, 0x80, 0x00, 0x00, 0x04, 0xFF,
  0xD0, 0x00, 0x4F, 0xFC, 0x00, 0x00, 0x00, 0x00, 0x9F, 0xF8, 0x00, 0xDF, 0xF4, 0x00, 0x00, 0x00, 0x00, 0x1E, 0xFE, 0x38,
  0xFF, 0x90, 0x00, 0x00, 0x00, 0x00, 0x05, 0xFF, 0xCE, 0xFD, 0x10, 0x00, 0x00, 0x00, 0x00, 0x00, 0xBF, 0xFF, 0xF5, 0x00,
  0x00, 0x00, 0x00, 0x00, 0x00, 0x2E, 0xFF, 0xA0, 0x00, 0x00, 0x00, 0x00, 0x00, 0x00, 0x3F, 0xFF, 0xC0, 0x00, 0x00, 0x00,
  0x00, 0x00, 0x00, 0xCF, 0xFF, 0xF7, 0x00, 0x00, 0x00, 0x00, 0x00, 0x07, 0xFF, 0xBE, 0xFE, 0x20, 0x00, 0x00, 0x00, 0x00,
  0x2E, 0xFE, 0x27, 0xFF, 0xB0, 0x00, 0x00, 0x00, 0x00, 0xBF, 0xF6, 0x00, 0xCF, 0xF5, 0x00, 0x00, 0x00, 0x06, 0xFF, 0xB0,
  0x00, 0x3F, 0xFE, 0x10, 0x00, 0x00, 0x2E, 0xFF, 0x30, 0x00, 0x08, 0xFF, 0x90, 0x00, 0x00, 0xAF, 0xF8, 0x00, 0x00, 0x01,
  0xDF, 0xF4, 0x00, 0x05, 0xFF, 0xD0, 0x00, 0x00, 0x00, 0x5F, 0xFD, 0x10, 0x1D, 0xFF, 0x40, 0x00, 0x00, 0x00, 0x0A, 0xFF,
  0x80, 0x9F, 0xF8, 0x00, 0x00, 0x00, 0x00, 0x0B, 0xFF, 0x51, 0xEF, 0xE1, 0x00, 0x00, 0x00, 0x04, 0xFF, 0xC0, 0x07, 0xFF,
  0x80, 0x00, 0x00, 0x00, 0xBF, 0xF4, 0x00, 0x1D, 0xFE, 0x20, 0x00, 0x00, 0x4F, 0xFA, 0x00, 0x00, 0x6F, 0xF9, 0x00, 0x00,
  0x0C, 0xFF, 0x30, 0x00, 0x00, 0xCF, 0xE2, 0x00, 0x05, 0xFF, 0x90, 0x00, 0x00, 0x05, 0xFF, 0x90, 0x00, 0xCF, 0xE2, 0x00,
  0x00, 0x00, 0x0B, 0xFF, 0x20, 0x6F, 0xF8, 0x00, 0x00, 0x00, 0x00, 0x3F, 0xF9, 0x0D, 0xFD, 0x10, 0x00, 0x00, 0x00, 0x00,
  0xAF, 0xF8, 0xFF, 0x60, 0x00, 0x00, 0x00, 0x00, 0x02, 0xEF, 0xFF, 0xC0, 0x00, 0x00, 0x00, 0x00, 0x00, 0x09, 0xFF, 0xF5,
  0x00, 0x00, 0x00, 0x00, 0x00, 0x00, 0x1F, 0xFC, 0x00, 0x00, 0x00, 0x00, 0x00, 0x00, 0x00, 0xEF, 0xB0, 0x00, 0x00, 0x00,
  0x00, 0x00, 0x00, 0x0E, 0xFB, 0x00, 0x00, 0x00, 0x00, 0x00, 0x00, 0x00, 0xEF, 0xB0, 0x00, 0x00, 0x00, 0x00, 0x00, 0x00,
  0x0E, 0xFB, 0x00, 0x00, 0x00, 0x00, 0x00, 0x00, 0x00, 0xEF, 0xB0, 0x00, 0x00, 0x00, 0x00, 0x00, 0x00, 0x0E, 0xFB, 0x00,
  0x00, 0x00, 0x00, 0x00, 0x00, 0x00, 0xEF, 0xB0, 0x00, 0x00, 0x00, 0x0A, 0xFF, 0xFF, 0xFF, 0xFF, 0xFF, 0xFF, 0xF4, 0x00,
  0xAF, 0xFF, 0xFF, 0xFF, 0xFF, 0xFF, 0xFF, 0x40, 0x02, 0x33, 0x33, 0x33, 0x33, 0x36, 0xFF, 0xD1, 0x00, 0x00, 0x00, 0x00,
  0x00, 0x01, 0xDF, 0xF3, 0x00, 0x00, 0x00, 0x00, 0x00, 0x00, 0x9F, 0xF8, 0x00, 0x00, 0x00, 0x00, 0x00, 0x00, 0x4F, 0xFC,
  0x00, 0x00, 0x00, 0x00, 0x00, 0x00, 0x1D, 0xFE, 0x30, 0x00, 0x00, 0x00, 0x00, 0x00, 0x0A, 0xFF, 0x70, 0x00, 0x00, 0x00,
  0x00, 0x00, 0x05, 0xFF, 0xB0, 0x00, 0x00, 0x00, 0x00, 0x00, 0x02, 0xEF, 0xE2, 0x00, 0x00, 0x00, 0x00, 0x00, 0x00, 0xAF,
  0xF6, 0x00, 0x00, 0x00, 0x00, 0x00, 0x00, 0x6F, 0xFA, 0x00, 0x00, 0x00, 0x00, 0x00, 0x00, 0x2E, 0xFE, 0x20, 0x00, 0x00,
  0x00, 0x00, 0x00, 0x0B, 0xFF, 0x50, 0x00, 0x00, 0x00, 0x00, 0x00, 0x07, 0xFF, 0xA0, 0x00, 0x00, 0x00, 0x00, 0x00, 0x03,
  0xEF, 0xD1, 0x00, 0x00, 0x00, 0x00, 0x00, 0x00, 0xCF, 0xF4, 0x00, 0x00, 0x00, 0x00, 0x00, 0x00, 0x8F, 0xFA, 0x33, 0x33,
  0x33, 0x33, 0x33, 0x20, 0x0D, 0xFF, 0xFF, 0xFF, 0xFF, 0xFF, 0xFF, 0xFB, 0x00, 0xDF, 0xFF, 0xFF, 0xFF, 0xFF, 0xFF, 0xFF,
  0xB0, 0x00, 0xFF, 0xFF, 0xF3, 0x00, 0xFF, 0xFF, 0xF3, 0x00, 0xFF, 0xA2, 0x20, 0x00, 0xFF, 0x90, 0x00, 0x00, 0xFF, 0x90,
  0x00, 0x00, 0xFF, 0x90, 0x00, 0x00, 0xFF, 0x90, 0x00, 0x00, 0xFF, 0x90, 0x00, 0x00, 0xFF, 0x90, 0x00, 0x00, 0xFF, 0x90,
  0x00, 0x00, 0xFF, 0x90, 0x00, 0x00, 0xFF, 0x90, 0x00, 0x00, 0xFF, 0x90, 0x00, 0x00, 0xFF, 0x90, 0x00, 0x00, 0xFF, 0x90,
  0x00, 0x00, 0xFF, 0x90, 0x00, 0x00, 0xFF, 0x90, 0x00, 0x00, 0xFF, 0x90, 0x00, 0x00, 0xFF, 0x90, 0x00, 0x00, 0xFF, 0x90,
  0x00, 0x00, 0xFF, 0x90, 0x00, 0x00, 0xFF, 0x90, 0x00, 0x00, 0xFF, 0x90, 0x00, 0x00, 0xFF, 0x90, 0x00, 0x00, 0xFF, 0xA2,
  0x20, 0x00, 0xFF, 0xFF, 0xF3, 0x00, 0xFF, 0xFF, 0xF3, 0x5F, 0xF3, 0x00, 0x00, 0x00, 0x00, 0x0D, 0xF9, 0x00, 0x00, 0x00,
  0x00, 0x08, 0xFE, 0x00, 0x00, 0x00, 0x00, 0x03, 0xFF, 0x50, 0x00, 0x00, 0x00, 0x00, 0xCF, 0xA0, 0x00, 0x00, 0x00, 0x00,
  0x7F, 0xF1, 0x00, 0x00, 0x00, 0x00, 0x1E, 0xF7, 0x00, 0x00, 0x00, 0x00, 0x0A, 0xFC, 0x00, 0x00, 0x00, 0x00, 0x05, 0xFF,
  0x30, 0x00, 0x00, 0x00, 0x00, 0xDF, 0x90, 0x00, 0x00, 0x00, 0x00, 0x8F, 0xE0, 0x00, 0x00, 0x00, 0x00, 0x2F, 0xF5, 0x00,
  0x00, 0x00, 0x00, 0x0C, 0xFB, 0x00, 0x00, 0x00, 0x00, 0x06, 0xFF, 0x20, 0x00, 0x00, 0x00, 0x01, 0xEF, 0x70, 0x00, 0x00,
  0x00, 0x00, 0xAF, 0xD0, 0x00, 0x00, 0x00, 0x00, 0x4F, 0xF4, 0x00, 0x00, 0x00, 0x00, 0x0D, 0xF9, 0x00, 0x00, 0x00, 0x00,
  0x08, 0xFE, 0x10, 0x00, 0x00, 0x00, 0x02, 0xFF, 0x60, 0x00, 0x00, 0x00, 0x00, 0xBF, 0xB0, 0x00, 0x00, 0x00, 0x00, 0x6F,
  0xF2, 0xDF, 0xFF, 0xF5, 0x0D, 0xFF, 0xFF, 0x50, 0x22, 0x5F, 0xF5, 0x00, 0x04, 0xFF, 0x50, 0x00, 0x4F, 0xF5, 0x00, 0x04,
  0xFF, 0x50, 0x00, 0x4F, 0xF5, 0x00, 0x04, 0xFF, 0x50, 0x00, 0x4F, 0xF5, 0x00, 0x04, 0xFF, 0x50, 0x00, 0x4F, 0xF5, 0x00,
  0x04, 0xFF, 0x50, 0x00, 0x4F, 0xF5, 0x00, 0x04, 0xFF, 0x50, 0x00, 0x4F, 0xF5, 0x00, 0x04, 0xFF, 0x50, 0x00, 0x4F, 0xF5,
  0x00, 0x04, 0xFF, 0x50, 0x00, 0x4F, 0xF5, 0x00, 0x04, 0xFF, 0x50, 0x00, 0x4F, 0xF5, 0x00, 0x04, 0xFF, 0x50, 0x00, 0x4F,
  0xF5, 0x00, 0x04, 0xFF, 0x50, 0x22, 0x5F, 0xF5, 0x0D, 0xFF, 0xFF, 0x50, 0xDF, 0xFF, 0xF5, 0x00, 0x00, 0x00, 0x4F, 0xE0,
  0x00, 0x00, 0x00, 0x00, 0xAF, 0xF6, 0x00, 0x00, 0x00, 0x02, 0xFF, 0xFB, 0x00, 0x00, 0x00, 0x08, 0xFD, 0xFF, 0x30, 0x00,
  0x00, 0x0D, 0xF7, 0xBF, 0x90, 0x00, 0x00, 0x5F, 0xE1, 0x6F, 0xE1, 0x00, 0x00, 0xBF, 0xA0, 0x1E, 0xF6, 0x00, 0x02, 0xFF,
  0x40, 0x09, 0xFC, 0x00, 0x09, 0xFD, 0x00, 0x03, 0xFF, 0x30, 0x0E, 0xF7, 0x00, 0x00, 0xCF, 0x90, 0x00, 0x00, 0x00, 0x00,
  0x00, 0x00, 0x00, 0x00, 0x00, 0x00, 0x00, 0x00, 0x00, 0x00, 0x00, 0x00, 0x00, 0x00, 0x00, 0x00, 0x00, 0x00, 0x00, 0x00,
  0x00, 0x00, 0x00, 0x00, 0x00, 0x00, 0x00, 0x00, 0x00, 0x00, 0x00, 0x00, 0x00, 0x00, 0x00, 0x00, 0x00, 0x00, 0x00, 0x00,
  0x00, 0x00, 0x00, 0x00, 0x00, 0x00, 0x00, 0x00, 0x00, 0x00, 0x00, 0x00, 0x00, 0x00, 0x00, 0x00, 0xEF, 0xFF, 0xFF, 0xFF,
  0xFF, 0xFF, 0x9E, 0xFF, 0xFF, 0xFF, 0xFF, 0xFF, 0xF9, 0x11, 0x11, 0x11, 0x11, 0x11, 0x11, 0x10, 0x1C, 0xFF, 0x40, 0x00,
  0x00, 0x1D, 0xFE, 0x20, 0x00, 0x00, 0x2E, 0xFB, 0x00, 0x00, 0x00, 0x4E, 0xB3, 0x00, 0x00, 0x00, 0x00, 0x00, 0x00, 0x00,
  0x00, 0x00, 0x00, 0x00, 0x00, 0x00, 0x00, 0x00, 0x00, 0x00, 0x00, 0x00, 0x00, 0x00, 0x00, 0x00, 0x00, 0x00, 0x00, 0x00,
  0x00, 0x00, 0x00, 0x00, 0x00, 0x00, 0x00, 0x00, 0x00, 0x00, 0x00, 0x00, 0x00, 0x00, 0x00, 0x00, 0x00, 0x00, 0x00, 0x00,
  0x00, 0x00, 0x00, 0x00, 0x00, 0x00, 0x00, 0x00, 0x00, 0x00, 0x00, 0x00, 0x00, 0x00, 0x00, 0x00, 0x00, 0x00, 0x00, 0x00,
  0x00, 0x00, 0x00, 0x00, 0x00, 0x00, 0x00, 0x00, 0x00, 0x00, 0x00, 0x00, 0x00, 0x5A, 0xEF, 0xEC, 0x71, 0x00, 0x00, 0x01,
  0xAF, 0xFF, 0xFF, 0xFF, 0xC1, 0x00, 0x00, 0x9F, 0xFA, 0x32, 0x3A, 0xFF, 0xA0, 0x00, 0x1F, 0xFA, 0x00, 0x00, 0x0B, 0xFE,
  0x10, 0x01, 0x66, 0x20, 0x00, 0x00, 0x7F, 0xF3, 0x00, 0x00, 0x00, 0x00, 0x00, 0x06, 0xFF, 0x40, 0x00, 0x01, 0x7B, 0xEF,
  0xFF, 0xFF, 0xF4, 0x00, 0x03, 0xDF, 0xFF, 0xDD, 0xCD, 0xFF, 0x40, 0x01, 0xDF, 0xE6, 0x10, 0x00, 0x6F, 0xF4, 0x00, 0x6F,
  0xF4, 0x00, 0x00, 0x06, 0xFF, 0x40, 0x08, 0xFF, 0x10, 0x00, 0x00, 0x7F, 0xF4, 0x00, 0x7F, 0xF6, 0x00, 0x00, 0x3D, 0xFF,
  0x40, 0x03, 0xFF, 0xE8, 0x55, 0x9E, 0xFF, 0xF5, 0x00, 0x07, 0xFF, 0xFF, 0xFF, 0xFA, 0xFF, 0x60, 0x00, 0x04, 0xBE, 0xFE,
  0xA3, 0x2F, 0xFA, 0x00, 0x02, 0xFF, 0x70, 0x00, 0x00, 0x00, 0x00, 0x00, 0x02, 0xFF, 0x70, 0x00, 0x00, 0x00, 0x00, 0x00,
  0x02, 0xFF, 0x70, 0x00, 0x00, 0x00, 0x00, 0x00, 0x02, 0xFF, 0x70, 0x00, 0x00, 0x00, 0x00, 0x00, 0x02, 0xFF, 0x70, 0x00,
  0x00, 0x00, 0x00, 0x00, 0x02, 0xFF, 0x70, 0x00, 0x00, 0x00, 0x00, 0x00, 0x02, 0xFF, 0x73, 0xAD, 0xFE, 0xB4, 0x00, 0x00,
  0x02, 0xFF, 0xBE, 0xFF, 0xFF, 0xFF, 0x70, 0x00, 0x02, 0xFF, 0xFE, 0x84, 0x47, 0xEF, 0xF4, 0x00, 0x02, 0xFF, 0xE3, 0x00,
  0x00, 0x3F, 0xFB, 0x00, 0x02, 0xFF, 0x80, 0x00, 0x00, 0x0A, 0xFF, 0x20, 0x02, 0xFF, 0x70, 0x00, 0x00, 0x05, 0xFF, 0x50,
  0x02, 0xFF, 0x70, 0x00, 0x00, 0x03, 0xFF, 0x70, 0x02, 0xFF, 0x70, 0x00, 0x00, 0x02, 0xFF, 0x70, 0x02, 0xFF, 0x70, 0x00,
  0x00, 0x03, 0xFF, 0x70, 0x02, 0xFF, 0x70, 0x00, 0x00, 0x05, 0xFF, 0x50, 0x02, 0xFF, 0x80, 0x00, 0x00, 0x0A, 0xFF, 0x20,
  0x02, 0xFF, 0xE3, 0x00, 0x00, 0x3F, 0xFB, 0x00, 0x02, 0xFF, 0xFE, 0x84, 0x37, 0xEF, 0xF4, 0x00, 0x02, 0xFF, 0x9E, 0xFF,
  0xFF, 0xFF, 0x70, 0x00, 0x02, 0xFF, 0x53, 0xAD, 0xFE, 0xB4, 0x00, 0x00, 0x00, 0x00, 0x3A, 0xDE, 0xEC, 0x71, 0x00, 0x00,
  0x00, 0x7F, 0xFF, 0xFF, 0xFF, 0xD2, 0x00, 0x00, 0x6F, 0xFC, 0x52, 0x49, 0xFF, 0xC0, 0x00, 0x1E, 0xFC, 0x10, 0x00, 0x07,
  0xFF, 0x60, 0x05, 0xFF, 0x50, 0x00, 0x00, 0x0E, 0xFA, 0x00, 0x9F, 0xE0, 0x00, 0x00, 0x00, 0x56, 0x50, 0x0B, 0xFD, 0x00,
  0x00, 0x00, 0x00, 0x00, 0x00, 0xBF, 0xC0, 0x00, 0x00, 0x00, 0x00, 0x00, 0x0B, 0xFD, 0x00, 0x00, 0x00, 0x00, 0x00, 0x00,
  0x9F, 0xE0, 0x00, 0x00, 0x00, 0x00, 0x00, 0x06, 0xFF, 0x40, 0x00, 0x00, 0x0C, 0xEA, 0x00, 0x1E, 0xFC, 0x10, 0x00, 0x05,
  0xFF, 0x60, 0x00, 0x6F, 0xFC, 0x52, 0x38, 0xEF, 0xC0, 0x00, 0x00, 0x7F, 0xFF, 0xFF, 0xFF, 0xC2, 0x00, 0x00, 0x00, 0x3A,
  0xDF, 0xEC, 0x70, 0x00, 0x00, 0x00, 0x00, 0x00, 0x00, 0x00, 0x0C, 0xFC, 0x00, 0x00, 0x00, 0x00, 0x00, 0x00, 0x0C, 0xFC,
  0x00, 0x00, 0x00, 0x00, 0x00, 0x00, 0x0C, 0xFC, 0x00, 0x00, 0x00, 0x00, 0x00, 0x00, 0x0C, 0xFC, 0x00, 0x00, 0x00, 0x00,
  0x00, 0x00, 0x0C, 0xFC, 0x00, 0x00, 0x00, 0x00, 0x00, 0x00, 0x0C, 0xFC, 0x00, 0x00, 0x00, 0x5C, 0xEF, 0xD9, 0x1C, 0xFC,
  0x00, 0x00, 0x09, 0xFF, 0xFF, 0xFF, 0xDD, 0xFC, 0x00, 0x00, 0x7F, 0xFD, 0x63, 0x49, 0xFF, 0xFC, 0x00, 0x01, 0xEF, 0xD2,
  0x00, 0x00, 0x5F, 0xFC, 0x00, 0x06, 0xFF, 0x60, 0x00, 0x00, 0x0C, 0xFC, 0x00, 0x09, 0xFF, 0x10, 0x00, 0x00, 0x0C, 0xFC,
  0x00, 0x0A, 0xFE, 0x00, 0x00, 0x00, 0x0C, 0xFC, 0x00, 0x0B, 0xFD, 0x00, 0x00, 0x00, 0x0C, 0xFC, 0x00, 0x0A, 0xFD, 0x00,
  0x00, 0x00, 0x0C, 0xFC, 0x00, 0x09, 0xFF, 0x10, 0x00, 0x00, 0x0C, 0xFC, 0x00, 0x05, 0xFF, 0x60, 0x00, 0x00, 0x0C, 0xFC,
  0x00, 0x00, 0xEF, 0xD1, 0x00, 0x00, 0x5F, 0xFC, 0x00, 0x00, 0x6F, 0xFD, 0x63, 0x49, 0xFF, 0xFC, 0x00, 0x00, 0x09, 0xFF,
  0xFF, 0xFF, 0xDC, 0xFC, 0x00, 0x00, 0x00, 0x5C, 0xEF, 0xD9, 0x1A, 0xFC, 0x00, 0x00, 0x00, 0x29, 0xDE, 0xEC, 0x71, 0x00,
  0x00, 0x00, 0x5E, 0xFF, 0xFF, 0xFF, 0xC2, 0x00, 0x00, 0x3F, 0xFD, 0x52, 0x49, 0xFF, 0xB0, 0x00, 0x0C, 0xFD, 0x10, 0x00,
  0x08, 0xFF, 0x40, 0x04, 0xFF, 0x50, 0x00, 0x00, 0x1E, 0xF9, 0x00, 0x9F, 0xF1, 0x00, 0x00, 0x00, 0xCF, 0xB0, 0x0A, 0xFF,
  0xFF, 0xFF, 0xFF, 0xFF, 0xFC, 0x00, 0xBF, 0xFF, 0xFF, 0xFF, 0xFF, 0xFF, 0xD0, 0x0B, 0xFD, 0x22, 0x22, 0x22, 0x22, 0x21,
  0x00, 0xAF, 0xF1, 0x00, 0x00, 0x00, 0x00, 0x00, 0x06, 0xFF, 0x60, 0x00, 0x00, 0x00, 0x00, 0x00, 0x1E, 0xFE, 0x30, 0x00,
  0x00, 0x7A, 0x10, 0x00, 0x5F, 0xFE, 0x73, 0x25, 0xAF, 0xF6, 0x00, 0x00, 0x6F, 0xFF, 0xFF, 0xFF, 0xF7, 0x00, 0x00, 0x00,
  0x39, 0xDE, 0xED, 0xA3, 0x00, 0x00, 0x00, 0x00, 0x18, 0xDF, 0xEA, 0x00, 0x01, 0xCF, 0xFF, 0xFB, 0x00, 0x07, 0xFF, 0xC5,
  0x43, 0x00, 0x0C, 0xFE, 0x10, 0x00, 0x00, 0x0D, 0xFB, 0x00, 0x00, 0x00, 0x0D, 0xFB, 0x00, 0x00, 0x3F, 0xFF, 0xFF, 0xFF,
  0xD0, 0x3E, 0xEF, 0xFF, 0xEE, 0xC0, 0x00, 0x0D, 0xFB, 0x00, 0x00, 0x00, 0x0D, 0xFB, 0x00, 0x00, 0x00, 0x0D, 0xFB, 0x00,
  0x00, 0x00, 0x0D, 0xFB, 0x00, 0x00, 0x00, 0x0D, 0xFB, 0x00, 0x00, 0x00, 0x0D, 0xFB, 0x00, 0x00, 0x00, 0x0D, 0xFB, 0x00,
  0x00, 0x00, 0x0D, 0xFB, 0x00, 0x00, 0x00, 0x0D, 0xFB, 0x00, 0x00, 0x00, 0x0D, 0xFB, 0x00, 0x00, 0x00, 0x0D, 0xFB, 0x00,
  0x00, 0x00, 0x0D, 0xFB, 0x00, 0x00, 0x00, 0x0D, 0xFB, 0x00, 0x00, 0x00, 0x00, 0x6C, 0xEF, 0xD9, 0x19, 0xFD, 0x00, 0x00,
  0x0A, 0xFF, 0xFF, 0xFF, 0xDB, 0xFD, 0x00, 0x00, 0x7F, 0xFD, 0x63, 0x49, 0xFF, 0xFD, 0x00, 0x01, 0xEF, 0xD2, 0x00, 0x00,
  0x5F, 0xFD, 0x00, 0x06, 0xFF, 0x70, 0x00, 0x00, 0x0C, 0xFD, 0x00, 0x09, 0xFF, 0x20, 0x00, 0x00, 0x0C, 0xFD, 0x00, 0x0A,
  0xFE, 0x00, 0x00, 0x00, 0x0C, 0xFD, 0x00, 0x0B, 0xFD, 0x00, 0x00, 0x00, 0x0C, 0xFD, 0x00, 0x0A, 0xFE, 0x00, 0x00, 0x00,
  0x0C, 0xFD, 0x00, 0x08, 0xFF, 0x10, 0x00, 0x00, 0x0C, 0xFD, 0x00, 0x05, 0xFF, 0x60, 0x00, 0x00, 0x0C, 0xFD, 0x00, 0x00,
  0xEF, 0xD2, 0x00, 0x00, 0x5F, 0xFD, 0x00, 0x00, 0x6F, 0xFD, 0x63, 0x49, 0xFF, 0xFD, 0x00, 0x00, 0x09, 0xFF, 0xFF, 0xFF,
  0xDD, 0xFD, 0x00, 0x00, 0x00, 0x5C, 0xEF, 0xD9, 0x2C, 0xFD, 0x00, 0x00, 0x00, 0x00, 0x00, 0x00, 0x0D, 0xFC, 0x00, 0x00,
  0x03, 0x00, 0x00, 0x00, 0x1F, 0xFA, 0x00, 0x00, 0x6E, 0x40, 0x00, 0x00, 0x9F, 0xF5, 0x00, 0x00, 0xBF, 0xF9, 0x32, 0x4A,
  0xFF, 0xC0, 0x00, 0x00, 0x1B, 0xFF, 0xFF, 0xFF, 0xFC, 0x20, 0x00, 0x00, 0x00, 0x5B, 0xEF, 0xEC, 0x70, 0x00, 0x00, 0x02,
  0xFF, 0x70, 0x00, 0x00, 0x00, 0x00, 0x00, 0x2F, 0xF7, 0x00, 0x00, 0x00, 0x00, 0x00, 0x02, 0xFF, 0x70, 0x00, 0x00, 0x00,
  0x00, 0x00, 0x2F, 0xF7, 0x00, 0x00, 0x00, 0x00, 0x00, 0x02, 0xFF, 0x70, 0x00, 0x00, 0x00, 0x00, 0x00, 0x2F, 0xF7, 0x00,
  0x00, 0x00, 0x00, 0x00, 0x02, 0xFF, 0x71, 0x8D, 0xFE, 0xC6, 0x00, 0x00, 0x2F, 0xF9, 0xDF, 0xFF, 0xFF, 0xF8, 0x00, 0x02,
  0xFF, 0xFE, 0x84, 0x48, 0xEF, 0xF2, 0x00, 0x2F, 0xFF, 0x40, 0x00, 0x07, 0xFF, 0x60, 0x02, 0xFF, 0x90, 0x00, 0x00, 0x2F,
  0xF8, 0x00, 0x2F, 0xF7, 0x00, 0x00, 0x00, 0xFF, 0x90, 0x02, 0xFF, 0x70, 0x00, 0x00, 0x0F, 0xF9, 0x00, 0x2F, 0xF7, 0x00,
  0x00, 0x00, 0xFF, 0x90, 0x02, 0xFF, 0x70, 0x00, 0x00, 0x0F, 0xF9, 0x00, 0x2F, 0xF7, 0x00, 0x00, 0x00, 0xFF, 0x90, 0x02,
  0xFF, 0x70, 0x00, 0x00, 0x0F, 0xF9, 0x00, 0x2F, 0xF7, 0x00, 0x00, 0x00, 0xFF, 0x90, 0x02, 0xFF, 0x70, 0x00, 0x00, 0x0F,
  0xF9, 0x00, 0x2F, 0xF7, 0x00, 0x00, 0x00, 0xFF, 0x90, 0x02, 0xFF, 0x70, 0x00, 0x00, 0x0F, 0xF9, 0x00, 0x00, 0x9D, 0x70,
  0x00, 0x1F, 0xFD, 0x00, 0x00, 0xBE, 0x90, 0x00, 0x00, 0x00, 0x00, 0x00, 0x00, 0x00, 0x00, 0x0D, 0xFB, 0x00, 0x00, 0xDF,
  0xB0, 0x00, 0x0D, 0xFB, 0x00, 0x00, 0xDF, 0xB0, 0x00, 0x0D, 0xFB, 0x00, 0x00, 0xDF, 0xB0, 0x00, 0x0D, 0xFB, 0x00, 0x00,
  0xDF, 0xB0, 0x00, 0x0D, 0xFB, 0x00, 0x00, 0xDF, 0xB0, 0x00, 0x0D, 0xFB, 0x00, 0x00, 0xDF, 0xB0, 0x00, 0x0D, 0xFB, 0x00,
  0x00, 0xDF, 0xB0, 0x00, 0x0D, 0xFB, 0x00, 0x00, 0x1B, 0xD5, 0x00, 0x00, 0x4F, 0xFB, 0x00, 0x00, 0x1D, 0xE6, 0x00, 0x00,
  0x00, 0x00, 0x00, 0x00, 0x00, 0x00, 0x00, 0x00, 0x0F, 0xF9, 0x00, 0x00, 0x0F, 0xF9, 0x00, 0x00, 0x0F, 0xF9, 0x00, 0x00,
  0x0F, 0xF9, 0x00, 0x00, 0x0F, 0xF9, 0x00, 0x00, 0x0F, 0xF9, 0x00, 0x00, 0x0F, 0xF9, 0x00, 0x00, 0x0F, 0xF9, 0x00, 0x00,
  0x0F, 0xF9, 0x00, 0x00, 0x0F, 0xF9, 0x00, 0x00, 0x0F, 0xF9, 0x00, 0x00, 0x0F, 0xF9, 0x00, 0x00, 0x0F, 0xF9, 0x00, 0x00,
  0x0F, 0xF9, 0x00, 0x00, 0x0F, 0xF9, 0x00, 0x00, 0x0F, 0xF9, 0x00, 0x00, 0x0F, 0xF9, 0x00, 0x00, 0x2F, 0xF8, 0x00, 0x34,
  0xAF, 0xF5, 0x00, 0xEF, 0xFF, 0xD0, 0x00, 0xCF, 0xEA, 0x20, 0x00, 0x02, 0xFF, 0x80, 0x00, 0x00, 0x00, 0x00, 0x00, 0x2F,
  0xF8, 0x00, 0x00, 0x00, 0x00, 0x00, 0x02, 0xFF, 0x80, 0x00, 0x00, 0x00, 0x00, 0x00, 0x2F, 0xF8, 0x00, 0x00, 0x00, 0x00,
  0x00, 0x02, 0xFF, 0x80, 0x00, 0x00, 0x00, 0x00, 0x00, 0x2F, 0xF8, 0x00, 0x00, 0x00, 0x00, 0x00, 0x02, 0xFF, 0x80, 0x00,
  0x03, 0xEF, 0xE3, 0x00, 0x2F, 0xF8, 0x00, 0x02, 0xDF, 0xE3, 0x00, 0x02, 0xFF, 0x80, 0x02, 0xDF, 0xF4, 0x00, 0x00, 0x2F,
  0xF8, 0x01, 0xCF, 0xF5, 0x00, 0x00, 0x02, 0xFF, 0x81, 0xCF, 0xF6, 0x00, 0x00, 0x00, 0x2F, 0xF8, 0xAF, 0xF7, 0x00, 0x00,
  0x00, 0x02, 0xFF, 0xDF, 0xFE, 0x10, 0x00, 0x00, 0x00, 0x2F, 0xFF, 0xFF, 0xFA, 0x00, 0x00, 0x00, 0x02, 0xFF, 0xFA, 0xAF,
  0xF7, 0x00, 0x00, 0x00, 0x2F, 0xFB, 0x01, 0xDF, 0xE3, 0x00, 0x00, 0x02, 0xFF, 0x80, 0x03, 0xFF, 0xD1, 0x00, 0x00, 0x2F,
  0xF8, 0x00, 0x07, 0xFF, 0xA0, 0x00, 0x02, 0xFF, 0x80, 0x00, 0x0A, 0xFF, 0x60, 0x00, 0x2F, 0xF8, 0x00, 0x00, 0x1D, 0xFE,
  0x30, 0x02, 0xFF, 0x80, 0x00, 0x00, 0x4F, 0xFC, 0x10, 0x00, 0xDF, 0xB0, 0x00, 0x0D, 0xFB, 0x00, 0x00, 0xDF, 0xB0, 0x00,
  0x0D, 0xFB, 0x00, 0x00, 0xDF, 0xB0, 0x00, 0x0D, 0xFB, 0x00, 0x00, 0xDF, 0xB0, 0x00, 0x0D, 0xFB, 0x00, 0x00, 0xDF, 0xB0,
  0x00, 0x0D, 0xFB, 0x00, 0x00, 0xDF, 0xB0, 0x00, 0x0D, 0xFB, 0x00, 0x00, 0xDF, 0xB0, 0x00, 0x0D, 0xFB, 0x00, 0x00, 0xDF,
  0xB0, 0x00, 0x0D, 0xFB, 0x00, 0x00, 0xDF, 0xB0, 0x00, 0x0D, 0xFB, 0x00, 0x00, 0xDF, 0xB0, 0x00, 0x0D, 0xFB, 0x00, 0x00,
  0xDF, 0xB0, 0x00, 0x02, 0xFF, 0x62, 0x9D, 0xFE, 0xB5, 0x00, 0x39, 0xDF, 0xEC, 0x60, 0x00, 0x00, 0x2F, 0xFA, 0xEF, 0xFF,
  0xFF, 0xF6, 0x5E, 0xFF, 0xFF, 0xFF, 0x80, 0x00, 0x02, 0xFF, 0xFD, 0x63, 0x49, 0xFF, 0xEE, 0xE8, 0x44, 0x7E, 0xFF, 0x30,
  0x00, 0x2F, 0xFD, 0x10, 0x00, 0x08, 0xFF, 0xF4, 0x00, 0x00, 0x5F, 0xF8, 0x00, 0x02, 0xFF, 0x80, 0x00, 0x00, 0x3F, 0xFC,
  0x00, 0x00, 0x00, 0xFF, 0xA0, 0x00, 0x2F, 0xF7, 0x00, 0x00, 0x00, 0xFF, 0x90, 0x00, 0x00, 0x0E, 0xFA, 0x00, 0x02, 0xFF,
  0x70, 0x00, 0x00, 0x0F, 0xF9, 0x00, 0x00, 0x00, 0xEF, 0xA0, 0x00, 0x2F, 0xF7, 0x00, 0x00, 0x00, 0xFF, 0x90, 0x00, 0x00,
  0x0E, 0xFA, 0x00, 0x02, 0xFF, 0x70, 0x00, 0x00, 0x0F, 0xF9, 0x00, 0x00, 0x00, 0xEF, 0xA0, 0x00, 0x2F, 0xF7, 0x00, 0x00,
  0x00, 0xFF, 0x90, 0x00, 0x00, 0x0E, 0xFA, 0x00, 0x02, 0xFF, 0x70, 0x00, 0x00, 0x0F, 0xF9, 0x00, 0x00, 0x00, 0xEF, 0xA0,
  0x00, 0x2F, 0xF7, 0x00, 0x00, 0x00, 0xFF, 0x90, 0x00, 0x00, 0x0E, 0xFA, 0x00, 0x02, 0xFF, 0x70, 0x00, 0x00, 0x0F, 0xF9,
  0x00, 0x00, 0x00, 0xEF, 0xA0, 0x00, 0x2F, 0xF7, 0x00, 0x00, 0x00, 0xFF, 0x90, 0x00, 0x00, 0x0E, 0xFA, 0x00, 0x02, 0xFF,
  0x70, 0x00, 0x00, 0x0F, 0xF9, 0x00, 0x00, 0x00, 0xEF, 0xA0, 0x00, 0x02, 0xFF, 0x61, 0x8D, 0xFE, 0xC6, 0x00, 0x00, 0x2F,
  0xF8, 0xDF, 0xFF, 0xFF, 0xF8, 0x00, 0x02, 0xFF, 0xFE, 0x84, 0x48, 0xEF, 0xF2, 0x00, 0x2F, 0xFF, 0x40, 0x00, 0x07, 0xFF,
  0x60, 0x02, 0xFF, 0x90, 0x00, 0x00, 0x2F, 0xF8, 0x00, 0x2F, 0xF7, 0x00, 0x00, 0x00, 0xFF, 0x90, 0x02, 0xFF, 0x70, 0x00,
  0x00, 0x0F, 0xF9, 0x00, 0x2F, 0xF7, 0x00, 0x00, 0x00, 0xFF, 0x90, 0x02, 0xFF, 0x70, 0x00, 0x00, 0x0F, 0xF9, 0x00, 0x2F,
  0xF7, 0x00, 0x00, 0x00, 0xFF, 0x90, 0x02, 0xFF, 0x70, 0x00, 0x00, 0x0F, 0xF9, 0x00, 0x2F, 0xF7, 0x00, 0x00, 0x00, 0xFF,
  0x90, 0x02, 0xFF, 0x70, 0x00, 0x00, 0x0F, 0xF9, 0x00, 0x2F, 0xF7, 0x00, 0x00, 0x00, 0xFF, 0x90, 0x02, 0xFF, 0x70, 0x00,
  0x00, 0x0F, 0xF9, 0x00, 0x00, 0x00, 0x29, 0xDE, 0xED, 0x92, 0x00, 0x00, 0x00, 0x05, 0xEF, 0xFF, 0xFF, 0xFE, 0x50, 0x00,
  0x00, 0x4F, 0xFD, 0x63, 0x37, 0xEF, 0xF4, 0x00, 0x00, 0xDF, 0xE2, 0x00, 0x00, 0x3E, 0xFD, 0x00, 0x05, 0xFF, 0x60, 0x00,
  0x00, 0x07, 0xFF, 0x50, 0x09, 0xFF, 0x10, 0x00, 0x00, 0x01, 0xFF, 0x80, 0x0B, 0xFD, 0x00, 0x00, 0x00, 0x00, 0xDF, 0xA0,
  0x0C, 0xFC, 0x00, 0x00, 0x00, 0x00, 0xDF, 0xB0, 0x0B, 0xFD, 0x00, 0x00, 0x00, 0x00, 0xEF, 0xA0, 0x09, 0xFF, 0x10, 0x00,
  0x00, 0x02, 0xFF, 0x90, 0x05, 0xFF, 0x60, 0x00, 0x00, 0x07, 0xFF, 0x40, 0x00, 0xDF, 0xD2, 0x00, 0x00, 0x2E, 0xFD, 0x00,
  0x00, 0x4F, 0xFD, 0x62, 0x26, 0xEF, 0xF4, 0x00, 0x00, 0x06, 0xEF, 0xFF, 0xFF, 0xFE, 0x50, 0x00, 0x00, 0x00, 0x29, 0xDE,
  0xED, 0x82, 0x00, 0x00, 0x02, 0xFF, 0x53, 0xAE, 0xFE, 0xB4, 0x00, 0x00, 0x02, 0xFF, 0xAF, 0xFF, 0xFF, 0xFF, 0x70, 0x00,
  0x02, 0xFF, 0xFD, 0x74, 0x48, 0xFF, 0xF4, 0x00, 0x02, 0xFF, 0xD2, 0x00, 0x00, 0x5F, 0xFB, 0x00, 0x02, 0xFF, 0x80, 0x00,
  0x00, 0x0B, 0xFF, 0x10, 0x02, 0xFF, 0x70, 0x00, 0x00, 0x06, 0xFF, 0x50, 0x02, 0xFF, 0x70, 0x00, 0x00, 0x03, 0xFF, 0x60,
  0x02, 0xFF, 0x70, 0x00, 0x00, 0x03, 0xFF, 0x70, 0x02, 0xFF, 0x70, 0x00, 0x00, 0x04, 0xFF, 0x60, 0x02, 0xFF, 0x70, 0x00,
  0x00, 0x06, 0xFF, 0x50, 0x02, 0xFF, 0x70, 0x00, 0x00, 0x0A, 0xFF, 0x10, 0x02, 0xFF, 0xC1, 0x00, 0x00, 0x4F, 0xFB, 0x00,
  0x02, 0xFF, 0xFD, 0x62, 0x37, 0xEF, 0xF3, 0x00, 0x02, 0xFF, 0xCF, 0xFF, 0xFF, 0xFF, 0x70, 0x00, 0x02, 0xFF, 0x73, 0xAE,
  0xFE, 0xB4, 0x00, 0x00, 0x02, 0xFF, 0x70, 0x00, 0x00, 0x00, 0x00, 0x00, 0x02, 0xFF, 0x70, 0x00, 0x00, 0x00, 0x00, 0x00,
  0x02, 0xFF, 0x70, 0x00, 0x00, 0x00, 0x00, 0x00, 0x02, 0xFF, 0x70, 0x00, 0x00, 0x00, 0x00, 0x00, 0x02, 0xFF, 0x70, 0x00,
  0x00, 0x00, 0x00, 0x00, 0x02, 0xFF, 0x70, 0x00, 0x00, 0x00, 0x00, 0x00, 0x00, 0x00, 0x6C, 0xEF, 0xD9, 0x2A, 0xFC, 0x00,
  0x00, 0x0A, 0xFF, 0xFF, 0xFF, 0xEC, 0xFC, 0x00, 0x00, 0x8F, 0xFD, 0x62, 0x38, 0xEF, 0xFC, 0x00, 0x01, 0xEF, 0xD2, 0x00,
  0x00, 0x4E, 0xFC, 0x00, 0x06, 0xFF, 0x60, 0x00, 0x00, 0x0C, 0xFC, 0x00, 0x09, 0xFF, 0x10, 0x00, 0x00, 0x0C, 0xFC, 0x00,
  0x0A, 0xFE, 0x00, 0x00, 0x00, 0x0C, 0xFC, 0x00, 0x0B, 0xFD, 0x00, 0x00, 0x00, 0x0C, 0xFC, 0x00, 0x0A, 0xFD, 0x00, 0x00,
  0x00, 0x0C, 0xFC, 0x00, 0x09, 0xFF, 0x10, 0x00, 0x00, 0x0C, 0xFC, 0x00, 0x06, 0xFF, 0x60, 0x00, 0x00, 0x0C, 0xFC, 0x00,
  0x01, 0xEF, 0xD1, 0x00, 0x00, 0x4F, 0xFC, 0x00, 0x00, 0x7F, 0xFD, 0x52, 0x38, 0xEF, 0xFC, 0x00, 0x00, 0x0A, 0xFF, 0xFF,
  0xFF, 0xED, 0xFC, 0x00, 0x00, 0x00, 0x6C, 0xEF, 0xD9, 0x2C, 0xFC, 0x00, 0x00, 0x00, 0x00, 0x00, 0x00, 0x0C, 0xFC, 0x00,
  0x00, 0x00, 0x00, 0x00, 0x00, 0x0C, 0xFC, 0x00, 0x00, 0x00, 0x00, 0x00, 0x00, 0x0C, 0xFC, 0x00, 0x00, 0x00, 0x00, 0x00,
  0x00, 0x0C, 0xFC, 0x00, 0x00, 0x00, 0x00, 0x00, 0x00, 0x0C, 0xFC, 0x00, 0x00, 0x00, 0x00, 0x00, 0x00, 0x0C, 0xFC, 0x00,
  0x02, 0xFF, 0x74, 0xCE, 0xE1, 0x02, 0xFF, 0xAF, 0xFF, 0xF1, 0x02, 0xFF, 0xFF, 0xB8, 0x81, 0x02, 0xFF, 0xE4, 0x00, 0x00,
  0x02, 0xFF, 0x90, 0x00, 0x00, 0x02, 0xFF, 0x70, 0x00, 0x00, 0x02, 0xFF, 0x70, 0x00, 0x00, 0x02, 0xFF, 0x70, 0x00, 0x00,
  0x02, 0xFF, 0x70, 0x00, 0x00, 0x02, 0xFF, 0x70, 0x00, 0x00, 0x02, 0xFF, 0x70, 0x00, 0x00, 0x02, 0xFF, 0x70, 0x00, 0x00,
  0x02, 0xFF, 0x70, 0x00, 0x00, 0x02, 0xFF, 0x70, 0x00, 0x00, 0x02, 0xFF, 0x70, 0x00, 0x00, 0x00, 0x01, 0x7C, 0xEF, 0xEB,
  0x50, 0x00, 0x00, 0x2D, 0xFF, 0xFF, 0xFF, 0xF9, 0x00, 0x00, 0xBF, 0xF8, 0x33, 0x6D, 0xFF, 0x60, 0x02, 0xFF, 0x90, 0x00,
  0x02, 0xEF, 0xC0, 0x03, 0xFF, 0x70, 0x00, 0x00, 0x7A, 0x90, 0x01, 0xEF, 0xE5, 0x00, 0x00, 0x00, 0x00, 0x00, 0x5F, 0xFF,
  0xEB, 0x73, 0x00, 0x00, 0x00, 0x03, 0xAE, 0xFF, 0xFF, 0xC4, 0x00, 0x00, 0x00, 0x01, 0x58, 0xCF, 0xFF, 0x50, 0x00, 0x00,
  0x00, 0x00, 0x04, 0xEF, 0xD0, 0x09, 0xDC, 0x00, 0x00, 0x00, 0x9F, 0xF1, 0x08, 0xFF, 0x50, 0x00, 0x00, 0xBF, 0xE0, 0x01,
  0xEF, 0xE8, 0x32, 0x4A, 0xFF, 0xA0, 0x00, 0x3E, 0xFF, 0xFF, 0xFF, 0xFC, 0x10, 0x00, 0x01, 0x8C, 0xEF, 0xEB, 0x60, 0x00,
  0x00, 0x4F, 0xF6, 0x00, 0x00, 0x04, 0xFF, 0x60, 0x00, 0x00, 0x4F, 0xF6, 0x00, 0x00, 0x04, 0xFF, 0x60, 0x00, 0xDF, 0xFF,
  0xFF, 0xFF, 0x2D, 0xEF, 0xFF, 0xFE, 0xE2, 0x00, 0x4F, 0xF6, 0x00, 0x00, 0x04, 0xFF, 0x60, 0x00, 0x00, 0x4F, 0xF6, 0x00,
  0x00, 0x04, 0xFF, 0x60, 0x00, 0x00, 0x4F, 0xF6, 0x00, 0x00, 0x04, 0xFF, 0x60, 0x00, 0x00, 0x4F, 0xF6, 0x00, 0x00, 0x04,
  0xFF, 0x60, 0x00, 0x00, 0x4F, 0xF6, 0x00, 0x00, 0x03, 0xFF, 0x70, 0x00, 0x00, 0x0F, 0xFD, 0x44, 0x10, 0x00, 0x9F, 0xFF,
  0xF3, 0x00, 0x01, 0xAE, 0xFD, 0x30, 0x03, 0xFF, 0x70, 0x00, 0x00, 0x0F, 0xF9, 0x00, 0x3F, 0xF7, 0x00, 0x00, 0x00, 0xFF,
  0x90, 0x03, 0xFF, 0x70, 0x00, 0x00, 0x0F, 0xF9, 0x00, 0x3F, 0xF7, 0x00, 0x00, 0x00, 0xFF, 0x90, 0x03, 0xFF, 0x70, 0x00,
  0x00, 0x0F, 0xF9, 0x00, 0x3F, 0xF7, 0x00, 0x00, 0x00, 0xFF, 0x90, 0x03, 0xFF, 0x70, 0x00, 0x00, 0x0F, 0xF9, 0x00, 0x3F,
  0xF7, 0x00, 0x00, 0x00, 0xFF, 0x90, 0x03, 0xFF, 0x70, 0x00, 0x00, 0x0F, 0xF9, 0x00, 0x3F, 0xF7, 0x00, 0x00, 0x00, 0xFF,
  0x90, 0x02, 0xFF, 0x80, 0x00, 0x00, 0x1F, 0xF9, 0x00, 0x0E, 0xFD, 0x00, 0x00, 0x09, 0xFF, 0x90, 0x00, 0xAF, 0xFB, 0x53,
  0x6B, 0xFF, 0xF9, 0x00, 0x02, 0xDF, 0xFF, 0xFF, 0xFC, 0xEF, 0x90, 0x00, 0x02, 0x9D, 0xFE, 0xC7, 0x1E, 0xF9, 0x00, 0x6F,
  0xF4, 0x00, 0x00, 0x00, 0xBF, 0xD0, 0x1F, 0xF9, 0x00, 0x00, 0x01, 0xFF, 0x90, 0x0B, 0xFD, 0x00, 0x00, 0x06, 0xFF, 0x30,
  0x05, 0xFF, 0x30, 0x00, 0x0B, 0xFD, 0x00, 0x01, 0xEF, 0x80, 0x00, 0x1E, 0xF8, 0x00, 0x00, 0xAF, 0xD0, 0x00, 0x5F, 0xF2,
  0x00, 0x00, 0x4F, 0xF3, 0x00, 0xAF, 0xC0, 0x00, 0x00, 0x0D, 0xF8, 0x00, 0xEF, 0x70, 0x00, 0x00, 0x09, 0xFD, 0x05, 0xFF,
  0x10, 0x00, 0x00, 0x03, 0xFF, 0x39, 0xFB, 0x00, 0x00, 0x00, 0x00, 0xCF, 0x8D, 0xF6, 0x00, 0x00, 0x00, 0x00, 0x7F, 0xEF,
  0xE1, 0x00, 0x00, 0x00, 0x00, 0x2F, 0xFF, 0xA0, 0x00, 0x00, 0x00, 0x00, 0x0B, 0xFF, 0x50, 0x00, 0x00, 0x00, 0x00, 0x06,
  0xFE, 0x00, 0x00, 0x00, 0x5F, 0xF4, 0x00, 0x00, 0x0B, 0xFA, 0x00, 0x00, 0x05, 0xFF, 0x51, 0xEF, 0x80, 0x00, 0x01, 0xEF,
  0xE1, 0x00, 0x00, 0x9F, 0xE0, 0x0B, 0xFC, 0x00, 0x00, 0x5F, 0xFF, 0x50, 0x00, 0x0C, 0xFB, 0x00, 0x7F, 0xF1, 0x00, 0x0A,
  0xFE, 0xF9, 0x00, 0x01, 0xFF, 0x70, 0x03, 0xFF, 0x50, 0x00, 0xEF, 0x8F, 0xD0, 0x00, 0x5F, 0xF2, 0x00, 0x0D, 0xF9, 0x00,
  0x4F, 0xD1, 0xEF, 0x40, 0x08, 0xFD, 0x00, 0x00, 0x9F, 0xC0, 0x09, 0xF9, 0x0B, 0xF8, 0x00, 0xCF, 0x90, 0x00, 0x05, 0xFF,
  0x10, 0xDF, 0x50, 0x6F, 0xC0, 0x1F, 0xF4, 0x00, 0x00, 0x1E, 0xF5, 0x3F, 0xE0, 0x01, 0xFF, 0x25, 0xFE, 0x00, 0x00, 0x00,
  0xBF, 0x98, 0xFA, 0x00, 0x0B, 0xF7, 0x8F, 0xB0, 0x00, 0x00, 0x07, 0xFD, 0xCF, 0x60, 0x00, 0x7F, 0xBC, 0xF6, 0x00, 0x00,
  0x00, 0x3F, 0xFF, 0xF1, 0x00, 0x02, 0xFF, 0xFF, 0x20, 0x00, 0x00, 0x00, 0xDF, 0xFB, 0x00, 0x00, 0x0C, 0xFF, 0xC0, 0x00,
  0x00, 0x00, 0x09, 0xFF, 0x70, 0x00, 0x00, 0x8F, 0xF8, 0x00, 0x00, 0x00, 0x00, 0x5F, 0xF2, 0x00, 0x00, 0x03, 0xFF, 0x40,
  0x00, 0x00, 0x1E, 0xFE, 0x10, 0x00, 0x03, 0xFF, 0xC0, 0x05, 0xFF, 0x90, 0x00, 0x0C, 0xFF, 0x30, 0x00, 0xBF, 0xF3, 0x00,
  0x6F, 0xF8, 0x00, 0x00, 0x2E, 0xFB, 0x01, 0xEF, 0xD0, 0x00, 0x00, 0x06, 0xFF, 0x59, 0xFF, 0x40, 0x00, 0x00, 0x00, 0xBF,
  0xEF, 0xF9, 0x00, 0x00, 0x00, 0x00, 0x2E, 0xFF, 0xD1, 0x00, 0x00, 0x00, 0x00, 0x0A, 0xFF, 0x70, 0x00, 0x00, 0x00, 0x00,
  0x4F, 0xFF, 0xE2, 0x00, 0x00, 0x00, 0x00, 0xCF, 0xDE, 0xFA, 0x00, 0x00, 0x00, 0x08, 0xFF, 0x57, 0xFF, 0x50, 0x00, 0x00,
  0x3F, 0xFA, 0x00, 0xCF, 0xE1, 0x00, 0x00, 0xCF, 0xE2, 0x00, 0x4F, 0xFA, 0x00, 0x08, 0xFF, 0x70, 0x00, 0x09, 0xFF, 0x50,
  0x3F, 0xFC, 0x00, 0x00, 0x01, 0xEF, 0xD1, 0x9F, 0xF4, 0x00, 0x00, 0x00, 0xEF, 0xC3, 0xFF, 0x90, 0x00, 0x00, 0x5F, 0xF7,
  0x0D, 0xFD, 0x00, 0x00, 0x09, 0xFF, 0x20, 0x8F, 0xF4, 0x00, 0x00, 0xDF, 0xB0, 0x02, 0xFF, 0x90, 0x00, 0x4F, 0xF6, 0x00,
  0x0C, 0xFD, 0x00, 0x08, 0xFF, 0x10, 0x00, 0x7F, 0xF4, 0x00, 0xCF, 0xB0, 0x00, 0x01, 0xFF, 0x90, 0x2F, 0xF6, 0x00, 0x00,
  0x0B, 0xFD, 0x07, 0xFE, 0x10, 0x00, 0x00, 0x5F, 0xF4, 0xBF, 0xA0, 0x00, 0x00, 0x01, 0xEF, 0x9F, 0xF5, 0x00, 0x00, 0x00,
  0x0A, 0xFF, 0xFE, 0x00, 0x00, 0x00, 0x00, 0x4F, 0xFF, 0xA0, 0x00, 0x00, 0x00, 0x00, 0xDF, 0xF5, 0x00, 0x00, 0x00, 0x00,
  0x09, 0xFE, 0x00, 0x00, 0x00, 0x00, 0x00, 0xBF, 0x90, 0x00, 0x00, 0x00, 0x00, 0x2F, 0xF4, 0x00, 0x00, 0x00, 0x00, 0x09,
  0xFD, 0x00, 0x00, 0x00, 0x04, 0x5A, 0xFF, 0x60, 0x00, 0x00, 0x00, 0xDF, 0xFF, 0xA0, 0x00, 0x00, 0x00, 0x0B, 0xFD, 0x81,
  0x00, 0x00, 0x00, 0x00, 0x0B, 0xFF, 0xFF, 0xFF, 0xFF, 0xFF, 0x90, 0x0B, 0xFF, 0xFF, 0xFF, 0xFF, 0xFF, 0x90, 0x01, 0x22,
  0x22, 0x22, 0x3E, 0xFE, 0x20, 0x00, 0x00, 0x00, 0x00, 0xBF, 0xF5, 0x00, 0x00, 0x00, 0x00, 0x07, 0xFF, 0x90, 0x00, 0x00,
  0x00, 0x00, 0x4F, 0xFC, 0x00, 0x00, 0x00, 0x00, 0x01, 0xDF, 0xE3, 0x00, 0x00, 0x00, 0x00, 0x0A, 0xFF, 0x60, 0x00, 0x00,
  0x00, 0x00, 0x6F, 0xF9, 0x00, 0x00, 0x00, 0x00, 0x03, 0xEF, 0xD1, 0x00, 0x00, 0x00, 0x00, 0x1D, 0xFE, 0x30, 0x00, 0x00,
  0x00, 0x00, 0xAF, 0xF6, 0x00, 0x00, 0x00, 0x00, 0x06, 0xFF, 0xB1, 0x11, 0x11, 0x11, 0x10, 0x0C, 0xFF, 0xFF, 0xFF, 0xFF,
  0xFF, 0xE0, 0x0C, 0xFF, 0xFF, 0xFF, 0xFF, 0xFF, 0xE0, 0x00, 0x00, 0x00, 0x3A, 0xC0, 0x00, 0x00, 0x06, 0xFF, 0xD1, 0x00,
  0x00, 0x5F, 0xF9, 0x00, 0x00, 0x00, 0xCF, 0xD0, 0x00, 0x00, 0x01, 0xFF, 0x80, 0x00, 0x00, 0x03, 0xFF, 0x60, 0x00, 0x00,
  0x04, 0xFF, 0x50, 0x00, 0x00, 0x04, 0xFF, 0x50, 0x00, 0x00, 0x04, 0xFF, 0x50, 0x00, 0x00, 0x06, 0xFF, 0x40, 0x00, 0x00,
  0x09, 0xFF, 0x10, 0x00, 0x02, 0x7F, 0xFA, 0x00, 0x00, 0x3F, 0xFF, 0xB1, 0x00, 0x00, 0x3F, 0xFF, 0xA1, 0x00, 0x00, 0x02,
  0x8F, 0xF9, 0x00, 0x00, 0x00, 0x0A, 0xFE, 0x10, 0x00, 0x00, 0x06, 0xFF, 0x40, 0x00, 0x00, 0x04, 0xFF, 0x50, 0x00, 0x00,
  0x04, 0xFF, 0x50, 0x00, 0x00, 0x04, 0xFF, 0x50, 0x00, 0x00, 0x04, 0xFF, 0x60, 0x00, 0x00, 0x03, 0xFF, 0x70, 0x00, 0x00,
  0x00, 0xEF, 0xA0, 0x00, 0x00, 0x00, 0xAF, 0xE1, 0x00, 0x00, 0x00, 0x3E, 0xFB, 0x10, 0x00, 0x00, 0x04, 0xEF, 0xE1, 0x00,
  0x00, 0x00, 0x29, 0xB0, 0x00, 0xAF, 0x70, 0x00, 0x0A, 0xF7, 0x00, 0x00, 0xAF, 0x70, 0x00, 0x0A, 0xF7, 0x00, 0x00, 0xAF,
  0x70, 0x00, 0x0A, 0xF7, 0x00, 0x00, 0xAF, 0x70, 0x00, 0x0A, 0xF7, 0x00, 0x00, 0xAF, 0x70, 0x00, 0x0A, 0xF7, 0x00, 0x00,
  0xAF, 0x70, 0x00, 0x0A, 0xF7, 0x00, 0x00, 0xAF, 0x70, 0x00, 0x0A, 0xF7, 0x00, 0x00, 0xAF, 0x70, 0x00, 0x0A, 0xF7, 0x00,
  0x00, 0xAF, 0x70, 0x00, 0x0A, 0xF7, 0x00, 0x00, 0xAF, 0x70, 0x00, 0x0A, 0xF7, 0x00, 0x00, 0xAF, 0x70, 0x00, 0x0A, 0xF7,
  0x00, 0x00, 0xAF, 0x70, 0x00, 0x0A, 0xF7, 0x00, 0x6C, 0x60, 0x00, 0x00, 0x08, 0xFF, 0xB1, 0x00, 0x00, 0x04, 0xEF, 0xA0,
  0x00, 0x00, 0x07, 0xFF, 0x40, 0x00, 0x00, 0x2F, 0xF8, 0x00, 0x00, 0x00, 0xEF, 0xA0, 0x00, 0x00, 0x0D, 0xFA, 0x00, 0x00,
  0x00, 0xDF, 0xB0, 0x00, 0x00, 0x0D, 0xFB, 0x00, 0x00, 0x00, 0xDF, 0xC0, 0x00, 0x00, 0x0A, 0xFE, 0x10, 0x00, 0x00, 0x3F,
  0xFC, 0x31, 0x00, 0x00, 0x5E, 0xFF, 0x90, 0x00, 0x04, 0xDF, 0xF9, 0x00, 0x03, 0xEF, 0xC4, 0x00, 0x00, 0x9F, 0xF2, 0x00,
  0x00, 0x0C, 0xFC, 0x00, 0x00, 0x00, 0xDF, 0xB0, 0x00, 0x00, 0x0D, 0xFB, 0x00, 0x00, 0x00, 0xDF, 0xB0, 0x00, 0x00, 0x0E,
  0xFA, 0x00, 0x00, 0x00, 0xFF, 0x90, 0x00, 0x00, 0x3F, 0xF7, 0x00, 0x00, 0x09, 0xFF, 0x20, 0x00, 0x06, 0xFF, 0x80, 0x00,
  0x09, 0xFF, 0xA0, 0x00, 0x00, 0x6C, 0x50, 0x00, 0x00, 0x00, 0x00, 0x03, 0xAE, 0xFD, 0x71, 0x00, 0x00, 0x09, 0xA3, 0x00,
  0x03, 0xEF, 0xFF, 0xFF, 0xC3, 0x00, 0x02, 0xFF, 0x30, 0x00, 0xBF, 0xE7, 0x5A, 0xFF, 0xE7, 0x13, 0xCF, 0xD0, 0x00, 0x1F,
  0xF5, 0x00, 0x05, 0xEF, 0xFF, 0xFF, 0xF4, 0x00, 0x03, 0xCC, 0x10, 0x00, 0x02, 0xAF, 0xFF, 0xD5, 0x00, 0x00, 0x00, 0x00,
  0x00, 0x00, 0x00, 0x14, 0x30, 0x00, 0x00, 0x00, 0x00, 0x00, 0x00, 0x00, 0x00, 0x00, 0x00, 0x00, 0x00, 0x00, 0x00, 0x00,
  0x00, 0x00, 0x00, 0x00, 0x00, 0x00, 0x00, 0x00, 0x00, 0x00, 0x00, 0x00, 0x00, 0x00, 0x00, 0x00, 0x00, 0x00, 0x00, 0x00,
  0x00, 0x00, 0x00, 0x00, 0x00, 0x00, 0x00, 0x00, 0x00, 0x00, 0x00, 0x00, 0x00, 0x00, 0x00, 0x0A, 0xFF, 0xFF, 0xFF, 0xFF,
  0xF1, 0x0A, 0xC0, 0x00, 0x00, 0x09, 0xD1, 0x0A, 0x86, 0x00, 0x00, 0x1B, 0xB1, 0x0A, 0x3B, 0x00, 0x00, 0x76, 0xB1, 0x0A,
  0x29, 0x30, 0x00, 0xB0, 0xB1, 0x0A, 0x23, 0xA0, 0x05, 0x80, 0xB1, 0x0A, 0x20, 0xB2, 0x0B, 0x20, 0xB1, 0x0A, 0x20, 0x58,
  0x3A, 0x00, 0xB1, 0x0A, 0x20, 0x0C, 0xA4, 0x00, 0xB1, 0x0A, 0x20, 0x08, 0xC0, 0x00, 0xB1, 0x0A, 0x20, 0x08, 0xC0, 0x00,
  0xB1, 0x0A, 0x20, 0x0C, 0xA4, 0x00, 0xB1, 0x0A, 0x20, 0x58, 0x3A, 0x00, 0xB1, 0x0A, 0x20, 0xB2, 0x0B, 0x20, 0xB1, 0x0A,
  0x23, 0xA0, 0x05, 0x80, 0xB1, 0x0A, 0x29, 0x40, 0x00, 0xB0, 0xB1, 0x0A, 0x3B, 0x00, 0x00, 0x76, 0xB1, 0x0A, 0x86, 0x00,
  0x00, 0x1B, 0xB1, 0x0A, 0xC0, 0x00, 0x00, 0x09, 0xD1, 0x0A, 0xFF, 0xFF, 0xFF, 0xFF, 0xF1, 0x7F, 0xFF, 0xFF, 0xFF, 0xFF,
  0xFF, 0xFF, 0xFF, 0x10, 0x00, 0x07, 0xFF, 0xFF, 0xFF, 0xFF, 0xFF, 0xFF, 0xFF, 0xF1, 0x00, 0x00, 0x13, 0x33, 0x33, 0xCF,
  0xE3, 0x33, 0x33, 0x33, 0x00, 0x00, 0x00, 0x00, 0x00, 0x0C, 0xFE, 0x00, 0x00, 0x00, 0x00, 0x00, 0x00, 0x00, 0x00, 0x00,
  0xCF, 0xE0, 0x00, 0x00, 0x00, 0x00, 0x00, 0x00, 0x00, 0x00, 0x0C, 0xFE, 0x00, 0x00, 0x00, 0x00, 0x00, 0x00, 0x00, 0x00,
  0x00, 0xCF, 0xE0, 0x00, 0x00, 0x00, 0x00, 0x00, 0x00, 0x00, 0x00, 0x0C, 0xFE, 0x00, 0x00, 0x00, 0x00, 0x00, 0x00, 0x00,
  0x00, 0x00, 0xCF, 0xE8, 0xBE, 0xFE, 0xDB, 0x50, 0x00, 0x00, 0x00, 0x00, 0x0C, 0xFF, 0xFF, 0xFF, 0xFF, 0xFF, 0xC2, 0x00,
  0x00, 0x00, 0x00, 0xCF, 0xFC, 0x97, 0x66, 0x8D, 0xFF, 0xD1, 0x00, 0x00, 0x00, 0x0C, 0xFE, 0x00, 0x00, 0x00, 0x0A, 0xFF,
  0x70, 0x00, 0x00, 0x00, 0xCF, 0xE0, 0x00, 0x00, 0x00, 0x1F, 0xFB, 0x00, 0x00, 0x00, 0x0C, 0xFE, 0x00, 0x00, 0x00, 0x00,
  0xCF, 0xD0, 0x00, 0x00, 0x00, 0xCF, 0xE0, 0x00, 0x00, 0x00, 0x0C, 0xFE, 0x00, 0x00, 0x00, 0x0C, 0xFE, 0x00, 0x00, 0x00,
  0x00, 0xEF, 0xC0, 0x00, 0x00, 0x00, 0xCF, 0xE0, 0x00, 0x00, 0x00, 0x6F, 0xF8, 0x00, 0x00, 0x00, 0x0C, 0xFE, 0x00, 0x00,
  0x14, 0x9F, 0xFE, 0x20, 0x00, 0x00, 0x00, 0xCF, 0xE0, 0x00, 0x0E, 0xFF, 0xFD, 0x40, 0x00, 0x00, 0x00, 0x0C, 0xFE, 0x00,
  0x00, 0xDE, 0xB7, 0x10, 0x00, 0x00, 0x00, 0x00, 0x34, 0x30, 0x00, 0x00, 0x00, 0x00, 0x00, 0x00, 0x00, 0x00, 0x00, 0x00,
  0x0A, 0xFF, 0x70, 0x00, 0x00, 0x00, 0x00, 0x00, 0x6F, 0xF8, 0x00, 0x00, 0x00, 0x00, 0x00, 0x03, 0xEF, 0x90, 0x00, 0x00,
  0x00, 0x00, 0x00, 0x07, 0xDA, 0x00, 0x00, 0x00, 0x00, 0x00, 0x00, 0x00, 0x00, 0x00, 0x00, 0x00, 0x00, 0x00, 0x00, 0x00,
  0x00, 0x00, 0x00, 0x00, 0x00, 0x9F, 0xFF, 0xFF, 0xFF, 0xFF, 0xFF, 0xB0, 0x00, 0x9F, 0xFF, 0xFF, 0xFF, 0xFF, 0xFF, 0xB0,
  0x00, 0x9F, 0xF4, 0x33, 0x33, 0x33, 0x33, 0x20, 0x00, 0x9F, 0xF1, 0x00, 0x00, 0x00, 0x00, 0x00, 0x00, 0x9F, 0xF1, 0x00,
  0x00, 0x00, 0x00, 0x00, 0x00, 0x9F, 0xF1, 0x00, 0x00, 0x00, 0x00, 0x00, 0x00, 0x9F, 0xF1, 0x00, 0x00, 0x00, 0x00, 0x00,
  0x00, 0x9F, 0xF1, 0x00, 0x00, 0x00, 0x00, 0x00, 0x00, 0x9F, 0xF1, 0x00, 0x00, 0x00, 0x00, 0x00, 0x00, 0x9F, 0xF1, 0x00,
  0x00, 0x00, 0x00, 0x00, 0x00, 0x9F, 0xF1, 0x00, 0x00, 0x00, 0x00, 0x00, 0x00, 0x9F, 0xF1, 0x00, 0x00, 0x00, 0x00, 0x00,
  0x00, 0x9F, 0xF1, 0x00, 0x00, 0x00, 0x00, 0x00, 0x00, 0x9F, 0xF1, 0x00, 0x00, 0x00, 0x00, 0x00, 0x00, 0x9F, 0xF1, 0x00,
  0x00, 0x00, 0x00, 0x00, 0x00, 0x9F, 0xF1, 0x00, 0x00, 0x00, 0x00, 0x00, 0x00, 0x9F, 0xF1, 0x00, 0x00, 0x00, 0x00, 0x00,
  0x00, 0x9F, 0xF1, 0x00, 0x00, 0x00, 0x00, 0x00, 0x00, 0x9F, 0xF1, 0x00, 0x00, 0x00, 0x00, 0x00, 0x00, 0x9F, 0xF1, 0x00,
  0x00, 0x00, 0x00, 0x00, 0x02, 0x88, 0x30, 0x04, 0xFF, 0x60, 0x05, 0xFF, 0x40, 0x07, 0xFF, 0x20, 0x0B, 0xFB, 0x00, 0x4F,
  0xF4, 0x00, 0x2B, 0x70, 0x00, 0x00, 0x00, 0x00, 0x5F, 0xFB, 0x00, 0x00, 0x00, 0x02, 0xEF, 0xC1, 0x00, 0x00, 0x00, 0x0C,
  0xFD, 0x20, 0x00, 0x00, 0x00, 0x4C, 0xD2, 0x00, 0x00, 0x00, 0x00, 0x00, 0x00, 0x00, 0x00, 0x00, 0x00, 0x00, 0x00, 0x00,
  0x00, 0x00, 0xEF, 0xFF, 0xFF, 0xFF, 0xF8, 0x00, 0xEF, 0xFF, 0xFF, 0xFF, 0xF8, 0x00, 0xEF, 0xB2, 0x22, 0x22, 0x21, 0x00,
  0xEF, 0xB0, 0x00, 0x00, 0x00, 0x00, 0xEF, 0xB0, 0x00, 0x00, 0x00, 0x00, 0xEF, 0xB0, 0x00, 0x00, 0x00, 0x00, 0xEF, 0xB0,
  0x00, 0x00, 0x00, 0x00, 0xEF, 0xB0, 0x00, 0x00, 0x00, 0x00, 0xEF, 0xB0, 0x00, 0x00, 0x00, 0x00, 0xEF, 0xB0, 0x00, 0x00,
  0x00, 0x00, 0xEF, 0xB0, 0x00, 0x00, 0x00, 0x00, 0xEF, 0xB0, 0x00, 0x00, 0x00, 0x00, 0xEF, 0xB0, 0x00, 0x00, 0x00, 0x00,
  0xEF, 0xB0, 0x00, 0x00, 0x00, 0x00, 0xEF, 0xB0, 0x00, 0x00, 0x00, 0x02, 0x66, 0x21, 0x66, 0x30, 0x04, 0xFF, 0x63, 0xFF,
  0x70, 0x04, 0xFF, 0x63, 0xFF, 0x60, 0x05, 0xFF, 0x44, 0xFF, 0x50, 0x07, 0xFF, 0x26, 0xFF, 0x30, 0x0B, 0xFB, 0x0B, 0xFC,
  0x00, 0x4F, 0xF3, 0x3F, 0xF4, 0x00, 0x2B, 0x70, 0x2B, 0x70, 0x00, 0x00, 0x00, 0x00, 0x00, 0x00, 0x00, 0x00, 0x00, 0x00,
  0x00, 0x09, 0xFB, 0x00, 0x09, 0xFB, 0x00, 0x1D, 0xE7, 0x00, 0x00, 0xEF, 0xF3, 0x00, 0xEF, 0xF2, 0x05, 0xFF, 0xC0, 0x00,
  0x09, 0xEB, 0x00, 0x09, 0xFB, 0x00, 0x2D, 0xE7, 0x00, 0x00, 0x00, 0x00, 0x9F, 0xF0, 0x00, 0x00, 0x00, 0x00, 0x00, 0x09,
  0xFF, 0x00, 0x00, 0x00, 0x00, 0x00, 0x00, 0x9F, 0xF0, 0x00, 0x00, 0x00, 0x00, 0x00, 0x09, 0xFF, 0x00, 0x00, 0x00, 0x00,
  0x00, 0x00, 0x9F, 0xF0, 0x00, 0x00, 0x01, 0xFF, 0xFF, 0xFF, 0xFF, 0xFF, 0xFF, 0xF8, 0x1F, 0xFF, 0xFF, 0xFF, 0xFF, 0xFF,
  0xFF, 0x80, 0x22, 0x22, 0x2A, 0xFF, 0x22, 0x22, 0x21, 0x00, 0x00, 0x00, 0x9F, 0xF0, 0x00, 0x00, 0x00, 0x00, 0x00, 0x09,
  0xFF, 0x00, 0x00, 0x00, 0x00, 0x00, 0x00, 0x9F, 0xF0, 0x00, 0x00, 0x00, 0x00, 0x00, 0x09, 0xFF, 0x00, 0x00, 0x00, 0x00,
  0x00, 0x00, 0x9F, 0xF0, 0x00, 0x00, 0x00, 0x00, 0x00, 0x09, 0xFF, 0x00, 0x00, 0x00, 0x00, 0x00, 0x00, 0x9F, 0xF0, 0x00,
  0x00, 0x00, 0x00, 0x00, 0x09, 0xFF, 0x00, 0x00, 0x00, 0x00, 0x00, 0x00, 0x9F, 0xF0, 0x00, 0x00, 0x00, 0x00, 0x00, 0x09,
  0xFF, 0x00, 0x00, 0x00, 0x00, 0x00, 0x00, 0x9F, 0xF0, 0x00, 0x00, 0x00, 0x00, 0x00, 0x09, 0xFF, 0x00, 0x00, 0x00, 0x00,
  0x00, 0x00, 0x7F, 0xF3, 0x00, 0x00, 0x00, 0x00, 0x00, 0x00, 0x7F, 0xF3, 0x00, 0x00, 0x00, 0x00, 0x00, 0x00, 0x7F, 0xF3,
  0x00, 0x00, 0x00, 0x00, 0x00, 0x00, 0x7F, 0xF3, 0x00, 0x00, 0x00, 0x00, 0x00, 0x00, 0x7F, 0xF3, 0x00, 0x00, 0x00, 0x0D,
  0xFF, 0xFF, 0xFF, 0xFF, 0xFF, 0xFF, 0xB0, 0x0D, 0xFF, 0xFF, 0xFF, 0xFF, 0xFF, 0xFF, 0xB0, 0x02, 0x22, 0x22, 0x7F, 0xF4,
  0x22, 0x22, 0x20, 0x00, 0x00, 0x00, 0x7F, 0xF3, 0x00, 0x00, 0x00, 0x00, 0x00, 0x00, 0x7F, 0xF3, 0x00, 0x00, 0x00, 0x00,
  0x00, 0x00, 0x7F, 0xF3, 0x00, 0x00, 0x00, 0x00, 0x00, 0x00, 0x7F, 0xF3, 0x00, 0x00, 0x00, 0x00, 0x00, 0x00, 0x7F, 0xF3,
  0x00, 0x00, 0x00, 0x00, 0x00, 0x00, 0x7F, 0xF3, 0x00, 0x00, 0x00, 0x00, 0x00, 0x00, 0x7F, 0xF3, 0x00, 0x00, 0x00, 0x00,
  0x00, 0x00, 0x7F, 0xF3, 0x00, 0x00, 0x00, 0x00, 0x00, 0x00, 0x7F, 0xF3, 0x00, 0x00, 0x00, 0x01, 0x11, 0x11, 0x7F, 0xF4,
  0x11, 0x11, 0x10, 0x0D, 0xFF, 0xFF, 0xFF, 0xFF, 0xFF, 0xFF, 0xB0, 0x0D, 0xFF, 0xFF, 0xFF, 0xFF, 0xFF, 0xFF, 0xB0, 0x00,
  0x00, 0x00, 0x7F, 0xF3, 0x00, 0x00, 0x00, 0x00, 0x00, 0x00, 0x7F, 0xF3, 0x00, 0x00, 0x00, 0x00, 0x00, 0x00, 0x7F, 0xF3,
  0x00, 0x00, 0x00, 0x00, 0x00, 0x00, 0x7F, 0xF3, 0x00, 0x00, 0x00, 0x00, 0x00, 0x00, 0x7F, 0xF3, 0x00, 0x00, 0x00, 0x00,
  0x00, 0x00, 0x7F, 0xF3, 0x00, 0x00, 0x00, 0x00, 0x00, 0x00, 0x05, 0xAD, 0xEF, 0xEC, 0x40, 0x00, 0x00, 0x01, 0xBF, 0xFF,
  0xFF, 0xFF, 0x50, 0x00, 0x00, 0x0C, 0xFF, 0xC7, 0x44, 0x58, 0x20, 0x00, 0x00, 0x7F, 0xFA, 0x00, 0x00, 0x00, 0x00, 0x00,
  0x00, 0xDF, 0xE1, 0x00, 0x00, 0x00, 0x00, 0x00, 0x02, 0xFF, 0xA0, 0x00, 0x00, 0x00, 0x00, 0x00, 0x04, 0xFF, 0x70, 0x00,
  0x00, 0x00, 0x00, 0x0B, 0xFF, 0xFF, 0xFF, 0xFF, 0xFA, 0x00, 0x00, 0x08, 0xBC, 0xFF, 0xDB, 0xBB, 0xB7, 0x00, 0x00, 0x00,
  0x05, 0xFF, 0x60, 0x00, 0x00, 0x00, 0x00, 0x00, 0x05, 0xFF, 0x60, 0x00, 0x00, 0x00, 0x00, 0x0B, 0xFF, 0xFF, 0xFF, 0xFF,
  0xFA, 0x00, 0x00, 0x08, 0xBC, 0xFF, 0xDB, 0xBB, 0xB7, 0x00, 0x00, 0x00, 0x04, 0xFF, 0x70, 0x00, 0x00, 0x00, 0x00, 0x00,
  0x01, 0xFF, 0xA0, 0x00, 0x00, 0x00, 0x00, 0x00, 0x00, 0xCF, 0xE1, 0x00, 0x00, 0x00, 0x00, 0x00, 0x00, 0x6F, 0xFA, 0x00,
  0x00, 0x00, 0x00, 0x00, 0x00, 0x0B, 0xFF, 0xC6, 0x43, 0x58, 0x20, 0x00, 0x00, 0x01, 0xBF, 0xFF, 0xFF, 0xFF, 0x50, 0x00,
  0x00, 0x00, 0x05, 0xAD, 0xEF, 0xEC, 0x40, 0x00, 0x4B, 0xEE, 0xC4, 0x00, 0x00, 0x00, 0x00, 0x00, 0x00, 0x00, 0x00, 0x00,
  0x00, 0x4F, 0xFC, 0xCF, 0xF5, 0x00, 0x00, 0x00, 0x00, 0x00, 0x00, 0x00, 0x00, 0x00, 0x0C, 0xF6, 0x00, 0x6F, 0xC0, 0x00,
  0x03, 0xC3, 0x00, 0x00, 0x00, 0x00, 0x00, 0x01, 0xFE, 0x00, 0x00, 0xEF, 0x10, 0x00, 0xCF, 0x40, 0x00, 0x00, 0x00, 0x00,
  0x00, 0x1F, 0xD0, 0x00, 0x0D, 0xF2, 0x00, 0x7F, 0x90, 0x00, 0x00, 0x00, 0x00, 0x00, 0x01, 0xFE, 0x00, 0x00, 0xEF, 0x10,
  0x3E, 0xD1, 0x00, 0x00, 0x00, 0x00, 0x00, 0x00, 0x0C, 0xF6, 0x00, 0x6F, 0xD0, 0x0B, 0xF5, 0x00, 0x00, 0x00, 0x00, 0x00,
  0x00, 0x00, 0x5F, 0xFC, 0xBF, 0xF5, 0x06, 0xFA, 0x00, 0x00, 0x00, 0x00, 0x00, 0x00, 0x00, 0x00, 0x4C, 0xEE, 0xC5, 0x02,
  0xEE, 0x20, 0x00, 0x00, 0x00, 0x00, 0x00, 0x00, 0x00, 0x00, 0x00, 0x00, 0x00, 0xBF, 0x60, 0x00, 0x00, 0x00, 0x00, 0x00,
  0x00, 0x00, 0x00, 0x00, 0x00, 0x00, 0x5F, 0xB0, 0x00, 0x00, 0x00, 0x00, 0x00, 0x00, 0x00, 0x00, 0x00, 0x00, 0x00, 0x1E,
  0xE2, 0x02, 0xAE, 0xFD, 0x60, 0x7D, 0xFE, 0x91, 0x00, 0x00, 0x00, 0x00, 0x0A, 0xF7, 0x01, 0xDF, 0xDB, 0xEF, 0xAF, 0xEB,
  0xDF, 0xC1, 0x00, 0x00, 0x00, 0x04, 0xFC, 0x00, 0x8F, 0xB0, 0x02, 0xEF, 0xD2, 0x01, 0xBF, 0x70, 0x00, 0x00, 0x01, 0xDF,
  0x30, 0x0B, 0xF4, 0x00, 0x09, 0xF8, 0x00, 0x05, 0xFA, 0x00, 0x00, 0x00, 0x9F, 0x80, 0x00, 0xCF, 0x30, 0x00, 0x8F, 0x70,
  0x00, 0x4F, 0xB0, 0x00, 0x00, 0x3F, 0xD0, 0x00, 0x0B, 0xF4, 0x00, 0x09, 0xF8, 0x00, 0x05, 0xFA, 0x00, 0x00, 0x03, 0xC4,
  0x00, 0x00, 0x8F, 0xA0, 0x02, 0xEF, 0xD2, 0x00, 0xBF, 0x70, 0x00, 0x00, 0x00, 0x00, 0x00, 0x01, 0xDF, 0xDB, 0xEF, 0xBF,
  0xEB, 0xDF, 0xD1, 0x00, 0x00, 0x00, 0x00, 0x00, 0x00, 0x02, 0xAE, 0xFD, 0x60, 0x7D, 0xFE, 0x91, 0x00, 0x00, 0x00, 0x0E,
  0xFF, 0xFF, 0xFF, 0xFF, 0xFF, 0xF5, 0x00, 0x00, 0x00, 0x00, 0x00, 0x00, 0x00, 0x00, 0x0E, 0xFF, 0xFF, 0xFF, 0xFF, 0xFF,
  0xF5, 0x00, 0x00, 0x00, 0x00, 0x00, 0x00, 0x00, 0x00, 0x0F, 0xFB, 0x33, 0x33, 0x33, 0x8F, 0xF5, 0x00, 0x00, 0x00, 0x00,
  0x00, 0x00, 0x00, 0x00, 0x1F, 0xF9, 0x00, 0x00, 0x00, 0x7F, 0xF5, 0x00, 0x00, 0x00, 0x00, 0x00, 0x00, 0x00, 0x00, 0x1F,
  0xF9, 0x00, 0x00, 0x00, 0x7F, 0xF5, 0x00, 0x00, 0x00, 0x00, 0x00, 0x00, 0x00, 0x00, 0x2F, 0xF8, 0x00, 0x00, 0x00, 0x7F,
  0xF5, 0x00, 0x00, 0x00, 0x00, 0x00, 0x00, 0x00, 0x00, 0x3F, 0xF7, 0x00, 0x00, 0x00, 0x7F, 0xF5, 0x00, 0x00, 0x00, 0x00,
  0x00, 0x00, 0x00, 0x00, 0x4F, 0xF7, 0x00, 0x00, 0x00, 0x7F, 0xF5, 0x00, 0x00, 0x00, 0x00, 0x00, 0x00, 0x00, 0x00, 0x4F,
  0xF6, 0x00, 0x00, 0x00, 0x7F, 0xFF, 0xFF, 0xFF, 0xFD, 0xB5, 0x00, 0x00, 0x00, 0x00, 0x5F, 0xF5, 0x00, 0x00, 0x00, 0x7F,
  0xFF, 0xFF, 0xFF, 0xFF, 0xFF, 0xB1, 0x00, 0x00, 0x00, 0x6F, 0xF5, 0x00, 0x00, 0x00, 0x7F, 0xF6, 0x33, 0x33, 0x46, 0xCF,
  0xFB, 0x00, 0x00, 0x00, 0x7F, 0xF3, 0x00, 0x00, 0x00, 0x7F, 0xF5, 0x00, 0x00, 0x00, 0x0B, 0xFF, 0x60, 0x00, 0x00, 0x8F,
  0xF2, 0x00, 0x00, 0x00, 0x7F, 0xF5, 0x00, 0x00, 0x00, 0x02, 0xFF, 0xA0, 0x00, 0x00, 0xAF, 0xF0, 0x00, 0x00, 0x00, 0x7F,
  0xF5, 0x00, 0x00, 0x00, 0x00, 0xDF, 0xC0, 0x00, 0x00, 0xCF, 0xD0, 0x00, 0x00, 0x00, 0x7F, 0xF5, 0x00, 0x00, 0x00, 0x00,
  0xDF, 0xC0, 0x00, 0x02, 0xFF, 0xA0, 0x00, 0x00, 0x00, 0x7F, 0xF5, 0x00, 0x00, 0x00, 0x02, 0xFF, 0xA0, 0x00, 0x09, 0xFF,
  0x50, 0x00, 0x00, 0x00, 0x7F, 0xF5, 0x00, 0x00, 0x00, 0x0B, 0xFF, 0x50, 0x14, 0x9F, 0xFD, 0x00, 0x00, 0x00, 0x00, 0x7F,
  0xF6, 0x33, 0x33, 0x36, 0xCF, 0xFB, 0x00, 0x6F, 0xFF, 0xE4, 0x00, 0x00, 0x00, 0x00, 0x7F, 0xFF, 0xFF, 0xFF, 0xFF, 0xFF,
  0xB1, 0x00, 0x6F, 0xDA, 0x30, 0x00, 0x00, 0x00, 0x00, 0x7F, 0xFF, 0xFF, 0xFF, 0xFE, 0xB5, 0x00, 0x00, 0x00, 0x00, 0x1D,
  0xF3, 0x00, 0x00, 0xAF, 0x80, 0x00, 0x06, 0xFD, 0x00, 0x00, 0x3E, 0xF4, 0x00, 0x01, 0xDF, 0x90, 0x00, 0x07, 0xFF, 0x20,
  0x00, 0x01, 0xDF, 0x90, 0x00, 0x00, 0x3E, 0xF4, 0x00, 0x00, 0x06, 0xFD, 0x00, 0x00, 0x00, 0xAF, 0x80, 0x00, 0x00, 0x1D,
  0xF3, 0x00, 0x00, 0x00, 0x00, 0x00, 0x00, 0x00, 0x00, 0x00, 0x9F, 0xF1, 0x00, 0x00, 0x00, 0x00, 0x3F, 0xF8, 0x00, 0x00,
  0x00, 0x00, 0x00, 0x00, 0x00, 0x9F, 0xF1, 0x00, 0x00, 0x00, 0x00, 0x3F, 0xF8, 0x00, 0x00, 0x00, 0x00, 0x00, 0x00, 0x00,
  0x9F, 0xF1, 0x00, 0x00, 0x00, 0x00, 0x3F, 0xF8, 0x00, 0x00, 0x00, 0x00, 0x00, 0x00, 0x00, 0x9F, 0xF1, 0x00, 0x00, 0x00,
  0x00, 0x3F, 0xF8, 0x00, 0x00, 0x00, 0x00, 0x00, 0x00, 0x00, 0x9F, 0xF1, 0x00, 0x00, 0x00, 0x00, 0x3F, 0xF8, 0x00, 0x00,
  0x00, 0x00, 0x00, 0x00, 0x00, 0x9F, 0xF1, 0x00, 0x00, 0x00, 0x00, 0x3F, 0xF8, 0x00, 0x00, 0x00, 0x00, 0x00, 0x00, 0x00,
  0x9F, 0xF1, 0x00, 0x00, 0x00, 0x00, 0x3F, 0xF8, 0x00, 0x00, 0x00, 0x00, 0x00, 0x00, 0x00, 0x9F, 0xF1, 0x00, 0x00, 0x00,
  0x00, 0x3F, 0xF8, 0x00, 0x00, 0x00, 0x00, 0x00, 0x00, 0x00, 0x9F, 0xF1, 0x00, 0x00, 0x00, 0x00, 0x3F, 0xFF, 0xFF, 0xFF,
  0xFE, 0xC7, 0x10, 0x00, 0x00, 0x9F, 0xFF, 0xFF, 0xFF, 0xFF, 0xFF, 0xFF, 0xFF, 0xFF, 0xFF, 0xFF, 0xFF, 0xD4, 0x00, 0x00,
  0x9F, 0xFF, 0xFF, 0xFF, 0xFF, 0xFF, 0xFF, 0xF9, 0x33, 0x33, 0x36, 0xBF, 0xFE, 0x20, 0x00, 0x9F, 0xF4, 0x33, 0x33, 0x33,
  0x33, 0x5F, 0xF8, 0x00, 0x00, 0x00, 0x07, 0xFF, 0x90, 0x00, 0x9F, 0xF1, 0x00, 0x00, 0x00, 0x00, 0x3F, 0xF8, 0x00, 0x00,
  0x00, 0x00, 0xDF, 0xD0, 0x00, 0x9F, 0xF1, 0x00, 0x00, 0x00, 0x00, 0x3F, 0xF8, 0x00, 0x00, 0x00, 0x00, 0xAF, 0xF0, 0x00,
  0x9F, 0xF1, 0x00, 0x00, 0x00, 0x00, 0x3F, 0xF8, 0x00, 0x00, 0x00, 0x00, 0xAF, 0xF0, 0x00, 0x9F, 0xF1, 0x00, 0x00, 0x00,
  0x00, 0x3F, 0xF8, 0x00, 0x00, 0x00, 0x00, 0xDF, 0xD0, 0x00, 0x9F, 0xF1, 0x00, 0x00, 0x00, 0x00, 0x3F, 0xF8, 0x00, 0x00,
  0x00, 0x09, 0xFF, 0x90, 0x00, 0x9F, 0xF1, 0x00, 0x00, 0x00, 0x00, 0x3F, 0xFA, 0x55, 0x55, 0x57, 0xCF, 0xFD, 0x20, 0x00,
  0x9F, 0xF1, 0x00, 0x00, 0x00, 0x00, 0x3F, 0xFF, 0xFF, 0xFF, 0xFF, 0xFF, 0xD3, 0x00, 0x00, 0x9F, 0xF1, 0x00, 0x00, 0x00,
  0x00, 0x3F, 0xFF, 0xFF, 0xFF, 0xFE, 0xB7, 0x10, 0x00, 0x00, 0x00, 0x00, 0x00, 0x1D, 0xFE, 0x30, 0x00, 0x00, 0x00, 0x00,
  0x00, 0x00, 0xAF, 0xF4, 0x00, 0x00, 0x00, 0x00, 0x00, 0x00, 0x06, 0xFF, 0x50, 0x00, 0x00, 0x00, 0x00, 0x00, 0x00, 0x0A,
  0xE6, 0x00, 0x00, 0x00, 0x00, 0x00, 0x00, 0x00, 0x00, 0x00, 0x00, 0x00, 0x00, 0x00, 0x00, 0x00, 0x00, 0x00, 0x00, 0x00,
  0x00, 0x00, 0x00, 0x00, 0xBF, 0xE0, 0x00, 0x00, 0x00, 0x0B, 0xFF, 0x80, 0x00, 0xBF, 0xE0, 0x00, 0x00, 0x00, 0x9F, 0xFA,
  0x00, 0x00, 0xBF, 0xE0, 0x00, 0x00, 0x08, 0xFF, 0xB0, 0x00, 0x00, 0xBF, 0xE0, 0x00, 0x00, 0x6F, 0xFC, 0x10, 0x00, 0x00,
  0xBF, 0xE0, 0x00, 0x05, 0xFF, 0xD2, 0x00, 0x00, 0x00, 0xBF, 0xE0, 0x00, 0x4E, 0xFE, 0x30, 0x00, 0x00, 0x00, 0xBF, 0xE0,
  0x03, 0xEF, 0xF4, 0x00, 0x00, 0x00, 0x00, 0xBF, 0xE0, 0x2D, 0xFF, 0x60, 0x00, 0x00, 0x00, 0x00, 0xBF, 0xE1, 0xCF, 0xF7,
  0x00, 0x00, 0x00, 0x00, 0x00, 0xBF, 0xEB, 0xFF, 0xFA, 0x00, 0x00, 0x00, 0x00, 0x00, 0xBF, 0xFF, 0xFE, 0xFF, 0x70, 0x00,
  0x00, 0x00, 0x00, 0xBF, 0xFF, 0xA2, 0xEF, 0xF3, 0x00, 0x00, 0x00, 0x00, 0xBF, 0xFA, 0x00, 0x5F, 0xFD, 0x10, 0x00, 0x00,
  0x00, 0xBF, 0xE0, 0x00, 0x08, 0xFF, 0xA0, 0x00, 0x00, 0x00, 0xBF, 0xE0, 0x00, 0x00, 0xCF, 0xF7, 0x00, 0x00, 0x00, 0xBF,
  0xE0, 0x00, 0x00, 0x2E, 0xFF, 0x40, 0x00, 0x00, 0xBF, 0xE0, 0x00, 0x00, 0x05, 0xFF, 0xD1, 0x00, 0x00, 0xBF, 0xE0, 0x00,
  0x00, 0x00, 0x8F, 0xFB, 0x00, 0x00, 0xBF, 0xE0, 0x00, 0x00, 0x00, 0x0B, 0xFF, 0x70, 0x00, 0xBF, 0xE0, 0x00, 0x00, 0x00,
  0x02, 0xEF, 0xF4, 0x3F, 0xFF, 0xFF, 0xFF, 0xFF, 0xFF, 0xFF, 0xFF, 0x50, 0x00, 0x00, 0x03, 0xFF, 0xFF, 0xFF, 0xFF, 0xFF,
  0xFF, 0xFF, 0xF5, 0x00, 0x00, 0x00, 0x13, 0x33, 0x33, 0xAF, 0xF4, 0x33, 0x33, 0x33, 0x10, 0x00, 0x00, 0x00, 0x00, 0x00,
  0x09, 0xFF, 0x10, 0x00, 0x00, 0x00, 0x00, 0x00, 0x00, 0x00, 0x00, 0x00, 0x9F, 0xF1, 0x00, 0x00, 0x00, 0x00, 0x00, 0x00,
  0x00, 0x00, 0x00, 0x09, 0xFF, 0x10, 0x00, 0x00, 0x00, 0x00, 0x00, 0x00, 0x00, 0x00, 0x00, 0x9F, 0xF1, 0x00, 0x00, 0x00,
  0x00, 0x00, 0x00, 0x00, 0x00, 0x00, 0x09, 0xFF, 0x10, 0x00, 0x00, 0x00, 0x00, 0x00, 0x00, 0x00, 0x00, 0x00, 0x9F, 0xF9,
  0xBD, 0xEF, 0xED, 0xA5, 0x00, 0x00, 0x00, 0x00, 0x00, 0x09, 0xFF, 0xFF, 0xFF, 0xFF, 0xFF, 0xFB, 0x10, 0x00, 0x00, 0x00,
  0x00, 0x9F, 0xFA, 0x85, 0x43, 0x47, 0xDF, 0xF9, 0x00, 0x00, 0x00, 0x00, 0x09, 0xFF, 0x10, 0x00, 0x00, 0x01, 0xDF, 0xF1,
  0x00, 0x00, 0x00, 0x00, 0x9F, 0xF1, 0x00, 0x00, 0x00, 0x07, 0xFF, 0x50, 0x00, 0x00, 0x00, 0x09, 0xFF, 0x10, 0x00, 0x00,
  0x00, 0x5F, 0xF6, 0x00, 0x00, 0x00, 0x00, 0x9F, 0xF1, 0x00, 0x00, 0x00, 0x04, 0xFF, 0x70, 0x00, 0x00, 0x00, 0x09, 0xFF,
  0x10, 0x00, 0x00, 0x00, 0x4F, 0xF7, 0x00, 0x00, 0x00, 0x00, 0x9F, 0xF1, 0x00, 0x00, 0x00, 0x04, 0xFF, 0x70, 0x00, 0x00,
  0x00, 0x09, 0xFF, 0x10, 0x00, 0x00, 0x00, 0x4F, 0xF7, 0x00, 0x00, 0x00, 0x00, 0x9F, 0xF1, 0x00, 0x00, 0x00, 0x04, 0xFF,
  0x70, 0x00, 0x00, 0x00, 0x09, 0xFF, 0x10, 0x00, 0x00, 0x00, 0x4F, 0xF7, 0x00, 0x00, 0xAF, 0xF1, 0x00, 0x00, 0x00, 0x00,
  0x3F, 0xF8, 0x00, 0x00, 0xAF, 0xF1, 0x00, 0x00, 0x00, 0x00, 0x3F, 0xF8, 0x00, 0x00, 0xAF, 0xF1, 0x00, 0x00, 0x00, 0x00,
  0x3F, 0xF8, 0x00, 0x00, 0xAF, 0xF1, 0x00, 0x00, 0x00, 0x00, 0x3F, 0xF8, 0x00, 0x00, 0xAF, 0xF1, 0x00, 0x00, 0x00, 0x00,
  0x3F, 0xF8, 0x00, 0x00, 0xAF, 0xF1, 0x00, 0x00, 0x00, 0x00, 0x3F, 0xF8, 0x00, 0x00, 0xAF, 0xF1, 0x00, 0x00, 0x00, 0x00,
  0x3F, 0xF8, 0x00, 0x00, 0xAF, 0xF1, 0x00, 0x00, 0x00, 0x00, 0x3F, 0xF8, 0x00, 0x00, 0xAF, 0xF1, 0x00, 0x00, 0x00, 0x00,
  0x3F, 0xF8, 0x00, 0x00, 0xAF, 0xF1, 0x00, 0x00, 0x00, 0x00, 0x3F, 0xF8, 0x00, 0x00, 0xAF, 0xF1, 0x00, 0x00, 0x00, 0x00,
  0x3F, 0xF8, 0x00, 0x00, 0xAF, 0xF1, 0x00, 0x00, 0x00, 0x00, 0x3F, 0xF8, 0x00, 0x00, 0xAF, 0xF1, 0x00, 0x00, 0x00, 0x00,
  0x3F, 0xF8, 0x00, 0x00, 0xAF, 0xF1, 0x00, 0x00, 0x00, 0x00, 0x3F, 0xF8, 0x00, 0x00, 0xAF, 0xF1, 0x00, 0x00, 0x00, 0x00,
  0x3F, 0xF8, 0x00, 0x00, 0xAF, 0xF1, 0x00, 0x00, 0x00, 0x00, 0x3F, 0xF8, 0x00, 0x00, 0xAF, 0xF1, 0x00, 0x00, 0x00, 0x00,
  0x3F, 0xF8, 0x00, 0x00, 0xAF, 0xF3, 0x33, 0x33, 0x33, 0x33, 0x5F, 0xF8, 0x00, 0x00, 0xAF, 0xFF, 0xFF, 0xFF, 0xFF, 0xFF,
  0xFF, 0xF8, 0x00, 0x00, 0xAF, 0xFF, 0xFF, 0xFF, 0xFF, 0xFF, 0xFF, 0xF8, 0x00, 0x00, 0x00, 0x00, 0x00, 0x5F, 0xF6, 0x00,
  0x00, 0x00, 0x00, 0x00, 0x00, 0x00, 0x00, 0x5F, 0xF6, 0x00, 0x00, 0x00, 0x00, 0x00, 0x00, 0x00, 0x00, 0x5F, 0xF6, 0x00,
  0x00, 0x00, 0x00, 0x00, 0x00, 0x00, 0x00, 0x5F, 0xF6, 0x00, 0x00, 0x00, 0x00, 0x00, 0x00, 0x00, 0x00, 0x5F, 0xF6, 0x00,
  0x00, 0x00, 0x00, 0x00, 0x2F, 0xF7, 0x00, 0x00, 0x00, 0x00, 0x00, 0x00, 0x2F, 0xF7, 0x00, 0x00, 0x00, 0x00, 0x00, 0x6F,
  0xFF, 0xFF, 0xFF, 0xF6, 0x00, 0x00, 0x00, 0x6F, 0xFF, 0xFF, 0xFF, 0xF6, 0x00, 0x00, 0x00, 0x12, 0x3F, 0xF8, 0x22, 0x21,
  0x00, 0x00, 0x00, 0x00, 0x2F, 0xF7, 0x00, 0x00, 0x00, 0x00, 0x00, 0x00, 0x2F, 0xF7, 0x18, 0xDF, 0xEC, 0x60, 0x00, 0x00,
  0x2F, 0xF9, 0xDF, 0xFF, 0xFF, 0xF8, 0x00, 0x00, 0x2F, 0xFF, 0xE8, 0x44, 0x8E, 0xFF, 0x20, 0x00, 0x2F, 0xFF, 0x40, 0x00,
  0x07, 0xFF, 0x60, 0x00, 0x2F, 0xF9, 0x00, 0x00, 0x02, 0xFF, 0x80, 0x00, 0x2F, 0xF7, 0x00, 0x00, 0x00, 0xFF, 0x90, 0x00,
  0x2F, 0xF7, 0x00, 0x00, 0x00, 0xFF, 0x90, 0x00, 0x2F, 0xF7, 0x00, 0x00, 0x00, 0xFF, 0x90, 0x00, 0x2F, 0xF7, 0x00, 0x00,
  0x00, 0xFF, 0x90, 0x00, 0x2F, 0xF7, 0x00, 0x00, 0x00, 0xFF, 0x90, 0x00, 0x2F, 0xF7, 0x00, 0x00, 0x00, 0xFF, 0x90, 0x00,
  0x2F, 0xF7, 0x00, 0x00, 0x00, 0xFF, 0x90, 0x00, 0x2F, 0xF7, 0x00, 0x00, 0x00, 0xFF, 0x90, 0x00, 0x2F, 0xF7, 0x00, 0x00,
  0x00, 0xFF, 0x90, 0x00, 0x2F, 0xF7, 0x00, 0x00, 0x00, 0xFF, 0x90, 0x00, 0x00, 0x00, 0x00, 0x00, 0x00, 0xFF, 0x90, 0x00,
  0x00, 0x00, 0x00, 0x00, 0x01, 0xFF, 0x90, 0x00, 0x00, 0x00, 0x00, 0x00, 0x04, 0xFF, 0x70, 0x00, 0x00, 0x00, 0x00, 0x13,
  0x3C, 0xFF, 0x30, 0x00, 0x00, 0x00, 0x00, 0x5F, 0xFF, 0xFA, 0x00, 0x00, 0x00, 0x00, 0x00, 0x5E, 0xFD, 0x70, 0x00, 0x00,
  0x1B, 0x70, 0x00, 0x9F, 0xD1, 0x02, 0xFF, 0x60, 0x07, 0xFF, 0x10, 0x0A, 0xFD, 0x00, 0x0B, 0xFD, 0x00, 0x0B, 0xFD, 0x00,
  0x00, 0x00, 0x00, 0x00, 0x00, 0x00, 0x00, 0x00, 0x00, 0x00, 0x00, 0x00, 0x00, 0x00, 0x00, 0x00, 0x00, 0x00, 0x00, 0x00,
  0x00, 0x00, 0x00, 0x00, 0x00, 0x00, 0x00, 0x00, 0x00, 0x00, 0x00, 0x00, 0x00, 0x00, 0x00, 0x00, 0x00, 0x00, 0x00, 0x00,
  0x00, 0x00, 0x01, 0xFF, 0x80, 0x01, 0xFF, 0x80, 0x02, 0xFF, 0x70, 0x04, 0xFF, 0x40, 0x09, 0xFD, 0x00, 0x2E, 0xF6, 0x00,
  0x19, 0x90, 0x00, 0x00, 0x00, 0x00, 0x00, 0x00, 0x00, 0x00, 0x00, 0x00, 0x00, 0x00, 0x00, 0x00, 0x00, 0x00, 0x00, 0x00,
  0x00, 0x00, 0x00, 0x00, 0x00, 0x00, 0x00, 0x00, 0x00, 0x00, 0x00, 0x00, 0x00, 0x00, 0x00, 0x00, 0x00, 0x00, 0x00, 0x00,
  0x00, 0x00, 0x00, 0x00, 0x00, 0x00, 0x0A, 0x80, 0x06, 0xB2, 0x00, 0x7F, 0xE1, 0x3F, 0xF5, 0x01, 0xEF, 0x80, 0xAF, 0xC0,
  0x05, 0xFF, 0x31, 0xEF, 0x80, 0x08, 0xFF, 0x03, 0xFF, 0x50, 0x09, 0xFE, 0x05, 0xFF, 0x50, 0x09, 0xFE, 0x05, 0xFF, 0x50,
  0x00, 0x00, 0x00, 0x00, 0x00, 0x00, 0x00, 0x00, 0x00, 0x00, 0x00, 0x00, 0x00, 0x00, 0x00, 0x00, 0x00, 0x00, 0x00, 0x00,
  0x00, 0x00, 0x00, 0x00, 0x00, 0x00, 0x00, 0x00, 0x00, 0x00, 0x00, 0x00, 0x00, 0x00, 0x00, 0x00, 0x00, 0x00, 0x00, 0x00,
  0x00, 0x00, 0x00, 0x00, 0x00, 0x00, 0x00, 0x00, 0x00, 0x00, 0x00, 0x00, 0x00, 0x00, 0x00, 0x00, 0x00, 0x00, 0x00, 0x00,
  0x00, 0x00, 0x00, 0x00, 0x00, 0x00, 0x00, 0x00, 0x00, 0x00, 0x00, 0xDF, 0xA0, 0xBF, 0xD0, 0x00, 0xDF, 0xA0, 0xBF, 0xD0,
  0x00, 0xEF, 0x90, 0xBF, 0xC0, 0x02, 0xFF, 0x60, 0xDF, 0x90, 0x07, 0xFE, 0x14, 0xFF, 0x40, 0x1D, 0xF8, 0x0B, 0xFB, 0x00,
  0x08, 0xB1, 0x06, 0xC2, 0x00, 0x00, 0x00, 0x00, 0x00, 0x00, 0x00, 0x00, 0x00, 0x00, 0x00, 0x00, 0x00, 0x00, 0x00, 0x00,
  0x00, 0x00, 0x00, 0x00, 0x00, 0x00, 0x00, 0x00, 0x00, 0x00, 0x00, 0x00, 0x00, 0x00, 0x00, 0x00, 0x00, 0x00, 0x00, 0x00,
  0x00, 0x00, 0x00, 0x00, 0x00, 0x00, 0x00, 0x00, 0x00, 0x00, 0x00, 0x00, 0x00, 0x00, 0x00, 0x00, 0x00, 0x00, 0x00, 0x00,
  0x00, 0x00, 0x00, 0x00, 0x00, 0x00, 0x00, 0x00, 0x00, 0x00, 0x00, 0x00, 0x00, 0x00, 0x00, 0x00, 0x3C, 0xED, 0x60, 0x00,
  0x0C, 0xFF, 0xFF, 0x30, 0x01, 0xFF, 0xFF, 0xF7, 0x00, 0x1F, 0xFF, 0xFF, 0x70, 0x00, 0xCF, 0xFF, 0xF3, 0x00, 0x03, 0xBE,
  0xD6, 0x00, 0x00, 0x00, 0x00, 0x00, 0x00, 0x00, 0x00, 0x00, 0x00, 0x00, 0x00, 0x00, 0x00, 0x00, 0x00, 0x00, 0x00, 0x00,
  0x00, 0x00, 0x00, 0x00, 0x00, 0x00, 0x00, 0x00, 0x00, 0x00, 0x00, 0x00, 0x00, 0x00, 0x00, 0xCF, 0xFF, 0xFF, 0xFF, 0xFF,
  0xFF, 0xFE, 0x00, 0x00, 0xCF, 0xFF, 0xFF, 0xFF, 0xFF, 0xFF, 0xFE, 0x00, 0x00, 0x11, 0x11, 0x11, 0x11, 0x11, 0x11, 0x11,
  0x00, 0x00, 0x00, 0x00, 0x00, 0x00, 0x00, 0x00, 0x00, 0x00, 0x00, 0x00, 0x00, 0x00, 0x00, 0x00, 0x00, 0x00, 0x00, 0x00,
  0x00, 0x00, 0x00, 0x00, 0x00, 0x00, 0x00, 0x00, 0x00, 0x00, 0x00, 0x00, 0x00, 0x00, 0x00, 0x00, 0x00, 0x00, 0x00, 0x00,
  0x00, 0x00, 0x00, 0x00, 0x00, 0x00, 0x00, 0x00, 0x00, 0x00, 0x00, 0x00, 0x00, 0x00, 0x00, 0x00, 0x00, 0x00, 0x00, 0x00,
  0x00, 0x00, 0x00, 0x00, 0x00, 0x00, 0x00, 0x00, 0x00, 0x00, 0x00, 0x00, 0x00, 0x01, 0xFF, 0xFF, 0xFF, 0xFF, 0xFF, 0xFF,
  0xFF, 0xFF, 0xFF, 0x40, 0x01, 0xFF, 0xFF, 0xFF, 0xFF, 0xFF, 0xFF, 0xFF, 0xFF, 0xFF, 0x40, 0x00, 0x11, 0x11, 0x11, 0x11,
  0x11, 0x11, 0x11, 0x11, 0x11, 0x00, 0x00, 0x00, 0x00, 0x00, 0x00, 0x00, 0x00, 0x00, 0x00, 0x00, 0x00, 0x00, 0x00, 0x00,
  0x00, 0x00, 0x00, 0x00, 0x00, 0x00, 0x00, 0x00, 0x00, 0x00, 0x00, 0x00, 0x00, 0x00, 0x00, 0x00, 0x00, 0x00, 0x00, 0x00,
  0x00, 0x00, 0x00, 0x00, 0x00, 0x00, 0x00, 0x00, 0x00, 0x00, 0x00, 0x00, 0x00, 0x00, 0x00, 0x00, 0x00, 0x00, 0x00, 0x00,
  0x00, 0x00, 0x00, 0x00, 0x00, 0x00, 0x00, 0x00, 0x00, 0x00, 0x00, 0x00, 0x00, 0x00, 0x00, 0x00, 0x00, 0x00, 0x00, 0x00,
  0x00, 0x00, 0x00, 0x00, 0x00, 0x00, 0x00, 0x00, 0x00, 0x00, 0x00, 0x00, 0x00, 0x00, 0x0A, 0xFF, 0xFF, 0xB4, 0xF8, 0x00,
  0x1E, 0xC0, 0x00, 0x01, 0x2A, 0xB2, 0x24, 0xFD, 0x00, 0x6F, 0xC0, 0x00, 0x00, 0x09, 0xB0, 0x04, 0xFC, 0x40, 0xBC, 0xC0,
  0x00, 0x00, 0x09, 0xB0, 0x04, 0xF7, 0xA2, 0xE8, 0xC0, 0x00, 0x00, 0x09, 0xB0, 0x04, 0xF1, 0xE9, 0x98, 0xC0, 0x00, 0x00,
  0x09, 0xB0, 0x04, 0xF0, 0xAF, 0x38, 0xC0, 0x00, 0x00, 0x09, 0xB0, 0x04, 0xF0, 0x5D, 0x08, 0xC0, 0x00, 0x00, 0x00, 0x00,
  0x00, 0x00, 0x00, 0x00, 0x00, 0x00, 0x00, 0x00, 0x00, 0x00, 0x00, 0x00, 0x00, 0x00, 0x00, 0x00, 0x00, 0x00, 0x00, 0x00,
  0x00, 0x00, 0x00, 0x00, 0x00, 0x00, 0x00, 0x00, 0x00, 0x00, 0x00, 0x00, 0x00, 0x00, 0x00, 0x00, 0x00, 0x00, 0x00, 0x00,
  0x00, 0x00, 0x00, 0x00, 0x00, 0x00, 0x00, 0x00, 0x00, 0x00, 0x00, 0x00, 0x00, 0x00, 0x00, 0x00, 0x00, 0x00, 0x00, 0x00,
  0x00, 0x00, 0x00, 0x00, 0x00, 0x00, 0x00, 0x00, 0x00, 0x00, 0x00, 0x00, 0x00, 0x00, 0x00, 0x00, 0x00, 0x00, 0x00, 0x00,
  0x00, 0x00, 0x00, 0x00, 0x00, 0x00, 0x00, 0x00, 0x00, 0x00, 0x00, 0x00, 0x00, 0x00, 0x00, 0x00, 0x00, 0x00, 0x00, 0x00,
  0x00, 0x00, 0x00, 0x00, 0x00, 0x00, 0x00, 0x00, 0x00, 0x00, 0x00, 0x00, 0x00, 0x00, 0x00, 0x01, 0xFF, 0xFF, 0xFF, 0xFF,
  0xF9, 0x00, 0x00, 0x00, 0x00, 0x00, 0x00, 0x02, 0xFF, 0xFF, 0xFF, 0xFF, 0xF9, 0x00, 0x00, 0x00, 0x00, 0x00, 0x00, 0x03,
  0xFF, 0x72, 0x22, 0x2F, 0xF9, 0x00, 0x00, 0x00, 0x00, 0x00, 0x00, 0x03, 0xFF, 0x60, 0x00, 0x0F, 0xF9, 0x00, 0x00, 0x00,
  0x00, 0x00, 0x00, 0x04, 0xFF, 0x50, 0x00, 0x0F, 0xF9, 0x00, 0x00, 0x00, 0x00, 0x00, 0x00, 0x05, 0xFF, 0x40, 0x00, 0x0F,
  0xF9, 0x00, 0x00, 0x00, 0x00, 0x00, 0x00, 0x05, 0xFF, 0x30, 0x00, 0x0F, 0xFF, 0xFF, 0xFF, 0xEB, 0x50, 0x00, 0x00, 0x06,
  0xFF, 0x20, 0x00, 0x0F, 0xFF, 0xFF, 0xFF, 0xFF, 0xFA, 0x00, 0x00, 0x07, 0xFF, 0x10, 0x00, 0x0F, 0xFA, 0x22, 0x22, 0x5C,
  0xFF, 0x60, 0x00, 0x09, 0xFE, 0x00, 0x00, 0x0F, 0xF9, 0x00, 0x00, 0x01, 0xEF, 0xB0, 0x00, 0x0C, 0xFC, 0x00, 0x00, 0x0F,
  0xF9, 0x00, 0x00, 0x00, 0xCF, 0xC0, 0x00, 0x3F, 0xF9, 0x00, 0x00, 0x0F, 0xF9, 0x00, 0x00, 0x01, 0xEF, 0xB0, 0x26, 0xDF,
  0xF3, 0x00, 0x00, 0x0F, 0xF9, 0x11, 0x11, 0x4C, 0xFF, 0x60, 0x8F, 0xFF, 0xA0, 0x00, 0x00, 0x0F, 0xFF, 0xFF, 0xFF, 0xFF,
  0xF9, 0x00, 0x8F, 0xD8, 0x10, 0x00, 0x00, 0x0F, 0xFF, 0xFF, 0xFF, 0xEB, 0x50, 0x00, 0x08, 0xF9, 0x00, 0x00, 0x00, 0xDF,
  0x50, 0x00, 0x00, 0x4F, 0xE2, 0x00, 0x00, 0x09, 0xFC, 0x00, 0x00, 0x01, 0xDF, 0x90, 0x00, 0x00, 0x7F, 0xF2, 0x00, 0x01,
  0xDF, 0x90, 0x00, 0x09, 0xFC, 0x00, 0x00, 0x4F, 0xE2, 0x00, 0x00, 0xCF, 0x50, 0x00, 0x08, 0xF9, 0x00, 0x00, 0x00, 0x00,
  0x00, 0x00, 0x00, 0x00, 0x00, 0x00, 0x00, 0xDF, 0xB0, 0x00, 0x00, 0x09, 0xFF, 0x00, 0x00, 0x00, 0x00, 0x00, 0x00, 0xDF,
  0xB0, 0x00, 0x00, 0x09, 0xFF, 0x00, 0x00, 0x00, 0x00, 0x00, 0x00, 0xDF, 0xB0, 0x00, 0x00, 0x09, 0xFF, 0x00, 0x00, 0x00,
  0x00, 0x00, 0x00, 0xDF, 0xB0, 0x00, 0x00, 0x09, 0xFF, 0x00, 0x00, 0x00, 0x00, 0x00, 0x00, 0xDF, 0xB0, 0x00, 0x00, 0x09,
  0xFF, 0x00, 0x00, 0x00, 0x00, 0x00, 0x00, 0xDF, 0xB0, 0x00, 0x00, 0x09, 0xFF, 0x00, 0x00, 0x00, 0x00, 0x00, 0x00, 0xDF,
  0xFF, 0xFF, 0xFF, 0xFF, 0xFF, 0xEE, 0xEE, 0xEC, 0x81, 0x00, 0x00, 0xDF, 0xFF, 0xFF, 0xFF, 0xFF, 0xFF, 0xFF, 0xFF, 0xFF,
  0xFD, 0x30, 0x00, 0xDF, 0xB1, 0x11, 0x11, 0x19, 0xFF, 0x33, 0x33, 0x49, 0xFF, 0xC0, 0x00, 0xDF, 0xB0, 0x00, 0x00, 0x09,
  0xFF, 0x00, 0x00, 0x00, 0x9F, 0xF3, 0x00, 0xDF, 0xB0, 0x00, 0x00, 0x09, 0xFF, 0x00, 0x00, 0x00, 0x6F, 0xF5, 0x00, 0xDF,
  0xB0, 0x00, 0x00, 0x09, 0xFF, 0x00, 0x00, 0x00, 0x9F, 0xF3, 0x00, 0xDF, 0xB0, 0x00, 0x00, 0x09, 0xFF, 0x11, 0x11, 0x38,
  0xFF, 0xC0, 0x00, 0xDF, 0xB0, 0x00, 0x00, 0x09, 0xFF, 0xFF, 0xFF, 0xFF, 0xFD, 0x30, 0x00, 0xDF, 0xB0, 0x00, 0x00, 0x09,
  0xFF, 0xFF, 0xFF, 0xED, 0x81, 0x00, 0x00, 0x00, 0x00, 0x00, 0xBF, 0xF5, 0x00, 0x00, 0x00, 0x00, 0x00, 0x8F, 0xF6, 0x00,
  0x00, 0x00, 0x00, 0x00, 0x5F, 0xF7, 0x00, 0x00, 0x00, 0x00, 0x00, 0x09, 0xD8, 0x00, 0x00, 0x00, 0x00, 0x00, 0x00, 0x00,
  0x00, 0x00, 0x00, 0x00, 0x00, 0x00, 0x00, 0x00, 0x00, 0x00, 0x00, 0x00, 0xDF, 0xB0, 0x00, 0x00, 0x3E, 0xFD, 0x20, 0x0D,
  0xFB, 0x00, 0x00, 0x2D, 0xFE, 0x30, 0x00, 0xDF, 0xB0, 0x00, 0x1C, 0xFF, 0x50, 0x00, 0x0D, 0xFB, 0x00, 0x0A, 0xFF, 0x70,
  0x00, 0x00, 0xDF, 0xB0, 0x07, 0xFF, 0x90, 0x00, 0x00, 0x0D, 0xFB, 0x05, 0xFF, 0xB0, 0x00, 0x00, 0x00, 0xDF, 0xFF, 0xFF,
  0xC1, 0x00, 0x00, 0x00, 0x0D, 0xFF, 0xFF, 0xFE, 0x20, 0x00, 0x00, 0x00, 0xDF, 0xC4, 0x7F, 0xFC, 0x10, 0x00, 0x00, 0x0D,
  0xFB, 0x00, 0x9F, 0xF9, 0x00, 0x00, 0x00, 0xDF, 0xB0, 0x00, 0xCF, 0xF6, 0x00, 0x00, 0x0D, 0xFB, 0x00, 0x02, 0xEF, 0xE3,
  0x00, 0x00, 0xDF, 0xB0, 0x00, 0x05, 0xFF, 0xD1, 0x00, 0x0D, 0xFB, 0x00, 0x00, 0x08, 0xFF, 0xB0, 0x00, 0xDF, 0xB0, 0x00,
  0x00, 0x0B, 0xFF, 0x80, 0x00, 0x2F, 0xF7, 0x00, 0x00, 0x00, 0x00, 0x00, 0x00, 0x02, 0xFF, 0x70, 0x00, 0x00, 0x00, 0x00,
  0x00, 0x1F, 0xFF, 0xFF, 0xFF, 0xFB, 0x00, 0x00, 0x00, 0x01, 0xFF, 0xFF, 0xFF, 0xFF, 0xB0, 0x00, 0x00, 0x00, 0x01, 0x3F,
  0xF8, 0x11, 0x11, 0x00, 0x00, 0x00, 0x00, 0x02, 0xFF, 0x70, 0x00, 0x00, 0x00, 0x00, 0x00, 0x00, 0x2F, 0xF7, 0x18, 0xDF,
  0xEC, 0x60, 0x00, 0x00, 0x02, 0xFF, 0x9D, 0xFF, 0xFF, 0xFF, 0x80, 0x00, 0x00, 0x2F, 0xFF, 0xE8, 0x44, 0x8E, 0xFF, 0x20,
  0x00, 0x02, 0xFF, 0xF4, 0x00, 0x00, 0x7F, 0xF6, 0x00, 0x00, 0x2F, 0xF9, 0x00, 0x00, 0x02, 0xFF, 0x80, 0x00, 0x02, 0xFF,
  0x70, 0x00, 0x00, 0x0F, 0xF9, 0x00, 0x00, 0x2F, 0xF7, 0x00, 0x00, 0x00, 0xFF, 0x90, 0x00, 0x02, 0xFF, 0x70, 0x00, 0x00,
  0x0F, 0xF9, 0x00, 0x00, 0x2F, 0xF7, 0x00, 0x00, 0x00, 0xFF, 0x90, 0x00, 0x02, 0xFF, 0x70, 0x00, 0x00, 0x0F, 0xF9, 0x00,
  0x00, 0x2F, 0xF7, 0x00, 0x00, 0x00, 0xFF, 0x90, 0x00, 0x02, 0xFF, 0x70, 0x00, 0x00, 0x0F, 0xF9, 0x00, 0x00, 0x2F, 0xF7,
  0x00, 0x00, 0x00, 0xFF, 0x90, 0x00, 0x02, 0xFF, 0x70, 0x00, 0x00, 0x0F, 0xF9, 0x00, 0x00, 0x2F, 0xF7, 0x00, 0x00, 0x00,
  0xFF, 0x90, 0x00, 0x00, 0xDF, 0xB0, 0x00, 0x00, 0x09, 0xFF, 0x00, 0x00, 0xDF, 0xB0, 0x00, 0x00, 0x09, 0xFF, 0x00, 0x00,
  0xDF, 0xB0, 0x00, 0x00, 0x09, 0xFF, 0x00, 0x00, 0xDF, 0xB0, 0x00, 0x00, 0x09, 0xFF, 0x00, 0x00, 0xDF, 0xB0, 0x00, 0x00,
  0x09, 0xFF, 0x00, 0x00, 0xDF, 0xB0, 0x00, 0x00, 0x09, 0xFF, 0x00, 0x00, 0xDF, 0xB0, 0x00, 0x00, 0x09, 0xFF, 0x00, 0x00,
  0xDF, 0xB0, 0x00, 0x00, 0x09, 0xFF, 0x00, 0x00, 0xDF, 0xB0, 0x00, 0x00, 0x09, 0xFF, 0x00, 0x00, 0xDF, 0xB0, 0x00, 0x00,
  0x09, 0xFF, 0x00, 0x00, 0xDF, 0xB0, 0x00, 0x00, 0x09, 0xFF, 0x00, 0x00, 0xDF, 0xB0, 0x00, 0x00, 0x09, 0xFF, 0x00, 0x00,
  0xDF, 0xB1, 0x11, 0x11, 0x19, 0xFF, 0x00, 0x00, 0xDF, 0xFF, 0xFF, 0xFF, 0xFF, 0xFF, 0x00, 0x00, 0xDF, 0xFF, 0xFF, 0xFF,
  0xFF, 0xFF, 0x00, 0x00, 0x00, 0x00, 0x3F, 0xF7, 0x00, 0x00, 0x00, 0x00, 0x00, 0x00, 0x3F, 0xF7, 0x00, 0x00, 0x00, 0x00,
  0x00, 0x00, 0x3F, 0xF7, 0x00, 0x00, 0x00, 0x00, 0x00, 0x00, 0x3F, 0xF7, 0x00, 0x00, 0x00, 0x00, 0x00, 0x00, 0x3F, 0xF7,
  0x00, 0x00, 0x00, 0x00, 0x00, 0x4F, 0xD0, 0x00, 0x3F, 0xE0, 0x00, 0x00, 0x00, 0x00, 0x1E, 0xF4, 0x00, 0x9F, 0xB0, 0x00,
  0x00, 0x00, 0x00, 0x08, 0xFE, 0xBC, 0xFE, 0x30, 0x00, 0x00, 0x00, 0x00, 0x00, 0x6D, 0xFE, 0xB3, 0x00, 0x00, 0x00, 0x00,
  0x00, 0x00, 0x00, 0x00, 0x00, 0x00, 0x00, 0x00, 0x0B, 0xFF, 0x40, 0x00, 0x00, 0x00, 0x08, 0xFF, 0x90, 0x05, 0xFF, 0xB0,
  0x00, 0x00, 0x00, 0x0D, 0xFF, 0x30, 0x00, 0xCF, 0xF3, 0x00, 0x00, 0x00, 0x5F, 0xFB, 0x00, 0x00, 0x6F, 0xF9, 0x00, 0x00,
  0x00, 0xBF, 0xF5, 0x00, 0x00, 0x0D, 0xFE, 0x20, 0x00, 0x02, 0xFF, 0xD0, 0x00, 0x00, 0x07, 0xFF, 0x80, 0x00, 0x08, 0xFF,
  0x70, 0x00, 0x00, 0x01, 0xEF, 0xE1, 0x00, 0x0D, 0xFE, 0x10, 0x00, 0x00, 0x00, 0x8F, 0xF6, 0x00, 0x5F, 0xF9, 0x00, 0x00,
  0x00, 0x00, 0x1E, 0xFD, 0x00, 0xBF, 0xF3, 0x00, 0x00, 0x00, 0x00, 0x09, 0xFF, 0x52, 0xFF, 0xB0, 0x00, 0x00, 0x00, 0x00,
  0x02, 0xFF, 0xB8, 0xFF, 0x50, 0x00, 0x00, 0x00, 0x00, 0x00, 0xAF, 0xFE, 0xFD, 0x00, 0x00, 0x00, 0x00, 0x00, 0x00, 0x3F,
  0xFF, 0xF7, 0x00, 0x00, 0x00, 0x00, 0x00, 0x00, 0x0B, 0xFF, 0xE1, 0x00, 0x00, 0x00, 0x00, 0x00, 0x00, 0x05, 0xFF, 0x90,
  0x00, 0x00, 0x00, 0x00, 0x00, 0x00, 0x09, 0xFF, 0x30, 0x00, 0x00, 0x00, 0x00, 0x00, 0x00, 0x2E, 0xFB, 0x00, 0x00, 0x00,
  0x00, 0x00, 0x02, 0x35, 0xCF, 0xF4, 0x00, 0x00, 0x00, 0x00, 0x00, 0x07, 0xFF, 0xFF, 0x80, 0x00, 0x00, 0x00, 0x00, 0x00,
  0x07, 0xFE, 0xC6, 0x00, 0x00, 0x00, 0x00, 0x00, 0x00, 0x2F, 0xF0, 0x00, 0x2F, 0xF0, 0x00, 0x00, 0xDF, 0x60, 0x07, 0xFC,
  0x00, 0x00, 0x06, 0xFF, 0xBC, 0xFF, 0x50, 0x00, 0x00, 0x05, 0xCF, 0xEC, 0x40, 0x00, 0x00, 0x00, 0x00, 0x00, 0x00, 0x00,
  0x00, 0x00, 0x00, 0x00, 0x00, 0x00, 0x00, 0x9F, 0xF4, 0x00, 0x00, 0x00, 0xEF, 0xC3, 0xFF, 0x90, 0x00, 0x00, 0x5F, 0xF7,
  0x0D, 0xFD, 0x00, 0x00, 0x09, 0xFF, 0x20, 0x8F, 0xF4, 0x00, 0x00, 0xDF, 0xB0, 0x02, 0xFF, 0x90, 0x00, 0x4F, 0xF6, 0x00,
  0x0C, 0xFD, 0x00, 0x08, 0xFF, 0x10, 0x00, 0x7F, 0xF4, 0x00, 0xCF, 0xB0, 0x00, 0x01, 0xFF, 0x90, 0x2F, 0xF6, 0x00, 0x00,
  0x0B, 0xFD, 0x07, 0xFE, 0x10, 0x00, 0x00, 0x5F, 0xF4, 0xBF, 0xA0, 0x00, 0x00, 0x01, 0xEF, 0x9F, 0xF5, 0x00, 0x00, 0x00,
  0x0A, 0xFF, 0xFE, 0x00, 0x00, 0x00, 0x00, 0x4F, 0xFF, 0xA0, 0x00, 0x00, 0x00, 0x00, 0xDF, 0xF5, 0x00, 0x00, 0x00, 0x00,
  0x09, 0xFE, 0x00, 0x00, 0x00, 0x00, 0x00, 0xBF, 0x90, 0x00, 0x00, 0x00, 0x00, 0x2F, 0xF4, 0x00, 0x00, 0x00, 0x00, 0x09,
  0xFD, 0x00, 0x00, 0x00, 0x04, 0x5A, 0xFF, 0x60, 0x00, 0x00, 0x00, 0xDF, 0xFF, 0xA0, 0x00, 0x00, 0x00, 0x0B, 0xFD, 0x81,
  0x00, 0x00, 0x00, 0x00, 0x00, 0x00, 0x00, 0x00, 0x00, 0x6F, 0xF5, 0x00, 0x00, 0x00, 0x00, 0x00, 0x06, 0xFF, 0x50, 0x00,
  0x00, 0x00, 0x00, 0x00, 0x6F, 0xF5, 0x00, 0x00, 0x00, 0x00, 0x00, 0x06, 0xFF, 0x50, 0x00, 0x00, 0x00, 0x00, 0x00, 0x6F,
  0xF5, 0x00, 0x00, 0x00, 0x00, 0x00, 0x06, 0xFF, 0x50, 0x00, 0x00, 0x00, 0x00, 0x00, 0x6F, 0xF5, 0x00, 0x00, 0x00, 0x00,
  0x00, 0x06, 0xFF, 0x50, 0x00, 0x00, 0x00, 0x00, 0x00, 0x6F, 0xF5, 0x00, 0x00, 0x00, 0x00, 0x00, 0x06, 0xFF, 0x50, 0x00,
  0x00, 0x00, 0x00, 0x00, 0x6F, 0xF5, 0x00, 0x00, 0x00, 0x00, 0x00, 0x06, 0xFF, 0x50, 0x00, 0x00, 0x00, 0x00, 0x00, 0x6F,
  0xF5, 0x00, 0x00, 0x00, 0x00, 0x00, 0x06, 0xFF, 0x50, 0x4C, 0xC5, 0x00, 0x00, 0x00, 0x7F, 0xF5, 0x03, 0xFF, 0x90, 0x00,
  0x00, 0x0A, 0xFF, 0x30, 0x0E, 0xFE, 0x20, 0x00, 0x04, 0xFF, 0xD0, 0x00, 0x7F, 0xFE, 0x74, 0x47, 0xEF, 0xF5, 0x00, 0x00,
  0x9F, 0xFF, 0xFF, 0xFF, 0xF7, 0x00, 0x00, 0x00, 0x4A, 0xDF, 0xFD, 0xA3, 0x00, 0x00, 0x00, 0x03, 0x00, 0x00, 0x00, 0x00,
  0x00, 0x00, 0x21, 0x00, 0x00, 0xAE, 0x30, 0x39, 0xDE, 0xFD, 0xA4, 0x02, 0xDC, 0x10, 0x06, 0xFF, 0xEA, 0xFF, 0xFF, 0xFF,
  0xFF, 0xAD, 0xFF, 0x80, 0x00, 0x9F, 0xFF, 0xFE, 0xA7, 0x7A, 0xEF, 0xFF, 0xFB, 0x00, 0x00, 0x0C, 0xFF, 0xB2, 0x00, 0x00,
  0x1A, 0xFF, 0xD1, 0x00, 0x00, 0x3F, 0xFB, 0x00, 0x00, 0x00, 0x00, 0xAF, 0xF4, 0x00, 0x00, 0x9F, 0xE2, 0x00, 0x00, 0x00,
  0x00, 0x1E, 0xFB, 0x00, 0x00, 0xDF, 0xA0, 0x00, 0x00, 0x00, 0x00, 0x09, 0xFE, 0x00, 0x00, 0xFF, 0x60, 0x00, 0x00, 0x00,
  0x00, 0x05, 0xFF, 0x20, 0x01, 0xFF, 0x50, 0x00, 0x00, 0x00, 0x00, 0x04, 0xFF, 0x30, 0x00, 0xFF, 0x60, 0x00, 0x00, 0x00,
  0x00, 0x06, 0xFF, 0x20, 0x00, 0xDF, 0xA0, 0x00, 0x00, 0x00, 0x00, 0x09, 0xFE, 0x00, 0x00, 0x9F, 0xE2, 0x00, 0x00, 0x00,
  0x00, 0x1E, 0xFB, 0x00, 0x00, 0x3F, 0xFB, 0x00, 0x00, 0x00, 0x00, 0xAF, 0xF4, 0x00, 0x00, 0x1D, 0xFF, 0xB1, 0x00, 0x00,
  0x1A, 0xFF, 0xE3, 0x00, 0x01, 0xCF, 0xFF, 0xFE, 0xA7, 0x79, 0xEF, 0xFF, 0xFD, 0x30, 0x05, 0xFF, 0xC9, 0xFF, 0xFF, 0xFF,
  0xFF, 0xAA, 0xFF, 0x80, 0x00, 0x6C, 0x10, 0x39, 0xDE, 0xFD, 0xA4, 0x00, 0xA9, 0x00, 0x00, 0x00, 0x00, 0x00, 0x00, 0x00,
  0x00, 0x00, 0x00, 0x00, 0x00, 0x00, 0x00, 0x00, 0x00, 0x01, 0xFF, 0x80, 0x00, 0x00, 0x00, 0x00, 0x00, 0x1F, 0xF8, 0x00,
  0x00, 0x00, 0x00, 0x00, 0x01, 0xFF, 0x80, 0x00, 0x00, 0x00, 0x00, 0x00, 0x1F, 0xF8, 0x00, 0x00, 0x00, 0x00, 0x00, 0x01,
  0xFF, 0x80, 0x0C, 0xFF, 0xFF, 0xFF, 0xFF, 0xFF, 0xF8, 0x00, 0xCF, 0xFF, 0xFF, 0xFF, 0xFF, 0xFF, 0x80, 0x0C, 0xFD, 0x33,
  0x33, 0x33, 0x33, 0x32, 0x00, 0xCF, 0xD0, 0x00, 0x00, 0x00, 0x00, 0x00, 0x0C, 0xFD, 0x00, 0x00, 0x00, 0x00, 0x00, 0x00,
  0xCF, 0xD0, 0x00, 0x00, 0x00, 0x00, 0x00, 0x0C, 0xFD, 0x00, 0x00, 0x00, 0x00, 0x00, 0x00, 0xCF, 0xD0, 0x00, 0x00, 0x00,
  0x00, 0x00, 0x0C, 0xFD, 0x00, 0x00, 0x00, 0x00, 0x00, 0x00, 0xCF, 0xD0, 0x00, 0x00, 0x00, 0x00, 0x00, 0x0C, 0xFD, 0x00,
  0x00, 0x00, 0x00, 0x00, 0x00, 0xCF, 0xD0, 0x00, 0x00, 0x00, 0x00, 0x00, 0x0C, 0xFD, 0x00, 0x00, 0x00, 0x00, 0x00, 0x00,
  0xCF, 0xD0, 0x00, 0x00, 0x00, 0x00, 0x00, 0x0C, 0xFD, 0x00, 0x00, 0x00, 0x00, 0x00, 0x00, 0xCF, 0xD0, 0x00, 0x00, 0x00,
  0x00, 0x00, 0x0C, 0xFD, 0x00, 0x00, 0x00, 0x00, 0x00, 0x00, 0xCF, 0xD0, 0x00, 0x00, 0x00, 0x00, 0x00, 0x0C, 0xFD, 0x00,
  0x00, 0x00, 0x00, 0x00, 0x00, 0xCF, 0xD0, 0x00, 0x00, 0x00, 0x00, 0x00, 0x00, 0xFF, 0x90, 0x00, 0x0F, 0xF9, 0x00, 0x00,
  0xFF, 0x90, 0x00, 0x0F, 0xF9, 0x00, 0x00, 0xFF, 0x90, 0x00, 0x0F, 0xF9, 0x00, 0x00, 0xFF, 0x90, 0x00, 0x0F, 0xF9, 0x00,
  0x00, 0xFF, 0x90, 0x00, 0x0F, 0xF9, 0x00, 0x00, 0xFF, 0x90, 0x00, 0x00, 0x00, 0x00, 0x00, 0x00, 0x00, 0x00, 0x0F, 0xF9,
  0x00, 0x00, 0xFF, 0x90, 0x00, 0x0F, 0xF9, 0x00, 0x00, 0xFF, 0x90, 0x00, 0x0F, 0xF9, 0x00, 0x00, 0xFF, 0x90, 0x00, 0x0F,
  0xF9, 0x00, 0x00, 0xFF, 0x90, 0x00, 0x0F, 0xF9, 0x00, 0x00, 0xFF, 0x90, 0x00, 0x0F, 0xF9, 0x00, 0x00, 0x00, 0x29, 0xCE,
  0xFE, 0xD9, 0x30, 0x00, 0x00, 0x00, 0x7E, 0xFF, 0xFF, 0xFF, 0xFF, 0x80, 0x00, 0x00, 0x6F, 0xFE, 0x74, 0x23, 0x7E, 0xFF,
  0x60, 0x00, 0x0D, 0xFE, 0x20, 0x00, 0x00, 0x3E, 0xFE, 0x00, 0x01, 0xFF, 0x90, 0x00, 0x00, 0x00, 0x8F, 0xF4, 0x00, 0x1F,
  0xF9, 0x00, 0x00, 0x00, 0x04, 0xEE, 0x50, 0x00, 0xDF, 0xD1, 0x00, 0x00, 0x00, 0x00, 0x00, 0x00, 0x08, 0xFF, 0xD6, 0x10,
  0x00, 0x00, 0x00, 0x00, 0x00, 0x0A, 0xFF, 0xFE, 0xB7, 0x20, 0x00, 0x00, 0x00, 0x04, 0xDF, 0xFF, 0xFF, 0xFF, 0xC6, 0x00,
  0x00, 0x02, 0xEF, 0xD5, 0x49, 0xDF, 0xFF, 0xFC, 0x20, 0x00, 0x8F, 0xF3, 0x00, 0x00, 0x49, 0xEF, 0xFC, 0x00, 0x0A, 0xFE,
  0x00, 0x00, 0x00, 0x02, 0xCF, 0xF6, 0x00, 0xAF, 0xE1, 0x00, 0x00, 0x00, 0x02, 0xFF, 0x90, 0x06, 0xFF, 0x90, 0x00, 0x00,
  0x00, 0x0E, 0xFA, 0x00, 0x1D, 0xFF, 0xD7, 0x20, 0x00, 0x04, 0xFF, 0x80, 0x00, 0x2C, 0xFF, 0xFF, 0xC8, 0x35, 0xDF, 0xE2,
  0x00, 0x00, 0x07, 0xDF, 0xFF, 0xFF, 0xFF, 0xD3, 0x00, 0x00, 0x00, 0x00, 0x38, 0xCF, 0xFF, 0xFA, 0x00, 0x00, 0x00, 0x00,
  0x00, 0x00, 0x28, 0xEF, 0xF7, 0x00, 0x00, 0x00, 0x00, 0x00, 0x00, 0x03, 0xEF, 0xD0, 0x00, 0xAE, 0xC0, 0x00, 0x00, 0x00,
  0x0A, 0xFF, 0x00, 0x0A, 0xFF, 0x20, 0x00, 0x00, 0x00, 0x9F, 0xF0, 0x00, 0x5F, 0xFA, 0x00, 0x00, 0x00, 0x2E, 0xFC, 0x00,
  0x00, 0xBF, 0xFC, 0x63, 0x24, 0x8E, 0xFF, 0x50, 0x00, 0x01, 0xBF, 0xFF, 0xFF, 0xFF, 0xFF, 0x70, 0x00, 0x00, 0x00, 0x5A,
  0xDE, 0xFE, 0xC9, 0x30, 0x00, 0x00, 0x00, 0x00, 0x7D, 0x90, 0x00, 0x8D, 0x70, 0x00, 0x00, 0x00, 0xEF, 0xF1, 0x00, 0xFF,
  0xE0, 0x00, 0x00, 0x00, 0x9F, 0xA0, 0x00, 0xAF, 0x90, 0x00, 0x00, 0x00, 0x00, 0x00, 0x00, 0x00, 0x00, 0x00, 0x00, 0x00,
  0x00, 0x00, 0x00, 0x00, 0x00, 0x00, 0x00, 0xBF, 0xFF, 0xFF, 0xFF, 0xFF, 0xFF, 0xD0, 0x00, 0xBF, 0xFF, 0xFF, 0xFF, 0xFF,
  0xFF, 0xD0, 0x00, 0xBF, 0xE3, 0x33, 0x33, 0x33, 0x33, 0x30, 0x00, 0xBF, 0xE0, 0x00, 0x00, 0x00, 0x00, 0x00, 0x00, 0xBF,
  0xE0, 0x00, 0x00, 0x00, 0x00, 0x00, 0x00, 0xBF, 0xE0, 0x00, 0x00, 0x00, 0x00, 0x00, 0x00, 0xBF, 0xE0, 0x00, 0x00, 0x00,
  0x00, 0x00, 0x00, 0xBF, 0xE0, 0x00, 0x00, 0x00, 0x00, 0x00, 0x00, 0xBF, 0xE0, 0x00, 0x00, 0x00, 0x00, 0x00, 0x00, 0xBF,
  0xFF, 0xFF, 0xFF, 0xFF, 0xF9, 0x00, 0x00, 0xBF, 0xFF, 0xFF, 0xFF, 0xFF, 0xF9, 0x00, 0x00, 0xBF, 0xE3, 0x33, 0x33, 0x33,
  0x32, 0x00, 0x00, 0xBF, 0xE0, 0x00, 0x00, 0x00, 0x00, 0x00, 0x00, 0xBF, 0xE0, 0x00, 0x00, 0x00, 0x00, 0x00, 0x00, 0xBF,
  0xE0, 0x00, 0x00, 0x00, 0x00, 0x00, 0x00, 0xBF, 0xE0, 0x00, 0x00, 0x00, 0x00, 0x00, 0x00, 0xBF, 0xE0, 0x00, 0x00, 0x00,
  0x00, 0x00, 0x00, 0xBF, 0xE3, 0x33, 0x33, 0x33, 0x33, 0x30, 0x00, 0xBF, 0xFF, 0xFF, 0xFF, 0xFF, 0xFF, 0xE0, 0x00, 0xBF,
  0xFF, 0xFF, 0xFF, 0xFF, 0xFF, 0xE0, 0x00, 0x00, 0x00, 0x16, 0xBD, 0xFF, 0xDA, 0x50, 0x00, 0x00, 0x00, 0x00, 0x00, 0x05,
  0xDF, 0xFC, 0xBB, 0xDF, 0xFD, 0x40, 0x00, 0x00, 0x00, 0x00, 0x8F, 0xE7, 0x10, 0x00, 0x02, 0x8E, 0xF6, 0x00, 0x00, 0x00,
  0x07, 0xFC, 0x20, 0x00, 0x00, 0x00, 0x03, 0xDF, 0x50, 0x00, 0x00, 0x3F, 0xD1, 0x00, 0x8D, 0xFE, 0xC6, 0x00, 0x2E, 0xE2,
  0x00, 0x00, 0xCE, 0x30, 0x0B, 0xFF, 0xDD, 0xFF, 0x80, 0x05, 0xFA, 0x00, 0x03, 0xF9, 0x00, 0x6F, 0xD3, 0x00, 0x6F, 0xE1,
  0x00, 0xBF, 0x10, 0x08, 0xF3, 0x00, 0xCF, 0x60, 0x00, 0x0C, 0xF5, 0x00, 0x5F, 0x60, 0x0A, 0xE0, 0x00, 0xEF, 0x20, 0x00,
  0x03, 0x41, 0x00, 0x2F, 0x90, 0x0B, 0xD0, 0x00, 0xEF, 0x10, 0x00, 0x00, 0x00, 0x00, 0x0E, 0xA0, 0x0B, 0xD0, 0x00, 0xEF,
  0x00, 0x00, 0x00, 0x00, 0x00, 0x0E, 0xA0, 0x0A, 0xE0, 0x00, 0xEF, 0x20, 0x00, 0x03, 0x42, 0x00, 0x2F, 0x90, 0x07, 0xF4,
  0x00, 0xBF, 0x60, 0x00, 0x0D, 0xF4, 0x00, 0x5F, 0x60, 0x03, 0xF9, 0x00, 0x6F, 0xD3, 0x00, 0x5F, 0xE1, 0x00, 0xBF, 0x10,
  0x00, 0xBF, 0x30, 0x0B, 0xFF, 0xDD, 0xFF, 0x80, 0x04, 0xFA, 0x00, 0x00, 0x3F, 0xD1, 0x00, 0x8D, 0xFE, 0xC6, 0x00, 0x2E,
  0xE2, 0x00, 0x00, 0x07, 0xFC, 0x20, 0x00, 0x00, 0x00, 0x03, 0xDF, 0x60, 0x00, 0x00, 0x00, 0x8F, 0xE7, 0x10, 0x00, 0x02,
  0x8E, 0xF7, 0x00, 0x00, 0x00, 0x00, 0x05, 0xDF, 0xFC, 0xAB, 0xCF, 0xFD, 0x40, 0x00, 0x00, 0x00, 0x00, 0x00, 0x16, 0xBD,
  0xFF, 0xDA, 0x50, 0x00, 0x00, 0x00, 0x00, 0x00, 0x01, 0x7B, 0xEF, 0xED, 0x92, 0x00, 0x00, 0x00, 0x00, 0x03, 0xDF, 0xFF,
  0xFF, 0xFF, 0xF7, 0x00, 0x00, 0x00, 0x03, 0xEF, 0xFA, 0x54, 0x48, 0xDF, 0xF7, 0x00, 0x00, 0x00, 0xDF, 0xF5, 0x00, 0x00,
  0x01, 0xDF, 0xE2, 0x00, 0x00, 0x7F, 0xF7, 0x00, 0x00, 0x00, 0x04, 0xFF, 0x80, 0x00, 0x0C, 0xFE, 0x10, 0x00, 0x00, 0x00,
  0x0D, 0xFC, 0x00, 0x01, 0xFF, 0xA0, 0x00, 0x00, 0x00, 0x00, 0x8B, 0xA0, 0x00, 0x3F, 0xF7, 0x00, 0x00, 0x00, 0x00, 0x00,
  0x00, 0x00, 0x05, 0xFF, 0x60, 0x00, 0x00, 0x00, 0x00, 0x00, 0x00, 0x00, 0x6F, 0xFF, 0xFF, 0xFF, 0xFF, 0xF2, 0x00, 0x00,
  0x00, 0x06, 0xFF, 0xFF, 0xFF, 0xFF, 0xFF, 0x20, 0x00, 0x00, 0x00, 0x5F, 0xF7, 0x33, 0x33, 0x33, 0x30, 0x00, 0x00, 0x00,
  0x04, 0xFF, 0x70, 0x00, 0x00, 0x00, 0x00, 0x00, 0x00, 0x00, 0x1F, 0xF9, 0x00, 0x00, 0x00, 0x00, 0x07, 0xA9, 0x00, 0x00,
  0xCF, 0xD0, 0x00, 0x00, 0x00, 0x00, 0xDF, 0xC0, 0x00, 0x07, 0xFF, 0x60, 0x00, 0x00, 0x00, 0x4F, 0xF8, 0x00, 0x00, 0x1D,
  0xFE, 0x30, 0x00, 0x00, 0x1D, 0xFE, 0x20, 0x00, 0x00, 0x4E, 0xFF, 0x95, 0x34, 0x7D, 0xFF, 0x70, 0x00, 0x00, 0x00, 0x4E,
  0xFF, 0xFF, 0xFF, 0xFE, 0x70, 0x00, 0x00, 0x00, 0x00, 0x17, 0xCE, 0xFE, 0xC8, 0x20, 0x00, 0x00, 0x00, 0x00, 0x1D, 0xE2,
  0x07, 0xF9, 0x00, 0x00, 0x0B, 0xF7, 0x04, 0xFD, 0x10, 0x00, 0x08, 0xFC, 0x01, 0xDF, 0x50, 0x00, 0x04, 0xFF, 0x30, 0xBF,
  0xA0, 0x00, 0x01, 0xDF, 0x80, 0x7F, 0xE2, 0x00, 0x00, 0x8F, 0xE1, 0x1E, 0xF8, 0x00, 0x00, 0x02, 0xDF, 0x80, 0x7F, 0xE2,
  0x00, 0x00, 0x04, 0xFF, 0x30, 0xBF, 0xA0, 0x00, 0x00, 0x08, 0xFC, 0x01, 0xDF, 0x50, 0x00, 0x00, 0x0B, 0xF7, 0x04, 0xFD,
  0x10, 0x00, 0x00, 0x2D, 0xE2, 0x07, 0xF9, 0x00, 0x00, 0x00, 0x00, 0x00, 0x00, 0x00, 0x00, 0x00, 0x00, 0x00, 0x00, 0x00,
  0x00, 0x05, 0xFF, 0xFF, 0xFF, 0xFF, 0xFF, 0xF2, 0x00, 0x05, 0xFF, 0xFF, 0xFF, 0xFF, 0xFF, 0xF2, 0x00, 0x01, 0x44, 0x44,
  0x44, 0x44, 0x9F, 0xF2, 0x00, 0x00, 0x00, 0x00, 0x00, 0x00, 0x7F, 0xF2, 0x00, 0x00, 0x00, 0x00, 0x00, 0x00, 0x7F, 0xF2,
  0x00, 0x00, 0x00, 0x00, 0x00, 0x00, 0x7F, 0xF2, 0x00, 0x00, 0x00, 0x00, 0x00, 0x00, 0x00, 0x00, 0x00, 0x00, 0x00, 0x00,
  0x00, 0x00, 0x00, 0x00, 0x00, 0x00, 0x00, 0x00, 0x00, 0x00, 0x00, 0x00, 0x00, 0x00, 0x00, 0x00, 0x00, 0x00, 0x00, 0x00,
  0x00, 0x00, 0x00, 0x00, 0x00, 0x00, 0x00, 0x00, 0x00, 0x8F, 0xFF, 0xFF, 0xF3, 0x8F, 0xFF, 0xFF, 0xF3, 0x11, 0x11, 0x11,
  0x10, 0x00, 0x00, 0x00, 0x00, 0x00, 0x00, 0x00, 0x00, 0x00, 0x00, 0x00, 0x00, 0x00, 0x00, 0x00, 0x00, 0x00, 0x00, 0x00,
  0x00, 0x00, 0x00, 0x00, 0x00, 0x00, 0x00, 0x00, 0x16, 0xBD, 0xFE, 0xDA, 0x50, 0x00, 0x00, 0x00, 0x00, 0x00, 0x05, 0xDF,
  0xFC, 0xBB, 0xDF, 0xFD, 0x30, 0x00, 0x00, 0x00, 0x00, 0x8F, 0xE7, 0x10, 0x00, 0x02, 0x8E, 0xE6, 0x00, 0x00, 0x00, 0x07,
  0xFC, 0x20, 0x00, 0x00, 0x00, 0x03, 0xDF, 0x50, 0x00, 0x00, 0x4F, 0xD1, 0x0F, 0xFF, 0xFE, 0xC7, 0x00, 0x2E, 0xE2, 0x00,
  0x00, 0xCE, 0x30, 0x0F, 0xFC, 0xCC, 0xFF, 0xA0, 0x04, 0xFA, 0x00, 0x03, 0xF9, 0x00, 0x0F, 0xE0, 0x00, 0x2E, 0xF1, 0x00,
  0xBF, 0x10, 0x08, 0xF3, 0x00, 0x0F, 0xE0, 0x00, 0x0D, 0xF3, 0x00, 0x6F, 0x60, 0x0A, 0xE0, 0x00, 0x0F, 0xE0, 0x01, 0x7F,
  0xD0, 0x00, 0x2F, 0x80, 0x0C, 0xD0, 0x00, 0x0F, 0xFF, 0xFF, 0xFD, 0x30, 0x00, 0x0F, 0xA0, 0x0C, 0xD0, 0x00, 0x0F, 0xFC,
  0xCC, 0xFF, 0x70, 0x00, 0x0F, 0xA0, 0x0A, 0xE0, 0x00, 0x0F, 0xE0, 0x00, 0x3F, 0xE0, 0x00, 0x2F, 0x80, 0x08, 0xF3, 0x00,
  0x0F, 0xE0, 0x00, 0x0D, 0xF2, 0x00, 0x6F, 0x50, 0x03, 0xF9, 0x00, 0x0F, 0xE0, 0x00, 0x0D, 0xF3, 0x00, 0xBE, 0x10, 0x00,
  0xCE, 0x30, 0x0F, 0xE0, 0x00, 0x0C, 0xF5, 0x05, 0xF9, 0x00, 0x00, 0x4F, 0xD1, 0x00, 0x00, 0x00, 0x00, 0x00, 0x2E, 0xE2,
  0x00, 0x00, 0x08, 0xFC, 0x20, 0x00, 0x00, 0x00, 0x03, 0xDF, 0x60, 0x00, 0x00, 0x00, 0x8F, 0xE7, 0x10, 0x00, 0x02, 0x8E,
  0xF6, 0x00, 0x00, 0x00, 0x00, 0x05, 0xDF, 0xFC, 0xAB, 0xCF, 0xFD, 0x40, 0x00, 0x00, 0x00, 0x00, 0x00, 0x16, 0xBD, 0xFF,
  0xDA, 0x50, 0x00, 0x00, 0x00, 0x4D, 0xC2, 0x00, 0x5D, 0xB1, 0x9F, 0xF6, 0x00, 0xBF, 0xF4, 0x5E, 0xD2, 0x00, 0x6E, 0xC1,
  0x00, 0x00, 0x00, 0x00, 0x00, 0x00, 0x00, 0x00, 0x00, 0x00, 0x00, 0x08, 0xFF, 0x30, 0x00, 0x00, 0x08, 0xFF, 0x30, 0x00,
  0x00, 0x08, 0xFF, 0x30, 0x00, 0x00, 0x08, 0xFF, 0x30, 0x00, 0x00, 0x08, 0xFF, 0x30, 0x00, 0x00, 0x08, 0xFF, 0x30, 0x00,
  0x00, 0x08, 0xFF, 0x30, 0x00, 0x00, 0x08, 0xFF, 0x30, 0x00, 0x00, 0x08, 0xFF, 0x30, 0x00, 0x00, 0x08, 0xFF, 0x30, 0x00,
  0x00, 0x08, 0xFF, 0x30, 0x00, 0x00, 0x08, 0xFF, 0x30, 0x00, 0x00, 0x08, 0xFF, 0x30, 0x00, 0x00, 0x08, 0xFF, 0x30, 0x00,
  0x00, 0x08, 0xFF, 0x30, 0x00, 0x00, 0x08, 0xFF, 0x30, 0x00, 0x00, 0x08, 0xFF, 0x30, 0x00, 0x00, 0x08, 0xFF, 0x30, 0x00,
  0x00, 0x08, 0xFF, 0x30, 0x00, 0x00, 0x08, 0xFF, 0x30, 0x00, 0x00, 0x08, 0xEF, 0xC3, 0x00, 0x00, 0x9F, 0xEC, 0xFE, 0x30,
  0x02, 0xFC, 0x10, 0x6F, 0x90, 0x04, 0xF9, 0x00, 0x1F, 0xB0, 0x01, 0xEE, 0x41, 0x9F, 0x80, 0x00, 0x7F, 0xFF, 0xFD, 0x10,
  0x00, 0x04, 0xAB, 0x81, 0x00, 0x00, 0x00, 0x00, 0x00, 0x00, 0x00, 0x00, 0x00, 0x00, 0x00, 0x00, 0x00, 0x00, 0x00, 0x00,
  0x00, 0x00, 0x00, 0x00, 0x00, 0x00, 0x00, 0x00, 0x00, 0x00, 0x00, 0x00, 0x00, 0x00, 0x00, 0x00, 0x00, 0x00, 0x00, 0x00,
  0x00, 0x00, 0x00, 0x00, 0x00, 0x00, 0x00, 0x00, 0x00, 0x00, 0x00, 0x00, 0x00, 0x00, 0x00, 0x00, 0x00, 0x00, 0x00, 0x00,
  0x00, 0x00, 0x00, 0x00, 0x00, 0x00, 0x00, 0x00, 0x00, 0x00, 0x00, 0x00, 0x00, 0x5B, 0x90, 0x00, 0x00, 0x00, 0x00, 0x00,
  0x07, 0xFD, 0x00, 0x00, 0x00, 0x00, 0x00, 0x00, 0x7F, 0xD0, 0x00, 0x00, 0x00, 0x00, 0x00, 0x07, 0xFD, 0x00, 0x00, 0x00,
  0x00, 0x00, 0x00, 0x7F, 0xD0, 0x00, 0x00, 0x00, 0x00, 0x00, 0x07, 0xFD, 0x00, 0x00, 0x00, 0x0B, 0xFF, 0xFF, 0xFF, 0xFF,
  0xFF, 0xFD, 0x00, 0xBF, 0xFF, 0xFF, 0xFF, 0xFF, 0xFF, 0xD0, 0x01, 0x11, 0x11, 0x8F, 0xE1, 0x11, 0x11, 0x00, 0x00, 0x00,
  0x07, 0xFD, 0x00, 0x00, 0x00, 0x00, 0x00, 0x00, 0x7F, 0xD0, 0x00, 0x00, 0x00, 0x00, 0x00, 0x07, 0xFD, 0x00, 0x00, 0x00,
  0x00, 0x00, 0x00, 0x7F, 0xD0, 0x00, 0x00, 0x00, 0x00, 0x00, 0x07, 0xFD, 0x00, 0x00, 0x00, 0x00, 0x00, 0x00, 0x00, 0x00,
  0x00, 0x00, 0x00, 0x02, 0x22, 0x22, 0x22, 0x22, 0x22, 0x10, 0x03, 0xFF, 0xFF, 0xFF, 0xFF, 0xFF, 0xF5, 0x00, 0x3F, 0xFF,
  0xFF, 0xFF, 0xFF, 0xFF, 0x50, 0x00, 0x8F, 0xF3, 0x00, 0x00, 0x8F, 0xF3, 0x00, 0x00, 0x8F, 0xF3, 0x00, 0x00, 0x8F, 0xF3,
  0x00, 0x00, 0x8F, 0xF3, 0x00, 0x00, 0x8F, 0xF3, 0x00, 0x00, 0x8F, 0xF3, 0x00, 0x00, 0x8F, 0xF3, 0x00, 0x00, 0x8F, 0xF3,
  0x00, 0x00, 0x8F, 0xF3, 0x00, 0x00, 0x8F, 0xF3, 0x00, 0x00, 0x8F, 0xF3, 0x00, 0x00, 0x8F, 0xF3, 0x00, 0x00, 0x8F, 0xF3,
  0x00, 0x00, 0x8F, 0xF3, 0x00, 0x00, 0x8F, 0xF3, 0x00, 0x00, 0x8F, 0xF3, 0x00, 0x00, 0x8F, 0xF3, 0x00, 0x00, 0x8F, 0xF3,
  0x00, 0x00, 0x8F, 0xF3, 0x00, 0x00, 0x9D, 0x70, 0x00, 0x1F, 0xFD, 0x00, 0x00, 0xBE, 0x90, 0x00, 0x00, 0x00, 0x00, 0x00,
  0x00, 0x00, 0x00, 0x0D, 0xFB, 0x00, 0x00, 0xDF, 0xB0, 0x00, 0x0D, 0xFB, 0x00, 0x00, 0xDF, 0xB0, 0x00, 0x0D, 0xFB, 0x00,
  0x00, 0xDF, 0xB0, 0x00, 0x0D, 0xFB, 0x00, 0x00, 0xDF, 0xB0, 0x00, 0x0D, 0xFB, 0x00, 0x00, 0xDF, 0xB0, 0x00, 0x0D, 0xFB,
  0x00, 0x00, 0xDF, 0xB0, 0x00, 0x0D, 0xFB, 0x00, 0x00, 0xDF, 0xB0, 0x00, 0x0D, 0xFB, 0x00, 0x00, 0x00, 0x00, 0x00, 0x3F,
  0xF7, 0x00, 0x00, 0x00, 0x00, 0x3F, 0xF7, 0x00, 0x00, 0x00, 0x00, 0x3F, 0xF7, 0x00, 0x00, 0x00, 0x00, 0x3F, 0xF7, 0x00,
  0xFF, 0xFF, 0xFF, 0xFF, 0xF7, 0x00, 0xFF, 0xFF, 0xFF, 0xFF, 0xF7, 0x00, 0xFF, 0x92, 0x22, 0x22, 0x21, 0x00, 0xFF, 0x90,
  0x00, 0x00, 0x00, 0x00, 0xFF, 0x90, 0x00, 0x00, 0x00, 0x00, 0xFF, 0x90, 0x00, 0x00, 0x00, 0x00, 0xFF, 0x90, 0x00, 0x00,
  0x00, 0x00, 0xFF, 0x90, 0x00, 0x00, 0x00, 0x00, 0xFF, 0x90, 0x00, 0x00, 0x00, 0x00, 0xFF, 0x90, 0x00, 0x00, 0x00, 0x00,
  0xFF, 0x90, 0x00, 0x00, 0x00, 0x00, 0xFF, 0x90, 0x00, 0x00, 0x00, 0x00, 0xFF, 0x90, 0x00, 0x00, 0x00, 0x00, 0xFF, 0x90,
  0x00, 0x00, 0x00, 0x00, 0xFF, 0x90, 0x00, 0x00, 0x00, 0x00, 0xEF, 0xA0, 0x00, 0x00, 0x0C, 0xFC, 0x00, 0x00, 0xEF, 0xA0,
  0x00, 0x00, 0x0C, 0xFC, 0x00, 0x00, 0xEF, 0xA0, 0x00, 0x00, 0x0C, 0xFC, 0x00, 0x00, 0xEF, 0xA0, 0x00, 0x00, 0x0C, 0xFC,
  0x00, 0x00, 0xEF, 0xA0, 0x00, 0x00, 0x0C, 0xFC, 0x00, 0x00, 0xEF, 0xA0, 0x00, 0x00, 0x0C, 0xFC, 0x00, 0x00, 0xEF, 0xA0,
  0x00, 0x00, 0x0C, 0xFC, 0x00, 0x00, 0xEF, 0xA0, 0x00, 0x00, 0x0C, 0xFC, 0x00, 0x00, 0xEF, 0xA0, 0x00, 0x00, 0x0C, 0xFC,
  0x00, 0x00, 0xEF, 0xB0, 0x00, 0x00, 0x0C, 0xFC, 0x00, 0x00, 0xEF, 0xD0, 0x00, 0x00, 0x0C, 0xFC, 0x00, 0x00, 0xEF, 0xF3,
  0x00, 0x00, 0x3F, 0xFC, 0x00, 0x00, 0xEF, 0xFD, 0x52, 0x37, 0xEF, 0xFC, 0x00, 0x00, 0xEF, 0xFF, 0xFF, 0xFF, 0xEC, 0xFC,
  0x00, 0x00, 0xEF, 0xB8, 0xDE, 0xEA, 0x27, 0xC9, 0x00, 0x00, 0xEF, 0xA0, 0x00, 0x00, 0x00, 0x00, 0x00, 0x00, 0xEF, 0xA0,
  0x00, 0x00, 0x00, 0x00, 0x00, 0x00, 0xEF, 0xA0, 0x00, 0x00, 0x00, 0x00, 0x00, 0x00, 0xEF, 0xA0, 0x00, 0x00, 0x00, 0x00,
  0x00, 0x00, 0xEF, 0xA0, 0x00, 0x00, 0x00, 0x00, 0x00, 0x00, 0xEF, 0xA0, 0x00, 0x00, 0x00, 0x00, 0x00, 0x00, 0x01, 0x7B,
  0xEF, 0xFF, 0xF7, 0x00, 0x00, 0x2D, 0xFF, 0xFF, 0xFF, 0xF7, 0x00, 0x01, 0xDF, 0xFF, 0xFF, 0xFF, 0xF7, 0x00, 0x08, 0xFF,
  0xFF, 0xFF, 0xFF, 0xF7, 0x00, 0x0D, 0xFF, 0xFF, 0xFF, 0xFF, 0xF7, 0x00, 0x0F, 0xFF, 0xFF, 0xFF, 0xFF, 0xF7, 0x00, 0x1F,
  0xFF, 0xFF, 0xFF, 0xFF, 0xF7, 0x00, 0x0F, 0xFF, 0xFF, 0xFF, 0xFF, 0xF7, 0x00, 0x0C, 0xFF, 0xFF, 0xFF, 0xFF, 0xF7, 0x00,
  0x07, 0xFF, 0xFF, 0xFF, 0xFF, 0xF7, 0x00, 0x01, 0xCF, 0xFF, 0xFF, 0xFF, 0xF7, 0x00, 0x00, 0x2B, 0xFF, 0xFF, 0xFF, 0xF7,
  0x00, 0x00, 0x00, 0x5A, 0xCD, 0xEF, 0xF7, 0x00, 0x00, 0x00, 0x00, 0x00, 0x3F, 0xF7, 0x00, 0x00, 0x00, 0x00, 0x00, 0x3F,
  0xF7, 0x00, 0x00, 0x00, 0x00, 0x00, 0x3F, 0xF7, 0x00, 0x00, 0x00, 0x00, 0x00, 0x3F, 0xF7, 0x00, 0x00, 0x00, 0x00, 0x00,
  0x3F, 0xF7, 0x00, 0x00, 0x00, 0x00, 0x00, 0x3F, 0xF7, 0x00, 0x00, 0x00, 0x00, 0x00, 0x3F, 0xF7, 0x00, 0x00, 0x9E, 0xB0,
  0x00, 0x0E, 0xFF, 0x20, 0x00, 0xAF, 0xB0, 0x00, 0x00, 0x00, 0x00, 0x00, 0x00, 0x00, 0x00, 0x00, 0x00, 0x00, 0x00, 0x00,
  0x00, 0x00, 0x00, 0x00, 0x00, 0x00, 0x00, 0x00, 0x00, 0x00, 0x00, 0x00, 0x00, 0x00, 0x00, 0x00, 0x00, 0x00, 0x00, 0x00,
  0x05, 0xDB, 0x10, 0x06, 0xDA, 0x00, 0x00, 0x00, 0xAF, 0xF5, 0x00, 0xCF, 0xF3, 0x00, 0x00, 0x06, 0xED, 0x10, 0x07, 0xEC,
  0x10, 0x00, 0x00, 0x00, 0x00, 0x00, 0x00, 0x00, 0x00, 0x00, 0x00, 0x00, 0x00, 0x00, 0x00, 0x00, 0x00, 0x00, 0x02, 0x9D,
  0xEE, 0xC7, 0x10, 0x00, 0x00, 0x05, 0xEF, 0xFF, 0xFF, 0xFC, 0x20, 0x00, 0x03, 0xFF, 0xD5, 0x24, 0x9F, 0xFB, 0x00, 0x00,
  0xCF, 0xD1, 0x00, 0x00, 0x8F, 0xF4, 0x00, 0x4F, 0xF5, 0x00, 0x00, 0x01, 0xEF, 0x90, 0x09, 0xFF, 0x10, 0x00, 0x00, 0x0C,
  0xFB, 0x00, 0xAF, 0xFF, 0xFF, 0xFF, 0xFF, 0xFF, 0xC0, 0x0B, 0xFF, 0xFF, 0xFF, 0xFF, 0xFF, 0xFD, 0x00, 0xBF, 0xD2, 0x22,
  0x22, 0x22, 0x22, 0x10, 0x0A, 0xFF, 0x10, 0x00, 0x00, 0x00, 0x00, 0x00, 0x6F, 0xF6, 0x00, 0x00, 0x00, 0x00, 0x00, 0x01,
  0xEF, 0xE3, 0x00, 0x00, 0x07, 0xA1, 0x00, 0x05, 0xFF, 0xE7, 0x32, 0x5A, 0xFF, 0x60, 0x00, 0x06, 0xFF, 0xFF, 0xFF, 0xFF,
  0x70, 0x00, 0x00, 0x03, 0x9D, 0xEE, 0xDA, 0x30, 0x00, 0x00, 0xCF, 0xF5, 0x00, 0x00, 0x00, 0x0D, 0xFA, 0x00, 0x02, 0xAE,
  0xFE, 0xA3, 0x00, 0x00, 0x0C, 0xFF, 0xC0, 0x00, 0x00, 0x00, 0xDF, 0xA0, 0x03, 0xEF, 0xFF, 0xFF, 0xE3, 0x00, 0x00, 0xCF,
  0xFF, 0x50, 0x00, 0x00, 0x0D, 0xFA, 0x00, 0xBF, 0xD3, 0x03, 0xDF, 0xC0, 0x00, 0x0C, 0xFF, 0xFC, 0x00, 0x00, 0x00, 0xDF,
  0xA0, 0x1F, 0xF5, 0x00, 0x05, 0xFF, 0x10, 0x00, 0xCF, 0xEF, 0xF6, 0x00, 0x00, 0x0D, 0xFA, 0x03, 0xFF, 0x20, 0x00, 0x1F,
  0xF3, 0x00, 0x0C, 0xFC, 0xBF, 0xD0, 0x00, 0x00, 0xDF, 0xA0, 0x3F, 0xF2, 0x00, 0x00, 0xFF, 0x40, 0x00, 0xCF, 0xC3, 0xFF,
  0x70, 0x00, 0x0D, 0xFA, 0x02, 0xFF, 0x30, 0x00, 0x2F, 0xF3, 0x00, 0x0C, 0xFC, 0x0A, 0xFD, 0x10, 0x00, 0xDF, 0xA0, 0x0E,
  0xF7, 0x00, 0x06, 0xFF, 0x10, 0x00, 0xCF, 0xC0, 0x3F, 0xF7, 0x00, 0x0D, 0xFA, 0x00, 0x9F, 0xE7, 0x46, 0xEF, 0xA0, 0x00,
  0x0C, 0xFC, 0x00, 0xAF, 0xE1, 0x00, 0xDF, 0xA0, 0x01, 0xCF, 0xFF, 0xFF, 0xC1, 0x00, 0x00, 0xCF, 0xC0, 0x02, 0xFF, 0x80,
  0x0D, 0xFA, 0x00, 0x00, 0x6A, 0xCB, 0x71, 0x00, 0x00, 0x0C, 0xFC, 0x00, 0x09, 0xFE, 0x10, 0xDF, 0xA0, 0x00, 0x00, 0x00,
  0x00, 0x00, 0x00, 0x00, 0xCF, 0xC0, 0x00, 0x2E, 0xF8, 0x0D, 0xFA, 0x00, 0x00, 0x00, 0x00, 0x00, 0x00, 0x00, 0x0C, 0xFC,
  0x00, 0x00, 0x9F, 0xE2, 0xDF, 0xA0, 0x0B, 0xFF, 0xFF, 0xFF, 0xFC, 0x00, 0x00, 0xCF, 0xC0, 0x00, 0x02, 0xEF, 0x9D, 0xFA,
  0x00, 0xAE, 0xEE, 0xEE, 0xEE, 0xB0, 0x00, 0x0C, 0xFC, 0x00, 0x00, 0x08, 0xFF, 0xEF, 0xA0, 0x00, 0x00, 0x00, 0x00, 0x00,
  0x00, 0x00, 0xCF, 0xC0, 0x00, 0x00, 0x1E, 0xFF, 0xFA, 0x00, 0x00, 0x00, 0x00, 0x00, 0x00, 0x00, 0x0C, 0xFC, 0x00, 0x00,
  0x00, 0x8F, 0xFF, 0xA0, 0x00, 0x00, 0x00, 0x00, 0x00, 0x00, 0x00, 0xCF, 0xC0, 0x00, 0x00, 0x01, 0xEF, 0xFA, 0x00, 0x00,
  0x00, 0x00, 0x00, 0x00, 0x00, 0x0C, 0xFC, 0x00, 0x00, 0x00, 0x07, 0xFF, 0xA0, 0x00, 0x00, 0x00, 0x00, 0x00, 0x00, 0x00,
  0x00, 0x29, 0xDE, 0xFD, 0x92, 0x00, 0x00, 0x00, 0x5E, 0xFF, 0xFF, 0xFF, 0xE5, 0x00, 0x00, 0x3F, 0xFD, 0x62, 0x37, 0xEF,
  0xF3, 0x00, 0x0C, 0xFD, 0x10, 0x00, 0x03, 0xEF, 0xA0, 0x03, 0xFF, 0x60, 0x00, 0x00, 0x09, 0xDB, 0x00, 0x7F, 0xF2, 0x00,
  0x00, 0x00, 0x00, 0x00, 0x09, 0xFF, 0xFF, 0xFF, 0xF8, 0x00, 0x00, 0x00, 0xAF, 0xFF, 0xFF, 0xFF, 0x80, 0x00, 0x00, 0x09,
  0xFF, 0x22, 0x22, 0x21, 0x00, 0x00, 0x00, 0x7F, 0xF3, 0x00, 0x00, 0x00, 0x00, 0x00, 0x04, 0xFF, 0x80, 0x00, 0x00, 0x09,
  0xDA, 0x00, 0x0C, 0xFE, 0x20, 0x00, 0x03, 0xEF, 0x90, 0x00, 0x4F, 0xFE, 0x62, 0x37, 0xEF, 0xE2, 0x00, 0x00, 0x6F, 0xFF,
  0xFF, 0xFF, 0xD3, 0x00, 0x00, 0x00, 0x39, 0xDE, 0xEC, 0x81, 0x00, 0x00, 0x05, 0xFB, 0x00, 0x8F, 0x80, 0x00, 0x00, 0x0A,
  0xF8, 0x01, 0xDF, 0x50, 0x00, 0x00, 0x2E, 0xF4, 0x04, 0xFE, 0x20, 0x00, 0x00, 0x6F, 0xD2, 0x0A, 0xFB, 0x00, 0x00, 0x00,
  0xBF, 0xB0, 0x1E, 0xF8, 0x00, 0x00, 0x04, 0xFF, 0x50, 0x8F, 0xF1, 0x00, 0x00, 0xBF, 0xB0, 0x1E, 0xF8, 0x00, 0x00, 0x6F,
  0xD2, 0x0A, 0xFB, 0x00, 0x00, 0x2E, 0xF4, 0x04, 0xFE, 0x20, 0x00, 0x0A, 0xF8, 0x01, 0xDF, 0x50, 0x00, 0x05, 0xFB, 0x00,
  0x8F, 0x80, 0x00, 0x00, 0x00, 0x00, 0x00, 0x00, 0x00, 0x00, 0x00, 0x00, 0x00, 0x00, 0x00, 0x00, 0x00, 0x00, 0x1B, 0xD5,
  0x00, 0x00, 0x4F, 0xFB, 0x00, 0x00, 0x1D, 0xE6, 0x00, 0x00, 0x00, 0x00, 0x00, 0x00, 0x00, 0x00, 0x00, 0x00, 0x0F, 0xF9,
  0x00, 0x00, 0x0F, 0xF9, 0x00, 0x00, 0x0F, 0xF9, 0x00, 0x00, 0x0F, 0xF9, 0x00, 0x00, 0x0F, 0xF9, 0x00, 0x00, 0x0F, 0xF9,
  0x00, 0x00, 0x0F, 0xF9, 0x00, 0x00, 0x0F, 0xF9, 0x00, 0x00, 0x0F, 0xF9, 0x00, 0x00, 0x0F, 0xF9, 0x00, 0x00, 0x0F, 0xF9,
  0x00, 0x00, 0x0F, 0xF9, 0x00, 0x00, 0x0F, 0xF9, 0x00, 0x00, 0x0F, 0xF9, 0x00, 0x00, 0x0F, 0xF9, 0x00, 0x00, 0x0F, 0xF9,
  0x00, 0x00, 0x0F, 0xF9, 0x00, 0x00, 0x2F, 0xF8, 0x00, 0x34, 0xAF, 0xF5, 0x00, 0xEF, 0xFF, 0xD0, 0x00, 0xCF, 0xEA, 0x20,
  0x00, 0x00, 0x00, 0x29, 0xCE, 0xFE, 0xC7, 0x10, 0x00, 0x00, 0x00, 0x7E, 0xFF, 0xFF, 0xFF, 0xFE, 0x50, 0x00, 0x00, 0x6F,
  0xFE, 0x85, 0x35, 0x8E, 0xFF, 0x40, 0x00, 0x0E, 0xFE, 0x20, 0x00, 0x00, 0x3E, 0xFD, 0x00, 0x04, 0xFF, 0x80, 0x00, 0x00,
  0x00, 0x7F, 0xF5, 0x00, 0x5F, 0xF7, 0x00, 0x00, 0x00, 0x03, 0xFF, 0x70, 0x02, 0xFF, 0xC0, 0x00, 0x00, 0x00, 0x01, 0x10,
  0x00, 0x0B, 0xFF, 0xB3, 0x00, 0x00, 0x00, 0x00, 0x00, 0x00, 0x2D, 0xFF, 0xFB, 0x72, 0x00, 0x00, 0x00, 0x00, 0x00, 0x1A,
  0xFF, 0xFF, 0xFC, 0x71, 0x00, 0x00, 0x00, 0x00, 0x02, 0x8D, 0xFF, 0xFF, 0xE5, 0x00, 0x00, 0x00, 0x00, 0x00, 0x03, 0x8D,
  0xFF, 0xF6, 0x00, 0x00, 0x00, 0x00, 0x00, 0x00, 0x06, 0xEF, 0xE1, 0x00, 0x11, 0x10, 0x00, 0x00, 0x00, 0x07, 0xFF, 0x70,
  0x0D, 0xFC, 0x00, 0x00, 0x00, 0x00, 0x2F, 0xF9, 0x00, 0xAF, 0xF2, 0x00, 0x00, 0x00, 0x04, 0xFF, 0x80, 0x04, 0xFF, 0xB1,
  0x00, 0x00, 0x00, 0xBF, 0xF4, 0x00, 0x09, 0xFF, 0xD8, 0x43, 0x47, 0xDF, 0xFB, 0x00, 0x00, 0x07, 0xEF, 0xFF, 0xFF, 0xFF,
  0xFB, 0x10, 0x00, 0x00, 0x02, 0x8C, 0xEF, 0xED, 0xA5, 0x00, 0x00, 0x00, 0x01, 0x7C, 0xEF, 0xEB, 0x50, 0x00, 0x00, 0x2D,
  0xFF, 0xFF, 0xFF, 0xF9, 0x00, 0x00, 0xBF, 0xF8, 0x33, 0x6D, 0xFF, 0x60, 0x02, 0xFF, 0x90, 0x00, 0x02, 0xEF, 0xC0, 0x03,
  0xFF, 0x70, 0x00, 0x00, 0x7A, 0x90, 0x01, 0xEF, 0xE5, 0x00, 0x00, 0x00, 0x00, 0x00, 0x5F, 0xFF, 0xEB, 0x73, 0x00, 0x00,
  0x00, 0x03, 0xAE, 0xFF, 0xFF, 0xC4, 0x00, 0x00, 0x00, 0x01, 0x58, 0xCF, 0xFF, 0x50, 0x00, 0x00, 0x00, 0x00, 0x04, 0xEF,
  0xD0, 0x09, 0xDC, 0x00, 0x00, 0x00, 0x9F, 0xF1, 0x08, 0xFF, 0x50, 0x00, 0x00, 0xBF, 0xE0, 0x01, 0xEF, 0xE8, 0x32, 0x4A,
  0xFF, 0xA0, 0x00, 0x3E, 0xFF, 0xFF, 0xFF, 0xFC, 0x10, 0x00, 0x01, 0x8C, 0xEF, 0xEB, 0x60, 0x00, 0x8D, 0x90, 0x00, 0x9D,
  0x7E, 0xFF, 0x00, 0x1F, 0xFD, 0x9F, 0xA0, 0x00, 0xAE, 0x90, 0x00, 0x00, 0x00, 0x00, 0x00, 0x00, 0x00, 0x00, 0x00, 0x00,
  0xDF, 0xB0, 0x00, 0x00, 0x0D, 0xFB, 0x00, 0x00, 0x00, 0xDF, 0xB0, 0x00, 0x00, 0x0D, 0xFB, 0x00, 0x00, 0x00, 0xDF, 0xB0,
  0x00, 0x00, 0x0D, 0xFB, 0x00, 0x00, 0x00, 0xDF, 0xB0, 0x00, 0x00, 0x0D, 0xFB, 0x00, 0x00, 0x00, 0xDF, 0xB0, 0x00, 0x00,
  0x0D, 0xFB, 0x00, 0x00, 0x00, 0xDF, 0xB0, 0x00, 0x00, 0x0D, 0xFB, 0x00, 0x00, 0x00, 0xDF, 0xB0, 0x00, 0x00, 0x0D, 0xFB,
  0x00, 0x00, 0x00, 0xDF, 0xB0, 0x00, 0x00, 0x00, 0x00, 0x04, 0xFF, 0x80, 0x00, 0x00, 0x00, 0x00, 0x00, 0x00, 0x0A, 0xFF,
  0xD0, 0x00, 0x00, 0x00, 0x00, 0x00, 0x00, 0x1E, 0xFF, 0xF4, 0x00, 0x00, 0x00, 0x00, 0x00, 0x00, 0x6F, 0xFD, 0xFA, 0x00,
  0x00, 0x00, 0x00, 0x00, 0x00, 0xBF, 0xB7, 0xFE, 0x10, 0x00, 0x00, 0x00, 0x00, 0x02, 0xFF, 0x62, 0xFF, 0x60, 0x00, 0x00,
  0x00, 0x00, 0x08, 0xFF, 0x10, 0xCF, 0xC0, 0x00, 0x00, 0x00, 0x00, 0x0D, 0xFB, 0x00, 0x7F, 0xF3, 0x00, 0x00, 0x00, 0x00,
  0x5F, 0xF6, 0x00, 0x1F, 0xF9, 0x00, 0x00, 0x00, 0x00, 0xAF, 0xE1, 0x00, 0x0B, 0xFE, 0x00, 0x00, 0x00, 0x01, 0xEF, 0xA0,
  0x00, 0x06, 0xFF, 0x50, 0x00, 0x00, 0x07, 0xFF, 0x50, 0x00, 0x01, 0xEF, 0xA0, 0x00, 0x00, 0x0C, 0xFE, 0x00, 0x00, 0x00,
  0xAF, 0xF2, 0x00, 0x00, 0x3F, 0xFF, 0xFF, 0xFF, 0xFF, 0xFF, 0xF7, 0x00, 0x00, 0x9F, 0xFF, 0xFF, 0xFF, 0xFF, 0xFF, 0xFC,
  0x00, 0x00, 0xEF, 0xD3, 0x33, 0x33, 0x33, 0x3A, 0xFF, 0x30, 0x05, 0xFF, 0x80, 0x00, 0x00, 0x00, 0x03, 0xFF, 0x90, 0x0B,
  0xFF, 0x20, 0x00, 0x00, 0x00, 0x00, 0xCF, 0xE1, 0x2F, 0xFB, 0x00, 0x00, 0x00, 0x00, 0x00, 0x7F, 0xF6, 0x7F, 0xF5, 0x00,
  0x00, 0x00, 0x00, 0x00, 0x1E, 0xFB, 0x00, 0xCF, 0xFF, 0xFF, 0xFF, 0xFF, 0xFF, 0x80, 0x00, 0x00, 0xCF, 0xFF, 0xFF, 0xFF,
  0xFF, 0xFF, 0x80, 0x00, 0x00, 0xCF, 0xD3, 0x33, 0x33, 0x33, 0x33, 0x20, 0x00, 0x00, 0xCF, 0xD0, 0x00, 0x00, 0x00, 0x00,
  0x00, 0x00, 0x00, 0xCF, 0xD0, 0x00, 0x00, 0x00, 0x00, 0x00, 0x00, 0x00, 0xCF, 0xD0, 0x00, 0x00, 0x00, 0x00, 0x00, 0x00,
  0x00, 0xCF, 0xD0, 0x00, 0x00, 0x00, 0x00, 0x00, 0x00, 0x00, 0xCF, 0xD0, 0x00, 0x00, 0x00, 0x00, 0x00, 0x00, 0x00, 0xCF,
  0xFF, 0xFF, 0xFF, 0xED, 0x93, 0x00, 0x00, 0x00, 0xCF, 0xFF, 0xFF, 0xFF, 0xFF, 0xFF, 0x80, 0x00, 0x00, 0xCF, 0xD3, 0x33,
  0x33, 0x58, 0xEF, 0xF7, 0x00, 0x00, 0xCF, 0xD0, 0x00, 0x00, 0x00, 0x3E, 0xFE, 0x10, 0x00, 0xCF, 0xD0, 0x00, 0x00, 0x00,
  0x08, 0xFF, 0x50, 0x00, 0xCF, 0xD0, 0x00, 0x00, 0x00, 0x05, 0xFF, 0x70, 0x00, 0xCF, 0xD0, 0x00, 0x00, 0x00, 0x05, 0xFF,
  0x60, 0x00, 0xCF, 0xD0, 0x00, 0x00, 0x00, 0x08, 0xFF, 0x40, 0x00, 0xCF, 0xD0, 0x00, 0x00, 0x00, 0x3E, 0xFE, 0x00, 0x00,
  0xCF, 0xD3, 0x33, 0x33, 0x48, 0xEF, 0xF6, 0x00, 0x00, 0xCF, 0xFF, 0xFF, 0xFF, 0xFF, 0xFF, 0x70, 0x00, 0x00, 0xCF, 0xFF,
  0xFF, 0xFF, 0xED, 0x93, 0x00, 0x00, 0x00, 0xBF, 0xFF, 0xFF, 0xFE, 0xDB, 0x50, 0x00, 0x00, 0x0B, 0xFF, 0xFF, 0xFF, 0xFF,
  0xFF, 0xB1, 0x00, 0x00, 0xBF, 0xE3, 0x33, 0x34, 0x7D, 0xFF, 0x90, 0x00, 0x0B, 0xFE, 0x00, 0x00, 0x00, 0x1D, 0xFF, 0x10,
  0x00, 0xBF, 0xE0, 0x00, 0x00, 0x00, 0x8F, 0xF4, 0x00, 0x0B, 0xFE, 0x00, 0x00, 0x00, 0x06, 0xFF, 0x50, 0x00, 0xBF, 0xE0,
  0x00, 0x00, 0x00, 0x8F, 0xF4, 0x00, 0x0B, 0xFE, 0x00, 0x00, 0x00, 0x1D, 0xFD, 0x00, 0x00, 0xBF, 0xE0, 0x00, 0x02, 0x5D,
  0xFF, 0x50, 0x00, 0x0B, 0xFF, 0xFF, 0xFF, 0xFF, 0xFD, 0x40, 0x00, 0x00, 0xBF, 0xFF, 0xFF, 0xFF, 0xFF, 0xE9, 0x10, 0x00,
  0x0B, 0xFE, 0x22, 0x22, 0x35, 0x9F, 0xFC, 0x00, 0x00, 0xBF, 0xE0, 0x00, 0x00, 0x00, 0x7F, 0xF7, 0x00, 0x0B, 0xFE, 0x00,
  0x00, 0x00, 0x00, 0xEF, 0xB0, 0x00, 0xBF, 0xE0, 0x00, 0x00, 0x00, 0x0D, 0xFD, 0x00, 0x0B, 0xFE, 0x00, 0x00, 0x00, 0x00,
  0xEF, 0xC0, 0x00, 0xBF, 0xE0, 0x00, 0x00, 0x00, 0x8F, 0xF8, 0x00, 0x0B, 0xFE, 0x33, 0x33, 0x35, 0xBF, 0xFE, 0x20, 0x00,
  0xBF, 0xFF, 0xFF, 0xFF, 0xFF, 0xFE, 0x40, 0x00, 0x0B, 0xFF, 0xFF, 0xFF, 0xFE, 0xC8, 0x10, 0x00, 0x00, 0x9F, 0xFF, 0xFF,
  0xFF, 0xFF, 0xFF, 0xB0, 0x00, 0x9F, 0xFF, 0xFF, 0xFF, 0xFF, 0xFF, 0xB0, 0x00, 0x9F, 0xF4, 0x33, 0x33, 0x33, 0x33, 0x20,
  0x00, 0x9F, 0xF1, 0x00, 0x00, 0x00, 0x00, 0x00, 0x00, 0x9F, 0xF1, 0x00, 0x00, 0x00, 0x00, 0x00, 0x00, 0x9F, 0xF1, 0x00,
  0x00, 0x00, 0x00, 0x00, 0x00, 0x9F, 0xF1, 0x00, 0x00, 0x00, 0x00, 0x00, 0x00, 0x9F, 0xF1, 0x00, 0x00, 0x00, 0x00, 0x00,
  0x00, 0x9F, 0xF1, 0x00, 0x00, 0x00, 0x00, 0x00, 0x00, 0x9F, 0xF1, 0x00, 0x00, 0x00, 0x00, 0x00, 0x00, 0x9F, 0xF1, 0x00,
  0x00, 0x00, 0x00, 0x00, 0x00, 0x9F, 0xF1, 0x00, 0x00, 0x00, 0x00, 0x00, 0x00, 0x9F, 0xF1, 0x00, 0x00, 0x00, 0x00, 0x00,
  0x00, 0x9F, 0xF1, 0x00, 0x00, 0x00, 0x00, 0x00, 0x00, 0x9F, 0xF1, 0x00, 0x00, 0x00, 0x00, 0x00, 0x00, 0x9F, 0xF1, 0x00,
  0x00, 0x00, 0x00, 0x00, 0x00, 0x9F, 0xF1, 0x00, 0x00, 0x00, 0x00, 0x00, 0x00, 0x9F, 0xF1, 0x00, 0x00, 0x00, 0x00, 0x00,
  0x00, 0x9F, 0xF1, 0x00, 0x00, 0x00, 0x00, 0x00, 0x00, 0x9F, 0xF1, 0x00, 0x00, 0x00, 0x00, 0x00, 0x00, 0x00, 0x05, 0xFF,
  0xFF, 0xFF, 0xFF, 0xFF, 0xFB, 0x00, 0x00, 0x00, 0x00, 0x6F, 0xFF, 0xFF, 0xFF, 0xFF, 0xFF, 0xB0, 0x00, 0x00, 0x00, 0x07,
  0xFF, 0x63, 0x33, 0x33, 0x3F, 0xFB, 0x00, 0x00, 0x00, 0x00, 0x7F, 0xF4, 0x00, 0x00, 0x00, 0xFF, 0xB0, 0x00, 0x00, 0x00,
  0x08, 0xFF, 0x30, 0x00, 0x00, 0x0F, 0xFB, 0x00, 0x00, 0x00, 0x00, 0x9F, 0xF2, 0x00, 0x00, 0x00, 0xFF, 0xB0, 0x00, 0x00,
  0x00, 0x0A, 0xFF, 0x10, 0x00, 0x00, 0x0F, 0xFB, 0x00, 0x00, 0x00, 0x00, 0xAF, 0xF0, 0x00, 0x00, 0x00, 0xFF, 0xB0, 0x00,
  0x00, 0x00, 0x0B, 0xFE, 0x00, 0x00, 0x00, 0x0F, 0xFB, 0x00, 0x00, 0x00, 0x00, 0xCF, 0xD0, 0x00, 0x00, 0x00, 0xFF, 0xB0,
  0x00, 0x00, 0x00, 0x0E, 0xFC, 0x00, 0x00, 0x00, 0x0F, 0xFB, 0x00, 0x00, 0x00, 0x02, 0xFF, 0xA0, 0x00, 0x00, 0x00, 0xFF,
  0xB0, 0x00, 0x00, 0x00, 0x5F, 0xF7, 0x00, 0x00, 0x00, 0x0F, 0xFB, 0x00, 0x00, 0x00, 0x09, 0xFF, 0x40, 0x00, 0x00, 0x00,
  0xFF, 0xB0, 0x00, 0x00, 0x00, 0xDF, 0xD0, 0x00, 0x00, 0x00, 0x0F, 0xFB, 0x00, 0x00, 0x00, 0x5F, 0xF8, 0x00, 0x00, 0x00,
  0x00, 0xFF, 0xB0, 0x00, 0x00, 0x0C, 0xFE, 0x20, 0x00, 0x00, 0x00, 0x0F, 0xFB, 0x00, 0x01, 0x38, 0xFF, 0xA3, 0x33, 0x33,
  0x33, 0x33, 0xFF, 0xB3, 0x31, 0x6F, 0xFF, 0xFF, 0xFF, 0xFF, 0xFF, 0xFF, 0xFF, 0xFF, 0xFF, 0x56, 0xFF, 0xFF, 0xFF, 0xFF,
  0xFF, 0xFF, 0xFF, 0xFF, 0xFF, 0xF4, 0x6F, 0xF6, 0x00, 0x00, 0x00, 0x00, 0x00, 0x00, 0x07, 0xFF, 0x45, 0xFF, 0x60, 0x00,
  0x00, 0x00, 0x00, 0x00, 0x00, 0x7F, 0xF4, 0x5F, 0xF6, 0x00, 0x00, 0x00, 0x00, 0x00, 0x00, 0x07, 0xFF, 0x45, 0xFF, 0x60,
  0x00, 0x00, 0x00, 0x00, 0x00, 0x00, 0x7F, 0xF4, 0x5F, 0xF6, 0x00, 0x00, 0x00, 0x00, 0x00, 0x00, 0x07, 0xFF, 0x40, 0x00,
  0xBF, 0xFF, 0xFF, 0xFF, 0xFF, 0xFF, 0xD0, 0x00, 0xBF, 0xFF, 0xFF, 0xFF, 0xFF, 0xFF, 0xD0, 0x00, 0xBF, 0xE3, 0x33, 0x33,
  0x33, 0x33, 0x30, 0x00, 0xBF, 0xE0, 0x00, 0x00, 0x00, 0x00, 0x00, 0x00, 0xBF, 0xE0, 0x00, 0x00, 0x00, 0x00, 0x00, 0x00,
  0xBF, 0xE0, 0x00, 0x00, 0x00, 0x00, 0x00, 0x00, 0xBF, 0xE0, 0x00, 0x00, 0x00, 0x00, 0x00, 0x00, 0xBF, 0xE0, 0x00, 0x00,
  0x00, 0x00, 0x00, 0x00, 0xBF, 0xE0, 0x00, 0x00, 0x00, 0x00, 0x00, 0x00, 0xBF, 0xFF, 0xFF, 0xFF, 0xFF, 0xF9, 0x00, 0x00,
  0xBF, 0xFF, 0xFF, 0xFF, 0xFF, 0xF9, 0x00, 0x00, 0xBF, 0xE3, 0x33, 0x33, 0x33, 0x32, 0x00, 0x00, 0xBF, 0xE0, 0x00, 0x00,
  0x00, 0x00, 0x00, 0x00, 0xBF, 0xE0, 0x00, 0x00, 0x00, 0x00, 0x00, 0x00, 0xBF, 0xE0, 0x00, 0x00, 0x00, 0x00, 0x00, 0x00,
  0xBF, 0xE0, 0x00, 0x00, 0x00, 0x00, 0x00, 0x00, 0xBF, 0xE0, 0x00, 0x00, 0x00, 0x00, 0x00, 0x00, 0xBF, 0xE3, 0x33, 0x33,
  0x33, 0x33, 0x30, 0x00, 0xBF, 0xFF, 0xFF, 0xFF, 0xFF, 0xFF, 0xE0, 0x00, 0xBF, 0xFF, 0xFF, 0xFF, 0xFF, 0xFF, 0xE0, 0x0C,
  0xFF, 0x50, 0x00, 0x00, 0x08, 0xFF, 0x30, 0x00, 0x00, 0x0B, 0xFF, 0x70, 0x03, 0xFF, 0xD1, 0x00, 0x00, 0x08, 0xFF, 0x30,
  0x00, 0x00, 0x5F, 0xFC, 0x00, 0x00, 0x9F, 0xF8, 0x00, 0x00, 0x08, 0xFF, 0x30, 0x00, 0x00, 0xDF, 0xF3, 0x00, 0x00, 0x1D,
  0xFE, 0x20, 0x00, 0x08, 0xFF, 0x30, 0x00, 0x08, 0xFF, 0x80, 0x00, 0x00, 0x05, 0xFF, 0xA0, 0x00, 0x08, 0xFF, 0x30, 0x00,
  0x2E, 0xFD, 0x10, 0x00, 0x00, 0x00, 0xAF, 0xF4, 0x00, 0x08, 0xFF, 0x30, 0x00, 0xAF, 0xF4, 0x00, 0x00, 0x00, 0x00, 0x2E,
  0xFC, 0x00, 0x08, 0xFF, 0x30, 0x04, 0xFF, 0xA0, 0x00, 0x00, 0x00, 0x00, 0x06, 0xFF, 0x70, 0x08, 0xFF, 0x30, 0x0C, 0xFE,
  0x10, 0x00, 0x00, 0x00, 0x00, 0x00, 0xCF, 0xE2, 0x08, 0xFF, 0x30, 0x7F, 0xF6, 0x00, 0x00, 0x00, 0x00, 0x00, 0x00, 0x3F,
  0xFF, 0xFF, 0xFF, 0xFF, 0xFF, 0xB0, 0x00, 0x00, 0x00, 0x00, 0x00, 0x00, 0x7F, 0xFF, 0xFF, 0xFF, 0xFF, 0xFF, 0xE2, 0x00,
  0x00, 0x00, 0x00, 0x00, 0x02, 0xEF, 0xE5, 0x49, 0xFF, 0x64, 0x9F, 0xFB, 0x00, 0x00, 0x00, 0x00, 0x00, 0x0B, 0xFF, 0x80,
  0x08, 0xFF, 0x30, 0x1D, 0xFF, 0x60, 0x00, 0x00, 0x00, 0x00, 0x7F, 0xFC, 0x00, 0x08, 0xFF, 0x30, 0x04, 0xFF, 0xE2, 0x00,
  0x00, 0x00, 0x02, 0xEF, 0xF4, 0x00, 0x08, 0xFF, 0x30, 0x00, 0x9F, 0xFA, 0x00, 0x00, 0x00, 0x0B, 0xFF, 0x90, 0x00, 0x08,
  0xFF, 0x30, 0x00, 0x1E, 0xFF, 0x50, 0x00, 0x00, 0x6F, 0xFD, 0x10, 0x00, 0x08, 0xFF, 0x30, 0x00, 0x05, 0xFF, 0xD1, 0x00,
  0x02, 0xEF, 0xF5, 0x00, 0x00, 0x08, 0xFF, 0x30, 0x00, 0x00, 0xAF, 0xFA, 0x00, 0x0A, 0xFF, 0xA0, 0x00, 0x00, 0x08, 0xFF,
  0x30, 0x00, 0x00, 0x2E, 0xFF, 0x50, 0x5F, 0xFE, 0x20, 0x00, 0x00, 0x08, 0xFF, 0x30, 0x00, 0x00, 0x06, 0xFF, 0xD1, 0x00,
  0x00, 0x49, 0xDE, 0xFE, 0xC8, 0x20, 0x00, 0x00, 0x00, 0x9F, 0xFF, 0xFF, 0xFF, 0xFE, 0x50, 0x00, 0x00, 0x9F, 0xFE, 0x85,
  0x46, 0xBF, 0xFF, 0x40, 0x00, 0x3F, 0xFC, 0x10, 0x00, 0x00, 0x5F, 0xFC, 0x00, 0x08, 0xFF, 0x40, 0x00, 0x00, 0x00, 0xBF,
  0xF1, 0x00, 0x59, 0x90, 0x00, 0x00, 0x00, 0x08, 0xFF, 0x30, 0x00, 0x00, 0x00, 0x00, 0x00, 0x00, 0xAF, 0xF1, 0x00, 0x00,
  0x00, 0x00, 0x00, 0x00, 0x2E, 0xFB, 0x00, 0x00, 0x00, 0x00, 0x00, 0x03, 0x7E, 0xFE, 0x30, 0x00, 0x00, 0x00, 0x0F, 0xFF,
  0xFF, 0xFB, 0x20, 0x00, 0x00, 0x00, 0x00, 0xFF, 0xFF, 0xFF, 0xB4, 0x00, 0x00, 0x00, 0x00, 0x03, 0x33, 0x48, 0xDF, 0xF6,
  0x00, 0x00, 0x00, 0x00, 0x00, 0x00, 0x01, 0xCF, 0xE1, 0x00, 0x00, 0x00, 0x00, 0x00, 0x00, 0x06, 0xFF, 0x60, 0x0B, 0xCA,
  0x00, 0x00, 0x00, 0x00, 0x4F, 0xF7, 0x00, 0xBF, 0xE1, 0x00, 0x00, 0x00, 0x06, 0xFF, 0x60, 0x07, 0xFF, 0xA0, 0x00, 0x00,
  0x03, 0xEF, 0xF1, 0x00, 0x1C, 0xFF, 0xD7, 0x44, 0x59, 0xEF, 0xF7, 0x00, 0x00, 0x1B, 0xFF, 0xFF, 0xFF, 0xFF, 0xE7, 0x00,
  0x00, 0x00, 0x05, 0xAD, 0xEF, 0xEC, 0x82, 0x00, 0x00, 0x00, 0x9F, 0xF1, 0x00, 0x00, 0x00, 0x00, 0x8F, 0xF8, 0x00, 0x00,
  0x9F, 0xF1, 0x00, 0x00, 0x00, 0x03, 0xEF, 0xF8, 0x00, 0x00, 0x9F, 0xF1, 0x00, 0x00, 0x00, 0x0B, 0xFF, 0xF8, 0x00, 0x00,
  0x9F, 0xF1, 0x00, 0x00, 0x00, 0x6F, 0xFF, 0xF8, 0x00, 0x00, 0x9F, 0xF1, 0x00, 0x00, 0x02, 0xEF, 0xEF, 0xF8, 0x00, 0x00,
  0x9F, 0xF1, 0x00, 0x00, 0x0A, 0xFF, 0x7F, 0xF8, 0x00, 0x00, 0x9F, 0xF1, 0x00, 0x00, 0x5F, 0xFA, 0x3F, 0xF8, 0x00, 0x00,
  0x9F, 0xF1, 0x00, 0x01, 0xDF, 0xE2, 0x3F, 0xF8, 0x00, 0x00, 0x9F, 0xF1, 0x00, 0x09, 0xFF, 0x60, 0x3F, 0xF8, 0x00, 0x00,
  0x9F, 0xF1, 0x00, 0x4F, 0xFC, 0x00, 0x3F, 0xF8, 0x00, 0x00, 0x9F, 0xF1, 0x00, 0xCF, 0xF3, 0x00, 0x3F, 0xF8, 0x00, 0x00,
  0x9F, 0xF1, 0x08, 0xFF, 0x80, 0x00, 0x3F, 0xF8, 0x00, 0x00, 0x9F, 0xF1, 0x3E, 0xFD, 0x00, 0x00, 0x3F, 0xF8, 0x00, 0x00,
  0x9F, 0xF1, 0xBF, 0xF4, 0x00, 0x00, 0x3F, 0xF8, 0x00, 0x00, 0x9F, 0xF7, 0xFF, 0x90, 0x00, 0x00, 0x3F, 0xF8, 0x00, 0x00,
  0x9F, 0xFE, 0xFD, 0x10, 0x00, 0x00, 0x3F, 0xF8, 0x00, 0x00, 0x9F, 0xFF, 0xF5, 0x00, 0x00, 0x00, 0x3F, 0xF8, 0x00, 0x00,
  0x9F, 0xFF, 0xA0, 0x00, 0x00, 0x00, 0x3F, 0xF8, 0x00, 0x00, 0x9F, 0xFE, 0x20, 0x00, 0x00, 0x00, 0x3F, 0xF8, 0x00, 0x00,
  0x9F, 0xF7, 0x00, 0x00, 0x00, 0x00, 0x3F, 0xF8, 0x00, 0x00, 0x00, 0x01, 0xFF, 0x10, 0x00, 0xFF, 0x20, 0x00, 0x00, 0x00,
  0x00, 0x00, 0xCF, 0x70, 0x06, 0xFD, 0x00, 0x00, 0x00, 0x00, 0x00, 0x00, 0x5F, 0xFB, 0xBF, 0xF6, 0x00, 0x00, 0x00, 0x00,
  0x00, 0x00, 0x05, 0xCE, 0xFC, 0x50, 0x00, 0x00, 0x00, 0x00, 0x00, 0x00, 0x00, 0x00, 0x00, 0x00, 0x00, 0x00, 0x00, 0x00,
  0x9F, 0xF1, 0x00, 0x00, 0x00, 0x00, 0x8F, 0xF8, 0x00, 0x00, 0x9F, 0xF1, 0x00, 0x00, 0x00, 0x03, 0xEF, 0xF8, 0x00, 0x00,
  0x9F, 0xF1, 0x00, 0x00, 0x00, 0x0B, 0xFF, 0xF8, 0x00, 0x00, 0x9F, 0xF1, 0x00, 0x00, 0x00, 0x6F, 0xFF, 0xF8, 0x00, 0x00,
  0x9F, 0xF1, 0x00, 0x00, 0x02, 0xEF, 0xEF, 0xF8, 0x00, 0x00, 0x9F, 0xF1, 0x00, 0x00, 0x0A, 0xFF, 0x7F, 0xF8, 0x00, 0x00,
  0x9F, 0xF1, 0x00, 0x00, 0x5F, 0xFA, 0x3F, 0xF8, 0x00, 0x00, 0x9F, 0xF1, 0x00, 0x01, 0xDF, 0xE2, 0x3F, 0xF8, 0x00, 0x00,
  0x9F, 0xF1, 0x00, 0x09, 0xFF, 0x60, 0x3F, 0xF8, 0x00, 0x00, 0x9F, 0xF1, 0x00, 0x4F, 0xFC, 0x00, 0x3F, 0xF8, 0x00, 0x00,
  0x9F, 0xF1, 0x00, 0xCF, 0xF3, 0x00, 0x3F, 0xF8, 0x00, 0x00, 0x9F, 0xF1, 0x08, 0xFF, 0x80, 0x00, 0x3F, 0xF8, 0x00, 0x00,
  0x9F, 0xF1, 0x3E, 0xFD, 0x00, 0x00, 0x3F, 0xF8, 0x00, 0x00, 0x9F, 0xF1, 0xBF, 0xF4, 0x00, 0x00, 0x3F, 0xF8, 0x00, 0x00,
  0x9F, 0xF7, 0xFF, 0x90, 0x00, 0x00, 0x3F, 0xF8, 0x00, 0x00, 0x9F, 0xFE, 0xFD, 0x10, 0x00, 0x00, 0x3F, 0xF8, 0x00, 0x00,
  0x9F, 0xFF, 0xF5, 0x00, 0x00, 0x00, 0x3F, 0xF8, 0x00, 0x00, 0x9F, 0xFF, 0xA0, 0x00, 0x00, 0x00, 0x3F, 0xF8, 0x00, 0x00,
  0x9F, 0xFE, 0x20, 0x00, 0x00, 0x00, 0x3F, 0xF8, 0x00, 0x00, 0x9F, 0xF7, 0x00, 0x00, 0x00, 0x00, 0x3F, 0xF8, 0x00, 0x00,
  0x9F, 0xF1, 0x00, 0x00, 0x00, 0x06, 0xFF, 0xD2, 0x00, 0x9F, 0xF1, 0x00, 0x00, 0x00, 0x5F, 0xFE, 0x30, 0x00, 0x9F, 0xF1,
  0x00, 0x00, 0x03, 0xEF, 0xF4, 0x00, 0x00, 0x9F, 0xF1, 0x00, 0x00, 0x2D, 0xFF, 0x60, 0x00, 0x00, 0x9F, 0xF1, 0x00, 0x01,
  0xCF, 0xF8, 0x00, 0x00, 0x00, 0x9F, 0xF1, 0x00, 0x0B, 0xFF, 0xA0, 0x00, 0x00, 0x00, 0x9F, 0xF1, 0x00, 0xAF, 0xFC, 0x10,
  0x00, 0x00, 0x00, 0x9F, 0xF1, 0x08, 0xFF, 0xD2, 0x00, 0x00, 0x00, 0x00, 0x9F, 0xFF, 0xFF, 0xFE, 0x30, 0x00, 0x00, 0x00,
  0x00, 0x9F, 0xFF, 0xFF, 0xFF, 0x40, 0x00, 0x00, 0x00, 0x00, 0x9F, 0xF4, 0x46, 0xFF, 0xD1, 0x00, 0x00, 0x00, 0x00, 0x9F,
  0xF1, 0x00, 0x9F, 0xFA, 0x00, 0x00, 0x00, 0x00, 0x9F, 0xF1, 0x00, 0x1C, 0xFF, 0x70, 0x00, 0x00, 0x00, 0x9F, 0xF1, 0x00,
  0x03, 0xEF, 0xE3, 0x00, 0x00, 0x00, 0x9F, 0xF1, 0x00, 0x00, 0x6F, 0xFD, 0x10, 0x00, 0x00, 0x9F, 0xF1, 0x00, 0x00, 0x0A,
  0xFF, 0xA0, 0x00, 0x00, 0x9F, 0xF1, 0x00, 0x00, 0x01, 0xDF, 0xF6, 0x00, 0x00, 0x9F, 0xF1, 0x00, 0x00, 0x00, 0x3F, 0xFE,
  0x30, 0x00, 0x9F, 0xF1, 0x00, 0x00, 0x00, 0x07, 0xFF, 0xC0, 0x00, 0x9F, 0xF1, 0x00, 0x00, 0x00, 0x00, 0xBF, 0xF9, 0x00,
  0x00, 0x0E, 0xFF, 0xFF, 0xFF, 0xFF, 0xFF, 0xF6, 0x00, 0x00, 0x00, 0x0F, 0xFF, 0xFF, 0xFF, 0xFF, 0xFF, 0xF6, 0x00, 0x00,
  0x00, 0x0F, 0xFA, 0x33, 0x33, 0x33, 0x7F, 0xF6, 0x00, 0x00, 0x00, 0x1F, 0xF9, 0x00, 0x00, 0x00, 0x5F, 0xF6, 0x00, 0x00,
  0x00, 0x2F, 0xF8, 0x00, 0x00, 0x00, 0x5F, 0xF6, 0x00, 0x00, 0x00, 0x3F, 0xF8, 0x00, 0x00, 0x00, 0x5F, 0xF6, 0x00, 0x00,
  0x00, 0x3F, 0xF7, 0x00, 0x00, 0x00, 0x5F, 0xF6, 0x00, 0x00, 0x00, 0x4F, 0xF6, 0x00, 0x00, 0x00, 0x5F, 0xF6, 0x00, 0x00,
  0x00, 0x5F, 0xF6, 0x00, 0x00, 0x00, 0x5F, 0xF6, 0x00, 0x00, 0x00, 0x5F, 0xF5, 0x00, 0x00, 0x00, 0x5F, 0xF6, 0x00, 0x00,
  0x00, 0x6F, 0xF4, 0x00, 0x00, 0x00, 0x5F, 0xF6, 0x00, 0x00, 0x00, 0x7F, 0xF3, 0x00, 0x00, 0x00, 0x5F, 0xF6, 0x00, 0x00,
  0x00, 0x8F, 0xF1, 0x00, 0x00, 0x00, 0x5F, 0xF6, 0x00, 0x00, 0x00, 0xAF, 0xE0, 0x00, 0x00, 0x00, 0x5F, 0xF6, 0x00, 0x00,
  0x00, 0xCF, 0xC0, 0x00, 0x00, 0x00, 0x5F, 0xF6, 0x00, 0x00, 0x02, 0xFF, 0x90, 0x00, 0x00, 0x00, 0x5F, 0xF6, 0x00, 0x00,
  0x09, 0xFF, 0x50, 0x00, 0x00, 0x00, 0x5F, 0xF6, 0x00, 0x15, 0x9F, 0xFD, 0x00, 0x00, 0x00, 0x00, 0x5F, 0xF6, 0x00, 0x6F,
  0xFF, 0xE4, 0x00, 0x00, 0x00, 0x00, 0x5F, 0xF6, 0x00, 0x6F, 0xDA, 0x30, 0x00, 0x00, 0x00, 0x00, 0x5F, 0xF6, 0x00, 0x00,
  0xBF, 0xFE, 0x00, 0x00, 0x00, 0x00, 0x00, 0x00, 0x8F, 0xFF, 0x30, 0x00, 0xBF, 0xFF, 0x50, 0x00, 0x00, 0x00, 0x00, 0x00,
  0xDF, 0xFF, 0x30, 0x00, 0xBF, 0xFF, 0xB0, 0x00, 0x00, 0x00, 0x00, 0x05, 0xFF, 0xFF, 0x30, 0x00, 0xBF, 0xFF, 0xF2, 0x00,
  0x00, 0x00, 0x00, 0x0B, 0xFF, 0xFF, 0x30, 0x00, 0xBF, 0xCF, 0xF8, 0x00, 0x00, 0x00, 0x00, 0x2F, 0xFC, 0xFF, 0x30, 0x00,
  0xBF, 0xBB, 0xFE, 0x00, 0x00, 0x00, 0x00, 0x8F, 0xF7, 0xFF, 0x30, 0x00, 0xBF, 0xC5, 0xFF, 0x50, 0x00, 0x00, 0x00, 0xDF,
  0xB6, 0xFF, 0x30, 0x00, 0xBF, 0xC0, 0xDF, 0xB0, 0x00, 0x00, 0x05, 0xFF, 0x56, 0xFF, 0x30, 0x00, 0xBF, 0xD0, 0x8F, 0xF2,
  0x00, 0x00, 0x0B, 0xFD, 0x07, 0xFF, 0x30, 0x00, 0xBF, 0xD0, 0x2F, 0xF8, 0x00, 0x00, 0x2F, 0xF8, 0x07, 0xFF, 0x30, 0x00,
  0xBF, 0xE0, 0x0A, 0xFD, 0x00, 0x00, 0x8F, 0xF2, 0x08, 0xFF, 0x30, 0x00, 0xBF, 0xE0, 0x04, 0xFF, 0x50, 0x00, 0xDF, 0xA0,
  0x08, 0xFF, 0x30, 0x00, 0xBF, 0xE0, 0x00, 0xDF, 0xB0, 0x05, 0xFF, 0x40, 0x08, 0xFF, 0x30, 0x00, 0xBF, 0xE0, 0x00, 0x7F,
  0xF2, 0x0B, 0xFD, 0x00, 0x08, 0xFF, 0x30, 0x00, 0xBF, 0xE0, 0x00, 0x1E, 0xF8, 0x2F, 0xF7, 0x00, 0x08, 0xFF, 0x30, 0x00,
  0xBF, 0xE0, 0x00, 0x0A, 0xFD, 0x8F, 0xE1, 0x00, 0x08, 0xFF, 0x30, 0x00, 0xBF, 0xE0, 0x00, 0x04, 0xFF, 0xFF, 0xA0, 0x00,
  0x08, 0xFF, 0x30, 0x00, 0xBF, 0xE0, 0x00, 0x00, 0xDF, 0xFF, 0x40, 0x00, 0x08, 0xFF, 0x30, 0x00, 0xBF, 0xE0, 0x00, 0x00,
  0x7F, 0xFD, 0x00, 0x00, 0x08, 0xFF, 0x30, 0x00, 0xBF, 0xE0, 0x00, 0x00, 0x1E, 0xF7, 0x00, 0x00, 0x08, 0xFF, 0x30, 0x00,
  0xBF, 0xE0, 0x00, 0x00, 0x00, 0x00, 0x1F, 0xFA, 0x00, 0x00, 0xBF, 0xE0, 0x00, 0x00, 0x00, 0x00, 0x1F, 0xFA, 0x00, 0x00,
  0xBF, 0xE0, 0x00, 0x00, 0x00, 0x00, 0x1F, 0xFA, 0x00, 0x00, 0xBF, 0xE0, 0x00, 0x00, 0x00, 0x00, 0x1F, 0xFA, 0x00, 0x00,
  0xBF, 0xE0, 0x00, 0x00, 0x00, 0x00, 0x1F, 0xFA, 0x00, 0x00, 0xBF, 0xE0, 0x00, 0x00, 0x00, 0x00, 0x1F, 0xFA, 0x00, 0x00,
  0xBF, 0xE0, 0x00, 0x00, 0x00, 0x00, 0x1F, 0xFA, 0x00, 0x00, 0xBF, 0xE0, 0x00, 0x00, 0x00, 0x00, 0x1F, 0xFA, 0x00, 0x00,
  0xBF, 0xE0, 0x00, 0x00, 0x00, 0x00, 0x1F, 0xFA, 0x00, 0x00, 0xBF, 0xFF, 0xFF, 0xFF, 0xFF, 0xFF, 0xFF, 0xFA, 0x00, 0x00,
  0xBF, 0xFF, 0xFF, 0xFF, 0xFF, 0xFF, 0xFF, 0xFA, 0x00, 0x00, 0xBF, 0xE3, 0x33, 0x33, 0x33, 0x33, 0x3F, 0xFA, 0x00, 0x00,
  0xBF, 0xE0, 0x00, 0x00, 0x00, 0x00, 0x1F, 0xFA, 0x00, 0x00, 0xBF, 0xE0, 0x00, 0x00, 0x00, 0x00, 0x1F, 0xFA, 0x00, 0x00,
  0xBF, 0xE0, 0x00, 0x00, 0x00, 0x00, 0x1F, 0xFA, 0x00, 0x00, 0xBF, 0xE0, 0x00, 0x00, 0x00, 0x00, 0x1F, 0xFA, 0x00, 0x00,
  0xBF, 0xE0, 0x00, 0x00, 0x00, 0x00, 0x1F, 0xFA, 0x00, 0x00, 0xBF, 0xE0, 0x00, 0x00, 0x00, 0x00, 0x1F, 0xFA, 0x00, 0x00,
  0xBF, 0xE0, 0x00, 0x00, 0x00, 0x00, 0x1F, 0xFA, 0x00, 0x00, 0xBF, 0xE0, 0x00, 0x00, 0x00, 0x00, 0x1F, 0xFA, 0x00, 0x00,
  0x00, 0x01, 0x7B, 0xEF, 0xEC, 0x82, 0x00, 0x00, 0x00, 0x00, 0x04, 0xDF, 0xFF, 0xFF, 0xFF, 0xE6, 0x00, 0x00, 0x00, 0x03,
  0xEF, 0xFB, 0x75, 0x6A, 0xFF, 0xF7, 0x00, 0x00, 0x01, 0xDF, 0xF6, 0x00, 0x00, 0x03, 0xDF, 0xF3, 0x00, 0x00, 0x7F, 0xF7,
  0x00, 0x00, 0x00, 0x03, 0xFF, 0xA0, 0x00, 0x0C, 0xFE, 0x00, 0x00, 0x00, 0x00, 0x0A, 0xFE, 0x10, 0x02, 0xFF, 0x90, 0x00,
  0x00, 0x00, 0x00, 0x6F, 0xF5, 0x00, 0x4F, 0xF6, 0x00, 0x00, 0x00, 0x00, 0x03, 0xFF, 0x80, 0x06, 0xFF, 0x50, 0x00, 0x00,
  0x00, 0x00, 0x1F, 0xF9, 0x00, 0x7F, 0xF4, 0x00, 0x00, 0x00, 0x00, 0x00, 0xFF, 0xA0, 0x07, 0xFF, 0x40, 0x00, 0x00, 0x00,
  0x00, 0x0F, 0xFA, 0x00, 0x6F, 0xF5, 0x00, 0x00, 0x00, 0x00, 0x01, 0xFF, 0x90, 0x04, 0xFF, 0x60, 0x00, 0x00, 0x00, 0x00,
  0x3F, 0xF8, 0x00, 0x2F, 0xF9, 0x00, 0x00, 0x00, 0x00, 0x06, 0xFF, 0x50, 0x00, 0xCF, 0xE0, 0x00, 0x00, 0x00, 0x00, 0xAF,
  0xE1, 0x00, 0x07, 0xFF, 0x70, 0x00, 0x00, 0x00, 0x3F, 0xFB, 0x00, 0x00, 0x0C, 0xFF, 0x60, 0x00, 0x00, 0x2D, 0xFE, 0x30,
  0x00, 0x00, 0x3E, 0xFF, 0xB6, 0x56, 0x9E, 0xFF, 0x70, 0x00, 0x00, 0x00, 0x3D, 0xFF, 0xFF, 0xFF, 0xFE, 0x60, 0x00, 0x00,
  0x00, 0x00, 0x17, 0xBE, 0xFE, 0xC8, 0x20, 0x00, 0x00, 0x00, 0x9F, 0xFF, 0xFF, 0xFF, 0xFF, 0xFF, 0xFF, 0xF9, 0x00, 0x00,
  0x9F, 0xFF, 0xFF, 0xFF, 0xFF, 0xFF, 0xFF, 0xF9, 0x00, 0x00, 0x9F, 0xF4, 0x33, 0x33, 0x33, 0x33, 0x5F, 0xF9, 0x00, 0x00,
  0x9F, 0xF1, 0x00, 0x00, 0x00, 0x00, 0x3F, 0xF9, 0x00, 0x00, 0x9F, 0xF1, 0x00, 0x00, 0x00, 0x00, 0x3F, 0xF9, 0x00, 0x00,
  0x9F, 0xF1, 0x00, 0x00, 0x00, 0x00, 0x3F, 0xF9, 0x00, 0x00, 0x9F, 0xF1, 0x00, 0x00, 0x00, 0x00, 0x3F, 0xF9, 0x00, 0x00,
  0x9F, 0xF1, 0x00, 0x00, 0x00, 0x00, 0x3F, 0xF9, 0x00, 0x00, 0x9F, 0xF1, 0x00, 0x00, 0x00, 0x00, 0x3F, 0xF9, 0x00, 0x00,
  0x9F, 0xF1, 0x00, 0x00, 0x00, 0x00, 0x3F, 0xF9, 0x00, 0x00, 0x9F, 0xF1, 0x00, 0x00, 0x00, 0x00, 0x3F, 0xF9, 0x00, 0x00,
  0x9F, 0xF1, 0x00, 0x00, 0x00, 0x00, 0x3F, 0xF9, 0x00, 0x00, 0x9F, 0xF1, 0x00, 0x00, 0x00, 0x00, 0x3F, 0xF9, 0x00, 0x00,
  0x9F, 0xF1, 0x00, 0x00, 0x00, 0x00, 0x3F, 0xF9, 0x00, 0x00, 0x9F, 0xF1, 0x00, 0x00, 0x00, 0x00, 0x3F, 0xF9, 0x00, 0x00,
  0x9F, 0xF1, 0x00, 0x00, 0x00, 0x00, 0x3F, 0xF9, 0x00, 0x00, 0x9F, 0xF1, 0x00, 0x00, 0x00, 0x00, 0x3F, 0xF9, 0x00, 0x00,
  0x9F, 0xF1, 0x00, 0x00, 0x00, 0x00, 0x3F, 0xF9, 0x00, 0x00, 0x9F, 0xF1, 0x00, 0x00, 0x00, 0x00, 0x3F, 0xF9, 0x00, 0x00,
  0x9F, 0xF1, 0x00, 0x00, 0x00, 0x00, 0x3F, 0xF9, 0x00, 0x00, 0xBF, 0xFF, 0xFF, 0xFF, 0xED, 0x93, 0x00, 0x00, 0x00, 0xBF,
  0xFF, 0xFF, 0xFF, 0xFF, 0xFF, 0x80, 0x00, 0x00, 0xBF, 0xE3, 0x33, 0x33, 0x48, 0xEF, 0xF8, 0x00, 0x00, 0xBF, 0xE0, 0x00,
  0x00, 0x00, 0x2D, 0xFF, 0x20, 0x00, 0xBF, 0xE0, 0x00, 0x00, 0x00, 0x06, 0xFF, 0x70, 0x00, 0xBF, 0xE0, 0x00, 0x00, 0x00,
  0x01, 0xFF, 0x90, 0x00, 0xBF, 0xE0, 0x00, 0x00, 0x00, 0x01, 0xFF, 0xA0, 0x00, 0xBF, 0xE0, 0x00, 0x00, 0x00, 0x04, 0xFF,
  0x80, 0x00, 0xBF, 0xE0, 0x00, 0x00, 0x00, 0x0B, 0xFF, 0x40, 0x00, 0xBF, 0xE0, 0x00, 0x00, 0x25, 0xCF, 0xFB, 0x00, 0x00,
  0xBF, 0xFF, 0xFF, 0xFF, 0xFF, 0xFF, 0xC1, 0x00, 0x00, 0xBF, 0xFF, 0xFF, 0xFF, 0xFF, 0xC7, 0x00, 0x00, 0x00, 0xBF, 0xE3,
  0x33, 0x33, 0x20, 0x00, 0x00, 0x00, 0x00, 0xBF, 0xE0, 0x00, 0x00, 0x00, 0x00, 0x00, 0x00, 0x00, 0xBF, 0xE0, 0x00, 0x00,
  0x00, 0x00, 0x00, 0x00, 0x00, 0xBF, 0xE0, 0x00, 0x00, 0x00, 0x00, 0x00, 0x00, 0x00, 0xBF, 0xE0, 0x00, 0x00, 0x00, 0x00,
  0x00, 0x00, 0x00, 0xBF, 0xE0, 0x00, 0x00, 0x00, 0x00, 0x00, 0x00, 0x00, 0xBF, 0xE0, 0x00, 0x00, 0x00, 0x00, 0x00, 0x00,
  0x00, 0xBF, 0xE0, 0x00, 0x00, 0x00, 0x00, 0x00, 0x00, 0x00, 0x00, 0x01, 0x7C, 0xEF, 0xEC, 0x92, 0x00, 0x00, 0x00, 0x00,
  0x3D, 0xFF, 0xFF, 0xFF, 0xFF, 0x60, 0x00, 0x00, 0x04, 0xEF, 0xFA, 0x53, 0x48, 0xEF, 0xF6, 0x00, 0x00, 0x1D, 0xFE, 0x40,
  0x00, 0x00, 0x2D, 0xFE, 0x20, 0x00, 0x8F, 0xF6, 0x00, 0x00, 0x00, 0x06, 0xFF, 0x80, 0x00, 0xCF, 0xD0, 0x00, 0x00, 0x00,
  0x00, 0xEF, 0xC0, 0x02, 0xFF, 0x90, 0x00, 0x00, 0x00, 0x00, 0x8B, 0xA0, 0x04, 0xFF, 0x60, 0x00, 0x00, 0x00, 0x00, 0x00,
  0x00, 0x06, 0xFF, 0x50, 0x00, 0x00, 0x00, 0x00, 0x00, 0x00, 0x07, 0xFF, 0x50, 0x00, 0x00, 0x00, 0x00, 0x00, 0x00, 0x06,
  0xFF, 0x50, 0x00, 0x00, 0x00, 0x00, 0x00, 0x00, 0x06, 0xFF, 0x50, 0x00, 0x00, 0x00, 0x00, 0x00, 0x00, 0x05, 0xFF, 0x60,
  0x00, 0x00, 0x00, 0x00, 0x00, 0x00, 0x02, 0xFF, 0x90, 0x00, 0x00, 0x00, 0x00, 0x8A, 0x90, 0x00, 0xDF, 0xD0, 0x00, 0x00,
  0x00, 0x00, 0xEF, 0xC0, 0x00, 0x8F, 0xF6, 0x00, 0x00, 0x00, 0x05, 0xFF, 0x70, 0x00, 0x1E, 0xFE, 0x30, 0x00, 0x00, 0x2D,
  0xFE, 0x20, 0x00, 0x05, 0xFF, 0xE9, 0x43, 0x48, 0xEF, 0xF6, 0x00, 0x00, 0x00, 0x5E, 0xFF, 0xFF, 0xFF, 0xFE, 0x60, 0x00,
  0x00, 0x00, 0x01, 0x8C, 0xEF, 0xEC, 0x82, 0x00, 0x00, 0x6F, 0xFF, 0xFF, 0xFF, 0xFF, 0xFF, 0xFF, 0xFF, 0x16, 0xFF, 0xFF,
  0xFF, 0xFF, 0xFF, 0xFF, 0xFF, 0xF1, 0x13, 0x33, 0x33, 0x3E, 0xFB, 0x33, 0x33, 0x33, 0x00, 0x00, 0x00, 0x00, 0xEF, 0xB0,
  0x00, 0x00, 0x00, 0x00, 0x00, 0x00, 0x0E, 0xFB, 0x00, 0x00, 0x00, 0x00, 0x00, 0x00, 0x00, 0xEF, 0xB0, 0x00, 0x00, 0x00,
  0x00, 0x00, 0x00, 0x0E, 0xFB, 0x00, 0x00, 0x00, 0x00, 0x00, 0x00, 0x00, 0xEF, 0xB0, 0x00, 0x00, 0x00, 0x00, 0x00, 0x00,
  0x0E, 0xFB, 0x00, 0x00, 0x00, 0x00, 0x00, 0x00, 0x00, 0xEF, 0xB0, 0x00, 0x00, 0x00, 0x00, 0x00, 0x00, 0x0E, 0xFB, 0x00,
  0x00, 0x00, 0x00, 0x00, 0x00, 0x00, 0xEF, 0xB0, 0x00, 0x00, 0x00, 0x00, 0x00, 0x00, 0x0E, 0xFB, 0x00, 0x00, 0x00, 0x00,
  0x00, 0x00, 0x00, 0xEF, 0xB0, 0x00, 0x00, 0x00, 0x00, 0x00, 0x00, 0x0E, 0xFB, 0x00, 0x00, 0x00, 0x00, 0x00, 0x00, 0x00,
  0xEF, 0xB0, 0x00, 0x00, 0x00, 0x00, 0x00, 0x00, 0x0E, 0xFB, 0x00, 0x00, 0x00, 0x00, 0x00, 0x00, 0x00, 0xEF, 0xB0, 0x00,
  0x00, 0x00, 0x00, 0x00, 0x00, 0x0E, 0xFB, 0x00, 0x00, 0x00, 0x00, 0x00, 0x00, 0x00, 0xEF, 0xB0, 0x00, 0x00, 0x00, 0x0B,
  0xFF, 0x40, 0x00, 0x00, 0x00, 0x08, 0xFF, 0x90, 0x05, 0xFF, 0xB0, 0x00, 0x00, 0x00, 0x0D, 0xFF, 0x30, 0x00, 0xCF, 0xF3,
  0x00, 0x00, 0x00, 0x5F, 0xFB, 0x00, 0x00, 0x6F, 0xF9, 0x00, 0x00, 0x00, 0xBF, 0xF5, 0x00, 0x00, 0x0D, 0xFE, 0x20, 0x00,
  0x02, 0xFF, 0xD0, 0x00, 0x00, 0x07, 0xFF, 0x80, 0x00, 0x08, 0xFF, 0x70, 0x00, 0x00, 0x01, 0xEF, 0xE1, 0x00, 0x0D, 0xFE,
  0x10, 0x00, 0x00, 0x00, 0x8F, 0xF6, 0x00, 0x5F, 0xF9, 0x00, 0x00, 0x00, 0x00, 0x1E, 0xFD, 0x00, 0xBF, 0xF3, 0x00, 0x00,
  0x00, 0x00, 0x09, 0xFF, 0x52, 0xFF, 0xB0, 0x00, 0x00, 0x00, 0x00, 0x02, 0xFF, 0xB8, 0xFF, 0x50, 0x00, 0x00, 0x00, 0x00,
  0x00, 0xAF, 0xFE, 0xFD, 0x00, 0x00, 0x00, 0x00, 0x00, 0x00, 0x3F, 0xFF, 0xF7, 0x00, 0x00, 0x00, 0x00, 0x00, 0x00, 0x0B,
  0xFF, 0xE1, 0x00, 0x00, 0x00, 0x00, 0x00, 0x00, 0x05, 0xFF, 0x90, 0x00, 0x00, 0x00, 0x00, 0x00, 0x00, 0x09, 0xFF, 0x30,
  0x00, 0x00, 0x00, 0x00, 0x00, 0x00, 0x2E, 0xFB, 0x00, 0x00, 0x00, 0x00, 0x00, 0x02, 0x35, 0xCF, 0xF4, 0x00, 0x00, 0x00,
  0x00, 0x00, 0x07, 0xFF, 0xFF, 0x80, 0x00, 0x00, 0x00, 0x00, 0x00, 0x07, 0xFE, 0xC6, 0x00, 0x00, 0x00, 0x00, 0x00, 0x00,
  0x00, 0x00, 0x00, 0x07, 0xFF, 0x30, 0x00, 0x00, 0x00, 0x00, 0x00, 0x00, 0x00, 0x00, 0x07, 0xFF, 0x30, 0x00, 0x00, 0x00,
  0x00, 0x00, 0x00, 0x00, 0x00, 0x07, 0xFF, 0x30, 0x00, 0x00, 0x00, 0x00, 0x00, 0x00, 0x03, 0x9D, 0xEF, 0xFF, 0xFE, 0xC8,
  0x20, 0x00, 0x00, 0x00, 0x00, 0x9F, 0xFF, 0xFF, 0xFF, 0xFF, 0xFF, 0xE6, 0x00, 0x00, 0x00, 0x0B, 0xFF, 0xB5, 0x38, 0xFF,
  0x43, 0x6C, 0xFF, 0x80, 0x00, 0x00, 0x9F, 0xF6, 0x00, 0x07, 0xFF, 0x30, 0x00, 0xAF, 0xF5, 0x00, 0x03, 0xFF, 0x90, 0x00,
  0x07, 0xFF, 0x30, 0x00, 0x0C, 0xFD, 0x00, 0x08, 0xFF, 0x20, 0x00, 0x07, 0xFF, 0x30, 0x00, 0x06, 0xFF, 0x40, 0x0B, 0xFC,
  0x00, 0x00, 0x07, 0xFF, 0x30, 0x00, 0x02, 0xFF, 0x80, 0x0D, 0xFB, 0x00, 0x00, 0x07, 0xFF, 0x30, 0x00, 0x00, 0xEF, 0x90,
  0x0D, 0xFB, 0x00, 0x00, 0x07, 0xFF, 0x30, 0x00, 0x00, 0xFF, 0x90, 0x0B, 0xFC, 0x00, 0x00, 0x07, 0xFF, 0x30, 0x00, 0x02,
  0xFF, 0x80, 0x08, 0xFF, 0x20, 0x00, 0x07, 0xFF, 0x30, 0x00, 0x06, 0xFF, 0x40, 0x03, 0xFF, 0x90, 0x00, 0x07, 0xFF, 0x30,
  0x00, 0x0C, 0xFD, 0x00, 0x00, 0x9F, 0xF6, 0x00, 0x07, 0xFF, 0x30, 0x00, 0xAF, 0xF5, 0x00, 0x00, 0x0C, 0xFF, 0xB6, 0x38,
  0xFF, 0x43, 0x7D, 0xFF, 0x80, 0x00, 0x00, 0x01, 0x9F, 0xFF, 0xFF, 0xFF, 0xFF, 0xFF, 0xE6, 0x00, 0x00, 0x00, 0x00, 0x03,
  0x9D, 0xEF, 0xFF, 0xFE, 0xC7, 0x10, 0x00, 0x00, 0x00, 0x00, 0x00, 0x00, 0x07, 0xFF, 0x30, 0x00, 0x00, 0x00, 0x00, 0x00,
  0x00, 0x00, 0x00, 0x07, 0xFF, 0x30, 0x00, 0x00, 0x00, 0x00, 0x00, 0x00, 0x00, 0x00, 0x07, 0xFF, 0x30, 0x00, 0x00, 0x00,
  0x00, 0x0C, 0xFF, 0x60, 0x00, 0x00, 0x00, 0x0C, 0xFF, 0x60, 0x03, 0xFF, 0xE1, 0x00, 0x00, 0x00, 0x6F, 0xFB, 0x00, 0x00,
  0x8F, 0xF9, 0x00, 0x00, 0x01, 0xEF, 0xE3, 0x00, 0x00, 0x1D, 0xFF, 0x40, 0x00, 0x0A, 0xFF, 0x80, 0x00, 0x00, 0x04, 0xFF,
  0xD0, 0x00, 0x4F, 0xFC, 0x00, 0x00, 0x00, 0x00, 0x9F, 0xF8, 0x00, 0xDF, 0xF4, 0x00, 0x00, 0x00, 0x00, 0x1E, 0xFE, 0x38,
  0xFF, 0x90, 0x00, 0x00, 0x00, 0x00, 0x05, 0xFF, 0xCE, 0xFD, 0x10, 0x00, 0x00, 0x00, 0x00, 0x00, 0xBF, 0xFF, 0xF5, 0x00,
  0x00, 0x00, 0x00, 0x00, 0x00, 0x2E, 0xFF, 0xA0, 0x00, 0x00, 0x00, 0x00, 0x00, 0x00, 0x3F, 0xFF, 0xC0, 0x00, 0x00, 0x00,
  0x00, 0x00, 0x00, 0xCF, 0xFF, 0xF7, 0x00, 0x00, 0x00, 0x00, 0x00, 0x07, 0xFF, 0xBE, 0xFE, 0x20, 0x00, 0x00, 0x00, 0x00,
  0x2E, 0xFE, 0x27, 0xFF, 0xB0, 0x00, 0x00, 0x00, 0x00, 0xBF, 0xF6, 0x00, 0xCF, 0xF5, 0x00, 0x00, 0x00, 0x06, 0xFF, 0xB0,
  0x00, 0x3F, 0xFE, 0x10, 0x00, 0x00, 0x2E, 0xFF, 0x30, 0x00, 0x08, 0xFF, 0x90, 0x00, 0x00, 0xAF, 0xF8, 0x00, 0x00, 0x01,
  0xDF, 0xF4, 0x00, 0x05, 0xFF, 0xD0, 0x00, 0x00, 0x00, 0x5F, 0xFD, 0x10, 0x1D, 0xFF, 0x40, 0x00, 0x00, 0x00, 0x0A, 0xFF,
  0x80, 0x00, 0xAF, 0xF1, 0x00, 0x00, 0x00, 0x00, 0x3F, 0xF8, 0x00, 0x00, 0xAF, 0xF1, 0x00, 0x00, 0x00, 0x00, 0x3F, 0xF8,
  0x00, 0x00, 0xAF, 0xF1, 0x00, 0x00, 0x00, 0x00, 0x3F, 0xF8, 0x00, 0x00, 0xAF, 0xF1, 0x00, 0x00, 0x00, 0x00, 0x3F, 0xF8,
  0x00, 0x00, 0xAF, 0xF1, 0x00, 0x00, 0x00, 0x00, 0x3F, 0xF8, 0x00, 0x00, 0xAF, 0xF1, 0x00, 0x00, 0x00, 0x00, 0x3F, 0xF8,
  0x00, 0x00, 0xAF, 0xF1, 0x00, 0x00, 0x00, 0x00, 0x3F, 0xF8, 0x00, 0x00, 0xAF, 0xF1, 0x00, 0x00, 0x00, 0x00, 0x3F, 0xF8,
  0x00, 0x00, 0xAF, 0xF1, 0x00, 0x00, 0x00, 0x00, 0x3F, 0xF8, 0x00, 0x00, 0xAF, 0xF1, 0x00, 0x00, 0x00, 0x00, 0x3F, 0xF8,
  0x00, 0x00, 0xAF, 0xF1, 0x00, 0x00, 0x00, 0x00, 0x3F, 0xF8, 0x00, 0x00, 0xAF, 0xF1, 0x00, 0x00, 0x00, 0x00, 0x3F, 0xF8,
  0x00, 0x00, 0xAF, 0xF1, 0x00, 0x00, 0x00, 0x00, 0x3F, 0xF8, 0x00, 0x00, 0xAF, 0xF1, 0x00, 0x00, 0x00, 0x00, 0x3F, 0xF8,
  0x00, 0x00, 0xAF, 0xF1, 0x00, 0x00, 0x00, 0x00, 0x3F, 0xF8, 0x00, 0x00, 0xAF, 0xF1, 0x00, 0x00, 0x00, 0x00, 0x3F, 0xF8,
  0x00, 0x00, 0xAF, 0xF1, 0x00, 0x00, 0x00, 0x00, 0x3F, 0xF8, 0x00, 0x00, 0xAF, 0xF3, 0x33, 0x33, 0x33, 0x33, 0x5F, 0xF9,
  0x42, 0x00, 0xAF, 0xFF, 0xFF, 0xFF, 0xFF, 0xFF, 0xFF, 0xFF, 0xF9, 0x00, 0xAF, 0xFF, 0xFF, 0xFF, 0xFF, 0xFF, 0xFF, 0xFF,
  0xF8, 0x00, 0x00, 0x00, 0x00, 0x00, 0x00, 0x00, 0x00, 0x1F, 0xF8, 0x00, 0x00, 0x00, 0x00, 0x00, 0x00, 0x00, 0x00, 0x1F,
  0xF7, 0x00, 0x00, 0x00, 0x00, 0x00, 0x00, 0x00, 0x00, 0x1F, 0xF7, 0x00, 0x00, 0x00, 0x00, 0x00, 0x00, 0x00, 0x00, 0x1F,
  0xF6, 0x00, 0x00, 0x00, 0x00, 0x00, 0x00, 0x00, 0x00, 0x1F, 0xF6, 0x00, 0xEF, 0xB0, 0x00, 0x00, 0x00, 0x00, 0xEF, 0xC0,
  0x00, 0x0E, 0xFB, 0x00, 0x00, 0x00, 0x00, 0x0E, 0xFC, 0x00, 0x00, 0xEF, 0xB0, 0x00, 0x00, 0x00, 0x00, 0xEF, 0xC0, 0x00,
  0x0E, 0xFB, 0x00, 0x00, 0x00, 0x00, 0x0E, 0xFC, 0x00, 0x00, 0xEF, 0xB0, 0x00, 0x00, 0x00, 0x00, 0xEF, 0xC0, 0x00, 0x0E,
  0xFB, 0x00, 0x00, 0x00, 0x00, 0x0E, 0xFC, 0x00, 0x00, 0xEF, 0xB0, 0x00, 0x00, 0x00, 0x00, 0xEF, 0xC0, 0x00, 0x0D, 0xFD,
  0x00, 0x00, 0x00, 0x00, 0x0E, 0xFC, 0x00, 0x00, 0xAF, 0xF4, 0x00, 0x00, 0x00, 0x00, 0xEF, 0xC0, 0x00, 0x04, 0xFF, 0xE7,
  0x20, 0x12, 0x47, 0xAF, 0xFC, 0x00, 0x00, 0x07, 0xFF, 0xFF, 0xFF, 0xFF, 0xFF, 0xFF, 0xC0, 0x00, 0x00, 0x04, 0xBE, 0xFF,
  0xFF, 0xFD, 0x9E, 0xFC, 0x00, 0x00, 0x00, 0x00, 0x02, 0x33, 0x20, 0x00, 0xEF, 0xC0, 0x00, 0x00, 0x00, 0x00, 0x00, 0x00,
  0x00, 0x0E, 0xFC, 0x00, 0x00, 0x00, 0x00, 0x00, 0x00, 0x00, 0x00, 0xEF, 0xC0, 0x00, 0x00, 0x00, 0x00, 0x00, 0x00, 0x00,
  0x0E, 0xFC, 0x00, 0x00, 0x00, 0x00, 0x00, 0x00, 0x00, 0x00, 0xEF, 0xC0, 0x00, 0x00, 0x00, 0x00, 0x00, 0x00, 0x00, 0x0E,
  0xFC, 0x00, 0x00, 0x00, 0x00, 0x00, 0x00, 0x00, 0x00, 0xEF, 0xC0, 0x00, 0x00, 0x00, 0x00, 0x00, 0x00, 0x00, 0x0E, 0xFC,
  0x00, 0x00, 0xAF, 0xF1, 0x00, 0x00, 0x02, 0xFF, 0x80, 0x00, 0x00, 0x0B, 0xFE, 0x00, 0x00, 0xAF, 0xF1, 0x00, 0x00, 0x02,
  0xFF, 0x80, 0x00, 0x00, 0x0B, 0xFE, 0x00, 0x00, 0xAF, 0xF1, 0x00, 0x00, 0x02, 0xFF, 0x80, 0x00, 0x00, 0x0B, 0xFE, 0x00,
  0x00, 0xAF, 0xF1, 0x00, 0x00, 0x02, 0xFF, 0x80, 0x00, 0x00, 0x0B, 0xFE, 0x00, 0x00, 0xAF, 0xF1, 0x00, 0x00, 0x02, 0xFF,
  0x80, 0x00, 0x00, 0x0B, 0xFE, 0x00, 0x00, 0xAF, 0xF1, 0x00, 0x00, 0x02, 0xFF, 0x80, 0x00, 0x00, 0x0B, 0xFE, 0x00, 0x00,
  0xAF, 0xF1, 0x00, 0x00, 0x02, 0xFF, 0x80, 0x00, 0x00, 0x0B, 0xFE, 0x00, 0x00, 0xAF, 0xF1, 0x00, 0x00, 0x02, 0xFF, 0x80,
  0x00, 0x00, 0x0B, 0xFE, 0x00, 0x00, 0xAF, 0xF1, 0x00, 0x00, 0x02, 0xFF, 0x80, 0x00, 0x00, 0x0B, 0xFE, 0x00, 0x00, 0xAF,
  0xF1, 0x00, 0x00, 0x02, 0xFF, 0x80, 0x00, 0x00, 0x0B, 0xFE, 0x00, 0x00, 0xAF, 0xF1, 0x00, 0x00, 0x02, 0xFF, 0x80, 0x00,
  0x00, 0x0B, 0xFE, 0x00, 0x00, 0xAF, 0xF1, 0x00, 0x00, 0x02, 0xFF, 0x80, 0x00, 0x00, 0x0B, 0xFE, 0x00, 0x00, 0xAF, 0xF1,
  0x00, 0x00, 0x02, 0xFF, 0x80, 0x00, 0x00, 0x0B, 0xFE, 0x00, 0x00, 0xAF, 0xF1, 0x00, 0x00, 0x02, 0xFF, 0x80, 0x00, 0x00,
  0x0B, 0xFE, 0x00, 0x00, 0xAF, 0xF1, 0x00, 0x00, 0x02, 0xFF, 0x80, 0x00, 0x00, 0x0B, 0xFE, 0x00, 0x00, 0xAF, 0xF1, 0x00,
  0x00, 0x02, 0xFF, 0x80, 0x00, 0x00, 0x0B, 0xFE, 0x00, 0x00, 0xAF, 0xF1, 0x00, 0x00, 0x02, 0xFF, 0x80, 0x00, 0x00, 0x0B,
  0xFE, 0x00, 0x00, 0xAF, 0xF3, 0x33, 0x33, 0x34, 0xFF, 0x93, 0x33, 0x33, 0x3C, 0xFE, 0x00, 0x00, 0xAF, 0xFF, 0xFF, 0xFF,
  0xFF, 0xFF, 0xFF, 0xFF, 0xFF, 0xFF, 0xFE, 0x00, 0x00, 0xAF, 0xFF, 0xFF, 0xFF, 0xFF, 0xFF, 0xFF, 0xFF, 0xFF, 0xFF, 0xFE,
  0x00, 0x00, 0xAF, 0xF1, 0x00, 0x00, 0x02, 0xFF, 0x80, 0x00, 0x00, 0x0B, 0xFE, 0x00, 0x00, 0x0A, 0xFF, 0x10, 0x00, 0x00,
  0x2F, 0xF8, 0x00, 0x00, 0x00, 0xBF, 0xE0, 0x00, 0x00, 0xAF, 0xF1, 0x00, 0x00, 0x02, 0xFF, 0x80, 0x00, 0x00, 0x0B, 0xFE,
  0x00, 0x00, 0x0A, 0xFF, 0x10, 0x00, 0x00, 0x2F, 0xF8, 0x00, 0x00, 0x00, 0xBF, 0xE0, 0x00, 0x00, 0xAF, 0xF1, 0x00, 0x00,
  0x02, 0xFF, 0x80, 0x00, 0x00, 0x0B, 0xFE, 0x00, 0x00, 0x0A, 0xFF, 0x10, 0x00, 0x00, 0x2F, 0xF8, 0x00, 0x00, 0x00, 0xBF,
  0xE0, 0x00, 0x00, 0xAF, 0xF1, 0x00, 0x00, 0x02, 0xFF, 0x80, 0x00, 0x00, 0x0B, 0xFE, 0x00, 0x00, 0x0A, 0xFF, 0x10, 0x00,
  0x00, 0x2F, 0xF8, 0x00, 0x00, 0x00, 0xBF, 0xE0, 0x00, 0x00, 0xAF, 0xF1, 0x00, 0x00, 0x02, 0xFF, 0x80, 0x00, 0x00, 0x0B,
  0xFE, 0x00, 0x00, 0x0A, 0xFF, 0x10, 0x00, 0x00, 0x2F, 0xF8, 0x00, 0x00, 0x00, 0xBF, 0xE0, 0x00, 0x00, 0xAF, 0xF1, 0x00,
  0x00, 0x02, 0xFF, 0x80, 0x00, 0x00, 0x0B, 0xFE, 0x00, 0x00, 0x0A, 0xFF, 0x10, 0x00, 0x00, 0x2F, 0xF8, 0x00, 0x00, 0x00,
  0xBF, 0xE0, 0x00, 0x00, 0xAF, 0xF1, 0x00, 0x00, 0x02, 0xFF, 0x80, 0x00, 0x00, 0x0B, 0xFE, 0x00, 0x00, 0x0A, 0xFF, 0x10,
  0x00, 0x00, 0x2F, 0xF8, 0x00, 0x00, 0x00, 0xBF, 0xE0, 0x00, 0x00, 0xAF, 0xF1, 0x00, 0x00, 0x02, 0xFF, 0x80, 0x00, 0x00,
  0x0B, 0xFE, 0x00, 0x00, 0x0A, 0xFF, 0x10, 0x00, 0x00, 0x2F, 0xF8, 0x00, 0x00, 0x00, 0xBF, 0xE0, 0x00, 0x00, 0xAF, 0xF1,
  0x00, 0x00, 0x02, 0xFF, 0x80, 0x00, 0x00, 0x0B, 0xFE, 0x00, 0x00, 0x0A, 0xFF, 0x33, 0x33, 0x33, 0x4F, 0xF9, 0x33, 0x33,
  0x33, 0xCF, 0xE1, 0x10, 0x00, 0xAF, 0xFF, 0xFF, 0xFF, 0xFF, 0xFF, 0xFF, 0xFF, 0xFF, 0xFF, 0xFF, 0xFE, 0x00, 0x0A, 0xFF,
  0xFF, 0xFF, 0xFF, 0xFF, 0xFF, 0xFF, 0xFF, 0xFF, 0xFF, 0xFF, 0xE0, 0x00, 0x00, 0x00, 0x00, 0x00, 0x00, 0x00, 0x00, 0x00,
  0x00, 0x00, 0x09, 0xFD, 0x00, 0x00, 0x00, 0x00, 0x00, 0x00, 0x00, 0x00, 0x00, 0x00, 0x00, 0x00, 0x9F, 0xD0, 0x00, 0x00,
  0x00, 0x00, 0x00, 0x00, 0x00, 0x00, 0x00, 0x00, 0x00, 0x09, 0xFC, 0x00, 0x00, 0x00, 0x00, 0x00, 0x00, 0x00, 0x00, 0x00,
  0x00, 0x00, 0x00, 0x9F, 0xC0, 0x00, 0x00, 0x00, 0x00, 0x00, 0x00, 0x00, 0x00, 0x00, 0x00, 0x00, 0x09, 0xFB, 0x00, 0xCF,
  0xFF, 0xFF, 0xFF, 0x80, 0x00, 0x00, 0x00, 0x00, 0x00, 0x0C, 0xFF, 0xFF, 0xFF, 0xF8, 0x00, 0x00, 0x00, 0x00, 0x00, 0x00,
  0x12, 0x22, 0x24, 0xFF, 0x80, 0x00, 0x00, 0x00, 0x00, 0x00, 0x00, 0x00, 0x00, 0x3F, 0xF8, 0x00, 0x00, 0x00, 0x00, 0x00,
  0x00, 0x00, 0x00, 0x03, 0xFF, 0x80, 0x00, 0x00, 0x00, 0x00, 0x00, 0x00, 0x00, 0x00, 0x3F, 0xF8, 0x00, 0x00, 0x00, 0x00,
  0x00, 0x00, 0x00, 0x00, 0x03, 0xFF, 0x80, 0x00, 0x00, 0x00, 0x00, 0x00, 0x00, 0x00, 0x00, 0x3F, 0xF8, 0x00, 0x00, 0x00,
  0x00, 0x00, 0x00, 0x00, 0x00, 0x03, 0xFF, 0xFF, 0xFF, 0xFF, 0xEB, 0x71, 0x00, 0x00, 0x00, 0x00, 0x3F, 0xFF, 0xFF, 0xFF,
  0xFF, 0xFF, 0xD4, 0x00, 0x00, 0x00, 0x03, 0xFF, 0x93, 0x33, 0x34, 0x6B, 0xFF, 0xE2, 0x00, 0x00, 0x00, 0x3F, 0xF8, 0x00,
  0x00, 0x00, 0x07, 0xFF, 0x90, 0x00, 0x00, 0x03, 0xFF, 0x80, 0x00, 0x00, 0x00, 0x0D, 0xFD, 0x00, 0x00, 0x00, 0x3F, 0xF8,
  0x00, 0x00, 0x00, 0x00, 0xBF, 0xF0, 0x00, 0x00, 0x03, 0xFF, 0x80, 0x00, 0x00, 0x00, 0x0B, 0xFF, 0x00, 0x00, 0x00, 0x3F,
  0xF8, 0x00, 0x00, 0x00, 0x00, 0xEF, 0xD0, 0x00, 0x00, 0x03, 0xFF, 0x80, 0x00, 0x00, 0x00, 0x8F, 0xF8, 0x00, 0x00, 0x00,
  0x3F, 0xF9, 0x33, 0x33, 0x35, 0xBF, 0xFD, 0x10, 0x00, 0x00, 0x03, 0xFF, 0xFF, 0xFF, 0xFF, 0xFF, 0xFD, 0x30, 0x00, 0x00,
  0x00, 0x3F, 0xFF, 0xFF, 0xFF, 0xFE, 0xB7, 0x10, 0x00, 0x00, 0x9F, 0xF1, 0x00, 0x00, 0x00, 0x00, 0x00, 0x00, 0x0F, 0xFB,
  0x00, 0x00, 0x9F, 0xF1, 0x00, 0x00, 0x00, 0x00, 0x00, 0x00, 0x0F, 0xFB, 0x00, 0x00, 0x9F, 0xF1, 0x00, 0x00, 0x00, 0x00,
  0x00, 0x00, 0x0F, 0xFB, 0x00, 0x00, 0x9F, 0xF1, 0x00, 0x00, 0x00, 0x00, 0x00, 0x00, 0x0F, 0xFB, 0x00, 0x00, 0x9F, 0xF1,
  0x00, 0x00, 0x00, 0x00, 0x00, 0x00, 0x0F, 0xFB, 0x00, 0x00, 0x9F, 0xF1, 0x00, 0x00, 0x00, 0x00, 0x00, 0x00, 0x0F, 0xFB,
  0x00, 0x00, 0x9F, 0xF1, 0x00, 0x00, 0x00, 0x00, 0x00, 0x00, 0x0F, 0xFB, 0x00, 0x00, 0x9F, 0xF1, 0x00, 0x00, 0x00, 0x00,
  0x00, 0x00, 0x0F, 0xFB, 0x00, 0x00, 0x9F, 0xFF, 0xFF, 0xFF, 0xED, 0xA5, 0x00, 0x00, 0x0F, 0xFB, 0x00, 0x00, 0x9F, 0xFF,
  0xFF, 0xFF, 0xFF, 0xFF, 0xA1, 0x00, 0x0F, 0xFB, 0x00, 0x00, 0x9F, 0xF4, 0x33, 0x33, 0x57, 0xEF, 0xFA, 0x00, 0x0F, 0xFB,
  0x00, 0x00, 0x9F, 0xF1, 0x00, 0x00, 0x00, 0x1C, 0xFF, 0x30, 0x0F, 0xFB, 0x00, 0x00, 0x9F, 0xF1, 0x00, 0x00, 0x00, 0x05,
  0xFF, 0x80, 0x0F, 0xFB, 0x00, 0x00, 0x9F, 0xF1, 0x00, 0x00, 0x00, 0x01, 0xFF, 0xA0, 0x0F, 0xFB, 0x00, 0x00, 0x9F, 0xF1,
  0x00, 0x00, 0x00, 0x02, 0xFF, 0x90, 0x0F, 0xFB, 0x00, 0x00, 0x9F, 0xF1, 0x00, 0x00, 0x00, 0x05, 0xFF, 0x70, 0x0F, 0xFB,
  0x00, 0x00, 0x9F, 0xF1, 0x00, 0x00, 0x00, 0x1D, 0xFF, 0x30, 0x0F, 0xFB, 0x00, 0x00, 0x9F, 0xF4, 0x33, 0x33, 0x47, 0xDF,
  0xF9, 0x00, 0x0F, 0xFB, 0x00, 0x00, 0x9F, 0xFF, 0xFF, 0xFF, 0xFF, 0xFF, 0x90, 0x00, 0x0F, 0xFB, 0x00, 0x00, 0x9F, 0xFF,
  0xFF, 0xFF, 0xED, 0xA4, 0x00, 0x00, 0x0F, 0xFB, 0x00, 0x00, 0xCF, 0xD0, 0x00, 0x00, 0x00, 0x00, 0x00, 0x00, 0x00, 0xCF,
  0xD0, 0x00, 0x00, 0x00, 0x00, 0x00, 0x00, 0x00, 0xCF, 0xD0, 0x00, 0x00, 0x00, 0x00, 0x00, 0x00, 0x00, 0xCF, 0xD0, 0x00,
  0x00, 0x00, 0x00, 0x00, 0x00, 0x00, 0xCF, 0xD0, 0x00, 0x00, 0x00, 0x00, 0x00, 0x00, 0x00, 0xCF, 0xD0, 0x00, 0x00, 0x00,
  0x00, 0x00, 0x00, 0x00, 0xCF, 0xD0, 0x00, 0x00, 0x00, 0x00, 0x00, 0x00, 0x00, 0xCF, 0xD0, 0x00, 0x00, 0x00, 0x00, 0x00,
  0x00, 0x00, 0xCF, 0xFF, 0xFF, 0xFF, 0xED, 0x93, 0x00, 0x00, 0x00, 0xCF, 0xFF, 0xFF, 0xFF, 0xFF, 0xFF, 0x80, 0x00, 0x00,
  0xCF, 0xD3, 0x33, 0x33, 0x58, 0xEF, 0xF7, 0x00, 0x00, 0xCF, 0xD0, 0x00, 0x00, 0x00, 0x3E, 0xFE, 0x10, 0x00, 0xCF, 0xD0,
  0x00, 0x00, 0x00, 0x08, 0xFF, 0x50, 0x00, 0xCF, 0xD0, 0x00, 0x00, 0x00, 0x05, 0xFF, 0x70, 0x00, 0xCF, 0xD0, 0x00, 0x00,
  0x00, 0x05, 0xFF, 0x60, 0x00, 0xCF, 0xD0, 0x00, 0x00, 0x00, 0x08, 0xFF, 0x40, 0x00, 0xCF, 0xD0, 0x00, 0x00, 0x00, 0x3E,
  0xFE, 0x00, 0x00, 0xCF, 0xD3, 0x33, 0x33, 0x48, 0xEF, 0xF6, 0x00, 0x00, 0xCF, 0xFF, 0xFF, 0xFF, 0xFF, 0xFF, 0x70, 0x00,
  0x00, 0xCF, 0xFF, 0xFF, 0xFF, 0xED, 0x93, 0x00, 0x00, 0x00, 0x00, 0x02, 0x9C, 0xEF, 0xEB, 0x71, 0x00, 0x00, 0x00, 0x00,
  0x07, 0xFF, 0xFF, 0xFF, 0xFF, 0xD3, 0x00, 0x00, 0x00, 0x07, 0xFF, 0xE8, 0x43, 0x5A, 0xFF, 0xE4, 0x00, 0x00, 0x02, 0xEF,
  0xD2, 0x00, 0x00, 0x05, 0xEF, 0xD1, 0x00, 0x00, 0x8F, 0xF5, 0x00, 0x00, 0x00, 0x07, 0xFF, 0x70, 0x00, 0x0C, 0xFE, 0x00,
  0x00, 0x00, 0x00, 0x0E, 0xFC, 0x00, 0x00, 0xAB, 0x80, 0x00, 0x00, 0x00, 0x00, 0xAF, 0xF2, 0x00, 0x00, 0x00, 0x00, 0x00,
  0x00, 0x00, 0x07, 0xFF, 0x40, 0x00, 0x00, 0x00, 0x00, 0x00, 0x00, 0x00, 0x6F, 0xF5, 0x00, 0x00, 0x00, 0x03, 0xFF, 0xFF,
  0xFF, 0xFF, 0xFF, 0x60, 0x00, 0x00, 0x00, 0x3F, 0xFF, 0xFF, 0xFF, 0xFF, 0xF6, 0x00, 0x00, 0x00, 0x01, 0x33, 0x33, 0x33,
  0x37, 0xFF, 0x50, 0x00, 0x00, 0x00, 0x00, 0x00, 0x00, 0x00, 0x7F, 0xF4, 0x00, 0x09, 0xA7, 0x00, 0x00, 0x00, 0x00, 0x09,
  0xFF, 0x20, 0x00, 0xCF, 0xE0, 0x00, 0x00, 0x00, 0x00, 0xDF, 0xC0, 0x00, 0x08, 0xFF, 0x50, 0x00, 0x00, 0x00, 0x6F, 0xF7,
  0x00, 0x00, 0x2E, 0xFD, 0x10, 0x00, 0x00, 0x3E, 0xFD, 0x10, 0x00, 0x00, 0x7F, 0xFD, 0x84, 0x35, 0x9F, 0xFE, 0x40, 0x00,
  0x00, 0x00, 0x7E, 0xFF, 0xFF, 0xFF, 0xFE, 0x40, 0x00, 0x00, 0x00, 0x00, 0x28, 0xCE, 0xFE, 0xC8, 0x10, 0x00, 0x00, 0x00,
  0x8F, 0xF3, 0x00, 0x00, 0x00, 0x4A, 0xDF, 0xFD, 0xA4, 0x00, 0x00, 0x00, 0x08, 0xFF, 0x30, 0x00, 0x01, 0xAF, 0xFF, 0xFF,
  0xFF, 0xFA, 0x10, 0x00, 0x00, 0x8F, 0xF3, 0x00, 0x00, 0xCF, 0xFD, 0x85, 0x58, 0xDF, 0xFC, 0x00, 0x00, 0x08, 0xFF, 0x30,
  0x00, 0x8F, 0xFA, 0x10, 0x00, 0x01, 0xAF, 0xF8, 0x00, 0x00, 0x8F, 0xF3, 0x00, 0x2F, 0xFC, 0x00, 0x00, 0x00, 0x00, 0xCF,
  0xE1, 0x00, 0x08, 0xFF, 0x30, 0x07, 0xFF, 0x50, 0x00, 0x00, 0x00, 0x05, 0xFF, 0x60, 0x00, 0x8F, 0xF3, 0x00, 0xBF, 0xE0,
  0x00, 0x00, 0x00, 0x00, 0x0E, 0xFB, 0x00, 0x08, 0xFF, 0x30, 0x0D, 0xFB, 0x00, 0x00, 0x00, 0x00, 0x00, 0xCF, 0xD0, 0x00,
  0x8F, 0xF3, 0x00, 0xFF, 0xA0, 0x00, 0x00, 0x00, 0x00, 0x0B, 0xFE, 0x00, 0x08, 0xFF, 0xFF, 0xFF, 0xF9, 0x00, 0x00, 0x00,
  0x00, 0x00, 0xAF, 0xF0, 0x00, 0x8F, 0xFF, 0xFF, 0xFF, 0x90, 0x00, 0x00, 0x00, 0x00, 0x0A, 0xFF, 0x00, 0x08, 0xFF, 0x31,
  0x1E, 0xFA, 0x00, 0x00, 0x00, 0x00, 0x00, 0xBF, 0xE0, 0x00, 0x8F, 0xF3, 0x00, 0xDF, 0xB0, 0x00, 0x00, 0x00, 0x00, 0x0C,
  0xFD, 0x00, 0x08, 0xFF, 0x30, 0x0B, 0xFE, 0x00, 0x00, 0x00, 0x00, 0x00, 0xEF, 0xB0, 0x00, 0x8F, 0xF3, 0x00, 0x6F, 0xF5,
  0x00, 0x00, 0x00, 0x00, 0x5F, 0xF6, 0x00, 0x08, 0xFF, 0x30, 0x01, 0xEF, 0xC0, 0x00, 0x00, 0x00, 0x0C, 0xFE, 0x10, 0x00,
  0x8F, 0xF3, 0x00, 0x07, 0xFF, 0xA1, 0x00, 0x00, 0x0A, 0xFF, 0x80, 0x00, 0x08, 0xFF, 0x30, 0x00, 0x0B, 0xFF, 0xD8, 0x55,
  0x8D, 0xFF, 0xB0, 0x00, 0x00, 0x8F, 0xF3, 0x00, 0x00, 0x09, 0xFF, 0xFF, 0xFF, 0xFF, 0xA1, 0x00, 0x00, 0x08, 0xFF, 0x30,
  0x00, 0x00, 0x04, 0xAD, 0xFF, 0xDA, 0x40, 0x00, 0x00, 0x00, 0x00, 0x16, 0xBE, 0xFF, 0xFF, 0xFF, 0xF7, 0x00, 0x00, 0x03,
  0xDF, 0xFF, 0xFF, 0xFF, 0xFF, 0xF7, 0x00, 0x00, 0x2E, 0xFF, 0xB6, 0x43, 0x33, 0x7F, 0xF7, 0x00, 0x00, 0x9F, 0xF8, 0x00,
  0x00, 0x00, 0x5F, 0xF7, 0x00, 0x00, 0xDF, 0xD0, 0x00, 0x00, 0x00, 0x5F, 0xF7, 0x00, 0x00, 0xFF, 0xA0, 0x00, 0x00, 0x00,
  0x5F, 0xF7, 0x00, 0x00, 0xEF, 0xA0, 0x00, 0x00, 0x00, 0x5F, 0xF7, 0x00, 0x00, 0xDF, 0xD0, 0x00, 0x00, 0x00, 0x5F, 0xF7,
  0x00, 0x00, 0x8F, 0xF7, 0x00, 0x00, 0x00, 0x5F, 0xF7, 0x00, 0x00, 0x1C, 0xFF, 0x93, 0x10, 0x00, 0x5F, 0xF7, 0x00, 0x00,
  0x01, 0xBF, 0xFF, 0xFF, 0xFF, 0xFF, 0xF7, 0x00, 0x00, 0x00, 0x07, 0xFF, 0xFF, 0xFF, 0xFF, 0xF7, 0x00, 0x00, 0x00, 0x0C,
  0xFE, 0x33, 0x33, 0x6F, 0xF7, 0x00, 0x00, 0x00, 0x5F, 0xF7, 0x00, 0x00, 0x5F, 0xF7, 0x00, 0x00, 0x00, 0xDF, 0xD1, 0x00,
  0x00, 0x5F, 0xF7, 0x00, 0x00, 0x06, 0xFF, 0x70, 0x00, 0x00, 0x5F, 0xF7, 0x00, 0x00, 0x1D, 0xFD, 0x00, 0x00, 0x00, 0x5F,
  0xF7, 0x00, 0x00, 0x7F, 0xF6, 0x00, 0x00, 0x00, 0x5F, 0xF7, 0x00, 0x01, 0xEF, 0xC0, 0x00, 0x00, 0x00, 0x5F, 0xF7, 0x00,
  0x09, 0xFF, 0x50, 0x00, 0x00, 0x00, 0x5F, 0xF7, 0x00, 0x00, 0x00, 0x5A, 0xEF, 0xEC, 0x71, 0x00, 0x00, 0x01, 0xAF, 0xFF,
  0xFF, 0xFF, 0xC1, 0x00, 0x00, 0x9F, 0xFA, 0x32, 0x3A, 0xFF, 0xA0, 0x00, 0x1F, 0xFA, 0x00, 0x00, 0x0B, 0xFE, 0x10, 0x01,
  0x66, 0x20, 0x00, 0x00, 0x7F, 0xF3, 0x00, 0x00, 0x00, 0x00, 0x00, 0x06, 0xFF, 0x40, 0x00, 0x01, 0x7B, 0xEF, 0xFF, 0xFF,
  0xF4, 0x00, 0x03, 0xDF, 0xFF, 0xDD, 0xCD, 0xFF, 0x40, 0x01, 0xDF, 0xE6, 0x10, 0x00, 0x6F, 0xF4, 0x00, 0x6F, 0xF4, 0x00,
  0x00, 0x06, 0xFF, 0x40, 0x08, 0xFF, 0x10, 0x00, 0x00, 0x7F, 0xF4, 0x00, 0x7F, 0xF6, 0x00, 0x00, 0x3D, 0xFF, 0x40, 0x03,
  0xFF, 0xE8, 0x55, 0x9E, 0xFF, 0xF5, 0x00, 0x07, 0xFF, 0xFF, 0xFF, 0xFA, 0xFF, 0x60, 0x00, 0x04, 0xBE, 0xFE, 0xA3, 0x2F,
  0xFA, 0x00, 0x00, 0x00, 0x00, 0x00, 0x00, 0x0B, 0xF7, 0x00, 0x00, 0x00, 0x00, 0x00, 0x4A, 0xFF, 0x40, 0x00, 0x00, 0x01,
  0x7B, 0xEF, 0xFF, 0xB0, 0x00, 0x00, 0x05, 0xEF, 0xFF, 0xFC, 0x70, 0x00, 0x00, 0x05, 0xFF, 0xE9, 0x51, 0x00, 0x00, 0x00,
  0x02, 0xEF, 0x91, 0x00, 0x00, 0x00, 0x00, 0x00, 0x9F, 0xB0, 0x00, 0x00, 0x00, 0x00, 0x00, 0x0E, 0xF2, 0x5B, 0xEF, 0xEB,
  0x40, 0x00, 0x04, 0xFC, 0xAF, 0xFF, 0xFF, 0xFF, 0x80, 0x00, 0x7F, 0xFF, 0xD6, 0x23, 0x7D, 0xFF, 0x60, 0x09, 0xFF, 0xD1,
  0x00, 0x00, 0x2E, 0xFE, 0x10, 0xAF, 0xF5, 0x00, 0x00, 0x00, 0x7F, 0xF5, 0x0B, 0xFF, 0x00, 0x00, 0x00, 0x02, 0xFF, 0x80,
  0xBF, 0xE0, 0x00, 0x00, 0x00, 0x0F, 0xF9, 0x0A, 0xFE, 0x00, 0x00, 0x00, 0x01, 0xFF, 0x80, 0x9F, 0xF1, 0x00, 0x00, 0x00,
  0x3F, 0xF7, 0x05, 0xFF, 0x60, 0x00, 0x00, 0x08, 0xFF, 0x30, 0x0D, 0xFD, 0x20, 0x00, 0x02, 0xEF, 0xC0, 0x00, 0x5F, 0xFD,
  0x62, 0x26, 0xEF, 0xF3, 0x00, 0x00, 0x6F, 0xFF, 0xFF, 0xFF, 0xE5, 0x00, 0x00, 0x00, 0x39, 0xDF, 0xED, 0x82, 0x00, 0x00,
  0x00, 0xDF, 0xFF, 0xFF, 0xFE, 0xC8, 0x10, 0x00, 0x00, 0xDF, 0xFF, 0xFF, 0xFF, 0xFF, 0xD3, 0x00, 0x00, 0xDF, 0xB1, 0x11,
  0x24, 0x9F, 0xFC, 0x00, 0x00, 0xDF, 0xB0, 0x00, 0x00, 0x0A, 0xFF, 0x00, 0x00, 0xDF, 0xB0, 0x00, 0x00, 0x0A, 0xFE, 0x00,
  0x00, 0xDF, 0xB0, 0x00, 0x13, 0x8F, 0xF8, 0x00, 0x00, 0xDF, 0xFF, 0xFF, 0xFF, 0xFE, 0x70, 0x00, 0x00, 0xDF, 0xFF, 0xFF,
  0xFF, 0xFF, 0xB2, 0x00, 0x00, 0xDF, 0xB1, 0x11, 0x12, 0x6D, 0xFD, 0x10, 0x00, 0xDF, 0xB0, 0x00, 0x00, 0x04, 0xFF, 0x70,
  0x00, 0xDF, 0xB0, 0x00, 0x00, 0x01, 0xFF, 0x90, 0x00, 0xDF, 0xB0, 0x00, 0x00, 0x04, 0xFF, 0x80, 0x00, 0xDF, 0xB1, 0x11,
  0x12, 0x6D, 0xFF, 0x30, 0x00, 0xDF, 0xFF, 0xFF, 0xFF, 0xFF, 0xF7, 0x00, 0x00, 0xDF, 0xFF, 0xFF, 0xFF, 0xDA, 0x40, 0x00,
  0x00, 0xEF, 0xFF, 0xFF, 0xFF, 0xF8, 0x00, 0xEF, 0xFF, 0xFF, 0xFF, 0xF8, 0x00, 0xEF, 0xB2, 0x22, 0x22, 0x21, 0x00, 0xEF,
  0xB0, 0x00, 0x00, 0x00, 0x00, 0xEF, 0xB0, 0x00, 0x00, 0x00, 0x00, 0xEF, 0xB0, 0x00, 0x00, 0x00, 0x00, 0xEF, 0xB0, 0x00,
  0x00, 0x00, 0x00, 0xEF, 0xB0, 0x00, 0x00, 0x00, 0x00, 0xEF, 0xB0, 0x00, 0x00, 0x00, 0x00, 0xEF, 0xB0, 0x00, 0x00, 0x00,
  0x00, 0xEF, 0xB0, 0x00, 0x00, 0x00, 0x00, 0xEF, 0xB0, 0x00, 0x00, 0x00, 0x00, 0xEF, 0xB0, 0x00, 0x00, 0x00, 0x00, 0xEF,
  0xB0, 0x00, 0x00, 0x00, 0x00, 0xEF, 0xB0, 0x00, 0x00, 0x00, 0x00, 0x00, 0x8F, 0xFF, 0xFF, 0xFF, 0xFF, 0x20, 0x00, 0x00,
  0x08, 0xFF, 0xFF, 0xFF, 0xFF, 0xF2, 0x00, 0x00, 0x00, 0x9F, 0xF6, 0x66, 0x6A, 0xFF, 0x20, 0x00, 0x00, 0x09, 0xFF, 0x00,
  0x00, 0x7F, 0xF2, 0x00, 0x00, 0x00, 0xAF, 0xE0, 0x00, 0x07, 0xFF, 0x20, 0x00, 0x00, 0x0A, 0xFE, 0x00, 0x00, 0x7F, 0xF2,
  0x00, 0x00, 0x00, 0xBF, 0xD0, 0x00, 0x07, 0xFF, 0x20, 0x00, 0x00, 0x0D, 0xFB, 0x00, 0x00, 0x7F, 0xF2, 0x00, 0x00, 0x00,
  0xFF, 0x90, 0x00, 0x07, 0xFF, 0x20, 0x00, 0x00, 0x4F, 0xF6, 0x00, 0x00, 0x7F, 0xF2, 0x00, 0x00, 0x0A, 0xFE, 0x10, 0x00,
  0x07, 0xFF, 0x20, 0x00, 0x03, 0xFF, 0xA0, 0x00, 0x00, 0x7F, 0xF2, 0x00, 0x12, 0xDF, 0xE3, 0x11, 0x11, 0x18, 0xFF, 0x31,
  0x06, 0xFF, 0xFF, 0xFF, 0xFF, 0xFF, 0xFF, 0xFF, 0xF0, 0x6F, 0xFF, 0xFF, 0xFF, 0xFF, 0xFF, 0xFF, 0xFF, 0x06, 0xFF, 0x30,
  0x00, 0x00, 0x00, 0x00, 0x9F, 0xF0, 0x6F, 0xF3, 0x00, 0x00, 0x00, 0x00, 0x09, 0xFF, 0x06, 0xFF, 0x30, 0x00, 0x00, 0x00,
  0x00, 0x9F, 0xF0, 0x7F, 0xF3, 0x00, 0x00, 0x00, 0x00, 0x09, 0xFF, 0x00, 0x00, 0x00, 0x29, 0xDE, 0xEC, 0x71, 0x00, 0x00,
  0x00, 0x5E, 0xFF, 0xFF, 0xFF, 0xC2, 0x00, 0x00, 0x3F, 0xFD, 0x52, 0x49, 0xFF, 0xB0, 0x00, 0x0C, 0xFD, 0x10, 0x00, 0x08,
  0xFF, 0x40, 0x04, 0xFF, 0x50, 0x00, 0x00, 0x1E, 0xF9, 0x00, 0x9F, 0xF1, 0x00, 0x00, 0x00, 0xCF, 0xB0, 0x0A, 0xFF, 0xFF,
  0xFF, 0xFF, 0xFF, 0xFC, 0x00, 0xBF, 0xFF, 0xFF, 0xFF, 0xFF, 0xFF, 0xD0, 0x0B, 0xFD, 0x22, 0x22, 0x22, 0x22, 0x21, 0x00,
  0xAF, 0xF1, 0x00, 0x00, 0x00, 0x00, 0x00, 0x06, 0xFF, 0x60, 0x00, 0x00, 0x00, 0x00, 0x00, 0x1E, 0xFE, 0x30, 0x00, 0x00,
  0x7A, 0x10, 0x00, 0x5F, 0xFE, 0x73, 0x25, 0xAF, 0xF6, 0x00, 0x00, 0x6F, 0xFF, 0xFF, 0xFF, 0xF7, 0x00, 0x00, 0x00, 0x39,
  0xDE, 0xED, 0xA3, 0x00, 0x00, 0x1D, 0xFF, 0x40, 0x00, 0x0A, 0xFE, 0x00, 0x00, 0x0D, 0xFF, 0x40, 0x04, 0xFF, 0xC0, 0x00,
  0x0A, 0xFE, 0x00, 0x00, 0x8F, 0xF9, 0x00, 0x00, 0x8F, 0xF8, 0x00, 0x0A, 0xFE, 0x00, 0x03, 0xFF, 0xD1, 0x00, 0x00, 0x0C,
  0xFE, 0x30, 0x0A, 0xFE, 0x00, 0x0C, 0xFF, 0x40, 0x00, 0x00, 0x03, 0xFF, 0xB0, 0x0A, 0xFE, 0x00, 0x7F, 0xF8, 0x00, 0x00,
  0x00, 0x00, 0x8F, 0xF6, 0x0A, 0xFE, 0x02, 0xEF, 0xC0, 0x00, 0x00, 0x00, 0x00, 0x0C, 0xFF, 0xFF, 0xFF, 0xFF, 0xFF, 0x30,
  0x00, 0x00, 0x00, 0x00, 0x0C, 0xFF, 0xFF, 0xFF, 0xFF, 0xFE, 0x30, 0x00, 0x00, 0x00, 0x00, 0x7F, 0xF9, 0x5B, 0xFE, 0x56,
  0xFF, 0xC0, 0x00, 0x00, 0x00, 0x03, 0xEF, 0xD1, 0x0A, 0xFE, 0x00, 0x9F, 0xF7, 0x00, 0x00, 0x00, 0x0B, 0xFF, 0x50, 0x0A,
  0xFE, 0x00, 0x1D, 0xFE, 0x30, 0x00, 0x00, 0x7F, 0xFA, 0x00, 0x0A, 0xFE, 0x00, 0x05, 0xFF, 0xC0, 0x00, 0x02, 0xEF, 0xE2,
  0x00, 0x0A, 0xFE, 0x00, 0x00, 0xBF, 0xF7, 0x00, 0x0B, 0xFF, 0x70, 0x00, 0x0A, 0xFE, 0x00, 0x00, 0x2E, 0xFE, 0x20, 0x7F,
  0xFC, 0x00, 0x00, 0x0A, 0xFE, 0x00, 0x00, 0x08, 0xFF, 0xB0, 0x00, 0x03, 0x9D, 0xFF, 0xEB, 0x50, 0x00, 0x00, 0x6F, 0xFF,
  0xFF, 0xFF, 0xFA, 0x00, 0x03, 0xFF, 0xD6, 0x32, 0x5D, 0xFF, 0x50, 0x08, 0xFF, 0x30, 0x00, 0x02, 0xFF, 0x90, 0x01, 0x22,
  0x00, 0x00, 0x01, 0xFF, 0x80, 0x00, 0x00, 0x00, 0x00, 0x3B, 0xFF, 0x30, 0x00, 0x00, 0x5F, 0xFF, 0xFF, 0xD5, 0x00, 0x00,
  0x00, 0x5F, 0xFF, 0xFF, 0xD5, 0x00, 0x00, 0x00, 0x13, 0x33, 0x5B, 0xFF, 0x50, 0x00, 0x00, 0x00, 0x00, 0x01, 0xEF, 0xB0,
  0x07, 0x97, 0x00, 0x00, 0x00, 0xCF, 0xD0, 0x0A, 0xFE, 0x20, 0x00, 0x01, 0xEF, 0xB0, 0x05, 0xFF, 0xD6, 0x22, 0x5C, 0xFF,
  0x60, 0x00, 0x8F, 0xFF, 0xFF, 0xFF, 0xF9, 0x00, 0x00, 0x03, 0xAD, 0xFF, 0xDB, 0x50, 0x00, 0x00, 0xDF, 0xB0, 0x00, 0x00,
  0x0D, 0xFF, 0x00, 0x00, 0xDF, 0xB0, 0x00, 0x00, 0x8F, 0xFF, 0x00, 0x00, 0xDF, 0xB0, 0x00, 0x02, 0xEF, 0xFF, 0x00, 0x00,
  0xDF, 0xB0, 0x00, 0x0B, 0xFF, 0xFF, 0x00, 0x00, 0xDF, 0xB0, 0x00, 0x6F, 0xFC, 0xFF, 0x00, 0x00, 0xDF, 0xB0, 0x01, 0xEF,
  0xA9, 0xFF, 0x00, 0x00, 0xDF, 0xB0, 0x09, 0xFE, 0x19, 0xFF, 0x00, 0x00, 0xDF, 0xB0, 0x4F, 0xF6, 0x09, 0xFF, 0x00, 0x00,
  0xDF, 0xB0, 0xCF, 0xB0, 0x09, 0xFF, 0x00, 0x00, 0xDF, 0xB7, 0xFE, 0x30, 0x09, 0xFF, 0x00, 0x00, 0xDF, 0xCE, 0xF8, 0x00,
  0x09, 0xFF, 0x00, 0x00, 0xDF, 0xFF, 0xD0, 0x00, 0x09, 0xFF, 0x00, 0x00, 0xDF, 0xFF, 0x40, 0x00, 0x09, 0xFF, 0x00, 0x00,
  0xDF, 0xFA, 0x00, 0x00, 0x09, 0xFF, 0x00, 0x00, 0xDF, 0xE1, 0x00, 0x00, 0x09, 0xFF, 0x00, 0x00, 0x00, 0xFF, 0x20, 0x00,
  0xEF, 0x30, 0x00, 0x00, 0x00, 0xCF, 0x80, 0x06, 0xFE, 0x00, 0x00, 0x00, 0x00, 0x4F, 0xFC, 0xBF, 0xF6, 0x00, 0x00, 0x00,
  0x00, 0x04, 0xBE, 0xFC, 0x60, 0x00, 0x00, 0x00, 0x00, 0x00, 0x00, 0x00, 0x00, 0x00, 0x00, 0x00, 0x00, 0x00, 0x00, 0x00,
  0x00, 0x00, 0x00, 0x00, 0xDF, 0xB0, 0x00, 0x00, 0x0D, 0xFF, 0x00, 0x00, 0xDF, 0xB0, 0x00, 0x00, 0x8F, 0xFF, 0x00, 0x00,
  0xDF, 0xB0, 0x00, 0x02, 0xEF, 0xFF, 0x00, 0x00, 0xDF, 0xB0, 0x00, 0x0B, 0xFF, 0xFF, 0x00, 0x00, 0xDF, 0xB0, 0x00, 0x6F,
  0xFC, 0xFF, 0x00, 0x00, 0xDF, 0xB0, 0x01, 0xEF, 0xA9, 0xFF, 0x00, 0x00, 0xDF, 0xB0, 0x09, 0xFE, 0x19, 0xFF, 0x00, 0x00,
  0xDF, 0xB0, 0x4F, 0xF6, 0x09, 0xFF, 0x00, 0x00, 0xDF, 0xB0, 0xCF, 0xB0, 0x09, 0xFF, 0x00, 0x00, 0xDF, 0xB7, 0xFE, 0x30,
  0x09, 0xFF, 0x00, 0x00, 0xDF, 0xCE, 0xF8, 0x00, 0x09, 0xFF, 0x00, 0x00, 0xDF, 0xFF, 0xD0, 0x00, 0x09, 0xFF, 0x00, 0x00,
  0xDF, 0xFF, 0x40, 0x00, 0x09, 0xFF, 0x00, 0x00, 0xDF, 0xFA, 0x00, 0x00, 0x09, 0xFF, 0x00, 0x00, 0xDF, 0xE1, 0x00, 0x00,
  0x09, 0xFF, 0x00, 0x00, 0xDF, 0xB0, 0x00, 0x00, 0x3E, 0xFD, 0x20, 0x0D, 0xFB, 0x00, 0x00, 0x2D, 0xFE, 0x30, 0x00, 0xDF,
  0xB0, 0x00, 0x1C, 0xFF, 0x50, 0x00, 0x0D, 0xFB, 0x00, 0x0A, 0xFF, 0x70, 0x00, 0x00, 0xDF, 0xB0, 0x07, 0xFF, 0x90, 0x00,
  0x00, 0x0D, 0xFB, 0x05, 0xFF, 0xB0, 0x00, 0x00, 0x00, 0xDF, 0xFF, 0xFF, 0xC1, 0x00, 0x00, 0x00, 0x0D, 0xFF, 0xFF, 0xFE,
  0x20, 0x00, 0x00, 0x00, 0xDF, 0xC4, 0x7F, 0xFC, 0x10, 0x00, 0x00, 0x0D, 0xFB, 0x00, 0x9F, 0xF9, 0x00, 0x00, 0x00, 0xDF,
  0xB0, 0x00, 0xCF, 0xF6, 0x00, 0x00, 0x0D, 0xFB, 0x00, 0x02, 0xEF, 0xE3, 0x00, 0x00, 0xDF, 0xB0, 0x00, 0x05, 0xFF, 0xD1,
  0x00, 0x0D, 0xFB, 0x00, 0x00, 0x08, 0xFF, 0xB0, 0x00, 0xDF, 0xB0, 0x00, 0x00, 0x0B, 0xFF, 0x80, 0x00, 0x00, 0xFF, 0xFF,
  0xFF, 0xFF, 0xFF, 0x10, 0x00, 0x00, 0xFF, 0xFF, 0xFF, 0xFF, 0xFF, 0x10, 0x00, 0x01, 0xFF, 0x82, 0x22, 0x29, 0xFF, 0x10,
  0x00, 0x02, 0xFF, 0x70, 0x00, 0x08, 0xFF, 0x10, 0x00, 0x03, 0xFF, 0x60, 0x00, 0x08, 0xFF, 0x10, 0x00, 0x03, 0xFF, 0x50,
  0x00, 0x08, 0xFF, 0x10, 0x00, 0x04, 0xFF, 0x40, 0x00, 0x08, 0xFF, 0x10, 0x00, 0x05, 0xFF, 0x30, 0x00, 0x08, 0xFF, 0x10,
  0x00, 0x06, 0xFF, 0x20, 0x00, 0x08, 0xFF, 0x10, 0x00, 0x08, 0xFF, 0x00, 0x00, 0x08, 0xFF, 0x10, 0x00, 0x0B, 0xFD, 0x00,
  0x00, 0x08, 0xFF, 0x10, 0x00, 0x2E, 0xFA, 0x00, 0x00, 0x08, 0xFF, 0x10, 0x26, 0xDF, 0xF5, 0x00, 0x00, 0x08, 0xFF, 0x10,
  0x7F, 0xFF, 0xB0, 0x00, 0x00, 0x08, 0xFF, 0x10, 0x7F, 0xD9, 0x10, 0x00, 0x00, 0x08, 0xFF, 0x10, 0x00, 0xDF, 0xFA, 0x00,
  0x00, 0x00, 0x00, 0x0C, 0xFF, 0xA0, 0x00, 0x0D, 0xFF, 0xF2, 0x00, 0x00, 0x00, 0x03, 0xFF, 0xFA, 0x00, 0x00, 0xDF, 0xFF,
  0x80, 0x00, 0x00, 0x00, 0xAF, 0xFF, 0xA0, 0x00, 0x0D, 0xFF, 0xFE, 0x10, 0x00, 0x00, 0x2F, 0xFF, 0xFA, 0x00, 0x00, 0xDF,
  0xCF, 0xF6, 0x00, 0x00, 0x08, 0xFE, 0xEF, 0xA0, 0x00, 0x0D, 0xFB, 0xAF, 0xC0, 0x00, 0x01, 0xEF, 0x8E, 0xFA, 0x00, 0x00,
  0xDF, 0xB3, 0xFF, 0x40, 0x00, 0x6F, 0xF2, 0xEF, 0xA0, 0x00, 0x0D, 0xFB, 0x0C, 0xFB, 0x00, 0x0C, 0xFA, 0x0E, 0xFA, 0x00,
  0x00, 0xDF, 0xB0, 0x5F, 0xF2, 0x04, 0xFF, 0x30, 0xEF, 0xA0, 0x00, 0x0D, 0xFB, 0x00, 0xDF, 0x90, 0xAF, 0xB0, 0x0E, 0xFA,
  0x00, 0x00, 0xDF, 0xB0, 0x07, 0xFE, 0x3F, 0xF5, 0x00, 0xEF, 0xA0, 0x00, 0x0D, 0xFB, 0x00, 0x1E, 0xFD, 0xFD, 0x00, 0x0E,
  0xFA, 0x00, 0x00, 0xDF, 0xB0, 0x00, 0x9F, 0xFF, 0x70, 0x00, 0xEF, 0xA0, 0x00, 0x0D, 0xFB, 0x00, 0x02, 0xFF, 0xE1, 0x00,
  0x0E, 0xFA, 0x00, 0x00, 0xDF, 0xB0, 0x00, 0x0B, 0xF9, 0x00, 0x00, 0xEF, 0xA0, 0x00, 0x00, 0xDF, 0xB0, 0x00, 0x00, 0x09,
  0xFF, 0x00, 0x00, 0xDF, 0xB0, 0x00, 0x00, 0x09, 0xFF, 0x00, 0x00, 0xDF, 0xB0, 0x00, 0x00, 0x09, 0xFF, 0x00, 0x00, 0xDF,
  0xB0, 0x00, 0x00, 0x09, 0xFF, 0x00, 0x00, 0xDF, 0xB0, 0x00, 0x00, 0x09, 0xFF, 0x00, 0x00, 0xDF, 0xB0, 0x00, 0x00, 0x09,
  0xFF, 0x00, 0x00, 0xDF, 0xFF, 0xFF, 0xFF, 0xFF, 0xFF, 0x00, 0x00, 0xDF, 0xFF, 0xFF, 0xFF, 0xFF, 0xFF, 0x00, 0x00, 0xDF,
  0xB1, 0x11, 0x11, 0x19, 0xFF, 0x00, 0x00, 0xDF, 0xB0, 0x00, 0x00, 0x09, 0xFF, 0x00, 0x00, 0xDF, 0xB0, 0x00, 0x00, 0x09,
  0xFF, 0x00, 0x00, 0xDF, 0xB0, 0x00, 0x00, 0x09, 0xFF, 0x00, 0x00, 0xDF, 0xB0, 0x00, 0x00, 0x09, 0xFF, 0x00, 0x00, 0xDF,
  0xB0, 0x00, 0x00, 0x09, 0xFF, 0x00, 0x00, 0xDF, 0xB0, 0x00, 0x00, 0x09, 0xFF, 0x00, 0x00, 0x00, 0x29, 0xDE, 0xED, 0x92,
  0x00, 0x00, 0x00, 0x05, 0xEF, 0xFF, 0xFF, 0xFE, 0x50, 0x00, 0x00, 0x4F, 0xFD, 0x63, 0x37, 0xEF, 0xF4, 0x00, 0x00, 0xDF,
  0xE2, 0x00, 0x00, 0x3E, 0xFD, 0x00, 0x05, 0xFF, 0x60, 0x00, 0x00, 0x07, 0xFF, 0x50, 0x09, 0xFF, 0x10, 0x00, 0x00, 0x01,
  0xFF, 0x80, 0x0B, 0xFD, 0x00, 0x00, 0x00, 0x00, 0xDF, 0xA0, 0x0C, 0xFC, 0x00, 0x00, 0x00, 0x00, 0xDF, 0xB0, 0x0B, 0xFD,
  0x00, 0x00, 0x00, 0x00, 0xEF, 0xA0, 0x09, 0xFF, 0x10, 0x00, 0x00, 0x02, 0xFF, 0x90, 0x05, 0xFF, 0x60, 0x00, 0x00, 0x07,
  0xFF, 0x40, 0x00, 0xDF, 0xD2, 0x00, 0x00, 0x2E, 0xFD, 0x00, 0x00, 0x4F, 0xFD, 0x62, 0x26, 0xEF, 0xF4, 0x00, 0x00, 0x06,
  0xEF, 0xFF, 0xFF, 0xFE, 0x50, 0x00, 0x00, 0x00, 0x29, 0xDE, 0xED, 0x82, 0x00, 0x00, 0x00, 0xDF, 0xFF, 0xFF, 0xFF, 0xFF,
  0xFF, 0x00, 0x00, 0xDF, 0xFF, 0xFF, 0xFF, 0xFF, 0xFF, 0x00, 0x00, 0xDF, 0xB2, 0x22, 0x22, 0x29, 0xFF, 0x00, 0x00, 0xDF,
  0xB0, 0x00, 0x00, 0x09, 0xFF, 0x00, 0x00, 0xDF, 0xB0, 0x00, 0x00, 0x09, 0xFF, 0x00, 0x00, 0xDF, 0xB0, 0x00, 0x00, 0x09,
  0xFF, 0x00, 0x00, 0xDF, 0xB0, 0x00, 0x00, 0x09, 0xFF, 0x00, 0x00, 0xDF, 0xB0, 0x00, 0x00, 0x09, 0xFF, 0x00, 0x00, 0xDF,
  0xB0, 0x00, 0x00, 0x09, 0xFF, 0x00, 0x00, 0xDF, 0xB0, 0x00, 0x00, 0x09, 0xFF, 0x00, 0x00, 0xDF, 0xB0, 0x00, 0x00, 0x09,
  0xFF, 0x00, 0x00, 0xDF, 0xB0, 0x00, 0x00, 0x09, 0xFF, 0x00, 0x00, 0xDF, 0xB0, 0x00, 0x00, 0x09, 0xFF, 0x00, 0x00, 0xDF,
  0xB0, 0x00, 0x00, 0x09, 0xFF, 0x00, 0x00, 0xDF, 0xB0, 0x00, 0x00, 0x09, 0xFF, 0x00, 0x02, 0xFF, 0x53, 0xAE, 0xFE, 0xB4,
  0x00, 0x00, 0x02, 0xFF, 0xAF, 0xFF, 0xFF, 0xFF, 0x70, 0x00, 0x02, 0xFF, 0xFD, 0x74, 0x48, 0xFF, 0xF4, 0x00, 0x02, 0xFF,
  0xD2, 0x00, 0x00, 0x5F, 0xFB, 0x00, 0x02, 0xFF, 0x80, 0x00, 0x00, 0x0B, 0xFF, 0x10, 0x02, 0xFF, 0x70, 0x00, 0x00, 0x06,
  0xFF, 0x50, 0x02, 0xFF, 0x70, 0x00, 0x00, 0x03, 0xFF, 0x60, 0x02, 0xFF, 0x70, 0x00, 0x00, 0x03, 0xFF, 0x70, 0x02, 0xFF,
  0x70, 0x00, 0x00, 0x04, 0xFF, 0x60, 0x02, 0xFF, 0x70, 0x00, 0x00, 0x06, 0xFF, 0x50, 0x02, 0xFF, 0x70, 0x00, 0x00, 0x0A,
  0xFF, 0x10, 0x02, 0xFF, 0xC1, 0x00, 0x00, 0x4F, 0xFB, 0x00, 0x02, 0xFF, 0xFD, 0x62, 0x37, 0xEF, 0xF3, 0x00, 0x02, 0xFF,
  0xCF, 0xFF, 0xFF, 0xFF, 0x70, 0x00, 0x02, 0xFF, 0x73, 0xAE, 0xFE, 0xB4, 0x00, 0x00, 0x02, 0xFF, 0x70, 0x00, 0x00, 0x00,
  0x00, 0x00, 0x02, 0xFF, 0x70, 0x00, 0x00, 0x00, 0x00, 0x00, 0x02, 0xFF, 0x70, 0x00, 0x00, 0x00, 0x00, 0x00, 0x02, 0xFF,
  0x70, 0x00, 0x00, 0x00, 0x00, 0x00, 0x02, 0xFF, 0x70, 0x00, 0x00, 0x00, 0x00, 0x00, 0x02, 0xFF, 0x70, 0x00, 0x00, 0x00,
  0x00, 0x00, 0x00, 0x00, 0x3A, 0xDE, 0xEC, 0x71, 0x00, 0x00, 0x00, 0x7F, 0xFF, 0xFF, 0xFF, 0xD2, 0x00, 0x00, 0x6F, 0xFC,
  0x52, 0x49, 0xFF, 0xC0, 0x00, 0x1E, 0xFC, 0x10, 0x00, 0x07, 0xFF, 0x60, 0x05, 0xFF, 0x50, 0x00, 0x00, 0x0E, 0xFA, 0x00,
  0x9F, 0xE0, 0x00, 0x00, 0x00, 0x56, 0x50, 0x0B, 0xFD, 0x00, 0x00, 0x00, 0x00, 0x00, 0x00, 0xBF, 0xC0, 0x00, 0x00, 0x00,
  0x00, 0x00, 0x0B, 0xFD, 0x00, 0x00, 0x00, 0x00, 0x00, 0x00, 0x9F, 0xE0, 0x00, 0x00, 0x00, 0x00, 0x00, 0x06, 0xFF, 0x40,
  0x00, 0x00, 0x0C, 0xEA, 0x00, 0x1E, 0xFC, 0x10, 0x00, 0x05, 0xFF, 0x60, 0x00, 0x6F, 0xFC, 0x52, 0x38, 0xEF, 0xC0, 0x00,
  0x00, 0x7F, 0xFF, 0xFF, 0xFF, 0xC2, 0x00, 0x00, 0x00, 0x3A, 0xDF, 0xEC, 0x70, 0x00, 0x00, 0x8F, 0xFF, 0xFF, 0xFF, 0xFF,
  0xFF, 0xE8, 0xFF, 0xFF, 0xFF, 0xFF, 0xFF, 0xFE, 0x11, 0x11, 0x1A, 0xFE, 0x11, 0x11, 0x10, 0x00, 0x00, 0x9F, 0xE0, 0x00,
  0x00, 0x00, 0x00, 0x09, 0xFE, 0x00, 0x00, 0x00, 0x00, 0x00, 0x9F, 0xE0, 0x00, 0x00, 0x00, 0x00, 0x09, 0xFE, 0x00, 0x00,
  0x00, 0x00, 0x00, 0x9F, 0xE0, 0x00, 0x00, 0x00, 0x00, 0x09, 0xFE, 0x00, 0x00, 0x00, 0x00, 0x00, 0x9F, 0xE0, 0x00, 0x00,
  0x00, 0x00, 0x09, 0xFE, 0x00, 0x00, 0x00, 0x00, 0x00, 0x9F, 0xE0, 0x00, 0x00, 0x00, 0x00, 0x09, 0xFE, 0x00, 0x00, 0x00,
  0x00, 0x00, 0x9F, 0xE0, 0x00, 0x00, 0x00, 0x00, 0x09, 0xFE, 0x00, 0x00, 0x00, 0x9F, 0xF4, 0x00, 0x00, 0x00, 0xEF, 0xC3,
  0xFF, 0x90, 0x00, 0x00, 0x5F, 0xF7, 0x0D, 0xFD, 0x00, 0x00, 0x09, 0xFF, 0x20, 0x8F, 0xF4, 0x00, 0x00, 0xDF, 0xB0, 0x02,
  0xFF, 0x90, 0x00, 0x4F, 0xF6, 0x00, 0x0C, 0xFD, 0x00, 0x08, 0xFF, 0x10, 0x00, 0x7F, 0xF4, 0x00, 0xCF, 0xB0, 0x00, 0x01,
  0xFF, 0x90, 0x2F, 0xF6, 0x00, 0x00, 0x0B, 0xFD, 0x07, 0xFE, 0x10, 0x00, 0x00, 0x5F, 0xF4, 0xBF, 0xA0, 0x00, 0x00, 0x01,
  0xEF, 0x9F, 0xF5, 0x00, 0x00, 0x00, 0x0A, 0xFF, 0xFE, 0x00, 0x00, 0x00, 0x00, 0x4F, 0xFF, 0xA0, 0x00, 0x00, 0x00, 0x00,
  0xDF, 0xF5, 0x00, 0x00, 0x00, 0x00, 0x09, 0xFE, 0x00, 0x00, 0x00, 0x00, 0x00, 0xBF, 0x90, 0x00, 0x00, 0x00, 0x00, 0x2F,
  0xF4, 0x00, 0x00, 0x00, 0x00, 0x09, 0xFD, 0x00, 0x00, 0x00, 0x04, 0x5A, 0xFF, 0x60, 0x00, 0x00, 0x00, 0xDF, 0xFF, 0xA0,
  0x00, 0x00, 0x00, 0x0B, 0xFD, 0x81, 0x00, 0x00, 0x00, 0x00, 0x00, 0x00, 0x00, 0x00, 0x4F, 0xF6, 0x00, 0x00, 0x00, 0x00,
  0x00, 0x00, 0x00, 0x00, 0x4F, 0xF6, 0x00, 0x00, 0x00, 0x00, 0x00, 0x00, 0x00, 0x00, 0x4F, 0xF6, 0x00, 0x00, 0x00, 0x00,
  0x00, 0x00, 0x00, 0x00, 0x4F, 0xF6, 0x00, 0x00, 0x00, 0x00, 0x00, 0x00, 0x00, 0x00, 0x4F, 0xF6, 0x00, 0x00, 0x00, 0x00,
  0x00, 0x00, 0x00, 0x00, 0x4F, 0xF6, 0x00, 0x00, 0x00, 0x00, 0x00, 0x00, 0x7D, 0xFE, 0xCF, 0xFC, 0xDF, 0xE9, 0x20, 0x00,
  0x00, 0x0B, 0xFF, 0xFF, 0xFF, 0xFF, 0xFF, 0xFF, 0xD2, 0x00, 0x00, 0x7F, 0xFC, 0x42, 0x7F, 0xF8, 0x23, 0xAF, 0xFB, 0x00,
  0x00, 0xEF, 0xD1, 0x00, 0x4F, 0xF6, 0x00, 0x0A, 0xFF, 0x40, 0x05, 0xFF, 0x60, 0x00, 0x4F, 0xF6, 0x00, 0x03, 0xFF, 0x90,
  0x08, 0xFF, 0x20, 0x00, 0x4F, 0xF6, 0x00, 0x00, 0xDF, 0xB0, 0x09, 0xFF, 0x00, 0x00, 0x4F, 0xF6, 0x00, 0x00, 0xBF, 0xD0,
  0x0A, 0xFE, 0x00, 0x00, 0x4F, 0xF6, 0x00, 0x00, 0xAF, 0xE0, 0x0A, 0xFE, 0x00, 0x00, 0x4F, 0xF6, 0x00, 0x00, 0xAF, 0xE0,
  0x09, 0xFF, 0x10, 0x00, 0x4F, 0xF6, 0x00, 0x00, 0xCF, 0xD0, 0x06, 0xFF, 0x40, 0x00, 0x4F, 0xF6, 0x00, 0x01, 0xEF, 0xB0,
  0x02, 0xFF, 0xB0, 0x00, 0x4F, 0xF6, 0x00, 0x08, 0xFF, 0x60, 0x00, 0x9F, 0xFA, 0x32, 0x7F, 0xF8, 0x23, 0x8F, 0xFD, 0x10,
  0x00, 0x1C, 0xFF, 0xFF, 0xFF, 0xFF, 0xFF, 0xFF, 0xE4, 0x00, 0x00, 0x01, 0x8D, 0xFE, 0xCF, 0xFC, 0xEF, 0xEA, 0x30, 0x00,
  0x00, 0x00, 0x00, 0x00, 0x4F, 0xF6, 0x00, 0x00, 0x00, 0x00, 0x00, 0x00, 0x00, 0x00, 0x4F, 0xF6, 0x00, 0x00, 0x00, 0x00,
  0x00, 0x00, 0x00, 0x00, 0x4F, 0xF6, 0x00, 0x00, 0x00, 0x00, 0x00, 0x00, 0x00, 0x00, 0x4F, 0xF6, 0x00, 0x00, 0x00, 0x00,
  0x00, 0x00, 0x00, 0x00, 0x4F, 0xF6, 0x00, 0x00, 0x00, 0x00, 0x00, 0x00, 0x00, 0x00, 0x4F, 0xF6, 0x00, 0x00, 0x00, 0x00,
  0x1E, 0xFE, 0x10, 0x00, 0x03, 0xFF, 0xC0, 0x05, 0xFF, 0x90, 0x00, 0x0C, 0xFF, 0x30, 0x00, 0xBF, 0xF3, 0x00, 0x6F, 0xF8,
  0x00, 0x00, 0x2E, 0xFB, 0x01, 0xEF, 0xD0, 0x00, 0x00, 0x06, 0xFF, 0x59, 0xFF, 0x40, 0x00, 0x00, 0x00, 0xBF, 0xEF, 0xF9,
  0x00, 0x00, 0x00, 0x00, 0x2E, 0xFF, 0xD1, 0x00, 0x00, 0x00, 0x00, 0x0A, 0xFF, 0x70, 0x00, 0x00, 0x00, 0x00, 0x4F, 0xFF,
  0xE2, 0x00, 0x00, 0x00, 0x00, 0xCF, 0xDE, 0xFA, 0x00, 0x00, 0x00, 0x08, 0xFF, 0x57, 0xFF, 0x50, 0x00, 0x00, 0x3F, 0xFA,
  0x00, 0xCF, 0xE1, 0x00, 0x00, 0xCF, 0xE2, 0x00, 0x4F, 0xFA, 0x00, 0x08, 0xFF, 0x70, 0x00, 0x09, 0xFF, 0x50, 0x3F, 0xFC,
  0x00, 0x00, 0x01, 0xEF, 0xD1, 0x00, 0xDF, 0xB0, 0x00, 0x00, 0x09, 0xFF, 0x00, 0x00, 0x0D, 0xFB, 0x00, 0x00, 0x00, 0x9F,
  0xF0, 0x00, 0x00, 0xDF, 0xB0, 0x00, 0x00, 0x09, 0xFF, 0x00, 0x00, 0x0D, 0xFB, 0x00, 0x00, 0x00, 0x9F, 0xF0, 0x00, 0x00,
  0xDF, 0xB0, 0x00, 0x00, 0x09, 0xFF, 0x00, 0x00, 0x0D, 0xFB, 0x00, 0x00, 0x00, 0x9F, 0xF0, 0x00, 0x00, 0xDF, 0xB0, 0x00,
  0x00, 0x09, 0xFF, 0x00, 0x00, 0x0D, 0xFB, 0x00, 0x00, 0x00, 0x9F, 0xF0, 0x00, 0x00, 0xDF, 0xB0, 0x00, 0x00, 0x09, 0xFF,
  0x00, 0x00, 0x0D, 0xFB, 0x00, 0x00, 0x00, 0x9F, 0xF0, 0x00, 0x00, 0xDF, 0xB0, 0x00, 0x00, 0x09, 0xFF, 0x00, 0x00, 0x0D,
  0xFB, 0x00, 0x00, 0x00, 0x9F, 0xF0, 0x00, 0x00, 0xDF, 0xB1, 0x11, 0x11, 0x19, 0xFF, 0x21, 0x00, 0x0D, 0xFF, 0xFF, 0xFF,
  0xFF, 0xFF, 0xFF, 0xC0, 0x00, 0xDF, 0xFF, 0xFF, 0xFF, 0xFF, 0xFF, 0xFB, 0x00, 0x00, 0x00, 0x00, 0x00, 0x00, 0x00, 0xCF,
  0xB0, 0x00, 0x00, 0x00, 0x00, 0x00, 0x00, 0x0C, 0xFA, 0x00, 0x00, 0x00, 0x00, 0x00, 0x00, 0x00, 0xCF, 0xA0, 0x00, 0x00,
  0x00, 0x00, 0x00, 0x00, 0x0C, 0xF9, 0x00, 0x0A, 0xFE, 0x00, 0x00, 0x00, 0x8F, 0xF2, 0x00, 0xAF, 0xE0, 0x00, 0x00, 0x08,
  0xFF, 0x20, 0x0A, 0xFE, 0x00, 0x00, 0x00, 0x8F, 0xF2, 0x00, 0xAF, 0xE0, 0x00, 0x00, 0x08, 0xFF, 0x20, 0x0A, 0xFE, 0x00,
  0x00, 0x00, 0x8F, 0xF2, 0x00, 0x8F, 0xF2, 0x00, 0x00, 0x08, 0xFF, 0x20, 0x05, 0xFF, 0x70, 0x00, 0x00, 0x8F, 0xF2, 0x00,
  0x1D, 0xFE, 0x72, 0x12, 0x4B, 0xFF, 0x20, 0x00, 0x4E, 0xFF, 0xFF, 0xFF, 0xFF, 0xF2, 0x00, 0x00, 0x3A, 0xEF, 0xFF, 0xDD,
  0xFF, 0x20, 0x00, 0x00, 0x00, 0x11, 0x00, 0x8F, 0xF2, 0x00, 0x00, 0x00, 0x00, 0x00, 0x08, 0xFF, 0x20, 0x00, 0x00, 0x00,
  0x00, 0x00, 0x8F, 0xF2, 0x00, 0x00, 0x00, 0x00, 0x00, 0x08, 0xFF, 0x20, 0x00, 0x00, 0x00, 0x00, 0x00, 0x8F, 0xF2, 0x00,
  0x00, 0xDF, 0xB0, 0x00, 0x00, 0xEF, 0xA0, 0x00, 0x00, 0xFF, 0x90, 0x00, 0x0D, 0xFB, 0x00, 0x00, 0x0E, 0xFA, 0x00, 0x00,
  0x0F, 0xF9, 0x00, 0x00, 0xDF, 0xB0, 0x00, 0x00, 0xEF, 0xA0, 0x00, 0x00, 0xFF, 0x90, 0x00, 0x0D, 0xFB, 0x00, 0x00, 0x0E,
  0xFA, 0x00, 0x00, 0x0F, 0xF9, 0x00, 0x00, 0xDF, 0xB0, 0x00, 0x00, 0xEF, 0xA0, 0x00, 0x00, 0xFF, 0x90, 0x00, 0x0D, 0xFB,
  0x00, 0x00, 0x0E, 0xFA, 0x00, 0x00, 0x0F, 0xF9, 0x00, 0x00, 0xDF, 0xB0, 0x00, 0x00, 0xEF, 0xA0, 0x00, 0x00, 0xFF, 0x90,
  0x00, 0x0D, 0xFB, 0x00, 0x00, 0x0E, 0xFA, 0x00, 0x00, 0x0F, 0xF9, 0x00, 0x00, 0xDF, 0xB0, 0x00, 0x00, 0xEF, 0xA0, 0x00,
  0x00, 0xFF, 0x90, 0x00, 0x0D, 0xFB, 0x00, 0x00, 0x0E, 0xFA, 0x00, 0x00, 0x0F, 0xF9, 0x00, 0x00, 0xDF, 0xB0, 0x00, 0x00,
  0xEF, 0xA0, 0x00, 0x00, 0xFF, 0x90, 0x00, 0x0D, 0xFB, 0x00, 0x00, 0x0E, 0xFA, 0x00, 0x00, 0x0F, 0xF9, 0x00, 0x00, 0xDF,
  0xB1, 0x11, 0x11, 0xEF, 0xA1, 0x11, 0x11, 0xFF, 0x90, 0x00, 0x0D, 0xFF, 0xFF, 0xFF, 0xFF, 0xFF, 0xFF, 0xFF, 0xFF, 0xF9,
  0x00, 0x00, 0xDF, 0xFF, 0xFF, 0xFF, 0xFF, 0xFF, 0xFF, 0xFF, 0xFF, 0x90, 0x00, 0x00, 0xFF, 0x90, 0x00, 0x01, 0xFF, 0x80,
  0x00, 0x03, 0xFF, 0x70, 0x00, 0x0F, 0xF9, 0x00, 0x00, 0x1F, 0xF8, 0x00, 0x00, 0x3F, 0xF7, 0x00, 0x00, 0xFF, 0x90, 0x00,
  0x01, 0xFF, 0x80, 0x00, 0x03, 0xFF, 0x70, 0x00, 0x0F, 0xF9, 0x00, 0x00, 0x1F, 0xF8, 0x00, 0x00, 0x3F, 0xF7, 0x00, 0x00,
  0xFF, 0x90, 0x00, 0x01, 0xFF, 0x80, 0x00, 0x03, 0xFF, 0x70, 0x00, 0x0F, 0xF9, 0x00, 0x00, 0x1F, 0xF8, 0x00, 0x00, 0x3F,
  0xF7, 0x00, 0x00, 0xFF, 0x90, 0x00, 0x01, 0xFF, 0x80, 0x00, 0x03, 0xFF, 0x70, 0x00, 0x0F, 0xF9, 0x00, 0x00, 0x1F, 0xF8,
  0x00, 0x00, 0x3F, 0xF7, 0x00, 0x00, 0xFF, 0x90, 0x00, 0x01, 0xFF, 0x80, 0x00, 0x03, 0xFF, 0x70, 0x00, 0x0F, 0xF9, 0x00,
  0x00, 0x1F, 0xF8, 0x00, 0x00, 0x3F, 0xF7, 0x00, 0x00, 0xFF, 0x90, 0x00, 0x01, 0xFF, 0x80, 0x00, 0x03, 0xFF, 0x70, 0x00,
  0x0F, 0xF9, 0x00, 0x00, 0x1F, 0xF8, 0x00, 0x00, 0x3F, 0xF7, 0x00, 0x00, 0xFF, 0x91, 0x11, 0x13, 0xFF, 0x81, 0x11, 0x13,
  0xFF, 0x81, 0x10, 0x0F, 0xFF, 0xFF, 0xFF, 0xFF, 0xFF, 0xFF, 0xFF, 0xFF, 0xFF, 0xF8, 0x00, 0xFF, 0xFF, 0xFF, 0xFF, 0xFF,
  0xFF, 0xFF, 0xFF, 0xFF, 0xFF, 0x70, 0x00, 0x00, 0x00, 0x00, 0x00, 0x00, 0x00, 0x00, 0x00, 0x1F, 0xF7, 0x00, 0x00, 0x00,
  0x00, 0x00, 0x00, 0x00, 0x00, 0x00, 0x01, 0xFF, 0x60, 0x00, 0x00, 0x00, 0x00, 0x00, 0x00, 0x00, 0x00, 0x00, 0x1F, 0xF5,
  0x00, 0x00, 0x00, 0x00, 0x00, 0x00, 0x00, 0x00, 0x00, 0x01, 0xFF, 0x50, 0xAF, 0xFF, 0xFF, 0xF6, 0x00, 0x00, 0x00, 0x00,
  0x0A, 0xFF, 0xFF, 0xFF, 0x60, 0x00, 0x00, 0x00, 0x00, 0x12, 0x22, 0x5F, 0xF6, 0x00, 0x00, 0x00, 0x00, 0x00, 0x00, 0x04,
  0xFF, 0x60, 0x00, 0x00, 0x00, 0x00, 0x00, 0x00, 0x4F, 0xF6, 0x00, 0x00, 0x00, 0x00, 0x00, 0x00, 0x04, 0xFF, 0xFF, 0xFF,
  0xFD, 0xA3, 0x00, 0x00, 0x00, 0x4F, 0xFF, 0xFF, 0xFF, 0xFF, 0xE5, 0x00, 0x00, 0x04, 0xFF, 0x61, 0x11, 0x37, 0xEF, 0xE2,
  0x00, 0x00, 0x4F, 0xF6, 0x00, 0x00, 0x06, 0xFF, 0x70, 0x00, 0x04, 0xFF, 0x60, 0x00, 0x00, 0x1F, 0xF9, 0x00, 0x00, 0x4F,
  0xF6, 0x00, 0x00, 0x01, 0xFF, 0x90, 0x00, 0x04, 0xFF, 0x60, 0x00, 0x00, 0x5F, 0xF7, 0x00, 0x00, 0x4F, 0xF6, 0x11, 0x13,
  0x6E, 0xFE, 0x10, 0x00, 0x04, 0xFF, 0xFF, 0xFF, 0xFF, 0xFE, 0x50, 0x00, 0x00, 0x4F, 0xFF, 0xFF, 0xFF, 0xD9, 0x20, 0x00,
  0x00, 0xDF, 0xB0, 0x00, 0x00, 0x00, 0x00, 0x00, 0x6F, 0xF4, 0x00, 0x00, 0xDF, 0xB0, 0x00, 0x00, 0x00, 0x00, 0x00, 0x6F,
  0xF4, 0x00, 0x00, 0xDF, 0xB0, 0x00, 0x00, 0x00, 0x00, 0x00, 0x6F, 0xF4, 0x00, 0x00, 0xDF, 0xB0, 0x00, 0x00, 0x00, 0x00,
  0x00, 0x6F, 0xF4, 0x00, 0x00, 0xDF, 0xB0, 0x00, 0x00, 0x00, 0x00, 0x00, 0x6F, 0xF4, 0x00, 0x00, 0xDF, 0xFF, 0xFF, 0xFE,
  0xB5, 0x00, 0x00, 0x6F, 0xF4, 0x00, 0x00, 0xDF, 0xFF, 0xFF, 0xFF, 0xFF, 0x90, 0x00, 0x6F, 0xF4, 0x00, 0x00, 0xDF, 0xB1,
  0x11, 0x25, 0xCF, 0xF6, 0x00, 0x6F, 0xF4, 0x00, 0x00, 0xDF, 0xB0, 0x00, 0x00, 0x2E, 0xFC, 0x00, 0x6F, 0xF4, 0x00, 0x00,
  0xDF, 0xB0, 0x00, 0x00, 0x0B, 0xFE, 0x00, 0x6F, 0xF4, 0x00, 0x00, 0xDF, 0xB0, 0x00, 0x00, 0x0A, 0xFE, 0x00, 0x6F, 0xF4,
  0x00, 0x00, 0xDF, 0xB0, 0x00, 0x00, 0x1E, 0xFB, 0x00, 0x6F, 0xF4, 0x00, 0x00, 0xDF, 0xB1, 0x11, 0x25, 0xCF, 0xF6, 0x00,
  0x6F, 0xF4, 0x00, 0x00, 0xDF, 0xFF, 0xFF, 0xFF, 0xFF, 0x90, 0x00, 0x6F, 0xF4, 0x00, 0x00, 0xDF, 0xFF, 0xFF, 0xFE, 0xB5,
  0x00, 0x00, 0x6F, 0xF4, 0x00, 0x00, 0xDF, 0xB0, 0x00, 0x00, 0x00, 0x00, 0x00, 0x0D, 0xFB, 0x00, 0x00, 0x00, 0x00, 0x00,
  0x00, 0xDF, 0xB0, 0x00, 0x00, 0x00, 0x00, 0x00, 0x0D, 0xFB, 0x00, 0x00, 0x00, 0x00, 0x00, 0x00, 0xDF, 0xB0, 0x00, 0x00,
  0x00, 0x00, 0x00, 0x0D, 0xFF, 0xFF, 0xFF, 0xEB, 0x50, 0x00, 0x00, 0xDF, 0xFF, 0xFF, 0xFF, 0xFF, 0x90, 0x00, 0x0D, 0xFB,
  0x11, 0x12, 0x5C, 0xFF, 0x60, 0x00, 0xDF, 0xB0, 0x00, 0x00, 0x2E, 0xFC, 0x00, 0x0D, 0xFB, 0x00, 0x00, 0x00, 0xBF, 0xE0,
  0x00, 0xDF, 0xB0, 0x00, 0x00, 0x0A, 0xFE, 0x00, 0x0D, 0xFB, 0x00, 0x00, 0x01, 0xEF, 0xB0, 0x00, 0xDF, 0xB1, 0x11, 0x25,
  0xCF, 0xF6, 0x00, 0x0D, 0xFF, 0xFF, 0xFF, 0xFF, 0xF9, 0x00, 0x00, 0xDF, 0xFF, 0xFF, 0xFE, 0xB5, 0x00, 0x00, 0x00, 0x01,
  0x7C, 0xEE, 0xD9, 0x20, 0x00, 0x00, 0x02, 0xDF, 0xFF, 0xFF, 0xFE, 0x50, 0x00, 0x01, 0xDF, 0xE8, 0x32, 0x6D, 0xFE, 0x30,
  0x00, 0x7F, 0xF4, 0x00, 0x00, 0x2E, 0xFB, 0x00, 0x06, 0xA8, 0x00, 0x00, 0x00, 0x7F, 0xF3, 0x00, 0x00, 0x00, 0x00, 0x00,
  0x03, 0xFF, 0x60, 0x00, 0x00, 0x09, 0xFF, 0xFF, 0xFF, 0xF8, 0x00, 0x00, 0x00, 0x9F, 0xFF, 0xFF, 0xFF, 0x90, 0x00, 0x00,
  0x01, 0x22, 0x22, 0x3F, 0xF8, 0x00, 0x34, 0x40, 0x00, 0x00, 0x05, 0xFF, 0x60, 0x09, 0xFE, 0x00, 0x00, 0x00, 0xAF, 0xF2,
  0x00, 0x6F, 0xF6, 0x00, 0x00, 0x3F, 0xFB, 0x00, 0x00, 0xCF, 0xF8, 0x32, 0x6E, 0xFE, 0x30, 0x00, 0x02, 0xDF, 0xFF, 0xFF,
  0xFE, 0x50, 0x00, 0x00, 0x01, 0x8C, 0xEE, 0xD9, 0x20, 0x00, 0x00, 0x00, 0xDF, 0xB0, 0x00, 0x00, 0x03, 0xAD, 0xFE, 0xD8,
  0x10, 0x00, 0x00, 0x0D, 0xFB, 0x00, 0x00, 0x08, 0xFF, 0xFF, 0xFF, 0xFE, 0x40, 0x00, 0x00, 0xDF, 0xB0, 0x00, 0x07, 0xFF,
  0xD6, 0x33, 0x7E, 0xFE, 0x30, 0x00, 0x0D, 0xFB, 0x00, 0x02, 0xEF, 0xD2, 0x00, 0x00, 0x3E, 0xFC, 0x00, 0x00, 0xDF, 0xB0,
  0x00, 0x8F, 0xF5, 0x00, 0x00, 0x00, 0x8F, 0xF3, 0x00, 0x0D, 0xFB, 0x00, 0x0B, 0xFE, 0x00, 0x00, 0x00, 0x03, 0xFF, 0x80,
  0x00, 0xDF, 0xFF, 0xFF, 0xFF, 0xC0, 0x00, 0x00, 0x00, 0x0E, 0xFA, 0x00, 0x0D, 0xFF, 0xFF, 0xFF, 0xFC, 0x00, 0x00, 0x00,
  0x00, 0xEF, 0xA0, 0x00, 0xDF, 0xB2, 0x22, 0xCF, 0xC0, 0x00, 0x00, 0x00, 0x0F, 0xF9, 0x00, 0x0D, 0xFB, 0x00, 0x09, 0xFE,
  0x00, 0x00, 0x00, 0x03, 0xFF, 0x80, 0x00, 0xDF, 0xB0, 0x00, 0x5F, 0xF5, 0x00, 0x00, 0x00, 0x8F, 0xF3, 0x00, 0x0D, 0xFB,
  0x00, 0x00, 0xDF, 0xD1, 0x00, 0x00, 0x3E, 0xFC, 0x00, 0x00, 0xDF, 0xB0, 0x00, 0x04, 0xFF, 0xD6, 0x22, 0x7E, 0xFF, 0x30,
  0x00, 0x0D, 0xFB, 0x00, 0x00, 0x05, 0xEF, 0xFF, 0xFF, 0xFE, 0x50, 0x00, 0x00, 0xDF, 0xB0, 0x00, 0x00, 0x02, 0x9D, 0xFE,
  0xC8, 0x20, 0x00, 0x00, 0x00, 0x03, 0x9D, 0xFF, 0xFF, 0xFF, 0xF4, 0x00, 0x06, 0xFF, 0xFF, 0xFF, 0xFF, 0xFF, 0x40, 0x02,
  0xEF, 0xE7, 0x31, 0x11, 0x6F, 0xF4, 0x00, 0x8F, 0xF5, 0x00, 0x00, 0x06, 0xFF, 0x40, 0x09, 0xFF, 0x10, 0x00, 0x00, 0x6F,
  0xF4, 0x00, 0x8F, 0xF4, 0x00, 0x00, 0x06, 0xFF, 0x40, 0x03, 0xFF, 0xD5, 0x10, 0x00, 0x6F, 0xF4, 0x00, 0x07, 0xFF, 0xFF,
  0xFF, 0xFF, 0xFF, 0x40, 0x00, 0x04, 0xEF, 0xFF, 0xFF, 0xFF, 0xF4, 0x00, 0x00, 0x3F, 0xFA, 0x22, 0x27, 0xFF, 0x40, 0x00,
  0x0B, 0xFE, 0x20, 0x00, 0x6F, 0xF4, 0x00, 0x05, 0xFF, 0x70, 0x00, 0x06, 0xFF, 0x40, 0x01, 0xDF, 0xD0, 0x00, 0x00, 0x6F,
  0xF4, 0x00, 0x8F, 0xF5, 0x00, 0x00, 0x06, 0xFF, 0x40, 0x2E, 0xFB, 0x00, 0x00, 0x00, 0x6F, 0xF4, 0x00,
  0x00 };

inline const GFXglyph aaUI15Glyphs[] PROGMEM = {
  {      0,   0,   0,   7,    0,    0 },   // 0x20
  {      0,   7,  20,   7,    0,  -20 },   // 0x21
  {     70,   9,  21,   9,    0,  -21 },   // 0x22
  {    165,  17,  20,  17,    0,  -20 },   // 0x23
  {    335,  16,  26,  16,    0,  -23 },   // 0x24
  {    543,  21,  20,  21,    0,  -20 },   // 0x25
  {    753,  18,  20,  17,    0,  -20 },   // 0x26
  {    933,   5,  21,   5,    0,  -21 },   // 0x27
  {    986,  10,  28,  10,    0,  -22 },   // 0x28
  {   1126,  10,  28,  10,    0,  -22 },   // 0x29
  {   1266,  12,  20,  12,    0,  -20 },   // 0x2A
  {   1386,  16,  17,  16,    0,  -17 },   // 0x2B
  {   1522,   6,   7,   6,    0,   -3 },   // 0x2C
  {   1543,   8,   9,   8,    0,   -9 },   // 0x2D
  {   1579,   7,   4,   7,    0,   -4 },   // 0x2E
  {   1593,  12,  22,  12,    0,  -20 },   // 0x2F
  {   1725,  16,  20,  16,    0,  -20 },   // 0x30
  {   1885,  16,  20,  16,    0,  -20 },   // 0x31
  {   2045,  16,  20,  16,    0,  -20 },   // 0x32
  {   2205,  16,  20,  16,    0,  -20 },   // 0x33
  {   2365,  16,  20,  16,    0,  -20 },   // 0x34
  {   2525,  16,  20,  16,    0,  -20 },   // 0x35
  {   2685,  16,  20,  16,    0,  -20 },   // 0x36
  {   2845,  16,  20,  16,    0,  -20 },   // 0x37
  {   3005,  16,  20,  16,    0,  -20 },   // 0x38
  {   3165,  16,  20,  16,    0,  -20 },   // 0x39
  {   3325,   7,  15,   7,    0,  -15 },   // 0x3A
  {   3378,   6,  19,   6,    0,  -15 },   // 0x3B
  {   3435,  14,  15,  14,    0,  -15 },   // 0x3C
  {   3540,  15,  14,  15,    0,  -14 },   // 0x3D
  {   3645,  15,  15,  15,    0,  -15 },   // 0x3E
  {   3758,  13,  20,  13,    0,  -20 },   // 0x3F
  {   3888,  25,  26,  25,    0,  -20 },   // 0x40
  {   4213,  18,  20,  18,    0,  -20 },   // 0x41
  {   4393,  17,  20,  17,    0,  -20 },   // 0x42
  {   4563,  18,  20,  18,    0,  -20 },   // 0x43
  {   4743,  18,  20,  18,    0,  -20 },   // 0x44
  {   4923,  16,  20,  16,    0,  -20 },   // 0x45
  {   5083,  15,  20,  15,    0,  -20 },   // 0x46
  {   5233,  19,  20,  19,    0,  -20 },   // 0x47
  {   5423,  20,  20,  20,    0,  -20 },   // 0x48
  {   5623,   8,  20,   8,    0,  -20 },   // 0x49
  {   5703,  15,  20,  15,    0,  -20 },   // 0x4A
  {   5853,  18,  20,  18,    0,  -20 },   // 0x4B
  {   6033,  15,  20,  15,    0,  -20 },   // 0x4C
  {   6183,  24,  20,  24,    0,  -20 },   // 0x4D
  {   6423,  20,  20,  20,    0,  -20 },   // 0x4E
  {   6623,  19,  20,  19,    0,  -20 },   // 0x4F
  {   6813,  18,  20,  18,    0,  -20 },   // 0x50
  {   6993,  19,  24,  19,    0,  -20 },   // 0x51
  {   7221,  17,  20,  17,    0,  -20 },   // 0x52
  {   7391,  17,  20,  17,    0,  -20 },   // 0x53
  {   7561,  17,  20,  17,    0,  -20 },   // 0x54
  {   7731,  18,  20,  18,    0,  -20 },   // 0x55
  {   7911,  18,  20,  18,    0,  -20 },   // 0x56
  {   8091,  25,  20,  25,    0,  -20 },   // 0x57
  {   8341,  18,  20,  18,    0,  -20 },   // 0x58
  {   8521,  17,  20,  17,    0,  -20 },   // 0x59
  {   8691,  17,  20,  17,    0,  -20 },   // 0x5A
  {   8861,   8,  27,   7,    0,  -23 },   // 0x5B
  {   8969,  12,  22,  11,    0,  -20 },   // 0x5C
  {   9101,   7,  27,   7,    0,  -23 },   // 0x5D
  {   9196,  12,  20,  12,    0,  -20 },   // 0x5E
  {   9316,  13,   3,  13,    0,    0 },   // 0x5F
  {   9336,   9,  21,   9,    0,  -21 },   // 0x60
  {   9431,  15,  15,  15,    0,  -15 },   // 0x61
  {   9544,  16,  21,  16,    0,  -21 },   // 0x62
  {   9712,  15,  15,  15,    0,  -15 },   // 0x63
  {   9825,  16,  21,  16,    0,  -21 },   // 0x64
  {   9993,  15,  15,  15,    0,  -15 },   // 0x65
  {  10106,  10,  21,  10,    0,  -21 },   // 0x66
  {  10211,  16,  21,  16,    0,  -15 },   // 0x67
  {  10379,  15,  21,  15,    0,  -21 },   // 0x68
  {  10537,   7,  20,   7,    0,  -20 },   // 0x69
  {  10607,   8,  26,   7,   -1,  -20 },   // 0x6A
  {  10711,  15,  21,  14,    0,  -21 },   // 0x6B
  {  10869,   7,  21,   7,    0,  -21 },   // 0x6C
  {  10943,  25,  15,  25,    0,  -15 },   // 0x6D
  {  11131,  15,  15,  15,    0,  -15 },   // 0x6E
  {  11244,  16,  15,  16,    0,  -15 },   // 0x6F
  {  11364,  16,  21,  16,    0,  -15 },   // 0x70
  {  11532,  16,  21,  16,    0,  -15 },   // 0x71
  {  11700,  10,  15,   9,    0,  -15 },   // 0x72
  {  11775,  14,  15,  14,    0,  -15 },   // 0x73
  {  11880,   9,  19,   9,    0,  -19 },   // 0x74
  {  11966,  15,  15,  15,    0,  -15 },   // 0x75
  {  12079,  14,  15,  14,    0,  -15 },   // 0x76
  {  12184,  21,  15,  21,    0,  -15 },   // 0x77
  {  12342,  14,  15,  14,    0,  -15 },   // 0x78
  {  12447,  13,  21,  13,    0,  -15 },   // 0x79
  {  12584,  14,  15,  14,    0,  -15 },   // 0x7A
  {  12689,  10,  27,   9,    0,  -22 },   // 0x7B
  {  12824,   7,  24,   7,    0,  -20 },   // 0x7C
  {  12908,   9,  27,   9,    0,  -22 },   // 0x7D
  {  13030,  19,  11,  19,    0,  -11 },   // 0x7E
  {  13135,  12,  20,  12,    0,  -20 },   // 0x7F
  {  13255,  21,  21,  21,    0,  -20 },   // 0x80
  {  13476,  16,  26,  16,    0,  -26 },   // 0x81
  {  13684,   6,   7,   6,    0,   -3 },   // 0x82
  {  13705,  12,  21,  12,    0,  -21 },   // 0x83
  {  13831,  10,   8,  10,    0,   -4 },   // 0x84
  {  13871,  19,   4,  19,    0,   -4 },   // 0x85
  {  13909,  15,  20,  15,    0,  -20 },   // 0x86
  {  14059,  16,  26,  16,    0,  -20 },   // 0x87
  {  14267,  16,  20,  16,    0,  -20 },   // 0x88
  {  14427,  27,  20,  27,    0,  -20 },   // 0x89
  {  14697,  30,  20,  30,    0,  -20 },   // 0x8A
  {  14997,   8,  13,   8,    0,  -13 },   // 0x8B
  {  15049,  30,  20,  30,    0,  -20 },   // 0x8C
  {  15349,  18,  26,  18,    0,  -26 },   // 0x8D
  {  15583,  23,  20,  23,    0,  -20 },   // 0x8E
  {  15813,  20,  25,  20,    0,  -20 },   // 0x8F
  {  16063,  16,  27,  15,   -1,  -21 },   // 0x90
  {  16279,   6,  21,   6,    0,  -21 },   // 0x91
  {  16342,   6,  21,   6,    0,  -21 },   // 0x92
  {  16405,  10,  21,  10,    0,  -21 },   // 0x93
  {  16510,  10,  21,  10,    0,  -21 },   // 0x94
  {  16615,   9,  13,   9,    0,  -13 },   // 0x95
  {  16674,  18,  11,  18,    0,  -11 },   // 0x96
  {  16773,  22,  11,  22,    0,  -11 },   // 0x97
  {  16894,   0,   0,   7,    0,    0 },   // 0x98
  {  16894,  18,  20,  18,    0,  -20 },   // 0x99
  {  17074,  24,  15,  24,    0,  -15 },   // 0x9A
  {  17254,   8,  13,   8,    0,  -13 },   // 0x9B
  {  17306,  24,  15,  24,    0,  -15 },   // 0x9C
  {  17486,  15,  21,  15,    0,  -21 },   // 0x9D
  {  17644,  17,  21,  16,   -1,  -21 },   // 0x9E
  {  17823,  16,  20,  16,    0,  -15 },   // 0x9F
  {  17983,   0,   0,   7,    0,    0 },   // 0xA0
  {  17983,  18,  25,  18,    0,  -25 },   // 0xA1
  {  18208,  13,  27,  13,    0,  -21 },   // 0xA2
  {  18384,  15,  20,  15,    0,  -20 },   // 0xA3
  {  18534,  20,  19,  20,    0,  -18 },   // 0xA4
  {  18724,  15,  25,  15,    0,  -25 },   // 0xA5
  {  18912,   7,  24,   7,    0,  -20 },   // 0xA6
  {  18996,  17,  27,  17,    0,  -20 },   // 0xA7
  {  19226,  16,  25,  16,    0,  -25 },   // 0xA8
  {  19426,  22,  20,  22,    0,  -20 },   // 0xA9
  {  19646,  19,  20,  19,    0,  -20 },   // 0xAA
  {  19836,  13,  13,  13,    0,  -13 },   // 0xAB
  {  19921,  16,  11,  16,    0,  -11 },   // 0xAC
  {  20009,   8,   9,   8,    0,   -9 },   // 0xAD
  {  20045,  22,  20,  22,    0,  -20 },   // 0xAE
  {  20265,  10,  25,   8,   -1,  -25 },   // 0xAF
  {  20390,  10,  20,  10,    0,  -20 },   // 0xB0
  {  20490,  15,  18,  15,    0,  -18 },   // 0xB1
  {  20625,   8,  20,   8,    0,  -20 },   // 0xB2
  {  20705,   7,  20,   7,    0,  -20 },   // 0xB3
  {  20775,  12,  19,  12,    0,  -19 },   // 0xB4
  {  20889,  16,  21,  16,    0,  -15 },   // 0xB5
  {  21057,  14,  20,  14,    0,  -20 },   // 0xB6
  {  21197,   7,  12,   7,    0,  -12 },   // 0xB7
  {  21239,  15,  20,  15,    0,  -20 },   // 0xB8
  {  21389,  29,  20,  29,    0,  -20 },   // 0xB9
  {  21679,  15,  15,  15,    0,  -15 },   // 0xBA
  {  21792,  13,  13,  13,    0,  -13 },   // 0xBB
  {  21877,   8,  26,   7,   -1,  -20 },   // 0xBC
  {  21981,  17,  20,  17,    0,  -20 },   // 0xBD
  {  22151,  14,  15,  14,    0,  -15 },   // 0xBE
  {  22256,   9,  20,   7,   -1,  -20 },   // 0xBF
  {  22346,  18,  20,  18,    0,  -20 },   // 0xC0
  {  22526,  18,  20,  18,    0,  -20 },   // 0xC1
  {  22706,  17,  20,  17,    0,  -20 },   // 0xC2
  {  22876,  16,  20,  16,    0,  -20 },   // 0xC3
  {  23036,  21,  25,  21,    0,  -20 },   // 0xC4
  {  23299,  16,  20,  16,    0,  -20 },   // 0xC5
  {  23459,  26,  20,  25,    0,  -20 },   // 0xC6
  {  23719,  17,  20,  17,    0,  -20 },   // 0xC7
  {  23889,  20,  20,  20,    0,  -20 },   // 0xC8
  {  24089,  20,  25,  20,    0,  -25 },   // 0xC9
  {  24339,  18,  20,  18,    0,  -20 },   // 0xCA
  {  24519,  20,  20,  20,    0,  -20 },   // 0xCB
  {  24719,  24,  20,  24,    0,  -20 },   // 0xCC
  {  24959,  20,  20,  20,    0,  -20 },   // 0xCD
  {  25159,  19,  20,  19,    0,  -20 },   // 0xCE
  {  25349,  20,  20,  20,    0,  -20 },   // 0xCF
  {  25549,  18,  20,  18,    0,  -20 },   // 0xD0
  {  25729,  18,  20,  18,    0,  -20 },   // 0xD1
  {  25909,  17,  20,  17,    0,  -20 },   // 0xD2
  {  26079,  18,  20,  18,    0,  -20 },   // 0xD3
  {  26259,  22,  22,  22,    0,  -21 },   // 0xD4
  {  26501,  18,  20,  18,    0,  -20 },   // 0xD5
  {  26681,  20,  25,  20,    0,  -20 },   // 0xD6
  {  26931,  19,  20,  19,    0,  -20 },   // 0xD7
  {  27121,  26,  20,  26,    0,  -20 },   // 0xD8
  {  27381,  27,  25,  27,    0,  -20 },   // 0xD9
  {  27719,  21,  20,  21,    0,  -20 },   // 0xDA
  {  27929,  24,  20,  24,    0,  -20 },   // 0xDB
  {  28169,  18,  20,  18,    0,  -20 },   // 0xDC
  {  28349,  19,  20,  19,    0,  -20 },   // 0xDD
  {  28539,  25,  20,  25,    0,  -20 },   // 0xDE
  {  28789,  18,  20,  18,    0,  -20 },   // 0xDF
  {  28969,  15,  15,  15,    0,  -15 },   // 0xE0
  {  29082,  15,  21,  15,    0,  -21 },   // 0xE1
  {  29240,  16,  15,  16,    0,  -15 },   // 0xE2
  {  29360,  12,  15,  12,    0,  -15 },   // 0xE3
  {  29450,  17,  19,  17,    0,  -15 },   // 0xE4
  {  29612,  15,  15,  15,    0,  -15 },   // 0xE5
  {  29725,  22,  15,  21,    0,  -15 },   // 0xE6
  {  29890,  14,  15,  14,    0,  -15 },   // 0xE7
  {  29995,  16,  15,  16,    0,  -15 },   // 0xE8
  {  30115,  16,  21,  16,    0,  -21 },   // 0xE9
  {  30283,  15,  15,  15,    0,  -15 },   // 0xEA
  {  30396,  16,  15,  16,    0,  -15 },   // 0xEB
  {  30516,  21,  15,  21,    0,  -15 },   // 0xEC
  {  30674,  16,  15,  16,    0,  -15 },   // 0xED
  {  30794,  16,  15,  16,    0,  -15 },   // 0xEE
  {  30914,  16,  15,  16,    0,  -15 },   // 0xEF
  {  31034,  16,  21,  16,    0,  -15 },   // 0xF0
  {  31202,  15,  15,  15,    0,  -15 },   // 0xF1
  {  31315,  13,  15,  13,    0,  -15 },   // 0xF2
  {  31413,  13,  21,  13,    0,  -15 },   // 0xF3
  {  31550,  20,  27,  20,    0,  -21 },   // 0xF4
  {  31820,  14,  15,  14,    0,  -15 },   // 0xF5
  {  31925,  17,  19,  17,    0,  -15 },   // 0xF6
  {  32087,  15,  15,  15,    0,  -15 },   // 0xF7
  {  32200,  23,  15,  23,    0,  -15 },   // 0xF8
  {  32373,  23,  19,  23,    0,  -15 },   // 0xF9
  {  32592,  17,  15,  17,    0,  -15 },   // 0xFA
  {  32720,  22,  15,  22,    0,  -15 },   // 0xFB
  {  32885,  15,  15,  15,    0,  -15 },   // 0xFC
  {  32998,  15,  15,  15,    0,  -15 },   // 0xFD
  {  33111,  23,  15,  23,    0,  -15 },   // 0xFE
  {  33284,  15,  15,  15,    0,  -15 },   // 0xFF
};

inline const GFXfont aaUI15 PROGMEM = { (uint8_t*)aaUI15Bitmaps, (GFXglyph*)aaUI15Glyphs, 0x20, 0xFF, 36 };
