/* Створює tools/make_aafonts.py — вручну не правити. Roboto-Bold.ttf, «H» 24 px (розмір 32.50), 4 біти на піксель. */
#pragma once
#include <Adafruit_GFX.h>

inline const uint8_t aaUI26bBitmaps[] PROGMEM = {
  0x00, 0xDF, 0xFF, 0xF1, 0x00, 0x0D, 0xFF, 0xFF, 0x10, 0x00, 0xDF, 0xFF, 0xF0, 0x00, 0x0C, 0xFF, 0xFF, 0x00, 0x00, 0xCF,
  0xFF, 0xE0, 0x00, 0x0B, 0xFF, 0xFE, 0x00, 0x00, 0xBF, 0xFF, 0xD0, 0x00, 0x0A, 0xFF, 0xFD, 0x00, 0x00, 0xAF, 0xFF, 0xC0,
  0x00, 0x0A, 0xFF, 0xFC, 0x00, 0x00, 0x9F, 0xFF, 0xC0, 0x00, 0x09, 0xFF, 0xFB, 0x00, 0x00, 0x8F, 0xFF, 0xB0, 0x00, 0x08,
  0xFF, 0xFA, 0x00, 0x00, 0x7F, 0xFF, 0xA0, 0x00, 0x07, 0xFF, 0xF9, 0x00, 0x00, 0x6F, 0xFF, 0x90, 0x00, 0x00, 0x00, 0x00,
  0x00, 0x00, 0x00, 0x00, 0x00, 0x00, 0x02, 0xBD, 0xC4, 0x00, 0x00, 0xBF, 0xFF, 0xE1, 0x00, 0x0E, 0xFF, 0xFF, 0x30, 0x00,
  0xCF, 0xFF, 0xE1, 0x00, 0x03, 0xCE, 0xD5, 0x00, 0x0F, 0xFF, 0x50, 0xBF, 0xF9, 0x00, 0xFF, 0xF5, 0x0B, 0xFF, 0x90, 0x0F,
  0xFF, 0x50, 0xBF, 0xF8, 0x00, 0xFF, 0xF3, 0x0B, 0xFF, 0x70, 0x0F, 0xFF, 0x20, 0xBF, 0xF5, 0x00, 0xFF, 0xF0, 0x0B, 0xFF,
  0x40, 0x0F, 0xFD, 0x00, 0xBF, 0xF3, 0x00, 0xFF, 0xC0, 0x0B, 0xFF, 0x10, 0x0F, 0xFB, 0x00, 0xBF, 0xE0, 0x00, 0x00, 0x00,
  0x00, 0x00, 0x00, 0x00, 0x00, 0x00, 0x00, 0x00, 0x00, 0x00, 0x00, 0x00, 0x00, 0x00, 0x00, 0x00, 0x00, 0x00, 0x00, 0x00,
  0x00, 0x00, 0x00, 0x00, 0x00, 0x00, 0x00, 0x00, 0x00, 0x00, 0x00, 0x00, 0x00, 0x00, 0x00, 0x00, 0x00, 0x00, 0x00, 0x00,
  0x00, 0x00, 0x00, 0x00, 0x00, 0x00, 0x00, 0x00, 0x00, 0x00, 0x00, 0x00, 0x00, 0x00, 0x00, 0x00, 0x00, 0x00, 0x00, 0x00,
  0x00, 0x00, 0x00, 0x00, 0x00, 0x00, 0x00, 0x00, 0x00, 0x00, 0x00, 0x00, 0x00, 0x00, 0x00, 0x00, 0x00, 0x00, 0x00, 0x00,
  0x00, 0x00, 0x00, 0x00, 0x00, 0x00, 0x00, 0x00, 0x00, 0x07, 0xFF, 0x80, 0x06, 0xFF, 0x90, 0x00, 0x00, 0x00, 0x00, 0x0A,
  0xFF, 0x60, 0x09, 0xFF, 0x70, 0x00, 0x00, 0x00, 0x00, 0x0C, 0xFF, 0x30, 0x0B, 0xFF, 0x40, 0x00, 0x00, 0x00, 0x00, 0x0E,
  0xFF, 0x10, 0x0D, 0xFF, 0x20, 0x00, 0x00, 0x00, 0x00, 0x2F, 0xFD, 0x00, 0x1F, 0xFE, 0x00, 0x00, 0x00, 0x00, 0x00, 0x5F,
  0xFB, 0x00, 0x4F, 0xFC, 0x00, 0x00, 0x00, 0x00, 0x00, 0x7F, 0xF8, 0x00, 0x7F, 0xF9, 0x00, 0x00, 0x00, 0xCF, 0xFF, 0xFF,
  0xFF, 0xFF, 0xFF, 0xFF, 0xFF, 0xF0, 0x00, 0xCF, 0xFF, 0xFF, 0xFF, 0xFF, 0xFF, 0xFF, 0xFF, 0xF0, 0x00, 0xAC, 0xCC, 0xFF,
  0xFC, 0xCC, 0xFF, 0xFC, 0xCC, 0xC0, 0x00, 0x00, 0x03, 0xFF, 0xC0, 0x02, 0xFF, 0xD0, 0x00, 0x00, 0x00, 0x00, 0x06, 0xFF,
  0xA0, 0x05, 0xFF, 0xB0, 0x00, 0x00, 0x00, 0x00, 0x09, 0xFF, 0x70, 0x08, 0xFF, 0x80, 0x00, 0x00, 0x00, 0x00, 0x0C, 0xFF,
  0x40, 0x0B, 0xFF, 0x50, 0x00, 0x00, 0x0F, 0xFF, 0xFF, 0xFF, 0xFF, 0xFF, 0xFF, 0xFF, 0xFC, 0x00, 0x0F, 0xFF, 0xFF, 0xFF,
  0xFF, 0xFF, 0xFF, 0xFF, 0xFC, 0x00, 0x0C, 0xCC, 0xDF, 0xFE, 0xCC, 0xDF, 0xFE, 0xCC, 0xCA, 0x00, 0x00, 0x00, 0x7F, 0xF9,
  0x00, 0x6F, 0xFA, 0x00, 0x00, 0x00, 0x00, 0x00, 0xAF, 0xF6, 0x00, 0x9F, 0xF7, 0x00, 0x00, 0x00, 0x00, 0x00, 0xCF, 0xF4,
  0x00, 0xBF, 0xF5, 0x00, 0x00, 0x00, 0x00, 0x00, 0xEF, 0xF1, 0x00, 0xDF, 0xF2, 0x00, 0x00, 0x00, 0x00, 0x02, 0xFF, 0xD0,
  0x01, 0xFF, 0xE0, 0x00, 0x00, 0x00, 0x00, 0x04, 0xFF, 0xB0, 0x03, 0xFF, 0xC0, 0x00, 0x00, 0x00, 0x00, 0x07, 0xFF, 0x90,
  0x06, 0xFF, 0xA0, 0x00, 0x00, 0x00, 0x00, 0x00, 0x00, 0x00, 0x28, 0x83, 0x00, 0x00, 0x00, 0x00, 0x00, 0x00, 0x00, 0x05,
  0xFF, 0x60, 0x00, 0x00, 0x00, 0x00, 0x00, 0x00, 0x00, 0x5F, 0xF6, 0x00, 0x00, 0x00, 0x00, 0x00, 0x00, 0x00, 0x05, 0xFF,
  0x60, 0x00, 0x00, 0x00, 0x00, 0x00, 0x01, 0x8C, 0xEF, 0xFE, 0xB5, 0x00, 0x00, 0x00, 0x00, 0x05, 0xEF, 0xFF, 0xFF, 0xFF,
  0xFB, 0x10, 0x00, 0x00, 0x05, 0xFF, 0xFF, 0xFF, 0xFF, 0xFF, 0xFC, 0x00, 0x00, 0x01, 0xEF, 0xFF, 0xFE, 0xCD, 0xFF, 0xFF,
  0xF8, 0x00, 0x00, 0x6F, 0xFF, 0xFC, 0x10, 0x06, 0xFF, 0xFF, 0xE0, 0x00, 0x09, 0xFF, 0xFF, 0x40, 0x00, 0x0A, 0xFF, 0xFF,
  0x30, 0x00, 0xAF, 0xFF, 0xF2, 0x00, 0x00, 0x7F, 0xFF, 0xF6, 0x00, 0x09, 0xFF, 0xFF, 0x40, 0x00, 0x03, 0x99, 0x99, 0x40,
  0x00, 0x6F, 0xFF, 0xFC, 0x10, 0x00, 0x00, 0x00, 0x00, 0x00, 0x01, 0xEF, 0xFF, 0xFD, 0x71, 0x00, 0x00, 0x00, 0x00, 0x00,
  0x06, 0xFF, 0xFF, 0xFF, 0xE9, 0x20, 0x00, 0x00, 0x00, 0x00, 0x06, 0xFF, 0xFF, 0xFF, 0xFF, 0x91, 0x00, 0x00, 0x00, 0x00,
  0x03, 0xBF, 0xFF, 0xFF, 0xFF, 0xD3, 0x00, 0x00, 0x00, 0x00, 0x00, 0x4A, 0xFF, 0xFF, 0xFF, 0xE2, 0x00, 0x00, 0x00, 0x00,
  0x00, 0x02, 0x8E, 0xFF, 0xFF, 0xB0, 0x00, 0x00, 0x00, 0x00, 0x00, 0x00, 0x3E, 0xFF, 0xFF, 0x20, 0x06, 0xAA, 0xAA, 0x20,
  0x00, 0x00, 0x8F, 0xFF, 0xF5, 0x00, 0x7F, 0xFF, 0xF5, 0x00, 0x00, 0x05, 0xFF, 0xFF, 0x60, 0x05, 0xFF, 0xFF, 0xA0, 0x00,
  0x00, 0x8F, 0xFF, 0xF5, 0x00, 0x1E, 0xFF, 0xFF, 0x50, 0x00, 0x4E, 0xFF, 0xFF, 0x20, 0x00, 0x9F, 0xFF, 0xFF, 0xDB, 0xCF,
  0xFF, 0xFF, 0xB0, 0x00, 0x01, 0xCF, 0xFF, 0xFF, 0xFF, 0xFF, 0xFF, 0xE3, 0x00, 0x00, 0x01, 0xBF, 0xFF, 0xFF, 0xFF, 0xFF,
  0xD3, 0x00, 0x00, 0x00, 0x00, 0x4A, 0xDF, 0xFF, 0xEB, 0x71, 0x00, 0x00, 0x00, 0x00, 0x00, 0x00, 0xAF, 0xF0, 0x00, 0x00,
  0x00, 0x00, 0x00, 0x00, 0x00, 0x0A, 0xFF, 0x00, 0x00, 0x00, 0x00, 0x00, 0x00, 0x00, 0x00, 0xAF, 0xF0, 0x00, 0x00, 0x00,
  0x00, 0x00, 0x00, 0x00, 0x02, 0x44, 0x00, 0x00, 0x00, 0x00, 0x00, 0x03, 0xAE, 0xFE, 0xB5, 0x00, 0x00, 0x00, 0x00, 0x00,
  0x00, 0x00, 0x00, 0x4E, 0xFF, 0xFF, 0xFF, 0x70, 0x00, 0x00, 0x00, 0x00, 0x00, 0x00, 0x01, 0xDF, 0xFE, 0xCE, 0xFF, 0xF3,
  0x00, 0x00, 0x00, 0x00, 0x00, 0x00, 0x05, 0xFF, 0xE3, 0x01, 0xCF, 0xF9, 0x00, 0x00, 0x9A, 0x20, 0x00, 0x00, 0x07, 0xFF,
  0xB0, 0x00, 0x8F, 0xFB, 0x00, 0x04, 0xFF, 0xC0, 0x00, 0x00, 0x08, 0xFF, 0xA0, 0x00, 0x7F, 0xFB, 0x00, 0x1D, 0xFF, 0x40,
  0x00, 0x00, 0x07, 0xFF, 0xB0, 0x00, 0x8F, 0xFB, 0x00, 0x9F, 0xF9, 0x00, 0x00, 0x00, 0x05, 0xFF, 0xE3, 0x01, 0xCF, 0xF9,
  0x03, 0xFF, 0xD1, 0x00, 0x00, 0x00, 0x01, 0xDF, 0xFE, 0xBD, 0xFF, 0xF3, 0x0C, 0xFF, 0x50, 0x00, 0x00, 0x00, 0x00, 0x4E,
  0xFF, 0xFF, 0xFF, 0x70, 0x8F, 0xFA, 0x00, 0x00, 0x00, 0x00, 0x00, 0x03, 0xAE, 0xFE, 0xB5, 0x03, 0xEF, 0xE1, 0x00, 0x00,
  0x00, 0x00, 0x00, 0x00, 0x00, 0x00, 0x00, 0x0B, 0xFF, 0x60, 0x00, 0x00, 0x00, 0x00, 0x00, 0x00, 0x00, 0x00, 0x00, 0x7F,
  0xFB, 0x00, 0x00, 0x00, 0x00, 0x00, 0x00, 0x00, 0x00, 0x00, 0x02, 0xEF, 0xE2, 0x19, 0xDF, 0xEC, 0x60, 0x00, 0x00, 0x00,
  0x00, 0x00, 0x0B, 0xFF, 0x72, 0xDF, 0xFF, 0xFF, 0xFA, 0x00, 0x00, 0x00, 0x00, 0x00, 0x5F, 0xFC, 0x0B, 0xFF, 0xFC, 0xDF,
  0xFF, 0x70, 0x00, 0x00, 0x00, 0x01, 0xEF, 0xF3, 0x2F, 0xFF, 0x50, 0x0A, 0xFF, 0xC0, 0x00, 0x00, 0x00, 0x0A, 0xFF, 0x80,
  0x4F, 0xFE, 0x00, 0x04, 0xFF, 0xE0, 0x00, 0x00, 0x00, 0x4F, 0xFC, 0x00, 0x5F, 0xFD, 0x00, 0x03, 0xFF, 0xE0, 0x00, 0x00,
  0x01, 0xDF, 0xF4, 0x00, 0x4F, 0xFE, 0x00, 0x04, 0xFF, 0xE0, 0x00, 0x00, 0x08, 0xFF, 0x90, 0x00, 0x2F, 0xFF, 0x60, 0x09,
  0xFF, 0xC0, 0x00, 0x00, 0x01, 0x8C, 0x10, 0x00, 0x0B, 0xFF, 0xFC, 0xCF, 0xFF, 0x70, 0x00, 0x00, 0x00, 0x00, 0x00, 0x00,
  0x02, 0xDF, 0xFF, 0xFF, 0xFB, 0x00, 0x00, 0x00, 0x00, 0x00, 0x00, 0x00, 0x00, 0x29, 0xDF, 0xEC, 0x70, 0x00, 0x00, 0x00,
  0x00, 0x6B, 0xEF, 0xEB, 0x60, 0x00, 0x00, 0x00, 0x00, 0x00, 0x00, 0x2C, 0xFF, 0xFF, 0xFF, 0xFB, 0x10, 0x00, 0x00, 0x00,
  0x00, 0x00, 0xCF, 0xFF, 0xFF, 0xFF, 0xFF, 0xA0, 0x00, 0x00, 0x00, 0x00, 0x05, 0xFF, 0xFF, 0xEC, 0xEF, 0xFF, 0xF3, 0x00,
  0x00, 0x00, 0x00, 0x0A, 0xFF, 0xFD, 0x20, 0x2D, 0xFF, 0xF7, 0x00, 0x00, 0x00, 0x00, 0x0C, 0xFF, 0xF7, 0x00, 0x07, 0xFF,
  0xF9, 0x00, 0x00, 0x00, 0x00, 0x0C, 0xFF, 0xF7, 0x00, 0x08, 0xFF, 0xF7, 0x00, 0x00, 0x00, 0x00, 0x0A, 0xFF, 0xFB, 0x00,
  0x2E, 0xFF, 0xF3, 0x00, 0x00, 0x00, 0x00, 0x06, 0xFF, 0xFF, 0x55, 0xEF, 0xFF, 0xA0, 0x00, 0x00, 0x00, 0x00, 0x00, 0xCF,
  0xFF, 0xEF, 0xFF, 0xFC, 0x10, 0x00, 0x00, 0x00, 0x00, 0x00, 0x4F, 0xFF, 0xFF, 0xFF, 0xA1, 0x00, 0x00, 0x00, 0x00, 0x00,
  0x00, 0x2D, 0xFF, 0xFF, 0xF7, 0x00, 0x00, 0x00, 0x00, 0x00, 0x00, 0x04, 0xEF, 0xFF, 0xFF, 0xF8, 0x00, 0x02, 0xCC, 0xCA,
  0x00, 0x00, 0x5E, 0xFF, 0xFF, 0xFF, 0xFF, 0x60, 0x04, 0xFF, 0xFC, 0x00, 0x01, 0xEF, 0xFF, 0xE7, 0xEF, 0xFF, 0xF4, 0x06,
  0xFF, 0xFB, 0x00, 0x08, 0xFF, 0xFF, 0x60, 0x5F, 0xFF, 0xFE, 0x3B, 0xFF, 0xF9, 0x00, 0x0C, 0xFF, 0xFE, 0x00, 0x06, 0xFF,
  0xFF, 0xDF, 0xFF, 0xF6, 0x00, 0x0D, 0xFF, 0xFD, 0x00, 0x00, 0x8F, 0xFF, 0xFF, 0xFF, 0xE1, 0x00, 0x0C, 0xFF, 0xFF, 0x30,
  0x00, 0x09, 0xFF, 0xFF, 0xFF, 0x90, 0x00, 0x09, 0xFF, 0xFF, 0xC3, 0x00, 0x06, 0xFF, 0xFF, 0xFE, 0x10, 0x00, 0x03, 0xFF,
  0xFF, 0xFF, 0xDC, 0xEF, 0xFF, 0xFF, 0xFF, 0x60, 0x00, 0x00, 0x7F, 0xFF, 0xFF, 0xFF, 0xFF, 0xFF, 0xFF, 0xFF, 0xE4, 0x00,
  0x00, 0x06, 0xEF, 0xFF, 0xFF, 0xFF, 0xFF, 0xCF, 0xFF, 0xFE, 0x20, 0x00, 0x00, 0x28, 0xCE, 0xFF, 0xEC, 0x83, 0x08, 0xFF,
  0xFF, 0xC1, 0x0F, 0xFF, 0x70, 0xFF, 0xF7, 0x0F, 0xFF, 0x70, 0xFF, 0xF6, 0x0F, 0xFF, 0x50, 0xFF, 0xF4, 0x0F, 0xFF, 0x30,
  0xFF, 0xF2, 0x0F, 0xFF, 0x00, 0x00, 0x00, 0x00, 0x00, 0x00, 0x00, 0x00, 0x00, 0x00, 0x00, 0x00, 0x00, 0x00, 0x00, 0x00,
  0x00, 0x00, 0x00, 0x00, 0x00, 0x00, 0x00, 0x00, 0x00, 0x00, 0x00, 0x00, 0x00, 0x00, 0x00, 0x00, 0x00, 0x00, 0x00, 0x00,
  0x00, 0x00, 0x00, 0x00, 0x00, 0x00, 0x00, 0x00, 0x00, 0x3B, 0x40, 0x00, 0x00, 0x00, 0x05, 0xEF, 0x90, 0x00, 0x00, 0x00,
  0x5F, 0xFF, 0xC0, 0x00, 0x00, 0x03, 0xEF, 0xFC, 0x10, 0x00, 0x00, 0x0B, 0xFF, 0xE2, 0x00, 0x00, 0x00, 0x6F, 0xFF, 0x60,
  0x00, 0x00, 0x00, 0xDF, 0xFD, 0x00, 0x00, 0x00, 0x05, 0xFF, 0xF7, 0x00, 0x00, 0x00, 0x0B, 0xFF, 0xF2, 0x00, 0x00, 0x00,
  0x1F, 0xFF, 0xC0, 0x00, 0x00, 0x00, 0x5F, 0xFF, 0x90, 0x00, 0x00, 0x00, 0x8F, 0xFF, 0x60, 0x00, 0x00, 0x00, 0xBF, 0xFF,
  0x40, 0x00, 0x00, 0x00, 0xDF, 0xFF, 0x20, 0x00, 0x00, 0x00, 0xDF, 0xFF, 0x00, 0x00, 0x00, 0x00, 0xEF, 0xFF, 0x00, 0x00,
  0x00, 0x00, 0xFF, 0xFE, 0x00, 0x00, 0x00, 0x00, 0xFF, 0xFF, 0x00, 0x00, 0x00, 0x00, 0xEF, 0xFF, 0x00, 0x00, 0x00, 0x00,
  0xCF, 0xFF, 0x20, 0x00, 0x00, 0x00, 0xBF, 0xFF, 0x40, 0x00, 0x00, 0x00, 0x8F, 0xFF, 0x60, 0x00, 0x00, 0x00, 0x5F, 0xFF,
  0x90, 0x00, 0x00, 0x00, 0x1F, 0xFF, 0xC0, 0x00, 0x00, 0x00, 0x0B, 0xFF, 0xF1, 0x00, 0x00, 0x00, 0x05, 0xFF, 0xF7, 0x00,
  0x00, 0x00, 0x00, 0xDF, 0xFD, 0x00, 0x00, 0x00, 0x00, 0x6F, 0xFF, 0x60, 0x00, 0x00, 0x00, 0x0B, 0xFF, 0xE2, 0x00, 0x00,
  0x00, 0x03, 0xEF, 0xFC, 0x10, 0x00, 0x00, 0x00, 0x5F, 0xFF, 0xB0, 0x00, 0x00, 0x00, 0x05, 0xEF, 0xA0, 0x00, 0x00, 0x00,
  0x00, 0x3B, 0x40, 0x0A, 0x80, 0x00, 0x00, 0x00, 0x00, 0x1E, 0xFC, 0x20, 0x00, 0x00, 0x00, 0x3F, 0xFF, 0xD1, 0x00, 0x00,
  0x00, 0x05, 0xFF, 0xFB, 0x00, 0x00, 0x00, 0x00, 0x7F, 0xFF, 0x70, 0x00, 0x00, 0x00, 0x0C, 0xFF, 0xE2, 0x00, 0x00, 0x00,
  0x05, 0xFF, 0xF9, 0x00, 0x00, 0x00, 0x00, 0xDF, 0xFE, 0x10, 0x00, 0x00, 0x00, 0x8F, 0xFF, 0x70, 0x00, 0x00, 0x00, 0x4F,
  0xFF, 0xC0, 0x00, 0x00, 0x00, 0x0E, 0xFF, 0xF2, 0x00, 0x00, 0x00, 0x0C, 0xFF, 0xF5, 0x00, 0x00, 0x00, 0x0A, 0xFF, 0xF8,
  0x00, 0x00, 0x00, 0x09, 0xFF, 0xFA, 0x00, 0x00, 0x00, 0x07, 0xFF, 0xFC, 0x00, 0x00, 0x00, 0x07, 0xFF, 0xFC, 0x00, 0x00,
  0x00, 0x07, 0xFF, 0xFD, 0x00, 0x00, 0x00, 0x07, 0xFF, 0xFC, 0x00, 0x00, 0x00, 0x08, 0xFF, 0xFC, 0x00, 0x00, 0x00, 0x08,
  0xFF, 0xFA, 0x00, 0x00, 0x00, 0x0A, 0xFF, 0xF8, 0x00, 0x00, 0x00, 0x0C, 0xFF, 0xF5, 0x00, 0x00, 0x00, 0x0E, 0xFF, 0xF2,
  0x00, 0x00, 0x00, 0x4F, 0xFF, 0xC0, 0x00, 0x00, 0x00, 0x8F, 0xFF, 0x70, 0x00, 0x00, 0x00, 0xDF, 0xFE, 0x10, 0x00, 0x00,
  0x05, 0xFF, 0xF9, 0x00, 0x00, 0x00, 0x0C, 0xFF, 0xE2, 0x00, 0x00, 0x00, 0x7F, 0xFF, 0x70, 0x00, 0x00, 0x05, 0xFF, 0xFB,
  0x00, 0x00, 0x00, 0x3F, 0xFF, 0xD1, 0x00, 0x00, 0x00, 0x1E, 0xFC, 0x20, 0x00, 0x00, 0x00, 0x0A, 0x80, 0x00, 0x00, 0x00,
  0x00, 0x00, 0x00, 0x00, 0xEF, 0xF4, 0x00, 0x00, 0x00, 0x00, 0x00, 0x0D, 0xFF, 0x30, 0x00, 0x00, 0x00, 0x00, 0x00, 0xCF,
  0xF2, 0x00, 0x00, 0x00, 0x63, 0x00, 0x0B, 0xFF, 0x00, 0x02, 0x60, 0x1E, 0xFC, 0x72, 0xBF, 0xE1, 0x6B, 0xFF, 0x36, 0xFF,
  0xFF, 0xFE, 0xFF, 0xEF, 0xFF, 0xF9, 0x38, 0xBE, 0xFF, 0xFF, 0xFF, 0xFF, 0xC8, 0x40, 0x00, 0x14, 0xDF, 0xFF, 0xD5, 0x10,
  0x00, 0x00, 0x00, 0x6F, 0xFF, 0xFF, 0x70, 0x00, 0x00, 0x00, 0x4E, 0xFF, 0x6F, 0xFF, 0x40, 0x00, 0x00, 0x2E, 0xFF, 0x80,
  0x9F, 0xFD, 0x20, 0x00, 0x0B, 0xFF, 0xD0, 0x01, 0xDF, 0xFB, 0x00, 0x00, 0x2B, 0xF4, 0x00, 0x05, 0xFD, 0x30, 0x00, 0x00,
  0x04, 0x00, 0x00, 0x06, 0x10, 0x00, 0x00, 0x00, 0x00, 0x00, 0x00, 0x00, 0x00, 0x00, 0x00, 0x00, 0x00, 0x00, 0x00, 0x00,
  0x00, 0x00, 0x00, 0x00, 0x00, 0x00, 0x00, 0x00, 0x00, 0x00, 0x00, 0x00, 0x00, 0x00, 0x00, 0x00, 0x00, 0x00, 0x00, 0x00,
  0x00, 0x00, 0x00, 0x00, 0x00, 0x00, 0x00, 0x00, 0x00, 0x00, 0x00, 0x00, 0x00, 0x00, 0x00, 0x00, 0x00, 0x00, 0x00, 0x00,
  0x00, 0x00, 0x00, 0x00, 0x00, 0x00, 0x00, 0x00, 0x00, 0x00, 0x00, 0x00, 0x00, 0x00, 0x00, 0x00, 0x00, 0x00, 0x00, 0x00,
  0x00, 0x00, 0x00, 0x00, 0x26, 0x66, 0x61, 0x00, 0x00, 0x00, 0x00, 0x00, 0x00, 0x5F, 0xFF, 0xF4, 0x00, 0x00, 0x00, 0x00,
  0x00, 0x00, 0x5F, 0xFF, 0xF4, 0x00, 0x00, 0x00, 0x00, 0x00, 0x00, 0x5F, 0xFF, 0xF4, 0x00, 0x00, 0x00, 0x00, 0x00, 0x00,
  0x5F, 0xFF, 0xF4, 0x00, 0x00, 0x00, 0x00, 0x00, 0x00, 0x5F, 0xFF, 0xF4, 0x00, 0x00, 0x00, 0x00, 0x00, 0x00, 0x5F, 0xFF,
  0xF4, 0x00, 0x00, 0x00, 0x2F, 0xFF, 0xFF, 0xFF, 0xFF, 0xFF, 0xFF, 0xFF, 0xF0, 0x2F, 0xFF, 0xFF, 0xFF, 0xFF, 0xFF, 0xFF,
  0xFF, 0xF0, 0x2F, 0xFF, 0xFF, 0xFF, 0xFF, 0xFF, 0xFF, 0xFF, 0xF0, 0x2F, 0xFF, 0xFF, 0xFF, 0xFF, 0xFF, 0xFF, 0xFF, 0xF0,
  0x04, 0x44, 0x44, 0x7F, 0xFF, 0xF6, 0x44, 0x44, 0x40, 0x00, 0x00, 0x00, 0x5F, 0xFF, 0xF4, 0x00, 0x00, 0x00, 0x00, 0x00,
  0x00, 0x5F, 0xFF, 0xF4, 0x00, 0x00, 0x00, 0x00, 0x00, 0x00, 0x5F, 0xFF, 0xF4, 0x00, 0x00, 0x00, 0x00, 0x00, 0x00, 0x5F,
  0xFF, 0xF4, 0x00, 0x00, 0x00, 0x00, 0x00, 0x00, 0x5F, 0xFF, 0xF4, 0x00, 0x00, 0x00, 0x00, 0x00, 0x00, 0x4C, 0xCC, 0xC3,
  0x00, 0x00, 0x00, 0x00, 0x00, 0x00, 0x00, 0x00, 0x00, 0x00, 0x00, 0x00, 0x00, 0x00, 0x00, 0x00, 0x00, 0x00, 0x00, 0x00,
  0x00, 0x00, 0xBF, 0xFF, 0x30, 0x00, 0xCF, 0xFF, 0x30, 0x00, 0xCF, 0xFF, 0x30, 0x00, 0xCF, 0xFF, 0x30, 0x00, 0xDF, 0xFF,
  0x10, 0x01, 0xFF, 0xFC, 0x00, 0x06, 0xFF, 0xF7, 0x00, 0x0C, 0xFF, 0xE1, 0x00, 0x4F, 0xFF, 0x60, 0x00, 0x04, 0xC8, 0x00,
  0x00, 0x04, 0xFF, 0xFF, 0xFF, 0xFF, 0xD0, 0x00, 0x4F, 0xFF, 0xFF, 0xFF, 0xFD, 0x00, 0x04, 0xFF, 0xFF, 0xFF, 0xFF, 0xD0,
  0x00, 0x3C, 0xCC, 0xCC, 0xCC, 0xCA, 0x00, 0x00, 0x00, 0x00, 0x00, 0x00, 0x00, 0x00, 0x00, 0x00, 0x00, 0x00, 0x00, 0x00,
  0x00, 0x00, 0x00, 0x00, 0x00, 0x00, 0x00, 0x00, 0x00, 0x00, 0x00, 0x00, 0x00, 0x00, 0x00, 0x00, 0x00, 0x00, 0x00, 0x00,
  0x00, 0x00, 0x00, 0x00, 0x00, 0x00, 0x00, 0x00, 0x00, 0x00, 0x00, 0x00, 0x00, 0x00, 0x00, 0x00, 0x00, 0x00, 0x00, 0x00,
  0x2B, 0xED, 0x50, 0x00, 0x00, 0xBF, 0xFF, 0xE2, 0x00, 0x00, 0xEF, 0xFF, 0xF5, 0x00, 0x00, 0xCF, 0xFF, 0xF2, 0x00, 0x00,
  0x3B, 0xED, 0x50, 0x00, 0x00, 0x00, 0x00, 0x00, 0x0C, 0xFF, 0xB0, 0x00, 0x00, 0x00, 0x02, 0xFF, 0xF7, 0x00, 0x00, 0x00,
  0x00, 0x7F, 0xFF, 0x20, 0x00, 0x00, 0x00, 0x0C, 0xFF, 0xB0, 0x00, 0x00, 0x00, 0x02, 0xFF, 0xF7, 0x00, 0x00, 0x00, 0x00,
  0x7F, 0xFF, 0x20, 0x00, 0x00, 0x00, 0x0C, 0xFF, 0xB0, 0x00, 0x00, 0x00, 0x02, 0xFF, 0xF7, 0x00, 0x00, 0x00, 0x00, 0x7F,
  0xFF, 0x20, 0x00, 0x00, 0x00, 0x0C, 0xFF, 0xC0, 0x00, 0x00, 0x00, 0x02, 0xFF, 0xF7, 0x00, 0x00, 0x00, 0x00, 0x7F, 0xFF,
  0x20, 0x00, 0x00, 0x00, 0x0B, 0xFF, 0xC0, 0x00, 0x00, 0x00, 0x02, 0xFF, 0xF7, 0x00, 0x00, 0x00, 0x00, 0x7F, 0xFF, 0x20,
  0x00, 0x00, 0x00, 0x0B, 0xFF, 0xC0, 0x00, 0x00, 0x00, 0x02, 0xFF, 0xF7, 0x00, 0x00, 0x00, 0x00, 0x7F, 0xFF, 0x20, 0x00,
  0x00, 0x00, 0x0B, 0xFF, 0xC0, 0x00, 0x00, 0x00, 0x02, 0xFF, 0xF7, 0x00, 0x00, 0x00, 0x00, 0x7F, 0xFF, 0x20, 0x00, 0x00,
  0x00, 0x0B, 0xFF, 0xC0, 0x00, 0x00, 0x00, 0x01, 0xFF, 0xF7, 0x00, 0x00, 0x00, 0x00, 0x7F, 0xFF, 0x20, 0x00, 0x00, 0x00,
  0x0B, 0xFF, 0xC0, 0x00, 0x00, 0x00, 0x01, 0xFF, 0xF7, 0x00, 0x00, 0x00, 0x00, 0x00, 0x00, 0x02, 0x8C, 0xEF, 0xEC, 0x81,
  0x00, 0x00, 0x00, 0x00, 0x06, 0xEF, 0xFF, 0xFF, 0xFF, 0xE5, 0x00, 0x00, 0x00, 0x06, 0xFF, 0xFF, 0xFF, 0xFF, 0xFF, 0xF5,
  0x00, 0x00, 0x02, 0xEF, 0xFF, 0xFE, 0xCE, 0xFF, 0xFF, 0xE1, 0x00, 0x00, 0x9F, 0xFF, 0xF8, 0x00, 0x1A, 0xFF, 0xFF, 0x70,
  0x00, 0x0E, 0xFF, 0xFC, 0x00, 0x00, 0x0D, 0xFF, 0xFC, 0x00, 0x03, 0xFF, 0xFF, 0x80, 0x00, 0x00, 0x9F, 0xFF, 0xF1, 0x00,
  0x5F, 0xFF, 0xF5, 0x00, 0x00, 0x07, 0xFF, 0xFF, 0x40, 0x07, 0xFF, 0xFF, 0x40, 0x00, 0x00, 0x5F, 0xFF, 0xF5, 0x00, 0x8F,
  0xFF, 0xF4, 0x00, 0x00, 0x05, 0xFF, 0xFF, 0x60, 0x08, 0xFF, 0xFF, 0x40, 0x00, 0x00, 0x5F, 0xFF, 0xF7, 0x00, 0x8F, 0xFF,
  0xF4, 0x00, 0x00, 0x05, 0xFF, 0xFF, 0x70, 0x08, 0xFF, 0xFF, 0x40, 0x00, 0x00, 0x5F, 0xFF, 0xF7, 0x00, 0x8F, 0xFF, 0xF4,
  0x00, 0x00, 0x05, 0xFF, 0xFF, 0x70, 0x08, 0xFF, 0xFF, 0x40, 0x00, 0x00, 0x5F, 0xFF, 0xF6, 0x00, 0x7F, 0xFF, 0xF4, 0x00,
  0x00, 0x05, 0xFF, 0xFF, 0x50, 0x05, 0xFF, 0xFF, 0x50, 0x00, 0x00, 0x7F, 0xFF, 0xF4, 0x00, 0x2F, 0xFF, 0xF8, 0x00, 0x00,
  0x09, 0xFF, 0xFF, 0x10, 0x00, 0xDF, 0xFF, 0xD0, 0x00, 0x00, 0xDF, 0xFF, 0xC0, 0x00, 0x09, 0xFF, 0xFF, 0x80, 0x00, 0x9F,
  0xFF, 0xF7, 0x00, 0x00, 0x2E, 0xFF, 0xFF, 0xEC, 0xEF, 0xFF, 0xFE, 0x10, 0x00, 0x00, 0x6F, 0xFF, 0xFF, 0xFF, 0xFF, 0xFF,
  0x50, 0x00, 0x00, 0x00, 0x6E, 0xFF, 0xFF, 0xFF, 0xFE, 0x60, 0x00, 0x00, 0x00, 0x00, 0x28, 0xCE, 0xFE, 0xC8, 0x20, 0x00,
  0x00, 0x00, 0x00, 0x00, 0x00, 0x00, 0x4A, 0xD0, 0x00, 0x00, 0x00, 0x00, 0x00, 0x00, 0x17, 0xCF, 0xFE, 0x00, 0x00, 0x00,
  0x00, 0x00, 0x03, 0x9E, 0xFF, 0xFF, 0xE0, 0x00, 0x00, 0x00, 0x01, 0x6C, 0xFF, 0xFF, 0xFF, 0xFE, 0x00, 0x00, 0x00, 0x00,
  0x6F, 0xFF, 0xFF, 0xFF, 0xFF, 0xE0, 0x00, 0x00, 0x00, 0x06, 0xFF, 0xFF, 0xFF, 0xFF, 0xFE, 0x00, 0x00, 0x00, 0x00, 0x6F,
  0xFD, 0x94, 0xCF, 0xFF, 0xE0, 0x00, 0x00, 0x00, 0x04, 0x93, 0x00, 0x0C, 0xFF, 0xFE, 0x00, 0x00, 0x00, 0x00, 0x00, 0x00,
  0x00, 0xCF, 0xFF, 0xE0, 0x00, 0x00, 0x00, 0x00, 0x00, 0x00, 0x0C, 0xFF, 0xFE, 0x00, 0x00, 0x00, 0x00, 0x00, 0x00, 0x00,
  0xCF, 0xFF, 0xE0, 0x00, 0x00, 0x00, 0x00, 0x00, 0x00, 0x0C, 0xFF, 0xFE, 0x00, 0x00, 0x00, 0x00, 0x00, 0x00, 0x00, 0xCF,
  0xFF, 0xE0, 0x00, 0x00, 0x00, 0x00, 0x00, 0x00, 0x0C, 0xFF, 0xFE, 0x00, 0x00, 0x00, 0x00, 0x00, 0x00, 0x00, 0xCF, 0xFF,
  0xE0, 0x00, 0x00, 0x00, 0x00, 0x00, 0x00, 0x0C, 0xFF, 0xFE, 0x00, 0x00, 0x00, 0x00, 0x00, 0x00, 0x00, 0xCF, 0xFF, 0xE0,
  0x00, 0x00, 0x00, 0x00, 0x00, 0x00, 0x0C, 0xFF, 0xFE, 0x00, 0x00, 0x00, 0x00, 0x00, 0x00, 0x00, 0xCF, 0xFF, 0xE0, 0x00,
  0x00, 0x00, 0x00, 0x00, 0x00, 0x0C, 0xFF, 0xFE, 0x00, 0x00, 0x00, 0x00, 0x00, 0x00, 0x00, 0xCF, 0xFF, 0xE0, 0x00, 0x00,
  0x00, 0x00, 0x00, 0x00, 0x0C, 0xFF, 0xFE, 0x00, 0x00, 0x00, 0x00, 0x00, 0x00, 0x00, 0xCF, 0xFF, 0xE0, 0x00, 0x00, 0x00,
  0x00, 0x00, 0x00, 0x0C, 0xFF, 0xFE, 0x00, 0x00, 0x00, 0x00, 0x00, 0x04, 0x9D, 0xEF, 0xEC, 0x93, 0x00, 0x00, 0x00, 0x00,
  0x1A, 0xFF, 0xFF, 0xFF, 0xFF, 0xF9, 0x00, 0x00, 0x00, 0x1C, 0xFF, 0xFF, 0xFF, 0xFF, 0xFF, 0xF9, 0x00, 0x00, 0x0A, 0xFF,
  0xFF, 0xFD, 0xDF, 0xFF, 0xFF, 0xF4, 0x00, 0x04, 0xFF, 0xFF, 0xE4, 0x00, 0x2C, 0xFF, 0xFF, 0xA0, 0x00, 0x9F, 0xFF, 0xF6,
  0x00, 0x00, 0x2F, 0xFF, 0xFD, 0x00, 0x0C, 0xFF, 0xFF, 0x00, 0x00, 0x00, 0xDF, 0xFF, 0xE0, 0x00, 0xAC, 0xCC, 0xA0, 0x00,
  0x00, 0x0D, 0xFF, 0xFD, 0x00, 0x00, 0x00, 0x00, 0x00, 0x00, 0x01, 0xFF, 0xFF, 0xB0, 0x00, 0x00, 0x00, 0x00, 0x00, 0x00,
  0x8F, 0xFF, 0xF6, 0x00, 0x00, 0x00, 0x00, 0x00, 0x00, 0x3E, 0xFF, 0xFD, 0x10, 0x00, 0x00, 0x00, 0x00, 0x00, 0x1D, 0xFF,
  0xFF, 0x50, 0x00, 0x00, 0x00, 0x00, 0x00, 0x0B, 0xFF, 0xFF, 0xA0, 0x00, 0x00, 0x00, 0x00, 0x00, 0x0A, 0xFF, 0xFF, 0xC1,
  0x00, 0x00, 0x00, 0x00, 0x00, 0x09, 0xFF, 0xFF, 0xD2, 0x00, 0x00, 0x00, 0x00, 0x00, 0x08, 0xFF, 0xFF, 0xE3, 0x00, 0x00,
  0x00, 0x00, 0x00, 0x07, 0xFF, 0xFF, 0xE3, 0x00, 0x00, 0x00, 0x00, 0x00, 0x06, 0xFF, 0xFF, 0xE4, 0x00, 0x00, 0x00, 0x00,
  0x00, 0x05, 0xFF, 0xFF, 0xF5, 0x00, 0x00, 0x00, 0x00, 0x00, 0x04, 0xEF, 0xFF, 0xF6, 0x00, 0x00, 0x00, 0x00, 0x00, 0x03,
  0xEF, 0xFF, 0xFE, 0xCC, 0xCC, 0xCC, 0xCC, 0xC8, 0x00, 0x7F, 0xFF, 0xFF, 0xFF, 0xFF, 0xFF, 0xFF, 0xFF, 0xB0, 0x07, 0xFF,
  0xFF, 0xFF, 0xFF, 0xFF, 0xFF, 0xFF, 0xFB, 0x00, 0x7F, 0xFF, 0xFF, 0xFF, 0xFF, 0xFF, 0xFF, 0xFF, 0xB0, 0x00, 0x00, 0x06,
  0xAD, 0xEF, 0xEC, 0x93, 0x00, 0x00, 0x00, 0x00, 0x4C, 0xFF, 0xFF, 0xFF, 0xFF, 0xF9, 0x10, 0x00, 0x00, 0x4E, 0xFF, 0xFF,
  0xFF, 0xFF, 0xFF, 0xFB, 0x00, 0x00, 0x0D, 0xFF, 0xFF, 0xFD, 0xCE, 0xFF, 0xFF, 0xF6, 0x00, 0x06, 0xFF, 0xFF, 0xD3, 0x00,
  0x19, 0xFF, 0xFF, 0xB0, 0x00, 0x9F, 0xFF, 0xF4, 0x00, 0x00, 0x0D, 0xFF, 0xFE, 0x00, 0x05, 0x77, 0x76, 0x00, 0x00, 0x00,
  0xCF, 0xFF, 0xE0, 0x00, 0x00, 0x00, 0x00, 0x00, 0x00, 0x2E, 0xFF, 0xFB, 0x00, 0x00, 0x00, 0x00, 0x00, 0x02, 0x5D, 0xFF,
  0xFF, 0x30, 0x00, 0x00, 0x00, 0x0B, 0xFF, 0xFF, 0xFF, 0xFF, 0x60, 0x00, 0x00, 0x00, 0x00, 0xBF, 0xFF, 0xFF, 0xFD, 0x30,
  0x00, 0x00, 0x00, 0x00, 0x0B, 0xFF, 0xFF, 0xFF, 0xFB, 0x20, 0x00, 0x00, 0x00, 0x00, 0x7A, 0xAC, 0xEF, 0xFF, 0xFD, 0x20,
  0x00, 0x00, 0x00, 0x00, 0x00, 0x01, 0x9F, 0xFF, 0xF9, 0x00, 0x00, 0x00, 0x00, 0x00, 0x00, 0x00, 0xCF, 0xFF, 0xE1, 0x00,
  0x00, 0x00, 0x00, 0x00, 0x00, 0x08, 0xFF, 0xFF, 0x40, 0x00, 0x00, 0x00, 0x00, 0x00, 0x00, 0x6F, 0xFF, 0xF5, 0x00, 0xBB,
  0xBB, 0x90, 0x00, 0x00, 0x08, 0xFF, 0xFF, 0x50, 0x0D, 0xFF, 0xFE, 0x20, 0x00, 0x00, 0xCF, 0xFF, 0xF2, 0x00, 0x9F, 0xFF,
  0xFC, 0x30, 0x01, 0xAF, 0xFF, 0xFC, 0x00, 0x03, 0xFF, 0xFF, 0xFF, 0xDD, 0xFF, 0xFF, 0xFF, 0x50, 0x00, 0x07, 0xFF, 0xFF,
  0xFF, 0xFF, 0xFF, 0xFF, 0x80, 0x00, 0x00, 0x06, 0xEF, 0xFF, 0xFF, 0xFF, 0xFE, 0x70, 0x00, 0x00, 0x00, 0x01, 0x7B, 0xEF,
  0xFE, 0xB7, 0x10, 0x00, 0x00, 0x00, 0x00, 0x00, 0x00, 0x00, 0xAF, 0xFF, 0xF7, 0x00, 0x00, 0x00, 0x00, 0x00, 0x00, 0x5F,
  0xFF, 0xFF, 0x70, 0x00, 0x00, 0x00, 0x00, 0x00, 0x1D, 0xFF, 0xFF, 0xF7, 0x00, 0x00, 0x00, 0x00, 0x00, 0x08, 0xFF, 0xFF,
  0xFF, 0x70, 0x00, 0x00, 0x00, 0x00, 0x03, 0xFF, 0xFF, 0xFF, 0xF7, 0x00, 0x00, 0x00, 0x00, 0x00, 0xBF, 0xFF, 0xFF, 0xFF,
  0x70, 0x00, 0x00, 0x00, 0x00, 0x6F, 0xFF, 0xEF, 0xFF, 0xF7, 0x00, 0x00, 0x00, 0x00, 0x1E, 0xFF, 0xF7, 0xFF, 0xFF, 0x70,
  0x00, 0x00, 0x00, 0x0A, 0xFF, 0xF9, 0x5F, 0xFF, 0xF7, 0x00, 0x00, 0x00, 0x04, 0xFF, 0xFD, 0x15, 0xFF, 0xFF, 0x70, 0x00,
  0x00, 0x00, 0xCF, 0xFF, 0x50, 0x5F, 0xFF, 0xF7, 0x00, 0x00, 0x00, 0x7F, 0xFF, 0xB0, 0x05, 0xFF, 0xFF, 0x70, 0x00, 0x00,
  0x2E, 0xFF, 0xE2, 0x00, 0x5F, 0xFF, 0xF7, 0x00, 0x00, 0x0B, 0xFF, 0xF8, 0x00, 0x05, 0xFF, 0xFF, 0x70, 0x00, 0x05, 0xFF,
  0xFD, 0x00, 0x00, 0x5F, 0xFF, 0xF7, 0x00, 0x01, 0xDF, 0xFF, 0xFF, 0xFF, 0xFF, 0xFF, 0xFF, 0xFF, 0xF1, 0x1F, 0xFF, 0xFF,
  0xFF, 0xFF, 0xFF, 0xFF, 0xFF, 0xFF, 0x10, 0xFF, 0xFF, 0xFF, 0xFF, 0xFF, 0xFF, 0xFF, 0xFF, 0xF1, 0x0B, 0xCC, 0xCC, 0xCC,
  0xCC, 0xDF, 0xFF, 0xFD, 0xCC, 0x10, 0x00, 0x00, 0x00, 0x00, 0x05, 0xFF, 0xFF, 0x70, 0x00, 0x00, 0x00, 0x00, 0x00, 0x00,
  0x5F, 0xFF, 0xF7, 0x00, 0x00, 0x00, 0x00, 0x00, 0x00, 0x05, 0xFF, 0xFF, 0x70, 0x00, 0x00, 0x00, 0x00, 0x00, 0x00, 0x5F,
  0xFF, 0xF7, 0x00, 0x00, 0x00, 0x00, 0x00, 0x00, 0x05, 0xFF, 0xFF, 0x70, 0x00, 0x00, 0x07, 0xFF, 0xFF, 0xFF, 0xFF, 0xFF,
  0xFF, 0xC0, 0x00, 0x00, 0x9F, 0xFF, 0xFF, 0xFF, 0xFF, 0xFF, 0xFC, 0x00, 0x00, 0x0A, 0xFF, 0xFF, 0xFF, 0xFF, 0xFF, 0xFF,
  0xC0, 0x00, 0x00, 0xCF, 0xFF, 0xEE, 0xEE, 0xEE, 0xEE, 0xEB, 0x00, 0x00, 0x0D, 0xFF, 0xF7, 0x00, 0x00, 0x00, 0x00, 0x00,
  0x00, 0x00, 0xFF, 0xFF, 0x50, 0x00, 0x00, 0x00, 0x00, 0x00, 0x00, 0x2F, 0xFF, 0xF3, 0x00, 0x00, 0x00, 0x00, 0x00, 0x00,
  0x04, 0xFF, 0xFF, 0x10, 0x00, 0x00, 0x00, 0x00, 0x00, 0x00, 0x6F, 0xFF, 0xE6, 0xBE, 0xFE, 0xB7, 0x00, 0x00, 0x00, 0x08,
  0xFF, 0xFF, 0xFF, 0xFF, 0xFF, 0xFD, 0x30, 0x00, 0x00, 0x9F, 0xFF, 0xFF, 0xFF, 0xFF, 0xFF, 0xFD, 0x10, 0x00, 0x0B, 0xFF,
  0xFF, 0xDA, 0x9C, 0xFF, 0xFF, 0xF9, 0x00, 0x00, 0x14, 0x8B, 0x70, 0x00, 0x05, 0xFF, 0xFF, 0xE1, 0x00, 0x00, 0x00, 0x00,
  0x00, 0x00, 0x0A, 0xFF, 0xFF, 0x50, 0x00, 0x00, 0x00, 0x00, 0x00, 0x00, 0x5F, 0xFF, 0xF8, 0x00, 0x00, 0x00, 0x00, 0x00,
  0x00, 0x03, 0xFF, 0xFF, 0x90, 0x00, 0x00, 0x00, 0x00, 0x00, 0x00, 0x3F, 0xFF, 0xF8, 0x00, 0x4E, 0xEE, 0xE7, 0x00, 0x00,
  0x06, 0xFF, 0xFF, 0x70, 0x02, 0xFF, 0xFF, 0xB0, 0x00, 0x00, 0xBF, 0xFF, 0xF4, 0x00, 0x0C, 0xFF, 0xFF, 0x91, 0x00, 0x7F,
  0xFF, 0xFD, 0x00, 0x00, 0x5F, 0xFF, 0xFF, 0xEC, 0xDF, 0xFF, 0xFF, 0x60, 0x00, 0x00, 0x8F, 0xFF, 0xFF, 0xFF, 0xFF, 0xFF,
  0xA0, 0x00, 0x00, 0x00, 0x6E, 0xFF, 0xFF, 0xFF, 0xFF, 0x80, 0x00, 0x00, 0x00, 0x00, 0x27, 0xCD, 0xFE, 0xC9, 0x30, 0x00,
  0x00, 0x00, 0x00, 0x00, 0x00, 0x17, 0xBD, 0xEF, 0x40, 0x00, 0x00, 0x00, 0x00, 0x01, 0x9E, 0xFF, 0xFF, 0xF4, 0x00, 0x00,
  0x00, 0x00, 0x03, 0xDF, 0xFF, 0xFF, 0xFF, 0x40, 0x00, 0x00, 0x00, 0x03, 0xEF, 0xFF, 0xFF, 0xFE, 0xD4, 0x00, 0x00, 0x00,
  0x01, 0xDF, 0xFF, 0xFD, 0x83, 0x00, 0x00, 0x00, 0x00, 0x00, 0xAF, 0xFF, 0xFB, 0x10, 0x00, 0x00, 0x00, 0x00, 0x00, 0x2F,
  0xFF, 0xFB, 0x00, 0x00, 0x00, 0x00, 0x00, 0x00, 0x08, 0xFF, 0xFF, 0x30, 0x00, 0x00, 0x00, 0x00, 0x00, 0x00, 0xDF, 0xFF,
  0xB1, 0x8C, 0xEF, 0xD9, 0x20, 0x00, 0x00, 0x1F, 0xFF, 0xFB, 0xEF, 0xFF, 0xFF, 0xFE, 0x50, 0x00, 0x04, 0xFF, 0xFF, 0xFF,
  0xFF, 0xFF, 0xFF, 0xFF, 0x40, 0x00, 0x6F, 0xFF, 0xFF, 0xFE, 0xCD, 0xFF, 0xFF, 0xFC, 0x00, 0x06, 0xFF, 0xFF, 0xF8, 0x10,
  0x05, 0xFF, 0xFF, 0xF4, 0x00, 0x7F, 0xFF, 0xF9, 0x00, 0x00, 0x08, 0xFF, 0xFF, 0x80, 0x07, 0xFF, 0xFF, 0x50, 0x00, 0x00,
  0x2F, 0xFF, 0xFB, 0x00, 0x6F, 0xFF, 0xF5, 0x00, 0x00, 0x00, 0xEF, 0xFF, 0xC0, 0x05, 0xFF, 0xFF, 0x60, 0x00, 0x00, 0x0E,
  0xFF, 0xFB, 0x00, 0x1F, 0xFF, 0xF9, 0x00, 0x00, 0x02, 0xFF, 0xFF, 0xA0, 0x00, 0xCF, 0xFF, 0xE1, 0x00, 0x00, 0x8F, 0xFF,
  0xF7, 0x00, 0x06, 0xFF, 0xFF, 0xB1, 0x00, 0x5F, 0xFF, 0xFE, 0x10, 0x00, 0x0C, 0xFF, 0xFF, 0xEC, 0xDF, 0xFF, 0xFF, 0x80,
  0x00, 0x00, 0x2D, 0xFF, 0xFF, 0xFF, 0xFF, 0xFF, 0xB0, 0x00, 0x00, 0x00, 0x2C, 0xFF, 0xFF, 0xFF, 0xFF, 0x91, 0x00, 0x00,
  0x00, 0x00, 0x06, 0xBD, 0xFF, 0xDA, 0x40, 0x00, 0x00, 0x0F, 0xFF, 0xFF, 0xFF, 0xFF, 0xFF, 0xFF, 0xFF, 0xF9, 0x00, 0xFF,
  0xFF, 0xFF, 0xFF, 0xFF, 0xFF, 0xFF, 0xFF, 0x90, 0x0F, 0xFF, 0xFF, 0xFF, 0xFF, 0xFF, 0xFF, 0xFF, 0xF9, 0x00, 0xCC, 0xCC,
  0xCC, 0xCC, 0xCC, 0xCD, 0xFF, 0xFF, 0x30, 0x00, 0x00, 0x00, 0x00, 0x00, 0x00, 0xBF, 0xFF, 0xC0, 0x00, 0x00, 0x00, 0x00,
  0x00, 0x00, 0x3F, 0xFF, 0xF6, 0x00, 0x00, 0x00, 0x00, 0x00, 0x00, 0x09, 0xFF, 0xFD, 0x00, 0x00, 0x00, 0x00, 0x00, 0x00,
  0x02, 0xEF, 0xFF, 0x80, 0x00, 0x00, 0x00, 0x00, 0x00, 0x00, 0x8F, 0xFF, 0xF2, 0x00, 0x00, 0x00, 0x00, 0x00, 0x00, 0x1E,
  0xFF, 0xFA, 0x00, 0x00, 0x00, 0x00, 0x00, 0x00, 0x06, 0xFF, 0xFF, 0x40, 0x00, 0x00, 0x00, 0x00, 0x00, 0x00, 0xDF, 0xFF,
  0xC0, 0x00, 0x00, 0x00, 0x00, 0x00, 0x00, 0x5F, 0xFF, 0xF6, 0x00, 0x00, 0x00, 0x00, 0x00, 0x00, 0x0B, 0xFF, 0xFE, 0x10,
  0x00, 0x00, 0x00, 0x00, 0x00, 0x03, 0xFF, 0xFF, 0x80, 0x00, 0x00, 0x00, 0x00, 0x00, 0x00, 0xAF, 0xFF, 0xF2, 0x00, 0x00,
  0x00, 0x00, 0x00, 0x00, 0x2F, 0xFF, 0xFA, 0x00, 0x00, 0x00, 0x00, 0x00, 0x00, 0x09, 0xFF, 0xFF, 0x40, 0x00, 0x00, 0x00,
  0x00, 0x00, 0x01, 0xEF, 0xFF, 0xC0, 0x00, 0x00, 0x00, 0x00, 0x00, 0x00, 0x7F, 0xFF, 0xF7, 0x00, 0x00, 0x00, 0x00, 0x00,
  0x00, 0x0D, 0xFF, 0xFE, 0x10, 0x00, 0x00, 0x00, 0x00, 0x00, 0x06, 0xFF, 0xFF, 0x90, 0x00, 0x00, 0x00, 0x00, 0x00, 0x00,
  0xCF, 0xFF, 0xF2, 0x00, 0x00, 0x00, 0x00, 0x00, 0x00, 0x4F, 0xFF, 0xFB, 0x00, 0x00, 0x00, 0x00, 0x00, 0x00, 0x00, 0x03,
  0x9D, 0xEF, 0xEC, 0x93, 0x00, 0x00, 0x00, 0x00, 0x09, 0xFF, 0xFF, 0xFF, 0xFF, 0xF8, 0x00, 0x00, 0x00, 0x0A, 0xFF, 0xFF,
  0xFF, 0xFF, 0xFF, 0xF9, 0x00, 0x00, 0x05, 0xFF, 0xFF, 0xFE, 0xCE, 0xFF, 0xFF, 0xF3, 0x00, 0x00, 0xAF, 0xFF, 0xFA, 0x10,
  0x1B, 0xFF, 0xFF, 0x90, 0x00, 0x0D, 0xFF, 0xFE, 0x10, 0x00, 0x1F, 0xFF, 0xFC, 0x00, 0x00, 0xEF, 0xFF, 0xC0, 0x00, 0x00,
  0xDF, 0xFF, 0xD0, 0x00, 0x0D, 0xFF, 0xFC, 0x00, 0x00, 0x0D, 0xFF, 0xFC, 0x00, 0x00, 0xAF, 0xFF, 0xF2, 0x00, 0x03, 0xFF,
  0xFF, 0x90, 0x00, 0x04, 0xFF, 0xFF, 0xC4, 0x14, 0xDF, 0xFF, 0xF3, 0x00, 0x00, 0x07, 0xFF, 0xFF, 0xFF, 0xFF, 0xFF, 0xF6,
  0x00, 0x00, 0x00, 0x05, 0xFF, 0xFF, 0xFF, 0xFF, 0xE4, 0x00, 0x00, 0x00, 0x03, 0xCF, 0xFF, 0xFF, 0xFF, 0xFF, 0xB2, 0x00,
  0x00, 0x02, 0xDF, 0xFF, 0xFE, 0xCE, 0xFF, 0xFF, 0xD2, 0x00, 0x00, 0xBF, 0xFF, 0xF6, 0x00, 0x08, 0xFF, 0xFF, 0xA0, 0x00,
  0x3F, 0xFF, 0xF9, 0x00, 0x00, 0x0A, 0xFF, 0xFF, 0x20, 0x06, 0xFF, 0xFF, 0x50, 0x00, 0x00, 0x6F, 0xFF, 0xF5, 0x00, 0x8F,
  0xFF, 0xF5, 0x00, 0x00, 0x06, 0xFF, 0xFF, 0x60, 0x06, 0xFF, 0xFF, 0x90, 0x00, 0x00, 0xAF, 0xFF, 0xF5, 0x00, 0x3F, 0xFF,
  0xFF, 0x60, 0x00, 0x7F, 0xFF, 0xFF, 0x10, 0x00, 0xBF, 0xFF, 0xFF, 0xEC, 0xEF, 0xFF, 0xFF, 0xA0, 0x00, 0x02, 0xEF, 0xFF,
  0xFF, 0xFF, 0xFF, 0xFF, 0xD2, 0x00, 0x00, 0x03, 0xCF, 0xFF, 0xFF, 0xFF, 0xFF, 0xB2, 0x00, 0x00, 0x00, 0x00, 0x5A, 0xDE,
  0xFE, 0xDA, 0x50, 0x00, 0x00, 0x00, 0x00, 0x03, 0x9D, 0xEF, 0xEB, 0x50, 0x00, 0x00, 0x00, 0x00, 0x07, 0xFF, 0xFF, 0xFF,
  0xFF, 0xC2, 0x00, 0x00, 0x00, 0x09, 0xFF, 0xFF, 0xFF, 0xFF, 0xFF, 0xD1, 0x00, 0x00, 0x05, 0xFF, 0xFF, 0xFD, 0xCF, 0xFF,
  0xFF, 0xA0, 0x00, 0x00, 0xDF, 0xFF, 0xF7, 0x00, 0x2C, 0xFF, 0xFF, 0x30, 0x00, 0x4F, 0xFF, 0xFA, 0x00, 0x00, 0x3F, 0xFF,
  0xF8, 0x00, 0x07, 0xFF, 0xFF, 0x40, 0x00, 0x00, 0xBF, 0xFF, 0xD0, 0x00, 0x9F, 0xFF, 0xF2, 0x00, 0x00, 0x09, 0xFF, 0xFF,
  0x00, 0x09, 0xFF, 0xFF, 0x20, 0x00, 0x00, 0x8F, 0xFF, 0xF2, 0x00, 0x8F, 0xFF, 0xF5, 0x00, 0x00, 0x08, 0xFF, 0xFF, 0x40,
  0x05, 0xFF, 0xFF, 0xB0, 0x00, 0x00, 0xBF, 0xFF, 0xF4, 0x00, 0x1E, 0xFF, 0xFF, 0xA3, 0x14, 0xBF, 0xFF, 0xFF, 0x30, 0x00,
  0x8F, 0xFF, 0xFF, 0xFF, 0xFF, 0xFF, 0xFF, 0xF2, 0x00, 0x00, 0xBF, 0xFF, 0xFF, 0xFF, 0xFF, 0xFF, 0xFF, 0x10, 0x00, 0x00,
  0x9F, 0xFF, 0xFF, 0xF9, 0xAF, 0xFF, 0xE0, 0x00, 0x00, 0x00, 0x26, 0x89, 0x72, 0x0D, 0xFF, 0xFB, 0x00, 0x00, 0x00, 0x00,
  0x00, 0x00, 0x03, 0xFF, 0xFF, 0x70, 0x00, 0x00, 0x00, 0x00, 0x00, 0x00, 0xBF, 0xFF, 0xE1, 0x00, 0x00, 0x00, 0x00, 0x00,
  0x01, 0xAF, 0xFF, 0xF9, 0x00, 0x00, 0x00, 0x00, 0x00, 0x37, 0xDF, 0xFF, 0xFD, 0x10, 0x00, 0x00, 0x00, 0x2E, 0xFF, 0xFF,
  0xFF, 0xFE, 0x40, 0x00, 0x00, 0x00, 0x03, 0xFF, 0xFF, 0xFF, 0xFE, 0x40, 0x00, 0x00, 0x00, 0x00, 0x3F, 0xFF, 0xFF, 0xF9,
  0x20, 0x00, 0x00, 0x00, 0x00, 0x03, 0xFE, 0xDB, 0x72, 0x00, 0x00, 0x00, 0x00, 0x00, 0x2B, 0xED, 0x50, 0x00, 0x0C, 0xFF,
  0xFE, 0x20, 0x00, 0xEF, 0xFF, 0xF4, 0x00, 0x0C, 0xFF, 0xFE, 0x20, 0x00, 0x2B, 0xED, 0x50, 0x00, 0x00, 0x00, 0x00, 0x00,
  0x00, 0x00, 0x00, 0x00, 0x00, 0x00, 0x00, 0x00, 0x00, 0x00, 0x00, 0x00, 0x00, 0x00, 0x00, 0x00, 0x00, 0x00, 0x00, 0x00,
  0x00, 0x00, 0x00, 0x00, 0x00, 0x00, 0x00, 0x00, 0x00, 0x00, 0x00, 0x00, 0x02, 0xBE, 0xC5, 0x00, 0x00, 0xBF, 0xFF, 0xE2,
  0x00, 0x0E, 0xFF, 0xFF, 0x40, 0x00, 0xCF, 0xFF, 0xE2, 0x00, 0x03, 0xCE, 0xD5, 0x00, 0x00, 0x5D, 0xEB, 0x30, 0x00, 0x2E,
  0xFF, 0xFC, 0x00, 0x04, 0xFF, 0xFF, 0xE0, 0x00, 0x2E, 0xFF, 0xFC, 0x00, 0x00, 0x5D, 0xEB, 0x20, 0x00, 0x00, 0x00, 0x00,
  0x00, 0x00, 0x00, 0x00, 0x00, 0x00, 0x00, 0x00, 0x00, 0x00, 0x00, 0x00, 0x00, 0x00, 0x00, 0x00, 0x00, 0x00, 0x00, 0x00,
  0x00, 0x00, 0x00, 0x00, 0x00, 0x00, 0x00, 0x00, 0x00, 0x00, 0x00, 0x00, 0x00, 0x00, 0x00, 0x00, 0x00, 0x00, 0x7F, 0xFF,
  0x90, 0x00, 0x07, 0xFF, 0xF9, 0x00, 0x00, 0x7F, 0xFF, 0x90, 0x00, 0x07, 0xFF, 0xF8, 0x00, 0x00, 0x8F, 0xFF, 0x60, 0x00,
  0x0B, 0xFF, 0xF3, 0x00, 0x01, 0xEF, 0xFC, 0x00, 0x00, 0x7F, 0xFF, 0x50, 0x00, 0x0D, 0xFF, 0xB0, 0x00, 0x00, 0x29, 0xC1,
  0x00, 0x00, 0x00, 0x00, 0x00, 0x00, 0x00, 0x00, 0x18, 0xA0, 0x00, 0x00, 0x00, 0x00, 0x00, 0x03, 0xAE, 0xFC, 0x00, 0x00,
  0x00, 0x00, 0x00, 0x5B, 0xFF, 0xFF, 0xC0, 0x00, 0x00, 0x00, 0x17, 0xDF, 0xFF, 0xFF, 0xFC, 0x00, 0x00, 0x02, 0x9E, 0xFF,
  0xFF, 0xFF, 0xFF, 0xA0, 0x00, 0x4B, 0xFF, 0xFF, 0xFF, 0xFF, 0xD8, 0x20, 0x00, 0x3F, 0xFF, 0xFF, 0xFF, 0xE9, 0x40, 0x00,
  0x00, 0x03, 0xFF, 0xFF, 0xFB, 0x61, 0x00, 0x00, 0x00, 0x00, 0x3F, 0xFF, 0xFE, 0xA5, 0x00, 0x00, 0x00, 0x00, 0x03, 0xFF,
  0xFF, 0xFF, 0xFE, 0x93, 0x00, 0x00, 0x00, 0x04, 0xBF, 0xFF, 0xFF, 0xFF, 0xFD, 0x82, 0x00, 0x00, 0x00, 0x29, 0xEF, 0xFF,
  0xFF, 0xFF, 0xF9, 0x00, 0x00, 0x00, 0x01, 0x7D, 0xFF, 0xFF, 0xFF, 0xC0, 0x00, 0x00, 0x00, 0x00, 0x05, 0xBF, 0xFF, 0xFC,
  0x00, 0x00, 0x00, 0x00, 0x00, 0x00, 0x3A, 0xEF, 0xC0, 0x00, 0x00, 0x00, 0x00, 0x00, 0x00, 0x01, 0x8A, 0x00, 0x00, 0x00,
  0x00, 0x00, 0x00, 0x00, 0x00, 0x00, 0x00, 0x00, 0x00, 0x00, 0x00, 0x00, 0x00, 0x00, 0x00, 0x00, 0xDF, 0xFF, 0xFF, 0xFF,
  0xFF, 0xFF, 0xFF, 0xA0, 0x00, 0x0D, 0xFF, 0xFF, 0xFF, 0xFF, 0xFF, 0xFF, 0xFA, 0x00, 0x00, 0xDF, 0xFF, 0xFF, 0xFF, 0xFF,
  0xFF, 0xFF, 0xA0, 0x00, 0x0A, 0xCC, 0xCC, 0xCC, 0xCC, 0xCC, 0xCC, 0xC8, 0x00, 0x00, 0x00, 0x00, 0x00, 0x00, 0x00, 0x00,
  0x00, 0x00, 0x00, 0x00, 0x00, 0x00, 0x00, 0x00, 0x00, 0x00, 0x00, 0x00, 0x00, 0x00, 0x00, 0x00, 0x00, 0x00, 0x00, 0x00,
  0x00, 0x00, 0x0D, 0xFF, 0xFF, 0xFF, 0xFF, 0xFF, 0xFF, 0xFA, 0x00, 0x00, 0xDF, 0xFF, 0xFF, 0xFF, 0xFF, 0xFF, 0xFF, 0xA0,
  0x00, 0x0D, 0xFF, 0xFF, 0xFF, 0xFF, 0xFF, 0xFF, 0xFA, 0x00, 0x00, 0xAC, 0xCC, 0xCC, 0xCC, 0xCC, 0xCC, 0xCC, 0x80, 0x00,
  0x00, 0x00, 0x00, 0x00, 0x00, 0x00, 0x00, 0x00, 0x00, 0x00, 0x00, 0x00, 0x00, 0x00, 0x00, 0x00, 0x00, 0x00, 0x00, 0x00,
  0x00, 0x00, 0x00, 0x00, 0x00, 0x00, 0x00, 0x00, 0x00, 0x00, 0x00, 0x00, 0x00, 0x00, 0x00, 0x00, 0x00, 0x00, 0x00, 0x00,
  0x00, 0x00, 0x00, 0x00, 0x00, 0x00, 0x00, 0x01, 0xC6, 0x00, 0x00, 0x00, 0x00, 0x00, 0x00, 0x00, 0x1F, 0xFD, 0x82, 0x00,
  0x00, 0x00, 0x00, 0x00, 0x01, 0xFF, 0xFF, 0xFA, 0x30, 0x00, 0x00, 0x00, 0x00, 0x1F, 0xFF, 0xFF, 0xFF, 0xC6, 0x00, 0x00,
  0x00, 0x01, 0xDF, 0xFF, 0xFF, 0xFF, 0xFD, 0x81, 0x00, 0x00, 0x00, 0x39, 0xEF, 0xFF, 0xFF, 0xFF, 0xEA, 0x30, 0x00, 0x00,
  0x00, 0x5A, 0xEF, 0xFF, 0xFF, 0xFF, 0x00, 0x00, 0x00, 0x00, 0x01, 0x6B, 0xFF, 0xFF, 0xF0, 0x00, 0x00, 0x00, 0x00, 0x17,
  0xCF, 0xFF, 0xFF, 0x00, 0x00, 0x00, 0x05, 0xAE, 0xFF, 0xFF, 0xFF, 0xF0, 0x00, 0x04, 0x9E, 0xFF, 0xFF, 0xFF, 0xFE, 0x93,
  0x00, 0x1D, 0xFF, 0xFF, 0xFF, 0xFF, 0xD7, 0x10, 0x00, 0x01, 0xFF, 0xFF, 0xFF, 0xFC, 0x50, 0x00, 0x00, 0x00, 0x1F, 0xFF,
  0xFE, 0xA3, 0x00, 0x00, 0x00, 0x00, 0x01, 0xFF, 0xD8, 0x20, 0x00, 0x00, 0x00, 0x00, 0x00, 0x1C, 0x60, 0x00, 0x00, 0x00,
  0x00, 0x00, 0x00, 0x00, 0x00, 0x00, 0x00, 0x00, 0x00, 0x00, 0x00, 0x00, 0x00, 0x00, 0x00, 0x00, 0x00, 0x00, 0x00, 0x00,
  0x00, 0x00, 0x6B, 0xDE, 0xFE, 0xB7, 0x10, 0x00, 0x00, 0x2C, 0xFF, 0xFF, 0xFF, 0xFF, 0xD4, 0x00, 0x02, 0xDF, 0xFF, 0xFF,
  0xFF, 0xFF, 0xFE, 0x20, 0x09, 0xFF, 0xFF, 0xFE, 0xDF, 0xFF, 0xFF, 0xA0, 0x0E, 0xFF, 0xFF, 0x60, 0x04, 0xEF, 0xFF, 0xE1,
  0x3F, 0xFF, 0xFA, 0x00, 0x00, 0xAF, 0xFF, 0xF3, 0x3B, 0xBB, 0xB6, 0x00, 0x00, 0x8F, 0xFF, 0xF4, 0x00, 0x00, 0x00, 0x00,
  0x00, 0x9F, 0xFF, 0xF3, 0x00, 0x00, 0x00, 0x00, 0x02, 0xEF, 0xFF, 0xD0, 0x00, 0x00, 0x00, 0x00, 0x1B, 0xFF, 0xFF, 0x70,
  0x00, 0x00, 0x00, 0x01, 0xBF, 0xFF, 0xFB, 0x00, 0x00, 0x00, 0x00, 0x0B, 0xFF, 0xFF, 0xC1, 0x00, 0x00, 0x00, 0x00, 0x7F,
  0xFF, 0xFC, 0x20, 0x00, 0x00, 0x00, 0x00, 0xEF, 0xFF, 0xD2, 0x00, 0x00, 0x00, 0x00, 0x03, 0xFF, 0xFF, 0x40, 0x00, 0x00,
  0x00, 0x00, 0x06, 0xFF, 0xFD, 0x00, 0x00, 0x00, 0x00, 0x00, 0x07, 0xFF, 0xFC, 0x00, 0x00, 0x00, 0x00, 0x00, 0x00, 0x00,
  0x00, 0x00, 0x00, 0x00, 0x00, 0x00, 0x00, 0x00, 0x00, 0x00, 0x00, 0x00, 0x00, 0x00, 0x01, 0xAE, 0xC5, 0x00, 0x00, 0x00,
  0x00, 0x00, 0x0A, 0xFF, 0xFF, 0x20, 0x00, 0x00, 0x00, 0x00, 0x0D, 0xFF, 0xFF, 0x50, 0x00, 0x00, 0x00, 0x00, 0x0A, 0xFF,
  0xFF, 0x30, 0x00, 0x00, 0x00, 0x00, 0x02, 0xBE, 0xD6, 0x00, 0x00, 0x00, 0x00, 0x00, 0x00, 0x00, 0x00, 0x27, 0xAD, 0xEF,
  0xED, 0xB8, 0x40, 0x00, 0x00, 0x00, 0x00, 0x00, 0x00, 0x00, 0x00, 0x3A, 0xFF, 0xFF, 0xFF, 0xFF, 0xFF, 0xFC, 0x50, 0x00,
  0x00, 0x00, 0x00, 0x00, 0x00, 0x07, 0xFF, 0xFF, 0xFD, 0xBA, 0xBC, 0xFF, 0xFF, 0xFA, 0x10, 0x00, 0x00, 0x00, 0x00, 0x00,
  0xAF, 0xFF, 0xD7, 0x20, 0x00, 0x00, 0x15, 0xBF, 0xFF, 0xB1, 0x00, 0x00, 0x00, 0x00, 0x0A, 0xFF, 0xF9, 0x10, 0x00, 0x00,
  0x00, 0x00, 0x05, 0xEF, 0xFA, 0x00, 0x00, 0x00, 0x00, 0x7F, 0xFF, 0x70, 0x00, 0x00, 0x00, 0x00, 0x00, 0x00, 0x4E, 0xFF,
  0x50, 0x00, 0x00, 0x02, 0xEF, 0xF8, 0x00, 0x00, 0x00, 0x00, 0x00, 0x00, 0x00, 0x07, 0xFF, 0xD0, 0x00, 0x00, 0x0A, 0xFF,
  0xC0, 0x00, 0x00, 0x18, 0xDF, 0xFD, 0x93, 0x00, 0x00, 0xDF, 0xF4, 0x00, 0x00, 0x2F, 0xFF, 0x50, 0x00, 0x03, 0xDF, 0xFF,
  0xFF, 0xFF, 0x80, 0x00, 0x7F, 0xF9, 0x00, 0x00, 0x8F, 0xFC, 0x00, 0x00, 0x3E, 0xFF, 0xFE, 0xEF, 0xFF, 0xC0, 0x00, 0x2F,
  0xFD, 0x00, 0x00, 0xDF, 0xF7, 0x00, 0x00, 0xCF, 0xFE, 0x50, 0x09, 0xFF, 0xB0, 0x00, 0x0E, 0xFF, 0x00, 0x02, 0xFF, 0xF3,
  0x00, 0x06, 0xFF, 0xF5, 0x00, 0x0A, 0xFF, 0xA0, 0x00, 0x0C, 0xFF, 0x20, 0x05, 0xFF, 0xE0, 0x00, 0x0C, 0xFF, 0xC0, 0x00,
  0x0C, 0xFF, 0x80, 0x00, 0x0C, 0xFF, 0x30, 0x07, 0xFF, 0xC0, 0x00, 0x2F, 0xFF, 0x70, 0x00, 0x0D, 0xFF, 0x70, 0x00, 0x0B,
  0xFF, 0x30, 0x09, 0xFF, 0xA0, 0x00, 0x6F, 0xFF, 0x40, 0x00, 0x0E, 0xFF, 0x60, 0x00, 0x0B, 0xFF, 0x30, 0x0A, 0xFF, 0x90,
  0x00, 0x9F, 0xFF, 0x10, 0x00, 0x0F, 0xFF, 0x40, 0x00, 0x0D, 0xFF, 0x10, 0x0A, 0xFF, 0x90, 0x00, 0xAF, 0xFF, 0x00, 0x00,
  0x2F, 0xFF, 0x30, 0x00, 0x0F, 0xFE, 0x00, 0x0A, 0xFF, 0xA0, 0x00, 0xAF, 0xFF, 0x00, 0x00, 0x4F, 0xFF, 0x10, 0x00, 0x5F,
  0xFA, 0x00, 0x08, 0xFF, 0xB0, 0x00, 0x9F, 0xFF, 0x40, 0x00, 0xBF, 0xFF, 0x10, 0x00, 0xBF, 0xF5, 0x00, 0x07, 0xFF, 0xD0,
  0x00, 0x5F, 0xFF, 0xB1, 0x09, 0xFF, 0xFF, 0x40, 0x07, 0xFF, 0xD0, 0x00, 0x04, 0xFF, 0xF2, 0x00, 0x1D, 0xFF, 0xFF, 0xEF,
  0xFE, 0xFF, 0xEA, 0xBF, 0xFF, 0x40, 0x00, 0x00, 0xEF, 0xF7, 0x00, 0x05, 0xFF, 0xFF, 0xFF, 0x95, 0xFF, 0xFF, 0xFF, 0xF6,
  0x00, 0x00, 0x00, 0xAF, 0xFD, 0x00, 0x00, 0x4B, 0xEE, 0xC6, 0x00, 0x5C, 0xFF, 0xEA, 0x30, 0x00, 0x00, 0x00, 0x4F, 0xFF,
  0x80, 0x00, 0x00, 0x00, 0x00, 0x00, 0x00, 0x00, 0x00, 0x00, 0x00, 0x00, 0x00, 0x0B, 0xFF, 0xF5, 0x00, 0x00, 0x00, 0x00,
  0x00, 0x00, 0x00, 0x00, 0x00, 0x00, 0x00, 0x00, 0x02, 0xEF, 0xFF, 0x71, 0x00, 0x00, 0x00, 0x00, 0x00, 0x00, 0x00, 0x00,
  0x00, 0x00, 0x00, 0x00, 0x4E, 0xFF, 0xFD, 0x83, 0x00, 0x00, 0x03, 0x7B, 0x00, 0x00, 0x00, 0x00, 0x00, 0x00, 0x00, 0x03,
  0xDF, 0xFF, 0xFF, 0xFE, 0xDD, 0xFF, 0xFF, 0x30, 0x00, 0x00, 0x00, 0x00, 0x00, 0x00, 0x00, 0x18, 0xEF, 0xFF, 0xFF, 0xFF,
  0xFF, 0xFE, 0x50, 0x00, 0x00, 0x00, 0x00, 0x00, 0x00, 0x00, 0x00, 0x15, 0x9C, 0xEE, 0xFE, 0xDA, 0x72, 0x00, 0x00, 0x00,
  0x00, 0x00, 0x00, 0x00, 0x00, 0x00, 0x6F, 0xFF, 0xF8, 0x00, 0x00, 0x00, 0x00, 0x00, 0x00, 0x00, 0x00, 0x0B, 0xFF, 0xFF,
  0xD0, 0x00, 0x00, 0x00, 0x00, 0x00, 0x00, 0x00, 0x02, 0xFF, 0xFF, 0xFF, 0x40, 0x00, 0x00, 0x00, 0x00, 0x00, 0x00, 0x00,
  0x7F, 0xFF, 0xFF, 0xFA, 0x00, 0x00, 0x00, 0x00, 0x00, 0x00, 0x00, 0x0C, 0xFF, 0xFF, 0xFF, 0xE1, 0x00, 0x00, 0x00, 0x00,
  0x00, 0x00, 0x03, 0xFF, 0xFF, 0xFF, 0xFF, 0x60, 0x00, 0x00, 0x00, 0x00, 0x00, 0x00, 0x9F, 0xFF, 0xEC, 0xFF, 0xFB, 0x00,
  0x00, 0x00, 0x00, 0x00, 0x00, 0x0D, 0xFF, 0xFA, 0x7F, 0xFF, 0xF2, 0x00, 0x00, 0x00, 0x00, 0x00, 0x05, 0xFF, 0xFF, 0x52,
  0xFF, 0xFF, 0x70, 0x00, 0x00, 0x00, 0x00, 0x00, 0xAF, 0xFF, 0xE1, 0x0C, 0xFF, 0xFC, 0x00, 0x00, 0x00, 0x00, 0x00, 0x1E,
  0xFF, 0xFA, 0x00, 0x8F, 0xFF, 0xF3, 0x00, 0x00, 0x00, 0x00, 0x06, 0xFF, 0xFF, 0x60, 0x03, 0xFF, 0xFF, 0x90, 0x00, 0x00,
  0x00, 0x00, 0xBF, 0xFF, 0xE1, 0x00, 0x0C, 0xFF, 0xFE, 0x00, 0x00, 0x00, 0x00, 0x2F, 0xFF, 0xFB, 0x00, 0x00, 0x8F, 0xFF,
  0xF5, 0x00, 0x00, 0x00, 0x07, 0xFF, 0xFF, 0x60, 0x00, 0x03, 0xFF, 0xFF, 0xA0, 0x00, 0x00, 0x00, 0xCF, 0xFF, 0xFF, 0xFF,
  0xFF, 0xFF, 0xFF, 0xFE, 0x10, 0x00, 0x00, 0x3F, 0xFF, 0xFF, 0xFF, 0xFF, 0xFF, 0xFF, 0xFF, 0xF6, 0x00, 0x00, 0x09, 0xFF,
  0xFF, 0xFF, 0xFF, 0xFF, 0xFF, 0xFF, 0xFF, 0xB0, 0x00, 0x00, 0xEF, 0xFF, 0xFE, 0xEE, 0xEE, 0xEE, 0xEF, 0xFF, 0xFF, 0x20,
  0x00, 0x5F, 0xFF, 0xFB, 0x00, 0x00, 0x00, 0x00, 0x8F, 0xFF, 0xF8, 0x00, 0x0A, 0xFF, 0xFF, 0x60, 0x00, 0x00, 0x00, 0x03,
  0xFF, 0xFF, 0xD0, 0x01, 0xEF, 0xFF, 0xF1, 0x00, 0x00, 0x00, 0x00, 0x0D, 0xFF, 0xFF, 0x40, 0x6F, 0xFF, 0xFB, 0x00, 0x00,
  0x00, 0x00, 0x00, 0x9F, 0xFF, 0xF9, 0x0B, 0xFF, 0xFF, 0x70, 0x00, 0x00, 0x00, 0x00, 0x04, 0xFF, 0xFF, 0xE0, 0x00, 0xEF,
  0xFF, 0xFF, 0xFF, 0xFE, 0xDB, 0x83, 0x00, 0x00, 0x00, 0x0E, 0xFF, 0xFF, 0xFF, 0xFF, 0xFF, 0xFF, 0xFA, 0x10, 0x00, 0x00,
  0xEF, 0xFF, 0xFF, 0xFF, 0xFF, 0xFF, 0xFF, 0xFC, 0x10, 0x00, 0x0E, 0xFF, 0xFF, 0xEE, 0xEE, 0xFF, 0xFF, 0xFF, 0xF8, 0x00,
  0x00, 0xEF, 0xFF, 0xE0, 0x00, 0x00, 0x4C, 0xFF, 0xFF, 0xD0, 0x00, 0x0E, 0xFF, 0xFE, 0x00, 0x00, 0x00, 0x2F, 0xFF, 0xFE,
  0x00, 0x00, 0xEF, 0xFF, 0xE0, 0x00, 0x00, 0x00, 0xEF, 0xFF, 0xE0, 0x00, 0x0E, 0xFF, 0xFE, 0x00, 0x00, 0x00, 0x3F, 0xFF,
  0xFB, 0x00, 0x00, 0xEF, 0xFF, 0xE0, 0x00, 0x02, 0x6D, 0xFF, 0xFF, 0x50, 0x00, 0x0E, 0xFF, 0xFF, 0xFF, 0xFF, 0xFF, 0xFF,
  0xFF, 0x70, 0x00, 0x00, 0xEF, 0xFF, 0xFF, 0xFF, 0xFF, 0xFF, 0xFE, 0x50, 0x00, 0x00, 0x0E, 0xFF, 0xFF, 0xFF, 0xFF, 0xFF,
  0xFF, 0xFF, 0x80, 0x00, 0x00, 0xEF, 0xFF, 0xE7, 0x77, 0x78, 0xAF, 0xFF, 0xFF, 0x70, 0x00, 0x0E, 0xFF, 0xFE, 0x00, 0x00,
  0x00, 0x4F, 0xFF, 0xFE, 0x10, 0x00, 0xEF, 0xFF, 0xE0, 0x00, 0x00, 0x00, 0xAF, 0xFF, 0xF5, 0x00, 0x0E, 0xFF, 0xFE, 0x00,
  0x00, 0x00, 0x07, 0xFF, 0xFF, 0x80, 0x00, 0xEF, 0xFF, 0xE0, 0x00, 0x00, 0x00, 0x6F, 0xFF, 0xF8, 0x00, 0x0E, 0xFF, 0xFE,
  0x00, 0x00, 0x00, 0x08, 0xFF, 0xFF, 0x70, 0x00, 0xEF, 0xFF, 0xE0, 0x00, 0x00, 0x01, 0xDF, 0xFF, 0xF5, 0x00, 0x0E, 0xFF,
  0xFE, 0x00, 0x00, 0x03, 0xBF, 0xFF, 0xFF, 0x10, 0x00, 0xEF, 0xFF, 0xFE, 0xEE, 0xEE, 0xFF, 0xFF, 0xFF, 0x90, 0x00, 0x0E,
  0xFF, 0xFF, 0xFF, 0xFF, 0xFF, 0xFF, 0xFF, 0xC1, 0x00, 0x00, 0xEF, 0xFF, 0xFF, 0xFF, 0xFF, 0xFF, 0xFF, 0xA1, 0x00, 0x00,
  0x0E, 0xFF, 0xFF, 0xFF, 0xFF, 0xFE, 0xC9, 0x30, 0x00, 0x00, 0x00, 0x00, 0x00, 0x16, 0xBD, 0xEF, 0xEC, 0x93, 0x00, 0x00,
  0x00, 0x00, 0x00, 0x05, 0xDF, 0xFF, 0xFF, 0xFF, 0xFF, 0xA1, 0x00, 0x00, 0x00, 0x00, 0x7F, 0xFF, 0xFF, 0xFF, 0xFF, 0xFF,
  0xFD, 0x20, 0x00, 0x00, 0x06, 0xFF, 0xFF, 0xFF, 0xFF, 0xFF, 0xFF, 0xFF, 0xD1, 0x00, 0x00, 0x1E, 0xFF, 0xFF, 0xC5, 0x10,
  0x27, 0xEF, 0xFF, 0xF8, 0x00, 0x00, 0x8F, 0xFF, 0xFB, 0x00, 0x00, 0x00, 0x4F, 0xFF, 0xFD, 0x00, 0x00, 0xDF, 0xFF, 0xF2,
  0x00, 0x00, 0x00, 0x0B, 0xFF, 0xFF, 0x40, 0x03, 0xFF, 0xFF, 0xB0, 0x00, 0x00, 0x00, 0x07, 0xFF, 0xFF, 0x70, 0x06, 0xFF,
  0xFF, 0x80, 0x00, 0x00, 0x00, 0x02, 0x55, 0x55, 0x30, 0x09, 0xFF, 0xFF, 0x60, 0x00, 0x00, 0x00, 0x00, 0x00, 0x00, 0x00,
  0x09, 0xFF, 0xFF, 0x50, 0x00, 0x00, 0x00, 0x00, 0x00, 0x00, 0x00, 0x0A, 0xFF, 0xFF, 0x50, 0x00, 0x00, 0x00, 0x00, 0x00,
  0x00, 0x00, 0x0A, 0xFF, 0xFF, 0x50, 0x00, 0x00, 0x00, 0x00, 0x00, 0x00, 0x00, 0x09, 0xFF, 0xFF, 0x60, 0x00, 0x00, 0x00,
  0x00, 0x00, 0x00, 0x00, 0x08, 0xFF, 0xFF, 0x60, 0x00, 0x00, 0x00, 0x00, 0x00, 0x00, 0x00, 0x07, 0xFF, 0xFF, 0x80, 0x00,
  0x00, 0x00, 0x01, 0x33, 0x33, 0x20, 0x03, 0xFF, 0xFF, 0xB0, 0x00, 0x00, 0x00, 0x07, 0xFF, 0xFF, 0x70, 0x00, 0xEF, 0xFF,
  0xE2, 0x00, 0x00, 0x00, 0x0B, 0xFF, 0xFF, 0x50, 0x00, 0x8F, 0xFF, 0xFA, 0x00, 0x00, 0x00, 0x4F, 0xFF, 0xFE, 0x00, 0x00,
  0x2E, 0xFF, 0xFF, 0xB4, 0x00, 0x27, 0xEF, 0xFF, 0xF8, 0x00, 0x00, 0x06, 0xFF, 0xFF, 0xFF, 0xFF, 0xFF, 0xFF, 0xFF, 0xD1,
  0x00, 0x00, 0x00, 0x8F, 0xFF, 0xFF, 0xFF, 0xFF, 0xFF, 0xFD, 0x30, 0x00, 0x00, 0x00, 0x06, 0xEF, 0xFF, 0xFF, 0xFF, 0xFF,
  0xB2, 0x00, 0x00, 0x00, 0x00, 0x00, 0x17, 0xBD, 0xEF, 0xEC, 0x93, 0x00, 0x00, 0x00, 0x00, 0xEF, 0xFF, 0xFF, 0xFF, 0xEC,
  0x94, 0x00, 0x00, 0x00, 0x00, 0x0E, 0xFF, 0xFF, 0xFF, 0xFF, 0xFF, 0xFB, 0x30, 0x00, 0x00, 0x00, 0xEF, 0xFF, 0xFF, 0xFF,
  0xFF, 0xFF, 0xFF, 0x60, 0x00, 0x00, 0x0E, 0xFF, 0xFF, 0xEE, 0xEF, 0xFF, 0xFF, 0xFF, 0x50, 0x00, 0x00, 0xEF, 0xFF, 0xE0,
  0x00, 0x15, 0xCF, 0xFF, 0xFE, 0x20, 0x00, 0x0E, 0xFF, 0xFE, 0x00, 0x00, 0x00, 0xBF, 0xFF, 0xFA, 0x00, 0x00, 0xEF, 0xFF,
  0xE0, 0x00, 0x00, 0x01, 0xEF, 0xFF, 0xF2, 0x00, 0x0E, 0xFF, 0xFE, 0x00, 0x00, 0x00, 0x08, 0xFF, 0xFF, 0x80, 0x00, 0xEF,
  0xFF, 0xE0, 0x00, 0x00, 0x00, 0x4F, 0xFF, 0xFB, 0x00, 0x0E, 0xFF, 0xFE, 0x00, 0x00, 0x00, 0x01, 0xFF, 0xFF, 0xE0, 0x00,
  0xEF, 0xFF, 0xE0, 0x00, 0x00, 0x00, 0x0E, 0xFF, 0xFF, 0x00, 0x0E, 0xFF, 0xFE, 0x00, 0x00, 0x00, 0x00, 0xDF, 0xFF, 0xF1,
  0x00, 0xEF, 0xFF, 0xE0, 0x00, 0x00, 0x00, 0x0D, 0xFF, 0xFF, 0x10, 0x0E, 0xFF, 0xFE, 0x00, 0x00, 0x00, 0x00, 0xEF, 0xFF,
  0xF0, 0x00, 0xEF, 0xFF, 0xE0, 0x00, 0x00, 0x00, 0x1F, 0xFF, 0xFE, 0x00, 0x0E, 0xFF, 0xFE, 0x00, 0x00, 0x00, 0x04, 0xFF,
  0xFF, 0xB0, 0x00, 0xEF, 0xFF, 0xE0, 0x00, 0x00, 0x00, 0x9F, 0xFF, 0xF8, 0x00, 0x0E, 0xFF, 0xFE, 0x00, 0x00, 0x00, 0x1E,
  0xFF, 0xFF, 0x30, 0x00, 0xEF, 0xFF, 0xE0, 0x00, 0x00, 0x1B, 0xFF, 0xFF, 0xB0, 0x00, 0x0E, 0xFF, 0xFE, 0x00, 0x01, 0x5C,
  0xFF, 0xFF, 0xE3, 0x00, 0x00, 0xEF, 0xFF, 0xFE, 0xEE, 0xFF, 0xFF, 0xFF, 0xF6, 0x00, 0x00, 0x0E, 0xFF, 0xFF, 0xFF, 0xFF,
  0xFF, 0xFF, 0xF6, 0x00, 0x00, 0x00, 0xEF, 0xFF, 0xFF, 0xFF, 0xFF, 0xFF, 0xC3, 0x00, 0x00, 0x00, 0x0E, 0xFF, 0xFF, 0xFF,
  0xFE, 0xC9, 0x40, 0x00, 0x00, 0x00, 0x00, 0xEF, 0xFF, 0xFF, 0xFF, 0xFF, 0xFF, 0xFF, 0xFC, 0x00, 0x0E, 0xFF, 0xFF, 0xFF,
  0xFF, 0xFF, 0xFF, 0xFF, 0xC0, 0x00, 0xEF, 0xFF, 0xFF, 0xFF, 0xFF, 0xFF, 0xFF, 0xFC, 0x00, 0x0E, 0xFF, 0xFF, 0xEE, 0xEE,
  0xEE, 0xEE, 0xEE, 0xC0, 0x00, 0xEF, 0xFF, 0xE0, 0x00, 0x00, 0x00, 0x00, 0x00, 0x00, 0x0E, 0xFF, 0xFE, 0x00, 0x00, 0x00,
  0x00, 0x00, 0x00, 0x00, 0xEF, 0xFF, 0xE0, 0x00, 0x00, 0x00, 0x00, 0x00, 0x00, 0x0E, 0xFF, 0xFE, 0x00, 0x00, 0x00, 0x00,
  0x00, 0x00, 0x00, 0xEF, 0xFF, 0xE0, 0x00, 0x00, 0x00, 0x00, 0x00, 0x00, 0x0E, 0xFF, 0xFE, 0x00, 0x00, 0x00, 0x00, 0x00,
  0x00, 0x00, 0xEF, 0xFF, 0xFF, 0xFF, 0xFF, 0xFF, 0xFF, 0x40, 0x00, 0x0E, 0xFF, 0xFF, 0xFF, 0xFF, 0xFF, 0xFF, 0xF4, 0x00,
  0x00, 0xEF, 0xFF, 0xFF, 0xFF, 0xFF, 0xFF, 0xFF, 0x40, 0x00, 0x0E, 0xFF, 0xFF, 0xCC, 0xCC, 0xCC, 0xCC, 0xC3, 0x00, 0x00,
  0xEF, 0xFF, 0xE0, 0x00, 0x00, 0x00, 0x00, 0x00, 0x00, 0x0E, 0xFF, 0xFE, 0x00, 0x00, 0x00, 0x00, 0x00, 0x00, 0x00, 0xEF,
  0xFF, 0xE0, 0x00, 0x00, 0x00, 0x00, 0x00, 0x00, 0x0E, 0xFF, 0xFE, 0x00, 0x00, 0x00, 0x00, 0x00, 0x00, 0x00, 0xEF, 0xFF,
  0xE0, 0x00, 0x00, 0x00, 0x00, 0x00, 0x00, 0x0E, 0xFF, 0xFE, 0x00, 0x00, 0x00, 0x00, 0x00, 0x00, 0x00, 0xEF, 0xFF, 0xFE,
  0xEE, 0xEE, 0xEE, 0xEE, 0xEC, 0x00, 0x0E, 0xFF, 0xFF, 0xFF, 0xFF, 0xFF, 0xFF, 0xFF, 0xD0, 0x00, 0xEF, 0xFF, 0xFF, 0xFF,
  0xFF, 0xFF, 0xFF, 0xFD, 0x00, 0x0E, 0xFF, 0xFF, 0xFF, 0xFF, 0xFF, 0xFF, 0xFF, 0xD0, 0x00, 0xEF, 0xFF, 0xFF, 0xFF, 0xFF,
  0xFF, 0xFF, 0xF7, 0x00, 0xEF, 0xFF, 0xFF, 0xFF, 0xFF, 0xFF, 0xFF, 0xF7, 0x00, 0xEF, 0xFF, 0xFF, 0xFF, 0xFF, 0xFF, 0xFF,
  0xF7, 0x00, 0xEF, 0xFF, 0xFE, 0xEE, 0xEE, 0xEE, 0xEE, 0xE6, 0x00, 0xEF, 0xFF, 0xE0, 0x00, 0x00, 0x00, 0x00, 0x00, 0x00,
  0xEF, 0xFF, 0xE0, 0x00, 0x00, 0x00, 0x00, 0x00, 0x00, 0xEF, 0xFF, 0xE0, 0x00, 0x00, 0x00, 0x00, 0x00, 0x00, 0xEF, 0xFF,
  0xE0, 0x00, 0x00, 0x00, 0x00, 0x00, 0x00, 0xEF, 0xFF, 0xE0, 0x00, 0x00, 0x00, 0x00, 0x00, 0x00, 0xEF, 0xFF, 0xE0, 0x00,
  0x00, 0x00, 0x00, 0x00, 0x00, 0xEF, 0xFF, 0xFF, 0xFF, 0xFF, 0xFF, 0xFF, 0x40, 0x00, 0xEF, 0xFF, 0xFF, 0xFF, 0xFF, 0xFF,
  0xFF, 0x40, 0x00, 0xEF, 0xFF, 0xFF, 0xFF, 0xFF, 0xFF, 0xFF, 0x40, 0x00, 0xEF, 0xFF, 0xFE, 0xEE, 0xEE, 0xEE, 0xEE, 0x40,
  0x00, 0xEF, 0xFF, 0xE0, 0x00, 0x00, 0x00, 0x00, 0x00, 0x00, 0xEF, 0xFF, 0xE0, 0x00, 0x00, 0x00, 0x00, 0x00, 0x00, 0xEF,
  0xFF, 0xE0, 0x00, 0x00, 0x00, 0x00, 0x00, 0x00, 0xEF, 0xFF, 0xE0, 0x00, 0x00, 0x00, 0x00, 0x00, 0x00, 0xEF, 0xFF, 0xE0,
  0x00, 0x00, 0x00, 0x00, 0x00, 0x00, 0xEF, 0xFF, 0xE0, 0x00, 0x00, 0x00, 0x00, 0x00, 0x00, 0xEF, 0xFF, 0xE0, 0x00, 0x00,
  0x00, 0x00, 0x00, 0x00, 0xEF, 0xFF, 0xE0, 0x00, 0x00, 0x00, 0x00, 0x00, 0x00, 0xEF, 0xFF, 0xE0, 0x00, 0x00, 0x00, 0x00,
  0x00, 0x00, 0xEF, 0xFF, 0xE0, 0x00, 0x00, 0x00, 0x00, 0x00, 0x00, 0x00, 0x00, 0x05, 0xAD, 0xEF, 0xED, 0xA6, 0x10, 0x00,
  0x00, 0x00, 0x00, 0x04, 0xDF, 0xFF, 0xFF, 0xFF, 0xFF, 0xE6, 0x00, 0x00, 0x00, 0x00, 0x6F, 0xFF, 0xFF, 0xFF, 0xFF, 0xFF,
  0xFF, 0x80, 0x00, 0x00, 0x04, 0xFF, 0xFF, 0xFF, 0xFE, 0xFF, 0xFF, 0xFF, 0xF5, 0x00, 0x00, 0x0D, 0xFF, 0xFF, 0xD6, 0x10,
  0x15, 0xCF, 0xFF, 0xFD, 0x00, 0x00, 0x7F, 0xFF, 0xFD, 0x20, 0x00, 0x00, 0x1D, 0xFF, 0xFF, 0x40, 0x00, 0xCF, 0xFF, 0xF6,
  0x00, 0x00, 0x00, 0x06, 0xFF, 0xFF, 0x80, 0x01, 0xFF, 0xFF, 0xE0, 0x00, 0x00, 0x00, 0x01, 0x88, 0x88, 0x50, 0x05, 0xFF,
  0xFF, 0xB0, 0x00, 0x00, 0x00, 0x00, 0x00, 0x00, 0x00, 0x07, 0xFF, 0xFF, 0x90, 0x00, 0x00, 0x00, 0x00, 0x00, 0x00, 0x00,
  0x08, 0xFF, 0xFF, 0x80, 0x00, 0x00, 0x00, 0x00, 0x00, 0x00, 0x00, 0x08, 0xFF, 0xFF, 0x70, 0x00, 0x09, 0xFF, 0xFF, 0xFF,
  0xFF, 0xB0, 0x08, 0xFF, 0xFF, 0x70, 0x00, 0x09, 0xFF, 0xFF, 0xFF, 0xFF, 0xB0, 0x08, 0xFF, 0xFF, 0x80, 0x00, 0x09, 0xFF,
  0xFF, 0xFF, 0xFF, 0xB0, 0x07, 0xFF, 0xFF, 0x90, 0x00, 0x06, 0x99, 0x9A, 0xFF, 0xFF, 0xB0, 0x05, 0xFF, 0xFF, 0xB0, 0x00,
  0x00, 0x00, 0x03, 0xFF, 0xFF, 0xB0, 0x01, 0xFF, 0xFF, 0xE1, 0x00, 0x00, 0x00, 0x03, 0xFF, 0xFF, 0xB0, 0x00, 0xCF, 0xFF,
  0xF7, 0x00, 0x00, 0x00, 0x03, 0xFF, 0xFF, 0xB0, 0x00, 0x6F, 0xFF, 0xFE, 0x30, 0x00, 0x00, 0x03, 0xFF, 0xFF, 0xB0, 0x00,
  0x0D, 0xFF, 0xFF, 0xE7, 0x20, 0x01, 0x5D, 0xFF, 0xFF, 0xB0, 0x00, 0x03, 0xEF, 0xFF, 0xFF, 0xFE, 0xEF, 0xFF, 0xFF, 0xFF,
  0xA0, 0x00, 0x00, 0x5E, 0xFF, 0xFF, 0xFF, 0xFF, 0xFF, 0xFF, 0xFB, 0x10, 0x00, 0x00, 0x03, 0xCF, 0xFF, 0xFF, 0xFF, 0xFF,
  0xFD, 0x70, 0x00, 0x00, 0x00, 0x00, 0x04, 0x9C, 0xEF, 0xED, 0xC8, 0x50, 0x00, 0x00, 0x00, 0xEF, 0xFF, 0xE0, 0x00, 0x00,
  0x00, 0x00, 0xAF, 0xFF, 0xF4, 0x00, 0x0E, 0xFF, 0xFE, 0x00, 0x00, 0x00, 0x00, 0x0A, 0xFF, 0xFF, 0x40, 0x00, 0xEF, 0xFF,
  0xE0, 0x00, 0x00, 0x00, 0x00, 0xAF, 0xFF, 0xF4, 0x00, 0x0E, 0xFF, 0xFE, 0x00, 0x00, 0x00, 0x00, 0x0A, 0xFF, 0xFF, 0x40,
  0x00, 0xEF, 0xFF, 0xE0, 0x00, 0x00, 0x00, 0x00, 0xAF, 0xFF, 0xF4, 0x00, 0x0E, 0xFF, 0xFE, 0x00, 0x00, 0x00, 0x00, 0x0A,
  0xFF, 0xFF, 0x40, 0x00, 0xEF, 0xFF, 0xE0, 0x00, 0x00, 0x00, 0x00, 0xAF, 0xFF, 0xF4, 0x00, 0x0E, 0xFF, 0xFE, 0x00, 0x00,
  0x00, 0x00, 0x0A, 0xFF, 0xFF, 0x40, 0x00, 0xEF, 0xFF, 0xE0, 0x00, 0x00, 0x00, 0x00, 0xAF, 0xFF, 0xF4, 0x00, 0x0E, 0xFF,
  0xFE, 0x00, 0x00, 0x00, 0x00, 0x0A, 0xFF, 0xFF, 0x40, 0x00, 0xEF, 0xFF, 0xFF, 0xFF, 0xFF, 0xFF, 0xFF, 0xFF, 0xFF, 0xF4,
  0x00, 0x0E, 0xFF, 0xFF, 0xFF, 0xFF, 0xFF, 0xFF, 0xFF, 0xFF, 0xFF, 0x40, 0x00, 0xEF, 0xFF, 0xFF, 0xFF, 0xFF, 0xFF, 0xFF,
  0xFF, 0xFF, 0xF4, 0x00, 0x0E, 0xFF, 0xFF, 0xEE, 0xEE, 0xEE, 0xEE, 0xEF, 0xFF, 0xFF, 0x40, 0x00, 0xEF, 0xFF, 0xE0, 0x00,
  0x00, 0x00, 0x00, 0xAF, 0xFF, 0xF4, 0x00, 0x0E, 0xFF, 0xFE, 0x00, 0x00, 0x00, 0x00, 0x0A, 0xFF, 0xFF, 0x40, 0x00, 0xEF,
  0xFF, 0xE0, 0x00, 0x00, 0x00, 0x00, 0xAF, 0xFF, 0xF4, 0x00, 0x0E, 0xFF, 0xFE, 0x00, 0x00, 0x00, 0x00, 0x0A, 0xFF, 0xFF,
  0x40, 0x00, 0xEF, 0xFF, 0xE0, 0x00, 0x00, 0x00, 0x00, 0xAF, 0xFF, 0xF4, 0x00, 0x0E, 0xFF, 0xFE, 0x00, 0x00, 0x00, 0x00,
  0x0A, 0xFF, 0xFF, 0x40, 0x00, 0xEF, 0xFF, 0xE0, 0x00, 0x00, 0x00, 0x00, 0xAF, 0xFF, 0xF4, 0x00, 0x0E, 0xFF, 0xFE, 0x00,
  0x00, 0x00, 0x00, 0x0A, 0xFF, 0xFF, 0x40, 0x00, 0xEF, 0xFF, 0xE0, 0x00, 0x00, 0x00, 0x00, 0xAF, 0xFF, 0xF4, 0x00, 0x0E,
  0xFF, 0xFE, 0x00, 0x00, 0x00, 0x00, 0x0A, 0xFF, 0xFF, 0x40, 0x00, 0xAF, 0xFF, 0xF4, 0x00, 0x00, 0xAF, 0xFF, 0xF4, 0x00,
  0x00, 0xAF, 0xFF, 0xF4, 0x00, 0x00, 0xAF, 0xFF, 0xF4, 0x00, 0x00, 0xAF, 0xFF, 0xF4, 0x00, 0x00, 0xAF, 0xFF, 0xF4, 0x00,
  0x00, 0xAF, 0xFF, 0xF4, 0x00, 0x00, 0xAF, 0xFF, 0xF4, 0x00, 0x00, 0xAF, 0xFF, 0xF4, 0x00, 0x00, 0xAF, 0xFF, 0xF4, 0x00,
  0x00, 0xAF, 0xFF, 0xF4, 0x00, 0x00, 0xAF, 0xFF, 0xF4, 0x00, 0x00, 0xAF, 0xFF, 0xF4, 0x00, 0x00, 0xAF, 0xFF, 0xF4, 0x00,
  0x00, 0xAF, 0xFF, 0xF4, 0x00, 0x00, 0xAF, 0xFF, 0xF4, 0x00, 0x00, 0xAF, 0xFF, 0xF4, 0x00, 0x00, 0xAF, 0xFF, 0xF4, 0x00,
  0x00, 0xAF, 0xFF, 0xF4, 0x00, 0x00, 0xAF, 0xFF, 0xF4, 0x00, 0x00, 0xAF, 0xFF, 0xF4, 0x00, 0x00, 0xAF, 0xFF, 0xF4, 0x00,
  0x00, 0xAF, 0xFF, 0xF4, 0x00, 0x00, 0xAF, 0xFF, 0xF4, 0x00, 0x00, 0x00, 0x00, 0x00, 0x00, 0x08, 0xFF, 0xFF, 0x70, 0x00,
  0x00, 0x00, 0x00, 0x00, 0x08, 0xFF, 0xFF, 0x70, 0x00, 0x00, 0x00, 0x00, 0x00, 0x08, 0xFF, 0xFF, 0x70, 0x00, 0x00, 0x00,
  0x00, 0x00, 0x08, 0xFF, 0xFF, 0x70, 0x00, 0x00, 0x00, 0x00, 0x00, 0x08, 0xFF, 0xFF, 0x70, 0x00, 0x00, 0x00, 0x00, 0x00,
  0x08, 0xFF, 0xFF, 0x70, 0x00, 0x00, 0x00, 0x00, 0x00, 0x08, 0xFF, 0xFF, 0x70, 0x00, 0x00, 0x00, 0x00, 0x00, 0x08, 0xFF,
  0xFF, 0x70, 0x00, 0x00, 0x00, 0x00, 0x00, 0x08, 0xFF, 0xFF, 0x70, 0x00, 0x00, 0x00, 0x00, 0x00, 0x08, 0xFF, 0xFF, 0x70,
  0x00, 0x00, 0x00, 0x00, 0x00, 0x08, 0xFF, 0xFF, 0x70, 0x00, 0x00, 0x00, 0x00, 0x00, 0x08, 0xFF, 0xFF, 0x70, 0x00, 0x00,
  0x00, 0x00, 0x00, 0x08, 0xFF, 0xFF, 0x70, 0x00, 0x00, 0x00, 0x00, 0x00, 0x08, 0xFF, 0xFF, 0x70, 0x00, 0x00, 0x00, 0x00,
  0x00, 0x08, 0xFF, 0xFF, 0x70, 0x00, 0x00, 0x00, 0x00, 0x00, 0x08, 0xFF, 0xFF, 0x70, 0x25, 0x55, 0x53, 0x00, 0x00, 0x08,
  0xFF, 0xFF, 0x60, 0x5F, 0xFF, 0xFA, 0x00, 0x00, 0x0A, 0xFF, 0xFF, 0x50, 0x4F, 0xFF, 0xFD, 0x00, 0x00, 0x1E, 0xFF, 0xFF,
  0x20, 0x0E, 0xFF, 0xFF, 0x91, 0x02, 0xBF, 0xFF, 0xFC, 0x00, 0x08, 0xFF, 0xFF, 0xFF, 0xEF, 0xFF, 0xFF, 0xF5, 0x00, 0x01,
  0xCF, 0xFF, 0xFF, 0xFF, 0xFF, 0xFF, 0x90, 0x00, 0x00, 0x1B, 0xFF, 0xFF, 0xFF, 0xFF, 0xF7, 0x00, 0x00, 0x00, 0x00, 0x4A,
  0xDE, 0xFE, 0xC8, 0x20, 0x00, 0x00, 0x00, 0xEF, 0xFF, 0xE0, 0x00, 0x00, 0x00, 0x6F, 0xFF, 0xFF, 0xA0, 0x00, 0xEF, 0xFF,
  0xE0, 0x00, 0x00, 0x03, 0xEF, 0xFF, 0xFC, 0x10, 0x00, 0xEF, 0xFF, 0xE0, 0x00, 0x00, 0x1D, 0xFF, 0xFF, 0xE2, 0x00, 0x00,
  0xEF, 0xFF, 0xE0, 0x00, 0x00, 0xAF, 0xFF, 0xFF, 0x50, 0x00, 0x00, 0xEF, 0xFF, 0xE0, 0x00, 0x06, 0xFF, 0xFF, 0xF8, 0x00,
  0x00, 0x00, 0xEF, 0xFF, 0xE0, 0x00, 0x3E, 0xFF, 0xFF, 0xB0, 0x00, 0x00, 0x00, 0xEF, 0xFF, 0xE0, 0x01, 0xDF, 0xFF, 0xFD,
  0x10, 0x00, 0x00, 0x00, 0xEF, 0xFF, 0xE0, 0x0A, 0xFF, 0xFF, 0xE3, 0x00, 0x00, 0x00, 0x00, 0xEF, 0xFF, 0xE0, 0x7F, 0xFF,
  0xFF, 0x60, 0x00, 0x00, 0x00, 0x00, 0xEF, 0xFF, 0xE3, 0xEF, 0xFF, 0xF9, 0x00, 0x00, 0x00, 0x00, 0x00, 0xEF, 0xFF, 0xEC,
  0xFF, 0xFF, 0xD1, 0x00, 0x00, 0x00, 0x00, 0x00, 0xEF, 0xFF, 0xFF, 0xFF, 0xFF, 0xF4, 0x00, 0x00, 0x00, 0x00, 0x00, 0xEF,
  0xFF, 0xFF, 0xFF, 0xFF, 0xFD, 0x00, 0x00, 0x00, 0x00, 0x00, 0xEF, 0xFF, 0xFF, 0xFF, 0xFF, 0xFF, 0x80, 0x00, 0x00, 0x00,
  0x00, 0xEF, 0xFF, 0xFF, 0xFB, 0xFF, 0xFF, 0xF3, 0x00, 0x00, 0x00, 0x00, 0xEF, 0xFF, 0xFF, 0x71, 0xDF, 0xFF, 0xFC, 0x00,
  0x00, 0x00, 0x00, 0xEF, 0xFF, 0xF8, 0x00, 0x4F, 0xFF, 0xFF, 0x70, 0x00, 0x00, 0x00, 0xEF, 0xFF, 0xE0, 0x00, 0x0A, 0xFF,
  0xFF, 0xE2, 0x00, 0x00, 0x00, 0xEF, 0xFF, 0xE0, 0x00, 0x02, 0xEF, 0xFF, 0xFB, 0x00, 0x00, 0x00, 0xEF, 0xFF, 0xE0, 0x00,
  0x00, 0x6F, 0xFF, 0xFF, 0x60, 0x00, 0x00, 0xEF, 0xFF, 0xE0, 0x00, 0x00, 0x0B, 0xFF, 0xFF, 0xE1, 0x00, 0x00, 0xEF, 0xFF,
  0xE0, 0x00, 0x00, 0x03, 0xFF, 0xFF, 0xFA, 0x00, 0x00, 0xEF, 0xFF, 0xE0, 0x00, 0x00, 0x00, 0x8F, 0xFF, 0xFF, 0x50, 0x00,
  0xEF, 0xFF, 0xE0, 0x00, 0x00, 0x00, 0x1D, 0xFF, 0xFF, 0xD1, 0x00, 0xEF, 0xFF, 0xE0, 0x00, 0x00, 0x00, 0x00, 0x00, 0x00,
  0xEF, 0xFF, 0xE0, 0x00, 0x00, 0x00, 0x00, 0x00, 0x00, 0xEF, 0xFF, 0xE0, 0x00, 0x00, 0x00, 0x00, 0x00, 0x00, 0xEF, 0xFF,
  0xE0, 0x00, 0x00, 0x00, 0x00, 0x00, 0x00, 0xEF, 0xFF, 0xE0, 0x00, 0x00, 0x00, 0x00, 0x00, 0x00, 0xEF, 0xFF, 0xE0, 0x00,
  0x00, 0x00, 0x00, 0x00, 0x00, 0xEF, 0xFF, 0xE0, 0x00, 0x00, 0x00, 0x00, 0x00, 0x00, 0xEF, 0xFF, 0xE0, 0x00, 0x00, 0x00,
  0x00, 0x00, 0x00, 0xEF, 0xFF, 0xE0, 0x00, 0x00, 0x00, 0x00, 0x00, 0x00, 0xEF, 0xFF, 0xE0, 0x00, 0x00, 0x00, 0x00, 0x00,
  0x00, 0xEF, 0xFF, 0xE0, 0x00, 0x00, 0x00, 0x00, 0x00, 0x00, 0xEF, 0xFF, 0xE0, 0x00, 0x00, 0x00, 0x00, 0x00, 0x00, 0xEF,
  0xFF, 0xE0, 0x00, 0x00, 0x00, 0x00, 0x00, 0x00, 0xEF, 0xFF, 0xE0, 0x00, 0x00, 0x00, 0x00, 0x00, 0x00, 0xEF, 0xFF, 0xE0,
  0x00, 0x00, 0x00, 0x00, 0x00, 0x00, 0xEF, 0xFF, 0xE0, 0x00, 0x00, 0x00, 0x00, 0x00, 0x00, 0xEF, 0xFF, 0xE0, 0x00, 0x00,
  0x00, 0x00, 0x00, 0x00, 0xEF, 0xFF, 0xE0, 0x00, 0x00, 0x00, 0x00, 0x00, 0x00, 0xEF, 0xFF, 0xE0, 0x00, 0x00, 0x00, 0x00,
  0x00, 0x00, 0xEF, 0xFF, 0xE0, 0x00, 0x00, 0x00, 0x00, 0x00, 0x00, 0xEF, 0xFF, 0xFE, 0xEE, 0xEE, 0xEE, 0xEE, 0xE3, 0x00,
  0xEF, 0xFF, 0xFF, 0xFF, 0xFF, 0xFF, 0xFF, 0xF4, 0x00, 0xEF, 0xFF, 0xFF, 0xFF, 0xFF, 0xFF, 0xFF, 0xF4, 0x00, 0xEF, 0xFF,
  0xFF, 0xFF, 0xFF, 0xFF, 0xFF, 0xF4, 0x00, 0xEF, 0xFF, 0xFF, 0x90, 0x00, 0x00, 0x00, 0x00, 0x00, 0xCF, 0xFF, 0xFF, 0xC0,
  0x00, 0x0E, 0xFF, 0xFF, 0xFE, 0x00, 0x00, 0x00, 0x00, 0x00, 0x2F, 0xFF, 0xFF, 0xFC, 0x00, 0x00, 0xEF, 0xFF, 0xFF, 0xF5,
  0x00, 0x00, 0x00, 0x00, 0x07, 0xFF, 0xFF, 0xFF, 0xC0, 0x00, 0x0E, 0xFF, 0xFF, 0xFF, 0xA0, 0x00, 0x00, 0x00, 0x00, 0xCF,
  0xFF, 0xFF, 0xFC, 0x00, 0x00, 0xEF, 0xFF, 0xFF, 0xFE, 0x10, 0x00, 0x00, 0x00, 0x2F, 0xFF, 0xFF, 0xFF, 0xC0, 0x00, 0x0E,
  0xFF, 0xFF, 0xFF, 0xF6, 0x00, 0x00, 0x00, 0x08, 0xFF, 0xFF, 0xFF, 0xFC, 0x00, 0x00, 0xEF, 0xFF, 0xDF, 0xFF, 0xB0, 0x00,
  0x00, 0x00, 0xDF, 0xFF, 0xDF, 0xFF, 0xC0, 0x00, 0x0E, 0xFF, 0xFA, 0xFF, 0xFE, 0x10, 0x00, 0x00, 0x3F, 0xFF, 0xEB, 0xFF,
  0xFC, 0x00, 0x00, 0xEF, 0xFF, 0x9B, 0xFF, 0xF6, 0x00, 0x00, 0x08, 0xFF, 0xF9, 0xBF, 0xFF, 0xC0, 0x00, 0x0E, 0xFF, 0xFA,
  0x6F, 0xFF, 0xB0, 0x00, 0x00, 0xDF, 0xFF, 0x4C, 0xFF, 0xFC, 0x00, 0x00, 0xEF, 0xFF, 0xA1, 0xEF, 0xFF, 0x20, 0x00, 0x4F,
  0xFF, 0xD0, 0xCF, 0xFF, 0xC0, 0x00, 0x0E, 0xFF, 0xFB, 0x0A, 0xFF, 0xF7, 0x00, 0x09, 0xFF, 0xF8, 0x0D, 0xFF, 0xFC, 0x00,
  0x00, 0xEF, 0xFF, 0xB0, 0x5F, 0xFF, 0xC0, 0x00, 0xDF, 0xFF, 0x30, 0xDF, 0xFF, 0xC0, 0x00, 0x0E, 0xFF, 0xFC, 0x01, 0xEF,
  0xFF, 0x20, 0x4F, 0xFF, 0xC0, 0x0E, 0xFF, 0xFC, 0x00, 0x00, 0xEF, 0xFF, 0xC0, 0x0A, 0xFF, 0xF7, 0x09, 0xFF, 0xF7, 0x00,
  0xEF, 0xFF, 0xC0, 0x00, 0x0E, 0xFF, 0xFD, 0x00, 0x4F, 0xFF, 0xC0, 0xEF, 0xFF, 0x20, 0x0F, 0xFF, 0xFC, 0x00, 0x00, 0xEF,
  0xFF, 0xD0, 0x00, 0xDF, 0xFF, 0x7F, 0xFF, 0xB0, 0x01, 0xFF, 0xFF, 0xC0, 0x00, 0x0E, 0xFF, 0xFE, 0x00, 0x09, 0xFF, 0xFE,
  0xFF, 0xF7, 0x00, 0x1F, 0xFF, 0xFC, 0x00, 0x00, 0xEF, 0xFF, 0xE0, 0x00, 0x3F, 0xFF, 0xFF, 0xFF, 0x10, 0x01, 0xFF, 0xFF,
  0xC0, 0x00, 0x0E, 0xFF, 0xFE, 0x00, 0x00, 0xDF, 0xFF, 0xFF, 0xB0, 0x00, 0x1F, 0xFF, 0xFC, 0x00, 0x00, 0xEF, 0xFF, 0xE0,
  0x00, 0x08, 0xFF, 0xFF, 0xF6, 0x00, 0x01, 0xFF, 0xFF, 0xC0, 0x00, 0x0E, 0xFF, 0xFE, 0x00, 0x00, 0x3F, 0xFF, 0xFE, 0x10,
  0x00, 0x1F, 0xFF, 0xFC, 0x00, 0x00, 0xEF, 0xFF, 0xE0, 0x00, 0x00, 0xCF, 0xFF, 0xA0, 0x00, 0x01, 0xFF, 0xFF, 0xC0, 0x00,
  0x0E, 0xFF, 0xFE, 0x00, 0x00, 0x07, 0xFF, 0xF5, 0x00, 0x00, 0x1F, 0xFF, 0xFC, 0x00, 0x00, 0xEF, 0xFF, 0xF4, 0x00, 0x00,
  0x00, 0x00, 0xAF, 0xFF, 0xF3, 0x00, 0x0E, 0xFF, 0xFF, 0xC0, 0x00, 0x00, 0x00, 0x0A, 0xFF, 0xFF, 0x30, 0x00, 0xEF, 0xFF,
  0xFF, 0x70, 0x00, 0x00, 0x00, 0xAF, 0xFF, 0xF3, 0x00, 0x0E, 0xFF, 0xFF, 0xFE, 0x20, 0x00, 0x00, 0x0A, 0xFF, 0xFF, 0x30,
  0x00, 0xEF, 0xFF, 0xFF, 0xFA, 0x00, 0x00, 0x00, 0xAF, 0xFF, 0xF3, 0x00, 0x0E, 0xFF, 0xFF, 0xFF, 0xF4, 0x00, 0x00, 0x0A,
  0xFF, 0xFF, 0x30, 0x00, 0xEF, 0xFF, 0xFF, 0xFF, 0xC0, 0x00, 0x00, 0xAF, 0xFF, 0xF3, 0x00, 0x0E, 0xFF, 0xFF, 0xFF, 0xFF,
  0x70, 0x00, 0x0A, 0xFF, 0xFF, 0x30, 0x00, 0xEF, 0xFF, 0xED, 0xFF, 0xFE, 0x20, 0x00, 0xAF, 0xFF, 0xF3, 0x00, 0x0E, 0xFF,
  0xFE, 0x5F, 0xFF, 0xFA, 0x00, 0x0A, 0xFF, 0xFF, 0x30, 0x00, 0xEF, 0xFF, 0xE0, 0xBF, 0xFF, 0xF4, 0x00, 0xAF, 0xFF, 0xF3,
  0x00, 0x0E, 0xFF, 0xFE, 0x03, 0xFF, 0xFF, 0xC0, 0x0A, 0xFF, 0xFF, 0x30, 0x00, 0xEF, 0xFF, 0xE0, 0x09, 0xFF, 0xFF, 0x60,
  0xAF, 0xFF, 0xF3, 0x00, 0x0E, 0xFF, 0xFE, 0x00, 0x1D, 0xFF, 0xFE, 0x1A, 0xFF, 0xFF, 0x30, 0x00, 0xEF, 0xFF, 0xE0, 0x00,
  0x6F, 0xFF, 0xF9, 0xAF, 0xFF, 0xF3, 0x00, 0x0E, 0xFF, 0xFE, 0x00, 0x00, 0xBF, 0xFF, 0xFD, 0xFF, 0xFF, 0x30, 0x00, 0xEF,
  0xFF, 0xE0, 0x00, 0x03, 0xFF, 0xFF, 0xFF, 0xFF, 0xF3, 0x00, 0x0E, 0xFF, 0xFE, 0x00, 0x00, 0x09, 0xFF, 0xFF, 0xFF, 0xFF,
  0x30, 0x00, 0xEF, 0xFF, 0xE0, 0x00, 0x00, 0x1E, 0xFF, 0xFF, 0xFF, 0xF3, 0x00, 0x0E, 0xFF, 0xFE, 0x00, 0x00, 0x00, 0x6F,
  0xFF, 0xFF, 0xFF, 0x30, 0x00, 0xEF, 0xFF, 0xE0, 0x00, 0x00, 0x00, 0xCF, 0xFF, 0xFF, 0xF3, 0x00, 0x0E, 0xFF, 0xFE, 0x00,
  0x00, 0x00, 0x03, 0xFF, 0xFF, 0xFF, 0x30, 0x00, 0xEF, 0xFF, 0xE0, 0x00, 0x00, 0x00, 0x09, 0xFF, 0xFF, 0xF3, 0x00, 0x0E,
  0xFF, 0xFE, 0x00, 0x00, 0x00, 0x00, 0x1E, 0xFF, 0xFF, 0x30, 0x00, 0x00, 0x00, 0x05, 0xAD, 0xEF, 0xEC, 0x93, 0x00, 0x00,
  0x00, 0x00, 0x00, 0x00, 0x3C, 0xFF, 0xFF, 0xFF, 0xFF, 0xFA, 0x10, 0x00, 0x00, 0x00, 0x00, 0x5E, 0xFF, 0xFF, 0xFF, 0xFF,
  0xFF, 0xFD, 0x20, 0x00, 0x00, 0x00, 0x3F, 0xFF, 0xFF, 0xFF, 0xFF, 0xFF, 0xFF, 0xFD, 0x10, 0x00, 0x00, 0x0D, 0xFF, 0xFF,
  0xE7, 0x21, 0x38, 0xFF, 0xFF, 0xFA, 0x00, 0x00, 0x06, 0xFF, 0xFF, 0xD2, 0x00, 0x00, 0x05, 0xFF, 0xFF, 0xF3, 0x00, 0x00,
  0xCF, 0xFF, 0xF5, 0x00, 0x00, 0x00, 0x09, 0xFF, 0xFF, 0x90, 0x00, 0x2F, 0xFF, 0xFD, 0x00, 0x00, 0x00, 0x00, 0x2F, 0xFF,
  0xFD, 0x00, 0x06, 0xFF, 0xFF, 0x90, 0x00, 0x00, 0x00, 0x00, 0xDF, 0xFF, 0xF2, 0x00, 0x8F, 0xFF, 0xF7, 0x00, 0x00, 0x00,
  0x00, 0x0B, 0xFF, 0xFF, 0x40, 0x09, 0xFF, 0xFF, 0x60, 0x00, 0x00, 0x00, 0x00, 0xAF, 0xFF, 0xF6, 0x00, 0xAF, 0xFF, 0xF5,
  0x00, 0x00, 0x00, 0x00, 0x09, 0xFF, 0xFF, 0x60, 0x0A, 0xFF, 0xFF, 0x50, 0x00, 0x00, 0x00, 0x00, 0x9F, 0xFF, 0xF6, 0x00,
  0x9F, 0xFF, 0xF6, 0x00, 0x00, 0x00, 0x00, 0x09, 0xFF, 0xFF, 0x60, 0x08, 0xFF, 0xFF, 0x70, 0x00, 0x00, 0x00, 0x00, 0xBF,
  0xFF, 0xF4, 0x00, 0x6F, 0xFF, 0xFA, 0x00, 0x00, 0x00, 0x00, 0x0D, 0xFF, 0xFF, 0x20, 0x02, 0xFF, 0xFF, 0xD0, 0x00, 0x00,
  0x00, 0x02, 0xFF, 0xFF, 0xD0, 0x00, 0x0C, 0xFF, 0xFF, 0x50, 0x00, 0x00, 0x00, 0x9F, 0xFF, 0xF9, 0x00, 0x00, 0x7F, 0xFF,
  0xFD, 0x20, 0x00, 0x00, 0x4F, 0xFF, 0xFF, 0x30, 0x00, 0x00, 0xDF, 0xFF, 0xFE, 0x62, 0x02, 0x8E, 0xFF, 0xFF, 0xA0, 0x00,
  0x00, 0x03, 0xEF, 0xFF, 0xFF, 0xFF, 0xFF, 0xFF, 0xFF, 0xD2, 0x00, 0x00, 0x00, 0x05, 0xEF, 0xFF, 0xFF, 0xFF, 0xFF, 0xFF,
  0xD3, 0x00, 0x00, 0x00, 0x00, 0x03, 0xCF, 0xFF, 0xFF, 0xFF, 0xFF, 0xA2, 0x00, 0x00, 0x00, 0x00, 0x00, 0x00, 0x5A, 0xDE,
  0xFE, 0xC9, 0x30, 0x00, 0x00, 0x00, 0x00, 0xEF, 0xFF, 0xFF, 0xFF, 0xFF, 0xEC, 0x93, 0x00, 0x00, 0x00, 0x0E, 0xFF, 0xFF,
  0xFF, 0xFF, 0xFF, 0xFF, 0xF9, 0x10, 0x00, 0x00, 0xEF, 0xFF, 0xFF, 0xFF, 0xFF, 0xFF, 0xFF, 0xFD, 0x10, 0x00, 0x0E, 0xFF,
  0xFF, 0xEE, 0xEE, 0xEF, 0xFF, 0xFF, 0xFB, 0x00, 0x00, 0xEF, 0xFF, 0xE0, 0x00, 0x00, 0x29, 0xFF, 0xFF, 0xF5, 0x00, 0x0E,
  0xFF, 0xFE, 0x00, 0x00, 0x00, 0x0A, 0xFF, 0xFF, 0xB0, 0x00, 0xEF, 0xFF, 0xE0, 0x00, 0x00, 0x00, 0x2F, 0xFF, 0xFE, 0x00,
  0x0E, 0xFF, 0xFE, 0x00, 0x00, 0x00, 0x00, 0xEF, 0xFF, 0xF1, 0x00, 0xEF, 0xFF, 0xE0, 0x00, 0x00, 0x00, 0x0D, 0xFF, 0xFF,
  0x10, 0x0E, 0xFF, 0xFE, 0x00, 0x00, 0x00, 0x01, 0xFF, 0xFF, 0xE0, 0x00, 0xEF, 0xFF, 0xE0, 0x00, 0x00, 0x00, 0x8F, 0xFF,
  0xFB, 0x00, 0x0E, 0xFF, 0xFE, 0x00, 0x00, 0x13, 0x9F, 0xFF, 0xFF, 0x70, 0x00, 0xEF, 0xFF, 0xFF, 0xFF, 0xFF, 0xFF, 0xFF,
  0xFF, 0xD0, 0x00, 0x0E, 0xFF, 0xFF, 0xFF, 0xFF, 0xFF, 0xFF, 0xFF, 0xE2, 0x00, 0x00, 0xEF, 0xFF, 0xFF, 0xFF, 0xFF, 0xFF,
  0xFF, 0xB2, 0x00, 0x00, 0x0E, 0xFF, 0xFF, 0xEE, 0xEE, 0xED, 0xB8, 0x30, 0x00, 0x00, 0x00, 0xEF, 0xFF, 0xE0, 0x00, 0x00,
  0x00, 0x00, 0x00, 0x00, 0x00, 0x0E, 0xFF, 0xFE, 0x00, 0x00, 0x00, 0x00, 0x00, 0x00, 0x00, 0x00, 0xEF, 0xFF, 0xE0, 0x00,
  0x00, 0x00, 0x00, 0x00, 0x00, 0x00, 0x0E, 0xFF, 0xFE, 0x00, 0x00, 0x00, 0x00, 0x00, 0x00, 0x00, 0x00, 0xEF, 0xFF, 0xE0,
  0x00, 0x00, 0x00, 0x00, 0x00, 0x00, 0x00, 0x0E, 0xFF, 0xFE, 0x00, 0x00, 0x00, 0x00, 0x00, 0x00, 0x00, 0x00, 0xEF, 0xFF,
  0xE0, 0x00, 0x00, 0x00, 0x00, 0x00, 0x00, 0x00, 0x0E, 0xFF, 0xFE, 0x00, 0x00, 0x00, 0x00, 0x00, 0x00, 0x00, 0x00, 0x00,
  0x00, 0x05, 0xAD, 0xEF, 0xEC, 0x83, 0x00, 0x00, 0x00, 0x00, 0x00, 0x00, 0x3C, 0xFF, 0xFF, 0xFF, 0xFF, 0xFA, 0x10, 0x00,
  0x00, 0x00, 0x00, 0x5F, 0xFF, 0xFF, 0xFF, 0xFF, 0xFF, 0xFD, 0x20, 0x00, 0x00, 0x00, 0x4F, 0xFF, 0xFF, 0xFF, 0xFF, 0xFF,
  0xFF, 0xFD, 0x10, 0x00, 0x00, 0x1D, 0xFF, 0xFF, 0xD6, 0x21, 0x39, 0xFF, 0xFF, 0xF9, 0x00, 0x00, 0x07, 0xFF, 0xFF, 0xD2,
  0x00, 0x00, 0x05, 0xFF, 0xFF, 0xF2, 0x00, 0x00, 0xDF, 0xFF, 0xF4, 0x00, 0x00, 0x00, 0x09, 0xFF, 0xFF, 0x80, 0x00, 0x3F,
  0xFF, 0xFD, 0x00, 0x00, 0x00, 0x00, 0x3F, 0xFF, 0xFD, 0x00, 0x06, 0xFF, 0xFF, 0x90, 0x00, 0x00, 0x00, 0x00, 0xDF, 0xFF,
  0xF1, 0x00, 0x9F, 0xFF, 0xF6, 0x00, 0x00, 0x00, 0x00, 0x0B, 0xFF, 0xFF, 0x40, 0x0A, 0xFF, 0xFF, 0x50, 0x00, 0x00, 0x00,
  0x00, 0xAF, 0xFF, 0xF5, 0x00, 0xAF, 0xFF, 0xF5, 0x00, 0x00, 0x00, 0x00, 0x09, 0xFF, 0xFF, 0x60, 0x0A, 0xFF, 0xFF, 0x50,
  0x00, 0x00, 0x00, 0x00, 0x9F, 0xFF, 0xF6, 0x00, 0xAF, 0xFF, 0xF5, 0x00, 0x00, 0x00, 0x00, 0x0A, 0xFF, 0xFF, 0x50, 0x09,
  0xFF, 0xFF, 0x70, 0x00, 0x00, 0x00, 0x00, 0xBF, 0xFF, 0xF4, 0x00, 0x6F, 0xFF, 0xF9, 0x00, 0x00, 0x00, 0x00, 0x0D, 0xFF,
  0xFF, 0x20, 0x03, 0xFF, 0xFF, 0xD0, 0x00, 0x00, 0x00, 0x03, 0xFF, 0xFF, 0xD0, 0x00, 0x0D, 0xFF, 0xFF, 0x50, 0x00, 0x00,
  0x00, 0x9F, 0xFF, 0xF9, 0x00, 0x00, 0x7F, 0xFF, 0xFD, 0x20, 0x00, 0x00, 0x4F, 0xFF, 0xFF, 0x30, 0x00, 0x01, 0xDF, 0xFF,
  0xFD, 0x61, 0x02, 0x8E, 0xFF, 0xFF, 0x90, 0x00, 0x00, 0x04, 0xFF, 0xFF, 0xFF, 0xFF, 0xFF, 0xFF, 0xFF, 0xD1, 0x00, 0x00,
  0x00, 0x05, 0xFF, 0xFF, 0xFF, 0xFF, 0xFF, 0xFF, 0xD2, 0x00, 0x00, 0x00, 0x00, 0x03, 0xCF, 0xFF, 0xFF, 0xFF, 0xFF, 0xFC,
  0x20, 0x00, 0x00, 0x00, 0x00, 0x00, 0x5A, 0xDE, 0xFE, 0xFF, 0xFF, 0xFE, 0x40, 0x00, 0x00, 0x00, 0x00, 0x00, 0x00, 0x00,
  0x03, 0xDF, 0xFF, 0xFF, 0x70, 0x00, 0x00, 0x00, 0x00, 0x00, 0x00, 0x00, 0x02, 0xBF, 0xFF, 0xFC, 0x10, 0x00, 0x00, 0x00,
  0x00, 0x00, 0x00, 0x00, 0x00, 0x9F, 0xFA, 0x10, 0x00, 0x00, 0x00, 0x00, 0x00, 0x00, 0x00, 0x00, 0x00, 0x69, 0x00, 0x00,
  0x00, 0xEF, 0xFF, 0xFF, 0xFF, 0xFE, 0xEC, 0x83, 0x00, 0x00, 0x00, 0x0E, 0xFF, 0xFF, 0xFF, 0xFF, 0xFF, 0xFF, 0xFA, 0x10,
  0x00, 0x00, 0xEF, 0xFF, 0xFF, 0xFF, 0xFF, 0xFF, 0xFF, 0xFC, 0x10, 0x00, 0x0E, 0xFF, 0xFF, 0xEE, 0xEE, 0xFF, 0xFF, 0xFF,
  0xF9, 0x00, 0x00, 0xEF, 0xFF, 0xE0, 0x00, 0x00, 0x4B, 0xFF, 0xFF, 0xF1, 0x00, 0x0E, 0xFF, 0xFE, 0x00, 0x00, 0x00, 0x1D,
  0xFF, 0xFF, 0x60, 0x00, 0xEF, 0xFF, 0xE0, 0x00, 0x00, 0x00, 0x9F, 0xFF, 0xF7, 0x00, 0x0E, 0xFF, 0xFE, 0x00, 0x00, 0x00,
  0x07, 0xFF, 0xFF, 0x80, 0x00, 0xEF, 0xFF, 0xE0, 0x00, 0x00, 0x00, 0x9F, 0xFF, 0xF6, 0x00, 0x0E, 0xFF, 0xFE, 0x00, 0x00,
  0x00, 0x2E, 0xFF, 0xFF, 0x30, 0x00, 0xEF, 0xFF, 0xE0, 0x00, 0x02, 0x5D, 0xFF, 0xFF, 0xC0, 0x00, 0x0E, 0xFF, 0xFF, 0xFF,
  0xFF, 0xFF, 0xFF, 0xFF, 0xF4, 0x00, 0x00, 0xEF, 0xFF, 0xFF, 0xFF, 0xFF, 0xFF, 0xFF, 0xE5, 0x00, 0x00, 0x0E, 0xFF, 0xFF,
  0xFF, 0xFF, 0xFF, 0xFF, 0xB2, 0x00, 0x00, 0x00, 0xEF, 0xFF, 0xFE, 0xEE, 0xEF, 0xFF, 0xFB, 0x00, 0x00, 0x00, 0x0E, 0xFF,
  0xFE, 0x00, 0x01, 0xEF, 0xFF, 0xF4, 0x00, 0x00, 0x00, 0xEF, 0xFF, 0xE0, 0x00, 0x08, 0xFF, 0xFF, 0xB0, 0x00, 0x00, 0x0E,
  0xFF, 0xFE, 0x00, 0x00, 0x1E, 0xFF, 0xFF, 0x40, 0x00, 0x00, 0xEF, 0xFF, 0xE0, 0x00, 0x00, 0x8F, 0xFF, 0xFB, 0x00, 0x00,
  0x0E, 0xFF, 0xFE, 0x00, 0x00, 0x01, 0xEF, 0xFF, 0xF4, 0x00, 0x00, 0xEF, 0xFF, 0xE0, 0x00, 0x00, 0x09, 0xFF, 0xFF, 0xB0,
  0x00, 0x0E, 0xFF, 0xFE, 0x00, 0x00, 0x00, 0x2E, 0xFF, 0xFF, 0x40, 0x00, 0xEF, 0xFF, 0xE0, 0x00, 0x00, 0x00, 0x9F, 0xFF,
  0xFC, 0x00, 0x0E, 0xFF, 0xFE, 0x00, 0x00, 0x00, 0x02, 0xFF, 0xFF, 0xF4, 0x00, 0x00, 0x01, 0x6A, 0xDE, 0xFE, 0xD9, 0x50,
  0x00, 0x00, 0x00, 0x00, 0x6D, 0xFF, 0xFF, 0xFF, 0xFF, 0xFC, 0x30, 0x00, 0x00, 0x08, 0xFF, 0xFF, 0xFF, 0xFF, 0xFF, 0xFF,
  0xE4, 0x00, 0x00, 0x5F, 0xFF, 0xFF, 0xFE, 0xDF, 0xFF, 0xFF, 0xFE, 0x20, 0x00, 0xCF, 0xFF, 0xFC, 0x40, 0x00, 0x6D, 0xFF,
  0xFF, 0x90, 0x01, 0xFF, 0xFF, 0xE1, 0x00, 0x00, 0x03, 0xFF, 0xFF, 0xE0, 0x03, 0xFF, 0xFF, 0xB0, 0x00, 0x00, 0x00, 0xCF,
  0xFF, 0xF1, 0x01, 0xFF, 0xFF, 0xE1, 0x00, 0x00, 0x00, 0x34, 0x44, 0x41, 0x00, 0xCF, 0xFF, 0xFC, 0x30, 0x00, 0x00, 0x00,
  0x00, 0x00, 0x00, 0x5F, 0xFF, 0xFF, 0xFB, 0x61, 0x00, 0x00, 0x00, 0x00, 0x00, 0x09, 0xFF, 0xFF, 0xFF, 0xFF, 0xB5, 0x00,
  0x00, 0x00, 0x00, 0x00, 0x7F, 0xFF, 0xFF, 0xFF, 0xFF, 0xD6, 0x00, 0x00, 0x00, 0x00, 0x03, 0xBF, 0xFF, 0xFF, 0xFF, 0xFF,
  0xA1, 0x00, 0x00, 0x00, 0x00, 0x02, 0x8D, 0xFF, 0xFF, 0xFF, 0xFB, 0x00, 0x00, 0x00, 0x00, 0x00, 0x00, 0x39, 0xEF, 0xFF,
  0xFF, 0x60, 0x00, 0x00, 0x00, 0x00, 0x00, 0x00, 0x1B, 0xFF, 0xFF, 0xC0, 0x0A, 0xBB, 0xBB, 0x00, 0x00, 0x00, 0x01, 0xEF,
  0xFF, 0xF0, 0x0C, 0xFF, 0xFF, 0x20, 0x00, 0x00, 0x00, 0xCF, 0xFF, 0xF2, 0x09, 0xFF, 0xFF, 0x90, 0x00, 0x00, 0x01, 0xEF,
  0xFF, 0xF0, 0x03, 0xFF, 0xFF, 0xF9, 0x20, 0x00, 0x3B, 0xFF, 0xFF, 0xC0, 0x00, 0x9F, 0xFF, 0xFF, 0xFE, 0xDE, 0xFF, 0xFF,
  0xFF, 0x60, 0x00, 0x0A, 0xFF, 0xFF, 0xFF, 0xFF, 0xFF, 0xFF, 0xFA, 0x00, 0x00, 0x00, 0x7E, 0xFF, 0xFF, 0xFF, 0xFF, 0xFE,
  0x80, 0x00, 0x00, 0x00, 0x01, 0x5A, 0xCE, 0xFE, 0xDB, 0x72, 0x00, 0x00, 0x6F, 0xFF, 0xFF, 0xFF, 0xFF, 0xFF, 0xFF, 0xFF,
  0xFF, 0xFC, 0x6F, 0xFF, 0xFF, 0xFF, 0xFF, 0xFF, 0xFF, 0xFF, 0xFF, 0xFC, 0x6F, 0xFF, 0xFF, 0xFF, 0xFF, 0xFF, 0xFF, 0xFF,
  0xFF, 0xFC, 0x6E, 0xEE, 0xEE, 0xEE, 0xFF, 0xFF, 0xFE, 0xEE, 0xEE, 0xEB, 0x00, 0x00, 0x00, 0x05, 0xFF, 0xFF, 0x90, 0x00,
  0x00, 0x00, 0x00, 0x00, 0x00, 0x05, 0xFF, 0xFF, 0x90, 0x00, 0x00, 0x00, 0x00, 0x00, 0x00, 0x05, 0xFF, 0xFF, 0x90, 0x00,
  0x00, 0x00, 0x00, 0x00, 0x00, 0x05, 0xFF, 0xFF, 0x90, 0x00, 0x00, 0x00, 0x00, 0x00, 0x00, 0x05, 0xFF, 0xFF, 0x90, 0x00,
  0x00, 0x00, 0x00, 0x00, 0x00, 0x05, 0xFF, 0xFF, 0x90, 0x00, 0x00, 0x00, 0x00, 0x00, 0x00, 0x05, 0xFF, 0xFF, 0x90, 0x00,
  0x00, 0x00, 0x00, 0x00, 0x00, 0x05, 0xFF, 0xFF, 0x90, 0x00, 0x00, 0x00, 0x00, 0x00, 0x00, 0x05, 0xFF, 0xFF, 0x90, 0x00,
  0x00, 0x00, 0x00, 0x00, 0x00, 0x05, 0xFF, 0xFF, 0x90, 0x00, 0x00, 0x00, 0x00, 0x00, 0x00, 0x05, 0xFF, 0xFF, 0x90, 0x00,
  0x00, 0x00, 0x00, 0x00, 0x00, 0x05, 0xFF, 0xFF, 0x90, 0x00, 0x00, 0x00, 0x00, 0x00, 0x00, 0x05, 0xFF, 0xFF, 0x90, 0x00,
  0x00, 0x00, 0x00, 0x00, 0x00, 0x05, 0xFF, 0xFF, 0x90, 0x00, 0x00, 0x00, 0x00, 0x00, 0x00, 0x05, 0xFF, 0xFF, 0x90, 0x00,
  0x00, 0x00, 0x00, 0x00, 0x00, 0x05, 0xFF, 0xFF, 0x90, 0x00, 0x00, 0x00, 0x00, 0x00, 0x00, 0x05, 0xFF, 0xFF, 0x90, 0x00,
  0x00, 0x00, 0x00, 0x00, 0x00, 0x05, 0xFF, 0xFF, 0x90, 0x00, 0x00, 0x00, 0x00, 0x00, 0x00, 0x05, 0xFF, 0xFF, 0x90, 0x00,
  0x00, 0x00, 0x00, 0x00, 0x00, 0x05, 0xFF, 0xFF, 0x90, 0x00, 0x00, 0x00, 0x03, 0xFF, 0xFF, 0xB0, 0x00, 0x00, 0x00, 0x0F,
  0xFF, 0xFD, 0x00, 0x03, 0xFF, 0xFF, 0xB0, 0x00, 0x00, 0x00, 0x0F, 0xFF, 0xFD, 0x00, 0x03, 0xFF, 0xFF, 0xB0, 0x00, 0x00,
  0x00, 0x0F, 0xFF, 0xFD, 0x00, 0x03, 0xFF, 0xFF, 0xB0, 0x00, 0x00, 0x00, 0x0F, 0xFF, 0xFD, 0x00, 0x03, 0xFF, 0xFF, 0xB0,
  0x00, 0x00, 0x00, 0x0F, 0xFF, 0xFD, 0x00, 0x03, 0xFF, 0xFF, 0xB0, 0x00, 0x00, 0x00, 0x0F, 0xFF, 0xFD, 0x00, 0x03, 0xFF,
  0xFF, 0xB0, 0x00, 0x00, 0x00, 0x0F, 0xFF, 0xFD, 0x00, 0x03, 0xFF, 0xFF, 0xB0, 0x00, 0x00, 0x00, 0x0F, 0xFF, 0xFD, 0x00,
  0x03, 0xFF, 0xFF, 0xB0, 0x00, 0x00, 0x00, 0x0F, 0xFF, 0xFD, 0x00, 0x03, 0xFF, 0xFF, 0xB0, 0x00, 0x00, 0x00, 0x0F, 0xFF,
  0xFD, 0x00, 0x03, 0xFF, 0xFF, 0xB0, 0x00, 0x00, 0x00, 0x0F, 0xFF, 0xFD, 0x00, 0x03, 0xFF, 0xFF, 0xB0, 0x00, 0x00, 0x00,
  0x0F, 0xFF, 0xFD, 0x00, 0x03, 0xFF, 0xFF, 0xB0, 0x00, 0x00, 0x00, 0x0F, 0xFF, 0xFD, 0x00, 0x03, 0xFF, 0xFF, 0xB0, 0x00,
  0x00, 0x00, 0x0F, 0xFF, 0xFD, 0x00, 0x03, 0xFF, 0xFF, 0xB0, 0x00, 0x00, 0x00, 0x0F, 0xFF, 0xFD, 0x00, 0x03, 0xFF, 0xFF,
  0xB0, 0x00, 0x00, 0x00, 0x0F, 0xFF, 0xFD, 0x00, 0x01, 0xFF, 0xFF, 0xC0, 0x00, 0x00, 0x00, 0x1F, 0xFF, 0xFC, 0x00, 0x00,
  0xEF, 0xFF, 0xE0, 0x00, 0x00, 0x00, 0x5F, 0xFF, 0xFB, 0x00, 0x00, 0xBF, 0xFF, 0xF7, 0x00, 0x00, 0x00, 0xBF, 0xFF, 0xF7,
  0x00, 0x00, 0x6F, 0xFF, 0xFF, 0x82, 0x00, 0x3A, 0xFF, 0xFF, 0xE2, 0x00, 0x00, 0x0C, 0xFF, 0xFF, 0xFF, 0xEE, 0xFF, 0xFF,
  0xFF, 0x80, 0x00, 0x00, 0x02, 0xDF, 0xFF, 0xFF, 0xFF, 0xFF, 0xFF, 0xFA, 0x00, 0x00, 0x00, 0x00, 0x1A, 0xFF, 0xFF, 0xFF,
  0xFF, 0xFE, 0x80, 0x00, 0x00, 0x00, 0x00, 0x00, 0x39, 0xCE, 0xFE, 0xDB, 0x82, 0x00, 0x00, 0x00, 0xBF, 0xFF, 0xFA, 0x00,
  0x00, 0x00, 0x00, 0x02, 0xFF, 0xFF, 0xF5, 0x7F, 0xFF, 0xFE, 0x00, 0x00, 0x00, 0x00, 0x06, 0xFF, 0xFF, 0xE1, 0x2F, 0xFF,
  0xFF, 0x40, 0x00, 0x00, 0x00, 0x0B, 0xFF, 0xFF, 0xA0, 0x0B, 0xFF, 0xFF, 0x80, 0x00, 0x00, 0x00, 0x0E, 0xFF, 0xFF, 0x50,
  0x06, 0xFF, 0xFF, 0xC0, 0x00, 0x00, 0x00, 0x5F, 0xFF, 0xFE, 0x00, 0x01, 0xFF, 0xFF, 0xF2, 0x00, 0x00, 0x00, 0x9F, 0xFF,
  0xFA, 0x00, 0x00, 0xBF, 0xFF, 0xF7, 0x00, 0x00, 0x00, 0xDF, 0xFF, 0xF5, 0x00, 0x00, 0x6F, 0xFF, 0xFB, 0x00, 0x00, 0x03,
  0xFF, 0xFF, 0xE0, 0x00, 0x00, 0x1F, 0xFF, 0xFE, 0x10, 0x00, 0x07, 0xFF, 0xFF, 0x90, 0x00, 0x00, 0x0B, 0xFF, 0xFF, 0x50,
  0x00, 0x0B, 0xFF, 0xFF, 0x40, 0x00, 0x00, 0x06, 0xFF, 0xFF, 0x90, 0x00, 0x1F, 0xFF, 0xFE, 0x00, 0x00, 0x00, 0x01, 0xEF,
  0xFF, 0xD0, 0x00, 0x6F, 0xFF, 0xF9, 0x00, 0x00, 0x00, 0x00, 0xAF, 0xFF, 0xF3, 0x00, 0xAF, 0xFF, 0xF4, 0x00, 0x00, 0x00,
  0x00, 0x6F, 0xFF, 0xF7, 0x00, 0xEF, 0xFF, 0xD0, 0x00, 0x00, 0x00, 0x00, 0x1E, 0xFF, 0xFB, 0x04, 0xFF, 0xFF, 0x90, 0x00,
  0x00, 0x00, 0x00, 0x0A, 0xFF, 0xFF, 0x18, 0xFF, 0xFF, 0x40, 0x00, 0x00, 0x00, 0x00, 0x05, 0xFF, 0xFF, 0x6C, 0xFF, 0xFD,
  0x00, 0x00, 0x00, 0x00, 0x00, 0x01, 0xEF, 0xFF, 0xBF, 0xFF, 0xF8, 0x00, 0x00, 0x00, 0x00, 0x00, 0x00, 0xAF, 0xFF, 0xFF,
  0xFF, 0xF3, 0x00, 0x00, 0x00, 0x00, 0x00, 0x00, 0x5F, 0xFF, 0xFF, 0xFF, 0xD0, 0x00, 0x00, 0x00, 0x00, 0x00, 0x00, 0x0E,
  0xFF, 0xFF, 0xFF, 0x80, 0x00, 0x00, 0x00, 0x00, 0x00, 0x00, 0x0A, 0xFF, 0xFF, 0xFF, 0x30, 0x00, 0x00, 0x00, 0x00, 0x00,
  0x00, 0x05, 0xFF, 0xFF, 0xFD, 0x00, 0x00, 0x00, 0x00, 0x00, 0x00, 0x00, 0x00, 0xEF, 0xFF, 0xF8, 0x00, 0x00, 0x00, 0x00,
  0x6F, 0xFF, 0xF8, 0x00, 0x00, 0x00, 0xBF, 0xFF, 0xA0, 0x00, 0x00, 0x09, 0xFF, 0xFF, 0x42, 0xFF, 0xFF, 0xA0, 0x00, 0x00,
  0x0E, 0xFF, 0xFD, 0x00, 0x00, 0x00, 0xCF, 0xFF, 0xF1, 0x0E, 0xFF, 0xFD, 0x00, 0x00, 0x03, 0xFF, 0xFF, 0xF2, 0x00, 0x00,
  0x0E, 0xFF, 0xFC, 0x00, 0xBF, 0xFF, 0xF1, 0x00, 0x00, 0x6F, 0xFF, 0xFF, 0x50, 0x00, 0x02, 0xFF, 0xFF, 0xA0, 0x08, 0xFF,
  0xFF, 0x40, 0x00, 0x0A, 0xFF, 0xFF, 0xF9, 0x00, 0x00, 0x5F, 0xFF, 0xF6, 0x00, 0x5F, 0xFF, 0xF7, 0x00, 0x00, 0xDF, 0xFF,
  0xFF, 0xC0, 0x00, 0x08, 0xFF, 0xFF, 0x30, 0x01, 0xFF, 0xFF, 0xA0, 0x00, 0x1F, 0xFF, 0xFF, 0xFF, 0x10, 0x00, 0xBF, 0xFF,
  0xE0, 0x00, 0x0D, 0xFF, 0xFC, 0x00, 0x05, 0xFF, 0xFF, 0xFF, 0xF4, 0x00, 0x0D, 0xFF, 0xFB, 0x00, 0x00, 0xAF, 0xFF, 0xE0,
  0x00, 0x8F, 0xFF, 0xCF, 0xFF, 0x70, 0x01, 0xFF, 0xFF, 0x80, 0x00, 0x07, 0xFF, 0xFF, 0x30, 0x0C, 0xFF, 0xF5, 0xFF, 0xFB,
  0x00, 0x4F, 0xFF, 0xF5, 0x00, 0x00, 0x3F, 0xFF, 0xF6, 0x00, 0xEF, 0xFD, 0x0E, 0xFF, 0xE0, 0x07, 0xFF, 0xFF, 0x20, 0x00,
  0x00, 0xEF, 0xFF, 0x90, 0x4F, 0xFF, 0xA0, 0xBF, 0xFF, 0x20, 0xAF, 0xFF, 0xD0, 0x00, 0x00, 0x0C, 0xFF, 0xFB, 0x07, 0xFF,
  0xF6, 0x08, 0xFF, 0xF6, 0x0C, 0xFF, 0xFA, 0x00, 0x00, 0x00, 0x9F, 0xFF, 0xE0, 0xAF, 0xFF, 0x30, 0x4F, 0xFF, 0x90, 0xEF,
  0xFF, 0x70, 0x00, 0x00, 0x05, 0xFF, 0xFF, 0x2D, 0xFF, 0xE0, 0x01, 0xFF, 0xFC, 0x3F, 0xFF, 0xF4, 0x00, 0x00, 0x00, 0x2F,
  0xFF, 0xF6, 0xFF, 0xFB, 0x00, 0x0C, 0xFF, 0xF6, 0xFF, 0xFF, 0x00, 0x00, 0x00, 0x00, 0xDF, 0xFF, 0xCF, 0xFF, 0x70, 0x00,
  0x9F, 0xFF, 0xCF, 0xFF, 0xC0, 0x00, 0x00, 0x00, 0x0A, 0xFF, 0xFF, 0xFF, 0xF3, 0x00, 0x05, 0xFF, 0xFF, 0xFF, 0xF9, 0x00,
  0x00, 0x00, 0x00, 0x7F, 0xFF, 0xFF, 0xFE, 0x00, 0x00, 0x1F, 0xFF, 0xFF, 0xFF, 0x60, 0x00, 0x00, 0x00, 0x04, 0xFF, 0xFF,
  0xFF, 0xB0, 0x00, 0x00, 0xDF, 0xFF, 0xFF, 0xF2, 0x00, 0x00, 0x00, 0x00, 0x1F, 0xFF, 0xFF, 0xF8, 0x00, 0x00, 0x09, 0xFF,
  0xFF, 0xFE, 0x00, 0x00, 0x00, 0x00, 0x00, 0xCF, 0xFF, 0xFF, 0x40, 0x00, 0x00, 0x6F, 0xFF, 0xFF, 0xB0, 0x00, 0x00, 0x00,
  0x00, 0x09, 0xFF, 0xFF, 0xF1, 0x00, 0x00, 0x02, 0xFF, 0xFF, 0xF8, 0x00, 0x00, 0x00, 0x00, 0x00, 0x6F, 0xFF, 0xFC, 0x00,
  0x00, 0x00, 0x0D, 0xFF, 0xFF, 0x50, 0x00, 0x00, 0x4F, 0xFF, 0xFF, 0x60, 0x00, 0x00, 0x00, 0x7F, 0xFF, 0xFF, 0x30, 0xAF,
  0xFF, 0xFD, 0x10, 0x00, 0x00, 0x1D, 0xFF, 0xFF, 0xA0, 0x02, 0xEF, 0xFF, 0xF7, 0x00, 0x00, 0x08, 0xFF, 0xFF, 0xE2, 0x00,
  0x08, 0xFF, 0xFF, 0xE1, 0x00, 0x01, 0xEF, 0xFF, 0xF7, 0x00, 0x00, 0x1D, 0xFF, 0xFF, 0x80, 0x00, 0x8F, 0xFF, 0xFD, 0x10,
  0x00, 0x00, 0x6F, 0xFF, 0xFE, 0x20, 0x2E, 0xFF, 0xFF, 0x50, 0x00, 0x00, 0x00, 0xCF, 0xFF, 0xF9, 0x09, 0xFF, 0xFF, 0xB0,
  0x00, 0x00, 0x00, 0x03, 0xFF, 0xFF, 0xF4, 0xFF, 0xFF, 0xF3, 0x00, 0x00, 0x00, 0x00, 0x0A, 0xFF, 0xFF, 0xEF, 0xFF, 0xF9,
  0x00, 0x00, 0x00, 0x00, 0x00, 0x2E, 0xFF, 0xFF, 0xFF, 0xFE, 0x20, 0x00, 0x00, 0x00, 0x00, 0x00, 0x8F, 0xFF, 0xFF, 0xFF,
  0x70, 0x00, 0x00, 0x00, 0x00, 0x00, 0x01, 0xDF, 0xFF, 0xFF, 0xD0, 0x00, 0x00, 0x00, 0x00, 0x00, 0x00, 0x1E, 0xFF, 0xFF,
  0xFE, 0x10, 0x00, 0x00, 0x00, 0x00, 0x00, 0x09, 0xFF, 0xFF, 0xFF, 0xF9, 0x00, 0x00, 0x00, 0x00, 0x00, 0x03, 0xFF, 0xFF,
  0xFF, 0xFF, 0xF3, 0x00, 0x00, 0x00, 0x00, 0x00, 0xBF, 0xFF, 0xFE, 0xFF, 0xFF, 0xB0, 0x00, 0x00, 0x00, 0x00, 0x5F, 0xFF,
  0xFE, 0x3E, 0xFF, 0xFF, 0x50, 0x00, 0x00, 0x00, 0x1D, 0xFF, 0xFF, 0x80, 0x8F, 0xFF, 0xFD, 0x00, 0x00, 0x00, 0x08, 0xFF,
  0xFF, 0xE1, 0x01, 0xEF, 0xFF, 0xF7, 0x00, 0x00, 0x02, 0xEF, 0xFF, 0xF7, 0x00, 0x07, 0xFF, 0xFF, 0xE2, 0x00, 0x00, 0xAF,
  0xFF, 0xFD, 0x00, 0x00, 0x1D, 0xFF, 0xFF, 0xA0, 0x00, 0x4F, 0xFF, 0xFF, 0x60, 0x00, 0x00, 0x6F, 0xFF, 0xFF, 0x40, 0x0C,
  0xFF, 0xFF, 0xC0, 0x00, 0x00, 0x00, 0xCF, 0xFF, 0xFC, 0x06, 0xFF, 0xFF, 0xF5, 0x00, 0x00, 0x00, 0x05, 0xFF, 0xFF, 0xF6,
  0xBF, 0xFF, 0xF9, 0x00, 0x00, 0x00, 0x00, 0x3F, 0xFF, 0xFF, 0x24, 0xFF, 0xFF, 0xE1, 0x00, 0x00, 0x00, 0x0A, 0xFF, 0xFF,
  0xA0, 0x0B, 0xFF, 0xFF, 0x80, 0x00, 0x00, 0x02, 0xFF, 0xFF, 0xF2, 0x00, 0x4F, 0xFF, 0xFE, 0x00, 0x00, 0x00, 0x9F, 0xFF,
  0xFA, 0x00, 0x00, 0xBF, 0xFF, 0xF6, 0x00, 0x00, 0x1E, 0xFF, 0xFF, 0x20, 0x00, 0x04, 0xFF, 0xFF, 0xC0, 0x00, 0x07, 0xFF,
  0xFF, 0x90, 0x00, 0x00, 0x0B, 0xFF, 0xFF, 0x50, 0x00, 0xDF, 0xFF, 0xF2, 0x00, 0x00, 0x00, 0x4F, 0xFF, 0xFB, 0x00, 0x6F,
  0xFF, 0xF9, 0x00, 0x00, 0x00, 0x00, 0xBF, 0xFF, 0xF3, 0x0C, 0xFF, 0xFF, 0x20, 0x00, 0x00, 0x00, 0x04, 0xFF, 0xFF, 0xA4,
  0xFF, 0xFF, 0x90, 0x00, 0x00, 0x00, 0x00, 0x0B, 0xFF, 0xFF, 0xCF, 0xFF, 0xF2, 0x00, 0x00, 0x00, 0x00, 0x00, 0x4F, 0xFF,
  0xFF, 0xFF, 0xF9, 0x00, 0x00, 0x00, 0x00, 0x00, 0x00, 0xBF, 0xFF, 0xFF, 0xFF, 0x20, 0x00, 0x00, 0x00, 0x00, 0x00, 0x03,
  0xFF, 0xFF, 0xFF, 0x90, 0x00, 0x00, 0x00, 0x00, 0x00, 0x00, 0x0B, 0xFF, 0xFF, 0xF2, 0x00, 0x00, 0x00, 0x00, 0x00, 0x00,
  0x00, 0x5F, 0xFF, 0xFB, 0x00, 0x00, 0x00, 0x00, 0x00, 0x00, 0x00, 0x05, 0xFF, 0xFF, 0xB0, 0x00, 0x00, 0x00, 0x00, 0x00,
  0x00, 0x00, 0x5F, 0xFF, 0xFB, 0x00, 0x00, 0x00, 0x00, 0x00, 0x00, 0x00, 0x05, 0xFF, 0xFF, 0xB0, 0x00, 0x00, 0x00, 0x00,
  0x00, 0x00, 0x00, 0x5F, 0xFF, 0xFB, 0x00, 0x00, 0x00, 0x00, 0x00, 0x00, 0x00, 0x05, 0xFF, 0xFF, 0xB0, 0x00, 0x00, 0x00,
  0x00, 0x00, 0x00, 0x00, 0x5F, 0xFF, 0xFB, 0x00, 0x00, 0x00, 0x00, 0x00, 0x00, 0x00, 0x05, 0xFF, 0xFF, 0xB0, 0x00, 0x00,
  0x00, 0x00, 0x00, 0x00, 0x00, 0x5F, 0xFF, 0xFB, 0x00, 0x00, 0x00, 0x00, 0x0D, 0xFF, 0xFF, 0xFF, 0xFF, 0xFF, 0xFF, 0xFF,
  0xFF, 0xC0, 0x0D, 0xFF, 0xFF, 0xFF, 0xFF, 0xFF, 0xFF, 0xFF, 0xFF, 0xC0, 0x0D, 0xFF, 0xFF, 0xFF, 0xFF, 0xFF, 0xFF, 0xFF,
  0xFF, 0xC0, 0x0C, 0xEE, 0xEE, 0xEE, 0xEE, 0xEE, 0xEF, 0xFF, 0xFF, 0x50, 0x00, 0x00, 0x00, 0x00, 0x00, 0x00, 0xAF, 0xFF,
  0xFA, 0x00, 0x00, 0x00, 0x00, 0x00, 0x00, 0x05, 0xFF, 0xFF, 0xE2, 0x00, 0x00, 0x00, 0x00, 0x00, 0x00, 0x1E, 0xFF, 0xFF,
  0x50, 0x00, 0x00, 0x00, 0x00, 0x00, 0x00, 0xAF, 0xFF, 0xFA, 0x00, 0x00, 0x00, 0x00, 0x00, 0x00, 0x05, 0xFF, 0xFF, 0xE2,
  0x00, 0x00, 0x00, 0x00, 0x00, 0x00, 0x2E, 0xFF, 0xFF, 0x50, 0x00, 0x00, 0x00, 0x00, 0x00, 0x00, 0xAF, 0xFF, 0xFA, 0x00,
  0x00, 0x00, 0x00, 0x00, 0x00, 0x06, 0xFF, 0xFF, 0xE2, 0x00, 0x00, 0x00, 0x00, 0x00, 0x00, 0x2E, 0xFF, 0xFF, 0x50, 0x00,
  0x00, 0x00, 0x00, 0x00, 0x00, 0xBF, 0xFF, 0xFA, 0x00, 0x00, 0x00, 0x00, 0x00, 0x00, 0x06, 0xFF, 0xFF, 0xE1, 0x00, 0x00,
  0x00, 0x00, 0x00, 0x00, 0x2E, 0xFF, 0xFF, 0x50, 0x00, 0x00, 0x00, 0x00, 0x00, 0x00, 0xBF, 0xFF, 0xFA, 0x00, 0x00, 0x00,
  0x00, 0x00, 0x00, 0x06, 0xFF, 0xFF, 0xE1, 0x00, 0x00, 0x00, 0x00, 0x00, 0x00, 0x2E, 0xFF, 0xFF, 0x50, 0x00, 0x00, 0x00,
  0x00, 0x00, 0x00, 0xBF, 0xFF, 0xFA, 0x00, 0x00, 0x00, 0x00, 0x00, 0x00, 0x07, 0xFF, 0xFF, 0xFE, 0xEE, 0xEE, 0xEE, 0xEE,
  0xEE, 0xE1, 0x0D, 0xFF, 0xFF, 0xFF, 0xFF, 0xFF, 0xFF, 0xFF, 0xFF, 0xF1, 0x0D, 0xFF, 0xFF, 0xFF, 0xFF, 0xFF, 0xFF, 0xFF,
  0xFF, 0xF1, 0x0D, 0xFF, 0xFF, 0xFF, 0xFF, 0xFF, 0xFF, 0xFF, 0xFF, 0xF1, 0x01, 0xFF, 0xFF, 0xFF, 0xE0, 0x1F, 0xFF, 0xFF,
  0xFE, 0x01, 0xFF, 0xFF, 0xFF, 0xE0, 0x1F, 0xFF, 0xFD, 0xA9, 0x01, 0xFF, 0xFF, 0xA0, 0x00, 0x1F, 0xFF, 0xFA, 0x00, 0x01,
  0xFF, 0xFF, 0xA0, 0x00, 0x1F, 0xFF, 0xFA, 0x00, 0x01, 0xFF, 0xFF, 0xA0, 0x00, 0x1F, 0xFF, 0xFA, 0x00, 0x01, 0xFF, 0xFF,
  0xA0, 0x00, 0x1F, 0xFF, 0xFA, 0x00, 0x01, 0xFF, 0xFF, 0xA0, 0x00, 0x1F, 0xFF, 0xFA, 0x00, 0x01, 0xFF, 0xFF, 0xA0, 0x00,
  0x1F, 0xFF, 0xFA, 0x00, 0x01, 0xFF, 0xFF, 0xA0, 0x00, 0x1F, 0xFF, 0xFA, 0x00, 0x01, 0xFF, 0xFF, 0xA0, 0x00, 0x1F, 0xFF,
  0xFA, 0x00, 0x01, 0xFF, 0xFF, 0xA0, 0x00, 0x1F, 0xFF, 0xFA, 0x00, 0x01, 0xFF, 0xFF, 0xA0, 0x00, 0x1F, 0xFF, 0xFA, 0x00,
  0x01, 0xFF, 0xFF, 0xA0, 0x00, 0x1F, 0xFF, 0xFA, 0x00, 0x01, 0xFF, 0xFF, 0xA0, 0x00, 0x1F, 0xFF, 0xFA, 0x00, 0x01, 0xFF,
  0xFF, 0xDA, 0x90, 0x1F, 0xFF, 0xFF, 0xFE, 0x01, 0xFF, 0xFF, 0xFF, 0xE0, 0x1F, 0xFF, 0xFF, 0xFE, 0xDF, 0xFF, 0xE1, 0x00,
  0x00, 0x00, 0x00, 0x07, 0xFF, 0xFF, 0x60, 0x00, 0x00, 0x00, 0x00, 0x2F, 0xFF, 0xFB, 0x00, 0x00, 0x00, 0x00, 0x00, 0xBF,
  0xFF, 0xF2, 0x00, 0x00, 0x00, 0x00, 0x06, 0xFF, 0xFF, 0x80, 0x00, 0x00, 0x00, 0x00, 0x0E, 0xFF, 0xFD, 0x00, 0x00, 0x00,
  0x00, 0x00, 0x9F, 0xFF, 0xF4, 0x00, 0x00, 0x00, 0x00, 0x03, 0xFF, 0xFF, 0x90, 0x00, 0x00, 0x00, 0x00, 0x0D, 0xFF, 0xFE,
  0x10, 0x00, 0x00, 0x00, 0x00, 0x7F, 0xFF, 0xF6, 0x00, 0x00, 0x00, 0x00, 0x02, 0xFF, 0xFF, 0xB0, 0x00, 0x00, 0x00, 0x00,
  0x0B, 0xFF, 0xFF, 0x20, 0x00, 0x00, 0x00, 0x00, 0x5F, 0xFF, 0xF8, 0x00, 0x00, 0x00, 0x00, 0x00, 0xEF, 0xFF, 0xD0, 0x00,
  0x00, 0x00, 0x00, 0x09, 0xFF, 0xFF, 0x40, 0x00, 0x00, 0x00, 0x00, 0x3F, 0xFF, 0xFA, 0x00, 0x00, 0x00, 0x00, 0x00, 0xCF,
  0xFF, 0xE1, 0x00, 0x00, 0x00, 0x00, 0x07, 0xFF, 0xFF, 0x60, 0x00, 0x00, 0x00, 0x00, 0x2F, 0xFF, 0xFB, 0x00, 0x00, 0x00,
  0x00, 0x00, 0xBF, 0xFF, 0xF2, 0x00, 0x00, 0x00, 0x00, 0x05, 0xFF, 0xFF, 0x80, 0x00, 0x00, 0x00, 0x00, 0x0E, 0xFF, 0xFD,
  0x00, 0x00, 0x00, 0x00, 0x00, 0x9F, 0xFF, 0xF4, 0x00, 0x00, 0x00, 0x00, 0x03, 0xFF, 0xFF, 0xA0, 0x00, 0x00, 0x00, 0x00,
  0x0C, 0xFF, 0xFE, 0x10, 0x00, 0x00, 0x00, 0x00, 0x7F, 0xFF, 0xF6, 0xCF, 0xFF, 0xFF, 0xF3, 0x0C, 0xFF, 0xFF, 0xFF, 0x30,
  0xCF, 0xFF, 0xFF, 0xF3, 0x08, 0xAC, 0xFF, 0xFF, 0x30, 0x00, 0x8F, 0xFF, 0xF3, 0x00, 0x08, 0xFF, 0xFF, 0x30, 0x00, 0x8F,
  0xFF, 0xF3, 0x00, 0x08, 0xFF, 0xFF, 0x30, 0x00, 0x8F, 0xFF, 0xF3, 0x00, 0x08, 0xFF, 0xFF, 0x30, 0x00, 0x8F, 0xFF, 0xF3,
  0x00, 0x08, 0xFF, 0xFF, 0x30, 0x00, 0x8F, 0xFF, 0xF3, 0x00, 0x08, 0xFF, 0xFF, 0x30, 0x00, 0x8F, 0xFF, 0xF3, 0x00, 0x08,
  0xFF, 0xFF, 0x30, 0x00, 0x8F, 0xFF, 0xF3, 0x00, 0x08, 0xFF, 0xFF, 0x30, 0x00, 0x8F, 0xFF, 0xF3, 0x00, 0x08, 0xFF, 0xFF,
  0x30, 0x00, 0x8F, 0xFF, 0xF3, 0x00, 0x08, 0xFF, 0xFF, 0x30, 0x00, 0x8F, 0xFF, 0xF3, 0x00, 0x08, 0xFF, 0xFF, 0x30, 0x00,
  0x8F, 0xFF, 0xF3, 0x00, 0x08, 0xFF, 0xFF, 0x30, 0x00, 0x8F, 0xFF, 0xF3, 0x00, 0x08, 0xFF, 0xFF, 0x30, 0x8A, 0xCF, 0xFF,
  0xF3, 0x0C, 0xFF, 0xFF, 0xFF, 0x30, 0xCF, 0xFF, 0xFF, 0xF3, 0x0C, 0xFF, 0xFF, 0xFF, 0x30, 0x00, 0x00, 0x0B, 0xFF, 0xF2,
  0x00, 0x00, 0x00, 0x00, 0x2F, 0xFF, 0xF8, 0x00, 0x00, 0x00, 0x00, 0x8F, 0xFF, 0xFE, 0x00, 0x00, 0x00, 0x00, 0xDF, 0xFF,
  0xFF, 0x60, 0x00, 0x00, 0x05, 0xFF, 0xFD, 0xFF, 0xB0, 0x00, 0x00, 0x0B, 0xFF, 0xC6, 0xFF, 0xF3, 0x00, 0x00, 0x2F, 0xFF,
  0x71, 0xEF, 0xF9, 0x00, 0x00, 0x8F, 0xFF, 0x20, 0xAF, 0xFE, 0x00, 0x00, 0xDF, 0xFB, 0x00, 0x5F, 0xFF, 0x60, 0x05, 0xFF,
  0xF6, 0x00, 0x0D, 0xFF, 0xB0, 0x0B, 0xFF, 0xE1, 0x00, 0x09, 0xFF, 0xF3, 0x2F, 0xFF, 0xA0, 0x00, 0x03, 0xFF, 0xF9, 0x00,
  0x00, 0x00, 0x00, 0x00, 0x00, 0x00, 0x00, 0x00, 0x00, 0x00, 0x00, 0x00, 0x00, 0x00, 0x00, 0x00, 0x00, 0x00, 0x00, 0x00,
  0x00, 0x00, 0x00, 0x00, 0x00, 0x00, 0x00, 0x00, 0x00, 0x00, 0x00, 0x00, 0x00, 0x00, 0x00, 0x00, 0x00, 0x00, 0x00, 0x00,
  0x00, 0x00, 0x00, 0x00, 0x00, 0x00, 0x00, 0x00, 0x00, 0x00, 0x00, 0x00, 0x00, 0x00, 0x00, 0x00, 0x00, 0x00, 0x00, 0x00,
  0x00, 0x00, 0x00, 0x00, 0x00, 0x00, 0x00, 0x00, 0x00, 0x00, 0x00, 0x00, 0x00, 0x00, 0x00, 0x00, 0x00, 0x00, 0x00, 0x00,
  0x00, 0x00, 0x00, 0xFF, 0xFF, 0xFF, 0xFF, 0xFF, 0xFF, 0xFF, 0xBF, 0xFF, 0xFF, 0xFF, 0xFF, 0xFF, 0xFF, 0xFB, 0xFF, 0xFF,
  0xFF, 0xFF, 0xFF, 0xFF, 0xFF, 0xBA, 0xAA, 0xAA, 0xAA, 0xAA, 0xAA, 0xAA, 0xA8, 0x0B, 0xFF, 0xFF, 0x40, 0x00, 0x00, 0x1C,
  0xFF, 0xFD, 0x10, 0x00, 0x00, 0x2D, 0xFF, 0xF8, 0x00, 0x00, 0x00, 0x3E, 0xFF, 0xF3, 0x00, 0x00, 0x00, 0x4E, 0xFF, 0xC0,
  0x00, 0x00, 0x00, 0x00, 0x00, 0x00, 0x00, 0x00, 0x00, 0x00, 0x00, 0x00, 0x00, 0x00, 0x00, 0x00, 0x00, 0x00, 0x00, 0x00,
  0x00, 0x00, 0x00, 0x00, 0x00, 0x00, 0x00, 0x00, 0x00, 0x00, 0x00, 0x00, 0x00, 0x00, 0x00, 0x00, 0x00, 0x00, 0x00, 0x00,
  0x00, 0x00, 0x00, 0x00, 0x00, 0x00, 0x00, 0x00, 0x00, 0x00, 0x00, 0x00, 0x00, 0x00, 0x00, 0x00, 0x00, 0x00, 0x00, 0x00,
  0x00, 0x00, 0x00, 0x00, 0x00, 0x00, 0x00, 0x00, 0x00, 0x00, 0x00, 0x00, 0x00, 0x00, 0x00, 0x00, 0x00, 0x00, 0x00, 0x00,
  0x00, 0x00, 0x00, 0x00, 0x00, 0x00, 0x00, 0x00, 0x00, 0x00, 0x00, 0x00, 0x00, 0x00, 0x00, 0x00, 0x00, 0x00, 0x00, 0x00,
  0x00, 0x00, 0x00, 0x00, 0x00, 0x00, 0x00, 0x00, 0x00, 0x00, 0x00, 0x00, 0x00, 0x28, 0xCE, 0xFE, 0xDA, 0x50, 0x00, 0x00,
  0x00, 0x08, 0xEF, 0xFF, 0xFF, 0xFF, 0xFB, 0x10, 0x00, 0x00, 0x9F, 0xFF, 0xFF, 0xFF, 0xFF, 0xFF, 0xC0, 0x00, 0x03, 0xFF,
  0xFF, 0xFA, 0x8A, 0xEF, 0xFF, 0xF6, 0x00, 0x07, 0xFF, 0xFF, 0x60, 0x00, 0x4F, 0xFF, 0xFB, 0x00, 0x00, 0x00, 0x00, 0x00,
  0x00, 0x0D, 0xFF, 0xFD, 0x00, 0x00, 0x00, 0x00, 0x00, 0x00, 0x0C, 0xFF, 0xFE, 0x00, 0x00, 0x00, 0x49, 0xCE, 0xFF, 0xFF,
  0xFF, 0xFE, 0x00, 0x00, 0x2B, 0xFF, 0xFF, 0xFF, 0xFF, 0xFF, 0xFE, 0x00, 0x01, 0xDF, 0xFF, 0xFF, 0xDC, 0xBE, 0xFF, 0xFE,
  0x00, 0x08, 0xFF, 0xFF, 0xA2, 0x00, 0x0C, 0xFF, 0xFE, 0x00, 0x0C, 0xFF, 0xFE, 0x10, 0x00, 0x0C, 0xFF, 0xFE, 0x00, 0x0D,
  0xFF, 0xFC, 0x00, 0x00, 0x0C, 0xFF, 0xFE, 0x00, 0x0D, 0xFF, 0xFF, 0x30, 0x00, 0x8F, 0xFF, 0xFE, 0x00, 0x0A, 0xFF, 0xFF,
  0xEA, 0xAD, 0xFF, 0xFF, 0xFE, 0x00, 0x03, 0xEF, 0xFF, 0xFF, 0xFF, 0xFF, 0xFF, 0xFF, 0x00, 0x00, 0x5E, 0xFF, 0xFF, 0xFF,
  0xDA, 0xFF, 0xFF, 0x30, 0x00, 0x02, 0x9D, 0xFE, 0xD8, 0x15, 0xFF, 0xFF, 0x80, 0x04, 0xFF, 0xFF, 0x80, 0x00, 0x00, 0x00,
  0x00, 0x00, 0x00, 0x4F, 0xFF, 0xF8, 0x00, 0x00, 0x00, 0x00, 0x00, 0x00, 0x04, 0xFF, 0xFF, 0x80, 0x00, 0x00, 0x00, 0x00,
  0x00, 0x00, 0x4F, 0xFF, 0xF8, 0x00, 0x00, 0x00, 0x00, 0x00, 0x00, 0x04, 0xFF, 0xFF, 0x80, 0x00, 0x00, 0x00, 0x00, 0x00,
  0x00, 0x4F, 0xFF, 0xF8, 0x00, 0x00, 0x00, 0x00, 0x00, 0x00, 0x04, 0xFF, 0xFF, 0x80, 0x00, 0x00, 0x00, 0x00, 0x00, 0x00,
  0x4F, 0xFF, 0xF8, 0x29, 0xDF, 0xEC, 0x70, 0x00, 0x00, 0x04, 0xFF, 0xFF, 0xAE, 0xFF, 0xFF, 0xFF, 0xC1, 0x00, 0x00, 0x4F,
  0xFF, 0xFF, 0xFF, 0xFF, 0xFF, 0xFF, 0xC0, 0x00, 0x04, 0xFF, 0xFF, 0xFF, 0xED, 0xEF, 0xFF, 0xFF, 0x70, 0x00, 0x4F, 0xFF,
  0xFF, 0x60, 0x00, 0x8F, 0xFF, 0xFC, 0x00, 0x04, 0xFF, 0xFF, 0x90, 0x00, 0x00, 0xCF, 0xFF, 0xF2, 0x00, 0x4F, 0xFF, 0xF8,
  0x00, 0x00, 0x07, 0xFF, 0xFF, 0x50, 0x04, 0xFF, 0xFF, 0x80, 0x00, 0x00, 0x4F, 0xFF, 0xF7, 0x00, 0x4F, 0xFF, 0xF8, 0x00,
  0x00, 0x03, 0xFF, 0xFF, 0x80, 0x04, 0xFF, 0xFF, 0x80, 0x00, 0x00, 0x3F, 0xFF, 0xF8, 0x00, 0x4F, 0xFF, 0xF8, 0x00, 0x00,
  0x04, 0xFF, 0xFF, 0x70, 0x04, 0xFF, 0xFF, 0x80, 0x00, 0x00, 0x7F, 0xFF, 0xF6, 0x00, 0x4F, 0xFF, 0xF9, 0x00, 0x00, 0x0B,
  0xFF, 0xFF, 0x20, 0x04, 0xFF, 0xFF, 0xF6, 0x00, 0x08, 0xFF, 0xFF, 0xD0, 0x00, 0x4F, 0xFF, 0xFF, 0xFE, 0xCE, 0xFF, 0xFF,
  0xF7, 0x00, 0x04, 0xFF, 0xFF, 0xFF, 0xFF, 0xFF, 0xFF, 0xFC, 0x00, 0x00, 0x4F, 0xFF, 0xF9, 0xFF, 0xFF, 0xFF, 0xFC, 0x20,
  0x00, 0x04, 0xFF, 0xFF, 0x13, 0xAD, 0xFE, 0xC7, 0x00, 0x00, 0x00, 0x00, 0x00, 0x05, 0xAD, 0xEF, 0xDB, 0x60, 0x00, 0x00,
  0x00, 0x1B, 0xFF, 0xFF, 0xFF, 0xFF, 0xC2, 0x00, 0x00, 0x1D, 0xFF, 0xFF, 0xFF, 0xFF, 0xFF, 0xD1, 0x00, 0x0A, 0xFF, 0xFF,
  0xFD, 0xDF, 0xFF, 0xFF, 0x90, 0x02, 0xFF, 0xFF, 0xD3, 0x00, 0x4E, 0xFF, 0xFE, 0x10, 0x8F, 0xFF, 0xF5, 0x00, 0x00, 0x6F,
  0xFF, 0xF4, 0x0B, 0xFF, 0xFE, 0x00, 0x00, 0x02, 0xCC, 0xCC, 0x40, 0xDF, 0xFF, 0xC0, 0x00, 0x00, 0x00, 0x00, 0x00, 0x0E,
  0xFF, 0xFC, 0x00, 0x00, 0x00, 0x00, 0x00, 0x00, 0xEF, 0xFF, 0xC0, 0x00, 0x00, 0x00, 0x00, 0x00, 0x0D, 0xFF, 0xFC, 0x00,
  0x00, 0x00, 0x00, 0x00, 0x00, 0xBF, 0xFF, 0xE0, 0x00, 0x00, 0x16, 0x66, 0x62, 0x08, 0xFF, 0xFF, 0x50, 0x00, 0x04, 0xFF,
  0xFF, 0x40, 0x2F, 0xFF, 0xFD, 0x30, 0x03, 0xDF, 0xFF, 0xE1, 0x00, 0xAF, 0xFF, 0xFF, 0xDD, 0xFF, 0xFF, 0xF9, 0x00, 0x01,
  0xDF, 0xFF, 0xFF, 0xFF, 0xFF, 0xFD, 0x10, 0x00, 0x01, 0xBF, 0xFF, 0xFF, 0xFF, 0xFB, 0x20, 0x00, 0x00, 0x00, 0x5A, 0xDE,
  0xED, 0xA5, 0x00, 0x00, 0x00, 0x00, 0x00, 0x00, 0x00, 0x00, 0xEF, 0xFF, 0xC0, 0x00, 0x00, 0x00, 0x00, 0x00, 0x00, 0x0E,
  0xFF, 0xFC, 0x00, 0x00, 0x00, 0x00, 0x00, 0x00, 0x00, 0xEF, 0xFF, 0xC0, 0x00, 0x00, 0x00, 0x00, 0x00, 0x00, 0x0E, 0xFF,
  0xFC, 0x00, 0x00, 0x00, 0x00, 0x00, 0x00, 0x00, 0xEF, 0xFF, 0xC0, 0x00, 0x00, 0x00, 0x00, 0x00, 0x00, 0x0E, 0xFF, 0xFC,
  0x00, 0x00, 0x00, 0x00, 0x00, 0x00, 0x00, 0xEF, 0xFF, 0xC0, 0x00, 0x00, 0x02, 0x9D, 0xEE, 0xC6, 0x0E, 0xFF, 0xFC, 0x00,
  0x00, 0x05, 0xEF, 0xFF, 0xFF, 0xFA, 0xEF, 0xFF, 0xC0, 0x00, 0x03, 0xEF, 0xFF, 0xFF, 0xFF, 0xFF, 0xFF, 0xFC, 0x00, 0x00,
  0xCF, 0xFF, 0xFF, 0xDD, 0xFF, 0xFF, 0xFF, 0xC0, 0x00, 0x4F, 0xFF, 0xFE, 0x40, 0x02, 0xBF, 0xFF, 0xFC, 0x00, 0x09, 0xFF,
  0xFF, 0x70, 0x00, 0x01, 0xEF, 0xFF, 0xC0, 0x00, 0xCF, 0xFF, 0xF1, 0x00, 0x00, 0x0E, 0xFF, 0xFC, 0x00, 0x0D, 0xFF, 0xFD,
  0x00, 0x00, 0x00, 0xEF, 0xFF, 0xC0, 0x00, 0xEF, 0xFF, 0xC0, 0x00, 0x00, 0x0E, 0xFF, 0xFC, 0x00, 0x0E, 0xFF, 0xFC, 0x00,
  0x00, 0x00, 0xEF, 0xFF, 0xC0, 0x00, 0xDF, 0xFF, 0xC0, 0x00, 0x00, 0x0E, 0xFF, 0xFC, 0x00, 0x0B, 0xFF, 0xFE, 0x10, 0x00,
  0x00, 0xEF, 0xFF, 0xC0, 0x00, 0x8F, 0xFF, 0xF6, 0x00, 0x00, 0x1E, 0xFF, 0xFC, 0x00, 0x03, 0xFF, 0xFF, 0xE4, 0x00, 0x2B,
  0xFF, 0xFF, 0xC0, 0x00, 0x0C, 0xFF, 0xFF, 0xFD, 0xDF, 0xFF, 0xFF, 0xFC, 0x00, 0x00, 0x3E, 0xFF, 0xFF, 0xFF, 0xFF, 0xFF,
  0xFF, 0xC0, 0x00, 0x00, 0x5E, 0xFF, 0xFF, 0xFF, 0xDB, 0xFF, 0xFC, 0x00, 0x00, 0x00, 0x29, 0xDF, 0xEC, 0x71, 0x8F, 0xFF,
  0xC0, 0x00, 0x00, 0x00, 0x03, 0x9D, 0xEF, 0xEB, 0x71, 0x00, 0x00, 0x00, 0x00, 0x7F, 0xFF, 0xFF, 0xFF, 0xFE, 0x40, 0x00,
  0x00, 0x09, 0xFF, 0xFF, 0xFF, 0xFF, 0xFF, 0xF4, 0x00, 0x00, 0x5F, 0xFF, 0xFF, 0xED, 0xEF, 0xFF, 0xFD, 0x00, 0x00, 0xEF,
  0xFF, 0xE6, 0x00, 0x19, 0xFF, 0xFF, 0x60, 0x05, 0xFF, 0xFF, 0x70, 0x00, 0x00, 0xDF, 0xFF, 0xA0, 0x09, 0xFF, 0xFF, 0x20,
  0x00, 0x00, 0xAF, 0xFF, 0xD0, 0x0C, 0xFF, 0xFF, 0xFF, 0xFF, 0xFF, 0xFF, 0xFF, 0xE0, 0x0D, 0xFF, 0xFF, 0xFF, 0xFF, 0xFF,
  0xFF, 0xFF, 0xF0, 0x0D, 0xFF, 0xFF, 0xFF, 0xFF, 0xFF, 0xFF, 0xFF, 0xF0, 0x0C, 0xFF, 0xFF, 0x43, 0x33, 0x33, 0x33, 0x33,
  0x30, 0x0A, 0xFF, 0xFF, 0x50, 0x00, 0x00, 0x00, 0x00, 0x00, 0x06, 0xFF, 0xFF, 0xC0, 0x00, 0x00, 0x03, 0xA0, 0x00, 0x01,
  0xEF, 0xFF, 0xFA, 0x20, 0x00, 0x6E, 0xF9, 0x00, 0x00, 0x7F, 0xFF, 0xFF, 0xFD, 0xCE, 0xFF, 0xFF, 0x60, 0x00, 0x09, 0xFF,
  0xFF, 0xFF, 0xFF, 0xFF, 0xFD, 0x20, 0x00, 0x00, 0x7E, 0xFF, 0xFF, 0xFF, 0xFF, 0xB2, 0x00, 0x00, 0x00, 0x01, 0x8B, 0xEF,
  0xED, 0x94, 0x00, 0x00, 0x00, 0x00, 0x02, 0x9C, 0xEF, 0xEA, 0x00, 0x00, 0x5E, 0xFF, 0xFF, 0xFD, 0x00, 0x03, 0xEF, 0xFF,
  0xFF, 0xFC, 0x00, 0x09, 0xFF, 0xFF, 0xFE, 0xCB, 0x00, 0x0D, 0xFF, 0xFF, 0x50, 0x00, 0x00, 0x0E, 0xFF, 0xFC, 0x00, 0x00,
  0x00, 0x0E, 0xFF, 0xFC, 0x00, 0x00, 0x9F, 0xFF, 0xFF, 0xFF, 0xFF, 0xF4, 0x9F, 0xFF, 0xFF, 0xFF, 0xFF, 0xF4, 0x9F, 0xFF,
  0xFF, 0xFF, 0xFF, 0xF4, 0x47, 0x7F, 0xFF, 0xFD, 0x77, 0x72, 0x00, 0x0E, 0xFF, 0xFC, 0x00, 0x00, 0x00, 0x0E, 0xFF, 0xFC,
  0x00, 0x00, 0x00, 0x0E, 0xFF, 0xFC, 0x00, 0x00, 0x00, 0x0E, 0xFF, 0xFC, 0x00, 0x00, 0x00, 0x0E, 0xFF, 0xFC, 0x00, 0x00,
  0x00, 0x0E, 0xFF, 0xFC, 0x00, 0x00, 0x00, 0x0E, 0xFF, 0xFC, 0x00, 0x00, 0x00, 0x0E, 0xFF, 0xFC, 0x00, 0x00, 0x00, 0x0E,
  0xFF, 0xFC, 0x00, 0x00, 0x00, 0x0E, 0xFF, 0xFC, 0x00, 0x00, 0x00, 0x0E, 0xFF, 0xFC, 0x00, 0x00, 0x00, 0x0E, 0xFF, 0xFC,
  0x00, 0x00, 0x00, 0x0E, 0xFF, 0xFC, 0x00, 0x00, 0x00, 0x0E, 0xFF, 0xFC, 0x00, 0x00, 0x00, 0x00, 0x18, 0xCE, 0xFD, 0xA4,
  0x4F, 0xFF, 0xF1, 0x00, 0x00, 0x3D, 0xFF, 0xFF, 0xFF, 0xFB, 0xFF, 0xFF, 0x10, 0x00, 0x2E, 0xFF, 0xFF, 0xFF, 0xFF, 0xFF,
  0xFF, 0xF1, 0x00, 0x0A, 0xFF, 0xFF, 0xFE, 0xDE, 0xFF, 0xFF, 0xFF, 0x10, 0x03, 0xFF, 0xFF, 0xF7, 0x00, 0x18, 0xFF, 0xFF,
  0xF1, 0x00, 0x8F, 0xFF, 0xF9, 0x00, 0x00, 0x0B, 0xFF, 0xFF, 0x10, 0x0B, 0xFF, 0xFF, 0x20, 0x00, 0x00, 0xAF, 0xFF, 0xF1,
  0x00, 0xDF, 0xFF, 0xE0, 0x00, 0x00, 0x0A, 0xFF, 0xFF, 0x10, 0x0D, 0xFF, 0xFC, 0x00, 0x00, 0x00, 0xAF, 0xFF, 0xF1, 0x00,
  0xDF, 0xFF, 0xC0, 0x00, 0x00, 0x0A, 0xFF, 0xFF, 0x10, 0x0C, 0xFF, 0xFD, 0x00, 0x00, 0x00, 0xAF, 0xFF, 0xF1, 0x00, 0xBF,
  0xFF, 0xF2, 0x00, 0x00, 0x0A, 0xFF, 0xFF, 0x10, 0x08, 0xFF, 0xFF, 0x80, 0x00, 0x00, 0xBF, 0xFF, 0xF1, 0x00, 0x2F, 0xFF,
  0xFF, 0x60, 0x00, 0x7F, 0xFF, 0xFF, 0x10, 0x00, 0xAF, 0xFF, 0xFF, 0xEC, 0xEF, 0xFF, 0xFF, 0xF1, 0x00, 0x02, 0xEF, 0xFF,
  0xFF, 0xFF, 0xFF, 0xFF, 0xFF, 0x10, 0x00, 0x03, 0xDF, 0xFF, 0xFF, 0xFD, 0xCF, 0xFF, 0xF1, 0x00, 0x00, 0x01, 0x8C, 0xEF,
  0xD8, 0x1A, 0xFF, 0xFF, 0x10, 0x00, 0x00, 0x00, 0x00, 0x00, 0x00, 0xCF, 0xFF, 0xF0, 0x00, 0x00, 0x3A, 0x00, 0x00, 0x00,
  0x3F, 0xFF, 0xFC, 0x00, 0x00, 0x0C, 0xFB, 0x20, 0x00, 0x3D, 0xFF, 0xFF, 0x80, 0x00, 0x08, 0xFF, 0xFF, 0xCA, 0xCF, 0xFF,
  0xFF, 0xD1, 0x00, 0x00, 0x7F, 0xFF, 0xFF, 0xFF, 0xFF, 0xFF, 0xE3, 0x00, 0x00, 0x00, 0x6E, 0xFF, 0xFF, 0xFF, 0xFF, 0xC3,
  0x00, 0x00, 0x00, 0x00, 0x17, 0xBD, 0xFE, 0xDA, 0x50, 0x00, 0x00, 0x00, 0x06, 0xFF, 0xFF, 0x60, 0x00, 0x00, 0x00, 0x00,
  0x00, 0x06, 0xFF, 0xFF, 0x60, 0x00, 0x00, 0x00, 0x00, 0x00, 0x06, 0xFF, 0xFF, 0x60, 0x00, 0x00, 0x00, 0x00, 0x00, 0x06,
  0xFF, 0xFF, 0x60, 0x00, 0x00, 0x00, 0x00, 0x00, 0x06, 0xFF, 0xFF, 0x60, 0x00, 0x00, 0x00, 0x00, 0x00, 0x06, 0xFF, 0xFF,
  0x60, 0x00, 0x00, 0x00, 0x00, 0x00, 0x06, 0xFF, 0xFF, 0x60, 0x00, 0x00, 0x00, 0x00, 0x00, 0x06, 0xFF, 0xFF, 0x61, 0x7C,
  0xEE, 0xD9, 0x20, 0x00, 0x06, 0xFF, 0xFF, 0x7D, 0xFF, 0xFF, 0xFF, 0xE3, 0x00, 0x06, 0xFF, 0xFF, 0xFF, 0xFF, 0xFF, 0xFF,
  0xFC, 0x00, 0x06, 0xFF, 0xFF, 0xFF, 0xDD, 0xEF, 0xFF, 0xFF, 0x40, 0x06, 0xFF, 0xFF, 0xE5, 0x00, 0x1B, 0xFF, 0xFF, 0x80,
  0x06, 0xFF, 0xFF, 0x70, 0x00, 0x02, 0xFF, 0xFF, 0xA0, 0x06, 0xFF, 0xFF, 0x60, 0x00, 0x00, 0xEF, 0xFF, 0xB0, 0x06, 0xFF,
  0xFF, 0x60, 0x00, 0x00, 0xEF, 0xFF, 0xC0, 0x06, 0xFF, 0xFF, 0x60, 0x00, 0x00, 0xEF, 0xFF, 0xC0, 0x06, 0xFF, 0xFF, 0x60,
  0x00, 0x00, 0xEF, 0xFF, 0xC0, 0x06, 0xFF, 0xFF, 0x60, 0x00, 0x00, 0xEF, 0xFF, 0xC0, 0x06, 0xFF, 0xFF, 0x60, 0x00, 0x00,
  0xEF, 0xFF, 0xC0, 0x06, 0xFF, 0xFF, 0x60, 0x00, 0x00, 0xEF, 0xFF, 0xC0, 0x06, 0xFF, 0xFF, 0x60, 0x00, 0x00, 0xEF, 0xFF,
  0xC0, 0x06, 0xFF, 0xFF, 0x60, 0x00, 0x00, 0xEF, 0xFF, 0xC0, 0x06, 0xFF, 0xFF, 0x60, 0x00, 0x00, 0xEF, 0xFF, 0xC0, 0x06,
  0xFF, 0xFF, 0x60, 0x00, 0x00, 0xEF, 0xFF, 0xC0, 0x06, 0xFF, 0xFF, 0x60, 0x00, 0x00, 0xEF, 0xFF, 0xC0, 0x00, 0x3B, 0xC9,
  0x10, 0x00, 0x1E, 0xFF, 0xFB, 0x00, 0x04, 0xFF, 0xFF, 0xE0, 0x00, 0x2E, 0xFF, 0xFC, 0x00, 0x00, 0x5D, 0xEC, 0x30, 0x00,
  0x00, 0x00, 0x00, 0x00, 0x00, 0x00, 0x00, 0x00, 0x00, 0x0F, 0xFF, 0xFB, 0x00, 0x00, 0xFF, 0xFF, 0xB0, 0x00, 0x0F, 0xFF,
  0xFB, 0x00, 0x00, 0xFF, 0xFF, 0xB0, 0x00, 0x0F, 0xFF, 0xFB, 0x00, 0x00, 0xFF, 0xFF, 0xB0, 0x00, 0x0F, 0xFF, 0xFB, 0x00,
  0x00, 0xFF, 0xFF, 0xB0, 0x00, 0x0F, 0xFF, 0xFB, 0x00, 0x00, 0xFF, 0xFF, 0xB0, 0x00, 0x0F, 0xFF, 0xFB, 0x00, 0x00, 0xFF,
  0xFF, 0xB0, 0x00, 0x0F, 0xFF, 0xFB, 0x00, 0x00, 0xFF, 0xFF, 0xB0, 0x00, 0x0F, 0xFF, 0xFB, 0x00, 0x00, 0xFF, 0xFF, 0xB0,
  0x00, 0x0F, 0xFF, 0xFB, 0x00, 0x00, 0xFF, 0xFF, 0xB0, 0x00, 0x00, 0x00, 0x4B, 0xC9, 0x10, 0x00, 0x00, 0x2E, 0xFF, 0xFA,
  0x00, 0x00, 0x05, 0xFF, 0xFF, 0xD0, 0x00, 0x00, 0x3F, 0xFF, 0xFB, 0x00, 0x00, 0x00, 0x6D, 0xEB, 0x20, 0x00, 0x00, 0x00,
  0x00, 0x00, 0x00, 0x00, 0x00, 0x00, 0x00, 0x00, 0x00, 0x00, 0x0E, 0xFF, 0xFB, 0x00, 0x00, 0x00, 0xEF, 0xFF, 0xB0, 0x00,
  0x00, 0x0E, 0xFF, 0xFB, 0x00, 0x00, 0x00, 0xEF, 0xFF, 0xB0, 0x00, 0x00, 0x0E, 0xFF, 0xFB, 0x00, 0x00, 0x00, 0xEF, 0xFF,
  0xB0, 0x00, 0x00, 0x0E, 0xFF, 0xFB, 0x00, 0x00, 0x00, 0xEF, 0xFF, 0xB0, 0x00, 0x00, 0x0E, 0xFF, 0xFB, 0x00, 0x00, 0x00,
  0xEF, 0xFF, 0xB0, 0x00, 0x00, 0x0E, 0xFF, 0xFB, 0x00, 0x00, 0x00, 0xEF, 0xFF, 0xB0, 0x00, 0x00, 0x0E, 0xFF, 0xFB, 0x00,
  0x00, 0x00, 0xEF, 0xFF, 0xB0, 0x00, 0x00, 0x0E, 0xFF, 0xFB, 0x00, 0x00, 0x00, 0xEF, 0xFF, 0xB0, 0x00, 0x00, 0x0E, 0xFF,
  0xFB, 0x00, 0x00, 0x00, 0xEF, 0xFF, 0xB0, 0x00, 0x00, 0x0E, 0xFF, 0xFB, 0x00, 0x00, 0x01, 0xFF, 0xFF, 0xB0, 0x00, 0x00,
  0x8F, 0xFF, 0xF9, 0x00, 0x8D, 0xEF, 0xFF, 0xFF, 0x50, 0x09, 0xFF, 0xFF, 0xFF, 0xC0, 0x00, 0x9F, 0xFF, 0xFF, 0xD3, 0x00,
  0x07, 0xEF, 0xEC, 0x81, 0x00, 0x00, 0x04, 0xFF, 0xFF, 0x80, 0x00, 0x00, 0x00, 0x00, 0x00, 0x04, 0xFF, 0xFF, 0x80, 0x00,
  0x00, 0x00, 0x00, 0x00, 0x04, 0xFF, 0xFF, 0x80, 0x00, 0x00, 0x00, 0x00, 0x00, 0x04, 0xFF, 0xFF, 0x80, 0x00, 0x00, 0x00,
  0x00, 0x00, 0x04, 0xFF, 0xFF, 0x80, 0x00, 0x00, 0x00, 0x00, 0x00, 0x04, 0xFF, 0xFF, 0x80, 0x00, 0x00, 0x00, 0x00, 0x00,
  0x04, 0xFF, 0xFF, 0x80, 0x00, 0x00, 0x00, 0x00, 0x00, 0x04, 0xFF, 0xFF, 0x80, 0x00, 0x0A, 0xFF, 0xFF, 0xE2, 0x04, 0xFF,
  0xFF, 0x80, 0x00, 0x7F, 0xFF, 0xFE, 0x40, 0x04, 0xFF, 0xFF, 0x80, 0x05, 0xFF, 0xFF, 0xF6, 0x00, 0x04, 0xFF, 0xFF, 0x80,
  0x3E, 0xFF, 0xFF, 0x80, 0x00, 0x04, 0xFF, 0xFF, 0x81, 0xDF, 0xFF, 0xFA, 0x00, 0x00, 0x04, 0xFF, 0xFF, 0x8B, 0xFF, 0xFF,
  0xC1, 0x00, 0x00, 0x04, 0xFF, 0xFF, 0xDF, 0xFF, 0xFD, 0x20, 0x00, 0x00, 0x04, 0xFF, 0xFF, 0xFF, 0xFF, 0xF5, 0x00, 0x00,
  0x00, 0x04, 0xFF, 0xFF, 0xFF, 0xFF, 0xFC, 0x00, 0x00, 0x00, 0x04, 0xFF, 0xFF, 0xFF, 0xFF, 0xFF, 0x70, 0x00, 0x00, 0x04,
  0xFF, 0xFF, 0xFF, 0xFF, 0xFF, 0xE2, 0x00, 0x00, 0x04, 0xFF, 0xFF, 0xF7, 0x7F, 0xFF, 0xFB, 0x00, 0x00, 0x04, 0xFF, 0xFF,
  0x90, 0x0C, 0xFF, 0xFF, 0x60, 0x00, 0x04, 0xFF, 0xFF, 0x80, 0x04, 0xFF, 0xFF, 0xE2, 0x00, 0x04, 0xFF, 0xFF, 0x80, 0x00,
  0x9F, 0xFF, 0xFB, 0x00, 0x04, 0xFF, 0xFF, 0x80, 0x00, 0x1E, 0xFF, 0xFF, 0x60, 0x04, 0xFF, 0xFF, 0x80, 0x00, 0x06, 0xFF,
  0xFF, 0xE2, 0x04, 0xFF, 0xFF, 0x80, 0x00, 0x00, 0xBF, 0xFF, 0xFA, 0x00, 0xFF, 0xFF, 0xB0, 0x00, 0x0F, 0xFF, 0xFB, 0x00,
  0x00, 0xFF, 0xFF, 0xB0, 0x00, 0x0F, 0xFF, 0xFB, 0x00, 0x00, 0xFF, 0xFF, 0xB0, 0x00, 0x0F, 0xFF, 0xFB, 0x00, 0x00, 0xFF,
  0xFF, 0xB0, 0x00, 0x0F, 0xFF, 0xFB, 0x00, 0x00, 0xFF, 0xFF, 0xB0, 0x00, 0x0F, 0xFF, 0xFB, 0x00, 0x00, 0xFF, 0xFF, 0xB0,
  0x00, 0x0F, 0xFF, 0xFB, 0x00, 0x00, 0xFF, 0xFF, 0xB0, 0x00, 0x0F, 0xFF, 0xFB, 0x00, 0x00, 0xFF, 0xFF, 0xB0, 0x00, 0x0F,
  0xFF, 0xFB, 0x00, 0x00, 0xFF, 0xFF, 0xB0, 0x00, 0x0F, 0xFF, 0xFB, 0x00, 0x00, 0xFF, 0xFF, 0xB0, 0x00, 0x0F, 0xFF, 0xFB,
  0x00, 0x00, 0xFF, 0xFF, 0xB0, 0x00, 0x0F, 0xFF, 0xFB, 0x00, 0x00, 0xFF, 0xFF, 0xB0, 0x00, 0x0F, 0xFF, 0xFB, 0x00, 0x00,
  0xFF, 0xFF, 0xB0, 0x00, 0x04, 0xFF, 0xFF, 0x40, 0x7C, 0xEF, 0xD9, 0x20, 0x01, 0x8C, 0xEF, 0xDA, 0x30, 0x00, 0x00, 0x4F,
  0xFF, 0xF6, 0xCF, 0xFF, 0xFF, 0xFE, 0x33, 0xDF, 0xFF, 0xFF, 0xFE, 0x40, 0x00, 0x04, 0xFF, 0xFF, 0xEF, 0xFF, 0xFF, 0xFF,
  0xFD, 0xDF, 0xFF, 0xFF, 0xFF, 0xFD, 0x10, 0x00, 0x4F, 0xFF, 0xFF, 0xFE, 0xDE, 0xFF, 0xFF, 0xFF, 0xFE, 0xDE, 0xFF, 0xFF,
  0xF6, 0x00, 0x04, 0xFF, 0xFF, 0xE6, 0x00, 0x1B, 0xFF, 0xFF, 0xF9, 0x10, 0x09, 0xFF, 0xFF, 0x90, 0x00, 0x4F, 0xFF, 0xF9,
  0x00, 0x00, 0x4F, 0xFF, 0xFC, 0x00, 0x00, 0x1F, 0xFF, 0xFB, 0x00, 0x04, 0xFF, 0xFF, 0x80, 0x00, 0x02, 0xFF, 0xFF, 0x90,
  0x00, 0x00, 0xEF, 0xFF, 0xC0, 0x00, 0x4F, 0xFF, 0xF8, 0x00, 0x00, 0x1F, 0xFF, 0xF9, 0x00, 0x00, 0x0E, 0xFF, 0xFC, 0x00,
  0x04, 0xFF, 0xFF, 0x80, 0x00, 0x01, 0xFF, 0xFF, 0x90, 0x00, 0x00, 0xEF, 0xFF, 0xC0, 0x00, 0x4F, 0xFF, 0xF8, 0x00, 0x00,
  0x1F, 0xFF, 0xFA, 0x00, 0x00, 0x0E, 0xFF, 0xFC, 0x00, 0x04, 0xFF, 0xFF, 0x80, 0x00, 0x01, 0xFF, 0xFF, 0xA0, 0x00, 0x00,
  0xEF, 0xFF, 0xC0, 0x00, 0x4F, 0xFF, 0xF8, 0x00, 0x00, 0x1F, 0xFF, 0xFA, 0x00, 0x00, 0x0E, 0xFF, 0xFC, 0x00, 0x04, 0xFF,
  0xFF, 0x80, 0x00, 0x01, 0xFF, 0xFF, 0xA0, 0x00, 0x00, 0xEF, 0xFF, 0xC0, 0x00, 0x4F, 0xFF, 0xF8, 0x00, 0x00, 0x1F, 0xFF,
  0xFA, 0x00, 0x00, 0x0E, 0xFF, 0xFC, 0x00, 0x04, 0xFF, 0xFF, 0x80, 0x00, 0x01, 0xFF, 0xFF, 0xA0, 0x00, 0x00, 0xEF, 0xFF,
  0xC0, 0x00, 0x4F, 0xFF, 0xF8, 0x00, 0x00, 0x1F, 0xFF, 0xFA, 0x00, 0x00, 0x0E, 0xFF, 0xFC, 0x00, 0x04, 0xFF, 0xFF, 0x80,
  0x00, 0x01, 0xFF, 0xFF, 0xA0, 0x00, 0x00, 0xEF, 0xFF, 0xC0, 0x00, 0x4F, 0xFF, 0xF8, 0x00, 0x00, 0x1F, 0xFF, 0xFA, 0x00,
  0x00, 0x0E, 0xFF, 0xFC, 0x00, 0x06, 0xFF, 0xFF, 0x21, 0x8C, 0xEF, 0xDA, 0x30, 0x00, 0x06, 0xFF, 0xFF, 0x7E, 0xFF, 0xFF,
  0xFF, 0xE4, 0x00, 0x06, 0xFF, 0xFF, 0xFF, 0xFF, 0xFF, 0xFF, 0xFD, 0x00, 0x06, 0xFF, 0xFF, 0xFF, 0xED, 0xEF, 0xFF, 0xFF,
  0x50, 0x06, 0xFF, 0xFF, 0xE5, 0x00, 0x1A, 0xFF, 0xFF, 0x90, 0x06, 0xFF, 0xFF, 0x70, 0x00, 0x02, 0xFF, 0xFF, 0xB0, 0x06,
  0xFF, 0xFF, 0x60, 0x00, 0x00, 0xEF, 0xFF, 0xB0, 0x06, 0xFF, 0xFF, 0x60, 0x00, 0x00, 0xEF, 0xFF, 0xC0, 0x06, 0xFF, 0xFF,
  0x60, 0x00, 0x00, 0xEF, 0xFF, 0xC0, 0x06, 0xFF, 0xFF, 0x60, 0x00, 0x00, 0xEF, 0xFF, 0xC0, 0x06, 0xFF, 0xFF, 0x60, 0x00,
  0x00, 0xEF, 0xFF, 0xC0, 0x06, 0xFF, 0xFF, 0x60, 0x00, 0x00, 0xEF, 0xFF, 0xC0, 0x06, 0xFF, 0xFF, 0x60, 0x00, 0x00, 0xEF,
  0xFF, 0xC0, 0x06, 0xFF, 0xFF, 0x60, 0x00, 0x00, 0xEF, 0xFF, 0xC0, 0x06, 0xFF, 0xFF, 0x60, 0x00, 0x00, 0xEF, 0xFF, 0xC0,
  0x06, 0xFF, 0xFF, 0x60, 0x00, 0x00, 0xEF, 0xFF, 0xC0, 0x06, 0xFF, 0xFF, 0x60, 0x00, 0x00, 0xEF, 0xFF, 0xC0, 0x06, 0xFF,
  0xFF, 0x60, 0x00, 0x00, 0xEF, 0xFF, 0xC0, 0x00, 0x00, 0x03, 0x9D, 0xEF, 0xEB, 0x71, 0x00, 0x00, 0x00, 0x00, 0x09, 0xFF,
  0xFF, 0xFF, 0xFF, 0xE5, 0x00, 0x00, 0x00, 0x0B, 0xFF, 0xFF, 0xFF, 0xFF, 0xFF, 0xF6, 0x00, 0x00, 0x07, 0xFF, 0xFF, 0xFD,
  0xCE, 0xFF, 0xFF, 0xF3, 0x00, 0x01, 0xFF, 0xFF, 0xF5, 0x00, 0x1A, 0xFF, 0xFF, 0xB0, 0x00, 0x7F, 0xFF, 0xF7, 0x00, 0x00,
  0x0C, 0xFF, 0xFF, 0x20, 0x0B, 0xFF, 0xFF, 0x10, 0x00, 0x00, 0x7F, 0xFF, 0xF6, 0x00, 0xCF, 0xFF, 0xD0, 0x00, 0x00, 0x03,
  0xFF, 0xFF, 0x80, 0x0E, 0xFF, 0xFC, 0x00, 0x00, 0x00, 0x2F, 0xFF, 0xF9, 0x00, 0xEF, 0xFF, 0xC0, 0x00, 0x00, 0x02, 0xFF,
  0xFF, 0x90, 0x0D, 0xFF, 0xFD, 0x00, 0x00, 0x00, 0x4F, 0xFF, 0xF8, 0x00, 0xBF, 0xFF, 0xF1, 0x00, 0x00, 0x07, 0xFF, 0xFF,
  0x60, 0x07, 0xFF, 0xFF, 0x70, 0x00, 0x00, 0xCF, 0xFF, 0xF2, 0x00, 0x2E, 0xFF, 0xFE, 0x50, 0x01, 0x9F, 0xFF, 0xFB, 0x00,
  0x00, 0x8F, 0xFF, 0xFF, 0xDC, 0xEF, 0xFF, 0xFF, 0x30, 0x00, 0x00, 0xBF, 0xFF, 0xFF, 0xFF, 0xFF, 0xFF, 0x60, 0x00, 0x00,
  0x01, 0xAF, 0xFF, 0xFF, 0xFF, 0xFE, 0x60, 0x00, 0x00, 0x00, 0x00, 0x39, 0xDE, 0xFE, 0xC8, 0x10, 0x00, 0x00, 0x04, 0xFF,
  0xFF, 0x34, 0xAE, 0xFE, 0xC7, 0x00, 0x00, 0x00, 0x4F, 0xFF, 0xFB, 0xFF, 0xFF, 0xFF, 0xFC, 0x10, 0x00, 0x04, 0xFF, 0xFF,
  0xFF, 0xFF, 0xFF, 0xFF, 0xFC, 0x00, 0x00, 0x4F, 0xFF, 0xFF, 0xFE, 0xDE, 0xFF, 0xFF, 0xF6, 0x00, 0x04, 0xFF, 0xFF, 0xE6,
  0x00, 0x1A, 0xFF, 0xFF, 0xC0, 0x00, 0x4F, 0xFF, 0xF9, 0x00, 0x00, 0x0D, 0xFF, 0xFF, 0x20, 0x04, 0xFF, 0xFF, 0x80, 0x00,
  0x00, 0x8F, 0xFF, 0xF5, 0x00, 0x4F, 0xFF, 0xF8, 0x00, 0x00, 0x05, 0xFF, 0xFF, 0x70, 0x04, 0xFF, 0xFF, 0x80, 0x00, 0x00,
  0x4F, 0xFF, 0xF8, 0x00, 0x4F, 0xFF, 0xF8, 0x00, 0x00, 0x04, 0xFF, 0xFF, 0x80, 0x04, 0xFF, 0xFF, 0x80, 0x00, 0x00, 0x5F,
  0xFF, 0xF7, 0x00, 0x4F, 0xFF, 0xF8, 0x00, 0x00, 0x08, 0xFF, 0xFF, 0x50, 0x04, 0xFF, 0xFF, 0x90, 0x00, 0x00, 0xDF, 0xFF,
  0xF2, 0x00, 0x4F, 0xFF, 0xFE, 0x60, 0x00, 0x9F, 0xFF, 0xFC, 0x00, 0x04, 0xFF, 0xFF, 0xFF, 0xDC, 0xEF, 0xFF, 0xFF, 0x60,
  0x00, 0x4F, 0xFF, 0xFF, 0xFF, 0xFF, 0xFF, 0xFF, 0xB0, 0x00, 0x04, 0xFF, 0xFF, 0xBE, 0xFF, 0xFF, 0xFF, 0xB1, 0x00, 0x00,
  0x4F, 0xFF, 0xF8, 0x29, 0xDF, 0xEC, 0x60, 0x00, 0x00, 0x04, 0xFF, 0xFF, 0x80, 0x00, 0x00, 0x00, 0x00, 0x00, 0x00, 0x4F,
  0xFF, 0xF8, 0x00, 0x00, 0x00, 0x00, 0x00, 0x00, 0x04, 0xFF, 0xFF, 0x80, 0x00, 0x00, 0x00, 0x00, 0x00, 0x00, 0x4F, 0xFF,
  0xF8, 0x00, 0x00, 0x00, 0x00, 0x00, 0x00, 0x04, 0xFF, 0xFF, 0x80, 0x00, 0x00, 0x00, 0x00, 0x00, 0x00, 0x4F, 0xFF, 0xF8,
  0x00, 0x00, 0x00, 0x00, 0x00, 0x00, 0x04, 0xFF, 0xFF, 0x80, 0x00, 0x00, 0x00, 0x00, 0x00, 0x00, 0x00, 0x00, 0x29, 0xDE,
  0xEC, 0x81, 0x7F, 0xFF, 0xC0, 0x00, 0x00, 0x5E, 0xFF, 0xFF, 0xFF, 0xDB, 0xFF, 0xFC, 0x00, 0x00, 0x4F, 0xFF, 0xFF, 0xFF,
  0xFF, 0xFF, 0xFF, 0xC0, 0x00, 0x0C, 0xFF, 0xFF, 0xFD, 0xDF, 0xFF, 0xFF, 0xFC, 0x00, 0x04, 0xFF, 0xFF, 0xE4, 0x00, 0x1A,
  0xFF, 0xFF, 0xC0, 0x00, 0x9F, 0xFF, 0xF7, 0x00, 0x00, 0x1E, 0xFF, 0xFC, 0x00, 0x0C, 0xFF, 0xFF, 0x10, 0x00, 0x00, 0xEF,
  0xFF, 0xC0, 0x00, 0xDF, 0xFF, 0xD0, 0x00, 0x00, 0x0E, 0xFF, 0xFC, 0x00, 0x0E, 0xFF, 0xFC, 0x00, 0x00, 0x00, 0xEF, 0xFF,
  0xC0, 0x00, 0xEF, 0xFF, 0xC0, 0x00, 0x00, 0x0E, 0xFF, 0xFC, 0x00, 0x0D, 0xFF, 0xFD, 0x00, 0x00, 0x00, 0xEF, 0xFF, 0xC0,
  0x00, 0xBF, 0xFF, 0xE1, 0x00, 0x00, 0x0E, 0xFF, 0xFC, 0x00, 0x08, 0xFF, 0xFF, 0x60, 0x00, 0x01, 0xEF, 0xFF, 0xC0, 0x00,
  0x4F, 0xFF, 0xFE, 0x40, 0x01, 0xBF, 0xFF, 0xFC, 0x00, 0x00, 0xCF, 0xFF, 0xFF, 0xDC, 0xFF, 0xFF, 0xFF, 0xC0, 0x00, 0x03,
  0xEF, 0xFF, 0xFF, 0xFF, 0xFF, 0xFF, 0xFC, 0x00, 0x00, 0x05, 0xEF, 0xFF, 0xFF, 0xFB, 0xEF, 0xFF, 0xC0, 0x00, 0x00, 0x02,
  0x9D, 0xFE, 0xC7, 0x0E, 0xFF, 0xFC, 0x00, 0x00, 0x00, 0x00, 0x00, 0x00, 0x00, 0xEF, 0xFF, 0xC0, 0x00, 0x00, 0x00, 0x00,
  0x00, 0x00, 0x0E, 0xFF, 0xFC, 0x00, 0x00, 0x00, 0x00, 0x00, 0x00, 0x00, 0xEF, 0xFF, 0xC0, 0x00, 0x00, 0x00, 0x00, 0x00,
  0x00, 0x0E, 0xFF, 0xFC, 0x00, 0x00, 0x00, 0x00, 0x00, 0x00, 0x00, 0xEF, 0xFF, 0xC0, 0x00, 0x00, 0x00, 0x00, 0x00, 0x00,
  0x0E, 0xFF, 0xFC, 0x00, 0x00, 0x00, 0x00, 0x00, 0x00, 0x00, 0xEF, 0xFF, 0xC0, 0x00, 0x04, 0xFF, 0xFF, 0x42, 0xAE, 0xE9,
  0x04, 0xFF, 0xFF, 0x6E, 0xFF, 0xFA, 0x04, 0xFF, 0xFF, 0xEF, 0xFF, 0xFA, 0x04, 0xFF, 0xFF, 0xFF, 0xFF, 0xFA, 0x04, 0xFF,
  0xFF, 0xFF, 0xCA, 0xA7, 0x04, 0xFF, 0xFF, 0xE4, 0x00, 0x00, 0x04, 0xFF, 0xFF, 0x80, 0x00, 0x00, 0x04, 0xFF, 0xFF, 0x80,
  0x00, 0x00, 0x04, 0xFF, 0xFF, 0x80, 0x00, 0x00, 0x04, 0xFF, 0xFF, 0x80, 0x00, 0x00, 0x04, 0xFF, 0xFF, 0x80, 0x00, 0x00,
  0x04, 0xFF, 0xFF, 0x80, 0x00, 0x00, 0x04, 0xFF, 0xFF, 0x80, 0x00, 0x00, 0x04, 0xFF, 0xFF, 0x80, 0x00, 0x00, 0x04, 0xFF,
  0xFF, 0x80, 0x00, 0x00, 0x04, 0xFF, 0xFF, 0x80, 0x00, 0x00, 0x04, 0xFF, 0xFF, 0x80, 0x00, 0x00, 0x04, 0xFF, 0xFF, 0x80,
  0x00, 0x00, 0x00, 0x00, 0x39, 0xDE, 0xFE, 0xC9, 0x30, 0x00, 0x00, 0x00, 0x8F, 0xFF, 0xFF, 0xFF, 0xFF, 0x90, 0x00, 0x00,
  0x9F, 0xFF, 0xFF, 0xFF, 0xFF, 0xFF, 0xA0, 0x00, 0x3F, 0xFF, 0xFD, 0x86, 0x8E, 0xFF, 0xFF, 0x50, 0x07, 0xFF, 0xFF, 0x30,
  0x00, 0x5F, 0xFF, 0xF9, 0x00, 0x9F, 0xFF, 0xF1, 0x00, 0x00, 0xAA, 0xAA, 0x70, 0x07, 0xFF, 0xFF, 0xC4, 0x00, 0x00, 0x00,
  0x00, 0x00, 0x1E, 0xFF, 0xFF, 0xFE, 0xB8, 0x30, 0x00, 0x00, 0x00, 0x4E, 0xFF, 0xFF, 0xFF, 0xFF, 0xC5, 0x00, 0x00, 0x00,
  0x2A, 0xFF, 0xFF, 0xFF, 0xFF, 0xF8, 0x00, 0x00, 0x00, 0x02, 0x6A, 0xDF, 0xFF, 0xFF, 0xF4, 0x00, 0x00, 0x00, 0x00, 0x00,
  0x3B, 0xFF, 0xFF, 0xA0, 0x1D, 0xDD, 0xD6, 0x00, 0x00, 0x0D, 0xFF, 0xFB, 0x00, 0xDF, 0xFF, 0xC1, 0x00, 0x01, 0xEF, 0xFF,
  0xB0, 0x07, 0xFF, 0xFF, 0xD7, 0x67, 0xDF, 0xFF, 0xF6, 0x00, 0x1B, 0xFF, 0xFF, 0xFF, 0xFF, 0xFF, 0xFC, 0x00, 0x00, 0x1A,
  0xFF, 0xFF, 0xFF, 0xFF, 0xFA, 0x10, 0x00, 0x00, 0x03, 0x9D, 0xEF, 0xED, 0x94, 0x00, 0x00, 0x00, 0x5F, 0xFF, 0xF6, 0x00,
  0x00, 0x05, 0xFF, 0xFF, 0x60, 0x00, 0x00, 0x5F, 0xFF, 0xF6, 0x00, 0x00, 0x05, 0xFF, 0xFF, 0x60, 0x00, 0xDF, 0xFF, 0xFF,
  0xFF, 0xFF, 0x6D, 0xFF, 0xFF, 0xFF, 0xFF, 0xF6, 0xDF, 0xFF, 0xFF, 0xFF, 0xFF, 0x66, 0x7A, 0xFF, 0xFF, 0xA7, 0x73, 0x00,
  0x5F, 0xFF, 0xF6, 0x00, 0x00, 0x05, 0xFF, 0xFF, 0x60, 0x00, 0x00, 0x5F, 0xFF, 0xF6, 0x00, 0x00, 0x05, 0xFF, 0xFF, 0x60,
  0x00, 0x00, 0x5F, 0xFF, 0xF6, 0x00, 0x00, 0x05, 0xFF, 0xFF, 0x60, 0x00, 0x00, 0x5F, 0xFF, 0xF6, 0x00, 0x00, 0x05, 0xFF,
  0xFF, 0x60, 0x00, 0x00, 0x5F, 0xFF, 0xF7, 0x00, 0x00, 0x05, 0xFF, 0xFF, 0xA0, 0x00, 0x00, 0x2F, 0xFF, 0xFF, 0xED, 0x80,
  0x00, 0xCF, 0xFF, 0xFF, 0xF9, 0x00, 0x04, 0xEF, 0xFF, 0xFF, 0x90, 0x00, 0x03, 0xAE, 0xFE, 0xD6, 0x06, 0xFF, 0xFF, 0x60,
  0x00, 0x00, 0xEF, 0xFF, 0xC0, 0x06, 0xFF, 0xFF, 0x60, 0x00, 0x00, 0xEF, 0xFF, 0xC0, 0x06, 0xFF, 0xFF, 0x60, 0x00, 0x00,
  0xEF, 0xFF, 0xC0, 0x06, 0xFF, 0xFF, 0x60, 0x00, 0x00, 0xEF, 0xFF, 0xC0, 0x06, 0xFF, 0xFF, 0x60, 0x00, 0x00, 0xEF, 0xFF,
  0xC0, 0x06, 0xFF, 0xFF, 0x60, 0x00, 0x00, 0xEF, 0xFF, 0xC0, 0x06, 0xFF, 0xFF, 0x60, 0x00, 0x00, 0xEF, 0xFF, 0xC0, 0x06,
  0xFF, 0xFF, 0x60, 0x00, 0x00, 0xEF, 0xFF, 0xC0, 0x06, 0xFF, 0xFF, 0x60, 0x00, 0x00, 0xEF, 0xFF, 0xC0, 0x06, 0xFF, 0xFF,
  0x60, 0x00, 0x00, 0xEF, 0xFF, 0xC0, 0x06, 0xFF, 0xFF, 0x60, 0x00, 0x00, 0xEF, 0xFF, 0xC0, 0x06, 0xFF, 0xFF, 0x60, 0x00,
  0x00, 0xEF, 0xFF, 0xC0, 0x05, 0xFF, 0xFF, 0x80, 0x00, 0x01, 0xFF, 0xFF, 0xC0, 0x03, 0xFF, 0xFF, 0xE3, 0x00, 0x2B, 0xFF,
  0xFF, 0xC0, 0x00, 0xDF, 0xFF, 0xFF, 0xDD, 0xFF, 0xFF, 0xFF, 0xC0, 0x00, 0x7F, 0xFF, 0xFF, 0xFF, 0xFF, 0xFF, 0xFF, 0xC0,
  0x00, 0x0A, 0xFF, 0xFF, 0xFF, 0xF9, 0xCF, 0xFF, 0xC0, 0x00, 0x00, 0x6C, 0xEF, 0xEB, 0x50, 0xBF, 0xFF, 0xC0, 0xAF, 0xFF,
  0xF4, 0x00, 0x00, 0x0A, 0xFF, 0xFF, 0x56, 0xFF, 0xFF, 0x80, 0x00, 0x00, 0xDF, 0xFF, 0xE0, 0x1E, 0xFF, 0xFC, 0x00, 0x00,
  0x2F, 0xFF, 0xFA, 0x00, 0xAF, 0xFF, 0xF1, 0x00, 0x07, 0xFF, 0xFF, 0x50, 0x06, 0xFF, 0xFF, 0x50, 0x00, 0xBF, 0xFF, 0xE0,
  0x00, 0x1E, 0xFF, 0xF9, 0x00, 0x0E, 0xFF, 0xFA, 0x00, 0x00, 0xBF, 0xFF, 0xD0, 0x04, 0xFF, 0xFF, 0x50, 0x00, 0x06, 0xFF,
  0xFF, 0x20, 0x8F, 0xFF, 0xE1, 0x00, 0x00, 0x1F, 0xFF, 0xF6, 0x0B, 0xFF, 0xFA, 0x00, 0x00, 0x00, 0xBF, 0xFF, 0xA1, 0xEF,
  0xFF, 0x60, 0x00, 0x00, 0x06, 0xFF, 0xFD, 0x5F, 0xFF, 0xE1, 0x00, 0x00, 0x00, 0x1F, 0xFF, 0xFB, 0xFF, 0xFB, 0x00, 0x00,
  0x00, 0x00, 0xBF, 0xFF, 0xFF, 0xFF, 0x60, 0x00, 0x00, 0x00, 0x07, 0xFF, 0xFF, 0xFF, 0xF1, 0x00, 0x00, 0x00, 0x00, 0x2F,
  0xFF, 0xFF, 0xFB, 0x00, 0x00, 0x00, 0x00, 0x00, 0xBF, 0xFF, 0xFF, 0x60, 0x00, 0x00, 0x00, 0x00, 0x07, 0xFF, 0xFF, 0xF1,
  0x00, 0x00, 0x00, 0x00, 0x00, 0x2F, 0xFF, 0xFB, 0x00, 0x00, 0x00, 0x7F, 0xFF, 0xF1, 0x00, 0x00, 0xCF, 0xFE, 0x00, 0x00,
  0x0D, 0xFF, 0xFA, 0x3F, 0xFF, 0xF5, 0x00, 0x01, 0xFF, 0xFF, 0x40, 0x00, 0x2F, 0xFF, 0xF6, 0x0E, 0xFF, 0xF8, 0x00, 0x05,
  0xFF, 0xFF, 0x80, 0x00, 0x5F, 0xFF, 0xF2, 0x0B, 0xFF, 0xFA, 0x00, 0x09, 0xFF, 0xFF, 0xC0, 0x00, 0x8F, 0xFF, 0xD0, 0x07,
  0xFF, 0xFD, 0x00, 0x0D, 0xFF, 0xFF, 0xF1, 0x00, 0xBF, 0xFF, 0xA0, 0x04, 0xFF, 0xFF, 0x10, 0x3F, 0xFF, 0xFF, 0xF5, 0x00,
  0xDF, 0xFF, 0x60, 0x00, 0xEF, 0xFF, 0x40, 0x7F, 0xFF, 0xFF, 0xF9, 0x01, 0xFF, 0xFF, 0x30, 0x00, 0xBF, 0xFF, 0x70, 0xBF,
  0xFD, 0xBF, 0xFD, 0x05, 0xFF, 0xFD, 0x00, 0x00, 0x8F, 0xFF, 0xA0, 0xEF, 0xF9, 0x7F, 0xFF, 0x38, 0xFF, 0xFA, 0x00, 0x00,
  0x4F, 0xFF, 0xD4, 0xFF, 0xF5, 0x2F, 0xFF, 0x7B, 0xFF, 0xF7, 0x00, 0x00, 0x0E, 0xFF, 0xF9, 0xFF, 0xE1, 0x0D, 0xFF, 0xBD,
  0xFF, 0xF3, 0x00, 0x00, 0x0B, 0xFF, 0xFE, 0xFF, 0xB0, 0x09, 0xFF, 0xEF, 0xFF, 0xE0, 0x00, 0x00, 0x08, 0xFF, 0xFF, 0xFF,
  0x70, 0x04, 0xFF, 0xFF, 0xFF, 0xA0, 0x00, 0x00, 0x04, 0xFF, 0xFF, 0xFF, 0x20, 0x00, 0xEF, 0xFF, 0xFF, 0x70, 0x00, 0x00,
  0x00, 0xEF, 0xFF, 0xFC, 0x00, 0x00, 0xAF, 0xFF, 0xFF, 0x30, 0x00, 0x00, 0x00, 0xBF, 0xFF, 0xF8, 0x00, 0x00, 0x6F, 0xFF,
  0xFE, 0x00, 0x00, 0x00, 0x00, 0x8F, 0xFF, 0xF4, 0x00, 0x00, 0x1F, 0xFF, 0xFA, 0x00, 0x00, 0x00, 0x00, 0x4F, 0xFF, 0xE0,
  0x00, 0x00, 0x0C, 0xFF, 0xF7, 0x00, 0x00, 0x3F, 0xFF, 0xFD, 0x00, 0x00, 0x1D, 0xFF, 0xFE, 0x20, 0xAF, 0xFF, 0xF6, 0x00,
  0x08, 0xFF, 0xFF, 0x80, 0x02, 0xEF, 0xFF, 0xD1, 0x02, 0xEF, 0xFF, 0xE1, 0x00, 0x08, 0xFF, 0xFF, 0x70, 0x9F, 0xFF, 0xF6,
  0x00, 0x00, 0x1D, 0xFF, 0xFE, 0x3F, 0xFF, 0xFC, 0x00, 0x00, 0x00, 0x6F, 0xFF, 0xFE, 0xFF, 0xFF, 0x50, 0x00, 0x00, 0x00,
  0xCF, 0xFF, 0xFF, 0xFF, 0xB0, 0x00, 0x00, 0x00, 0x04, 0xFF, 0xFF, 0xFF, 0xF3, 0x00, 0x00, 0x00, 0x00, 0x0B, 0xFF, 0xFF,
  0xF9, 0x00, 0x00, 0x00, 0x00, 0x01, 0xDF, 0xFF, 0xFF, 0xC0, 0x00, 0x00, 0x00, 0x00, 0x7F, 0xFF, 0xFF, 0xFF, 0x60, 0x00,
  0x00, 0x00, 0x2E, 0xFF, 0xFF, 0xFF, 0xFD, 0x10, 0x00, 0x00, 0x09, 0xFF, 0xFF, 0xCF, 0xFF, 0xF8, 0x00, 0x00, 0x03, 0xFF,
  0xFF, 0xC1, 0xEF, 0xFF, 0xE2, 0x00, 0x00, 0xBF, 0xFF, 0xF5, 0x07, 0xFF, 0xFF, 0x90, 0x00, 0x5F, 0xFF, 0xFB, 0x00, 0x0D,
  0xFF, 0xFF, 0x30, 0x0C, 0xFF, 0xFF, 0x30, 0x00, 0x5F, 0xFF, 0xFB, 0x07, 0xFF, 0xFF, 0xA0, 0x00, 0x00, 0xBF, 0xFF, 0xF5,
  0xCF, 0xFF, 0xF4, 0x00, 0x00, 0x0A, 0xFF, 0xFF, 0x68, 0xFF, 0xFF, 0x80, 0x00, 0x00, 0xEF, 0xFF, 0xE1, 0x2F, 0xFF, 0xFC,
  0x00, 0x00, 0x4F, 0xFF, 0xFB, 0x00, 0xCF, 0xFF, 0xF2, 0x00, 0x08, 0xFF, 0xFF, 0x60, 0x07, 0xFF, 0xFF, 0x60, 0x00, 0xCF,
  0xFF, 0xE1, 0x00, 0x2F, 0xFF, 0xFB, 0x00, 0x2F, 0xFF, 0xFA, 0x00, 0x00, 0xCF, 0xFF, 0xE0, 0x07, 0xFF, 0xFF, 0x50, 0x00,
  0x07, 0xFF, 0xFF, 0x50, 0xBF, 0xFF, 0xE1, 0x00, 0x00, 0x2F, 0xFF, 0xF9, 0x0E, 0xFF, 0xFA, 0x00, 0x00, 0x00, 0xBF, 0xFF,
  0xD5, 0xFF, 0xFF, 0x50, 0x00, 0x00, 0x07, 0xFF, 0xFF, 0xBF, 0xFF, 0xE0, 0x00, 0x00, 0x00, 0x1F, 0xFF, 0xFF, 0xFF, 0xFA,
  0x00, 0x00, 0x00, 0x00, 0xBF, 0xFF, 0xFF, 0xFF, 0x50, 0x00, 0x00, 0x00, 0x06, 0xFF, 0xFF, 0xFF, 0xE0, 0x00, 0x00, 0x00,
  0x00, 0x1F, 0xFF, 0xFF, 0xF9, 0x00, 0x00, 0x00, 0x00, 0x00, 0xBF, 0xFF, 0xFF, 0x40, 0x00, 0x00, 0x00, 0x00, 0x06, 0xFF,
  0xFF, 0xE0, 0x00, 0x00, 0x00, 0x00, 0x00, 0x1E, 0xFF, 0xF9, 0x00, 0x00, 0x00, 0x00, 0x00, 0x02, 0xFF, 0xFF, 0x40, 0x00,
  0x00, 0x00, 0x00, 0x00, 0x8F, 0xFF, 0xD0, 0x00, 0x00, 0x00, 0x00, 0x00, 0x4E, 0xFF, 0xF9, 0x00, 0x00, 0x00, 0x00, 0x2D,
  0xEF, 0xFF, 0xFF, 0x30, 0x00, 0x00, 0x00, 0x02, 0xFF, 0xFF, 0xFF, 0x90, 0x00, 0x00, 0x00, 0x00, 0x2F, 0xFF, 0xFF, 0xB1,
  0x00, 0x00, 0x00, 0x00, 0x01, 0xDF, 0xEC, 0x70, 0x00, 0x00, 0x00, 0x00, 0x00, 0x09, 0xFF, 0xFF, 0xFF, 0xFF, 0xFF, 0xFF,
  0xF7, 0x00, 0x9F, 0xFF, 0xFF, 0xFF, 0xFF, 0xFF, 0xFF, 0x70, 0x09, 0xFF, 0xFF, 0xFF, 0xFF, 0xFF, 0xFF, 0xF7, 0x00, 0x7C,
  0xCC, 0xCC, 0xCC, 0xEF, 0xFF, 0xFD, 0x10, 0x00, 0x00, 0x00, 0x00, 0x3F, 0xFF, 0xFF, 0x30, 0x00, 0x00, 0x00, 0x00, 0x1D,
  0xFF, 0xFF, 0x70, 0x00, 0x00, 0x00, 0x00, 0x09, 0xFF, 0xFF, 0xB0, 0x00, 0x00, 0x00, 0x00, 0x05, 0xFF, 0xFF, 0xE2, 0x00,
  0x00, 0x00, 0x00, 0x02, 0xEF, 0xFF, 0xF5, 0x00, 0x00, 0x00, 0x00, 0x00, 0xBF, 0xFF, 0xF9, 0x00, 0x00, 0x00, 0x00, 0x00,
  0x8F, 0xFF, 0xFD, 0x10, 0x00, 0x00, 0x00, 0x00, 0x4F, 0xFF, 0xFE, 0x30, 0x00, 0x00, 0x00, 0x00, 0x1D, 0xFF, 0xFF, 0x70,
  0x00, 0x00, 0x00, 0x00, 0x0A, 0xFF, 0xFF, 0xB0, 0x00, 0x00, 0x00, 0x00, 0x06, 0xFF, 0xFF, 0xFD, 0xCC, 0xCC, 0xCC, 0xC8,
  0x00, 0xCF, 0xFF, 0xFF, 0xFF, 0xFF, 0xFF, 0xFF, 0xB0, 0x0D, 0xFF, 0xFF, 0xFF, 0xFF, 0xFF, 0xFF, 0xFB, 0x00, 0xDF, 0xFF,
  0xFF, 0xFF, 0xFF, 0xFF, 0xFF, 0xB0, 0x00, 0x00, 0x00, 0x04, 0xB9, 0x00, 0x00, 0x00, 0x1A, 0xFF, 0xE1, 0x00, 0x00, 0x0C,
  0xFF, 0xFE, 0x30, 0x00, 0x08, 0xFF, 0xFE, 0x30, 0x00, 0x00, 0xEF, 0xFF, 0x60, 0x00, 0x00, 0x3F, 0xFF, 0xF1, 0x00, 0x00,
  0x05, 0xFF, 0xFE, 0x00, 0x00, 0x00, 0x6F, 0xFF, 0xD0, 0x00, 0x00, 0x06, 0xFF, 0xFD, 0x00, 0x00, 0x00, 0x6F, 0xFF, 0xD0,
  0x00, 0x00, 0x06, 0xFF, 0xFD, 0x00, 0x00, 0x00, 0x8F, 0xFF, 0xB0, 0x00, 0x00, 0x0C, 0xFF, 0xF9, 0x00, 0x00, 0x29, 0xFF,
  0xFF, 0x30, 0x00, 0x4F, 0xFF, 0xFF, 0x70, 0x00, 0x04, 0xFF, 0xFF, 0x60, 0x00, 0x00, 0x4F, 0xFF, 0xFD, 0x30, 0x00, 0x02,
  0x8D, 0xFF, 0xFD, 0x10, 0x00, 0x00, 0x1E, 0xFF, 0xF7, 0x00, 0x00, 0x00, 0x9F, 0xFF, 0xB0, 0x00, 0x00, 0x07, 0xFF, 0xFC,
  0x00, 0x00, 0x00, 0x6F, 0xFF, 0xD0, 0x00, 0x00, 0x06, 0xFF, 0xFD, 0x00, 0x00, 0x00, 0x6F, 0xFF, 0xD0, 0x00, 0x00, 0x06,
  0xFF, 0xFD, 0x00, 0x00, 0x00, 0x5F, 0xFF, 0xE0, 0x00, 0x00, 0x02, 0xFF, 0xFF, 0x20, 0x00, 0x00, 0x0D, 0xFF, 0xF8, 0x00,
  0x00, 0x00, 0x6F, 0xFF, 0xE4, 0x00, 0x00, 0x00, 0xAF, 0xFF, 0xF4, 0x00, 0x00, 0x01, 0x9F, 0xFE, 0x00, 0x00, 0x00, 0x00,
  0x4B, 0x90, 0x00, 0x4F, 0xFA, 0x00, 0x00, 0x4F, 0xFA, 0x00, 0x00, 0x4F, 0xFA, 0x00, 0x00, 0x4F, 0xFA, 0x00, 0x00, 0x4F,
  0xFA, 0x00, 0x00, 0x4F, 0xFA, 0x00, 0x00, 0x4F, 0xFA, 0x00, 0x00, 0x4F, 0xFA, 0x00, 0x00, 0x4F, 0xFA, 0x00, 0x00, 0x4F,
  0xFA, 0x00, 0x00, 0x4F, 0xFA, 0x00, 0x00, 0x4F, 0xFA, 0x00, 0x00, 0x4F, 0xFA, 0x00, 0x00, 0x4F, 0xFA, 0x00, 0x00, 0x4F,
  0xFA, 0x00, 0x00, 0x4F, 0xFA, 0x00, 0x00, 0x4F, 0xFA, 0x00, 0x00, 0x4F, 0xFA, 0x00, 0x00, 0x4F, 0xFA, 0x00, 0x00, 0x4F,
  0xFA, 0x00, 0x00, 0x4F, 0xFA, 0x00, 0x00, 0x4F, 0xFA, 0x00, 0x00, 0x4F, 0xFA, 0x00, 0x00, 0x4F, 0xFA, 0x00, 0x00, 0x4F,
  0xFA, 0x00, 0x00, 0x4F, 0xFA, 0x00, 0x00, 0x4F, 0xFA, 0x00, 0x00, 0x4F, 0xFA, 0x00, 0x0B, 0xA4, 0x00, 0x00, 0x00, 0x02,
  0xFF, 0xF9, 0x00, 0x00, 0x00, 0x5F, 0xFF, 0xFA, 0x00, 0x00, 0x00, 0x4F, 0xFF, 0xF6, 0x00, 0x00, 0x00, 0x8F, 0xFF, 0xC0,
  0x00, 0x00, 0x03, 0xFF, 0xFF, 0x10, 0x00, 0x00, 0x1F, 0xFF, 0xF4, 0x00, 0x00, 0x00, 0xEF, 0xFF, 0x50, 0x00, 0x00, 0x0E,
  0xFF, 0xF5, 0x00, 0x00, 0x00, 0xEF, 0xFF, 0x50, 0x00, 0x00, 0x0E, 0xFF, 0xF5, 0x00, 0x00, 0x00, 0xDF, 0xFF, 0x60, 0x00,
  0x00, 0x0A, 0xFF, 0xFA, 0x00, 0x00, 0x00, 0x5F, 0xFF, 0xF8, 0x20, 0x00, 0x00, 0x9F, 0xFF, 0xFF, 0x30, 0x00, 0x00, 0x7F,
  0xFF, 0xF3, 0x00, 0x00, 0x4E, 0xFF, 0xFF, 0x30, 0x00, 0x2E, 0xFF, 0xFC, 0x71, 0x00, 0x08, 0xFF, 0xFD, 0x10, 0x00, 0x00,
  0xCF, 0xFF, 0x70, 0x00, 0x00, 0x0E, 0xFF, 0xF5, 0x00, 0x00, 0x00, 0xEF, 0xFF, 0x50, 0x00, 0x00, 0x0E, 0xFF, 0xF5, 0x00,
  0x00, 0x00, 0xEF, 0xFF, 0x50, 0x00, 0x00, 0x0E, 0xFF, 0xF4, 0x00, 0x00, 0x01, 0xFF, 0xFF, 0x30, 0x00, 0x00, 0x4F, 0xFF,
  0xF1, 0x00, 0x00, 0x09, 0xFF, 0xFB, 0x00, 0x00, 0x06, 0xFF, 0xFF, 0x40, 0x00, 0x05, 0xFF, 0xFF, 0x90, 0x00, 0x00, 0x2F,
  0xFF, 0x80, 0x00, 0x00, 0x00, 0xBA, 0x30, 0x00, 0x00, 0x00, 0x00, 0x00, 0x6C, 0xEE, 0xD8, 0x10, 0x00, 0x00, 0x78, 0x85,
  0x00, 0x00, 0xAF, 0xFF, 0xFF, 0xFD, 0x40, 0x00, 0x1E, 0xFF, 0xA0, 0x00, 0x7F, 0xFF, 0xFF, 0xFF, 0xFF, 0x92, 0x2B, 0xFF,
  0xF7, 0x00, 0x0D, 0xFF, 0xFE, 0xDF, 0xFF, 0xFF, 0xFF, 0xFF, 0xFF, 0x30, 0x03, 0xFF, 0xFC, 0x10, 0x3C, 0xFF, 0xFF, 0xFF,
  0xFF, 0x90, 0x00, 0x5F, 0xFF, 0x50, 0x00, 0x08, 0xFF, 0xFF, 0xFF, 0xB1, 0x00, 0x01, 0x34, 0x41, 0x00, 0x00, 0x03, 0x9C,
  0xCB, 0x60, 0x00, 0x00, 0x00, 0x00, 0x00, 0x00, 0x00, 0x00, 0x00, 0x00, 0x00, 0x00, 0x00, 0x00, 0x00, 0x00, 0x00, 0x00,
  0x00, 0x00, 0x00, 0x00, 0x00, 0x00, 0x00, 0x00, 0x00, 0x00, 0x00, 0x00, 0x00, 0x00, 0x00, 0x00, 0x00, 0x00, 0x00, 0x00,
  0x00, 0x00, 0x00, 0x00, 0x00, 0x00, 0x00, 0x00, 0x00, 0x00, 0x00, 0x00, 0x00, 0x00, 0x00, 0x00, 0x00, 0x00, 0x00, 0x00,
  0x00, 0x00, 0x00, 0x00, 0x00, 0x00, 0x00, 0x07, 0xFF, 0xFF, 0xFF, 0xFF, 0xFF, 0xF0, 0x00, 0x7F, 0x60, 0x00, 0x00, 0x00,
  0xCE, 0x00, 0x07, 0xAC, 0x00, 0x00, 0x00, 0x4B, 0xD0, 0x00, 0x78, 0xB3, 0x00, 0x00, 0x0A, 0x5D, 0x00, 0x07, 0x86, 0xA0,
  0x00, 0x02, 0xD0, 0xD0, 0x00, 0x78, 0x0D, 0x10, 0x00, 0x88, 0x0D, 0x00, 0x07, 0x80, 0x87, 0x00, 0x0D, 0x20, 0xD0, 0x00,
  0x78, 0x02, 0xD0, 0x06, 0xA0, 0x0D, 0x00, 0x07, 0x80, 0x0B, 0x50, 0xC4, 0x00, 0xD0, 0x00, 0x78, 0x00, 0x5B, 0x3C, 0x00,
  0x0D, 0x00, 0x07, 0x80, 0x00, 0xDB, 0x60, 0x00, 0xD0, 0x00, 0x78, 0x00, 0x07, 0xE1, 0x00, 0x0D, 0x00, 0x07, 0x80, 0x00,
  0x7E, 0x10, 0x00, 0xD0, 0x00, 0x78, 0x00, 0x0D, 0xB6, 0x00, 0x0D, 0x00, 0x07, 0x80, 0x04, 0xB3, 0xC0, 0x00, 0xD0, 0x00,
  0x78, 0x00, 0xA5, 0x0C, 0x40, 0x0D, 0x00, 0x07, 0x80, 0x2D, 0x00, 0x6A, 0x00, 0xD0, 0x00, 0x78, 0x08, 0x70, 0x00, 0xD1,
  0x0D, 0x00, 0x07, 0x80, 0xD1, 0x00, 0x08, 0x80, 0xD0, 0x00, 0x78, 0x6A, 0x00, 0x00, 0x2D, 0x0D, 0x00, 0x07, 0x8B, 0x30,
  0x00, 0x00, 0xA5, 0xD0, 0x00, 0x7A, 0xC0, 0x00, 0x00, 0x04, 0xBD, 0x00, 0x07, 0xF6, 0x00, 0x00, 0x00, 0x0C, 0xE0, 0x00,
  0x7F, 0xFF, 0xFF, 0xFF, 0xFF, 0xFF, 0x00, 0x9F, 0xFF, 0xFF, 0xFF, 0xFF, 0xFF, 0xFF, 0xFF, 0xFF, 0xC0, 0x00, 0x00, 0x09,
  0xFF, 0xFF, 0xFF, 0xFF, 0xFF, 0xFF, 0xFF, 0xFF, 0xFC, 0x00, 0x00, 0x00, 0x9F, 0xFF, 0xFF, 0xFF, 0xFF, 0xFF, 0xFF, 0xFF,
  0xFF, 0xC0, 0x00, 0x00, 0x08, 0xEE, 0xEE, 0xEF, 0xFF, 0xFF, 0xEE, 0xEE, 0xEE, 0xEB, 0x00, 0x00, 0x00, 0x00, 0x00, 0x00,
  0xBF, 0xFF, 0xF3, 0x00, 0x00, 0x00, 0x00, 0x00, 0x00, 0x00, 0x00, 0x00, 0x0B, 0xFF, 0xFF, 0x30, 0x00, 0x00, 0x00, 0x00,
  0x00, 0x00, 0x00, 0x00, 0x00, 0xBF, 0xFF, 0xF3, 0x00, 0x00, 0x00, 0x00, 0x00, 0x00, 0x00, 0x00, 0x00, 0x0B, 0xFF, 0xFF,
  0x30, 0x00, 0x00, 0x00, 0x00, 0x00, 0x00, 0x00, 0x00, 0x00, 0xBF, 0xFF, 0xF3, 0x00, 0x00, 0x00, 0x00, 0x00, 0x00, 0x00,
  0x00, 0x00, 0x0B, 0xFF, 0xFF, 0xAC, 0xEE, 0xFE, 0xC9, 0x40, 0x00, 0x00, 0x00, 0x00, 0x00, 0xBF, 0xFF, 0xFF, 0xFF, 0xFF,
  0xFF, 0xFF, 0xB2, 0x00, 0x00, 0x00, 0x00, 0x0B, 0xFF, 0xFF, 0xFF, 0xFF, 0xFF, 0xFF, 0xFF, 0xE2, 0x00, 0x00, 0x00, 0x00,
  0xBF, 0xFF, 0xFF, 0xFF, 0xEF, 0xFF, 0xFF, 0xFF, 0xC0, 0x00, 0x00, 0x00, 0x0B, 0xFF, 0xFF, 0x72, 0x00, 0x04, 0xBF, 0xFF,
  0xFF, 0x50, 0x00, 0x00, 0x00, 0xBF, 0xFF, 0xF3, 0x00, 0x00, 0x00, 0xBF, 0xFF, 0xF9, 0x00, 0x00, 0x00, 0x0B, 0xFF, 0xFF,
  0x30, 0x00, 0x00, 0x05, 0xFF, 0xFF, 0xB0, 0x00, 0x00, 0x00, 0xBF, 0xFF, 0xF3, 0x00, 0x00, 0x00, 0x2F, 0xFF, 0xFC, 0x00,
  0x00, 0x00, 0x0B, 0xFF, 0xFF, 0x30, 0x00, 0x00, 0x03, 0xFF, 0xFF, 0xB0, 0x00, 0x00, 0x00, 0xBF, 0xFF, 0xF3, 0x00, 0x00,
  0x00, 0x7F, 0xFF, 0xF8, 0x00, 0x00, 0x00, 0x0B, 0xFF, 0xFF, 0x30, 0x00, 0x00, 0x5E, 0xFF, 0xFF, 0x30, 0x00, 0x00, 0x00,
  0xBF, 0xFF, 0xF3, 0x00, 0x3B, 0xDF, 0xFF, 0xFF, 0xA0, 0x00, 0x00, 0x00, 0x0B, 0xFF, 0xFF, 0x30, 0x04, 0xFF, 0xFF, 0xFF,
  0xC1, 0x00, 0x00, 0x00, 0x00, 0xBF, 0xFF, 0xF3, 0x00, 0x4F, 0xFF, 0xFF, 0xA1, 0x00, 0x00, 0x00, 0x00, 0x0B, 0xFF, 0xFF,
  0x30, 0x04, 0xEE, 0xB8, 0x30, 0x00, 0x00, 0x00, 0x00, 0x00, 0x00, 0x00, 0x8F, 0xFF, 0xF8, 0x00, 0x00, 0x00, 0x00, 0x00,
  0x04, 0xFF, 0xFF, 0xA0, 0x00, 0x00, 0x00, 0x00, 0x00, 0x1D, 0xFF, 0xFB, 0x00, 0x00, 0x00, 0x00, 0x00, 0x00, 0xAF, 0xFF,
  0xC1, 0x00, 0x00, 0x00, 0x00, 0x00, 0x02, 0xAC, 0xDD, 0x20, 0x00, 0x00, 0x00, 0x00, 0x00, 0x00, 0x00, 0x00, 0x00, 0x00,
  0x00, 0x00, 0xDF, 0xFF, 0xFF, 0xFF, 0xFF, 0xFF, 0xFF, 0xF8, 0x00, 0xDF, 0xFF, 0xFF, 0xFF, 0xFF, 0xFF, 0xFF, 0xF8, 0x00,
  0xDF, 0xFF, 0xFF, 0xFF, 0xFF, 0xFF, 0xFF, 0xF8, 0x00, 0xDF, 0xFF, 0xFE, 0xEE, 0xEE, 0xEE, 0xEE, 0xE8, 0x00, 0xDF, 0xFF,
  0xF0, 0x00, 0x00, 0x00, 0x00, 0x00, 0x00, 0xDF, 0xFF, 0xF0, 0x00, 0x00, 0x00, 0x00, 0x00, 0x00, 0xDF, 0xFF, 0xF0, 0x00,
  0x00, 0x00, 0x00, 0x00, 0x00, 0xDF, 0xFF, 0xF0, 0x00, 0x00, 0x00, 0x00, 0x00, 0x00, 0xDF, 0xFF, 0xF0, 0x00, 0x00, 0x00,
  0x00, 0x00, 0x00, 0xDF, 0xFF, 0xF0, 0x00, 0x00, 0x00, 0x00, 0x00, 0x00, 0xDF, 0xFF, 0xF0, 0x00, 0x00, 0x00, 0x00, 0x00,
  0x00, 0xDF, 0xFF, 0xF0, 0x00, 0x00, 0x00, 0x00, 0x00, 0x00, 0xDF, 0xFF, 0xF0, 0x00, 0x00, 0x00, 0x00, 0x00, 0x00, 0xDF,
  0xFF, 0xF0, 0x00, 0x00, 0x00, 0x00, 0x00, 0x00, 0xDF, 0xFF, 0xF0, 0x00, 0x00, 0x00, 0x00, 0x00, 0x00, 0xDF, 0xFF, 0xF0,
  0x00, 0x00, 0x00, 0x00, 0x00, 0x00, 0xDF, 0xFF, 0xF0, 0x00, 0x00, 0x00, 0x00, 0x00, 0x00, 0xDF, 0xFF, 0xF0, 0x00, 0x00,
  0x00, 0x00, 0x00, 0x00, 0xDF, 0xFF, 0xF0, 0x00, 0x00, 0x00, 0x00, 0x00, 0x00, 0xDF, 0xFF, 0xF0, 0x00, 0x00, 0x00, 0x00,
  0x00, 0x00, 0xDF, 0xFF, 0xF0, 0x00, 0x00, 0x00, 0x00, 0x00, 0x00, 0xDF, 0xFF, 0xF0, 0x00, 0x00, 0x00, 0x00, 0x00, 0x00,
  0xDF, 0xFF, 0xF0, 0x00, 0x00, 0x00, 0x00, 0x00, 0x00, 0xDF, 0xFF, 0xF0, 0x00, 0x00, 0x00, 0x00, 0x00, 0x00, 0xAF, 0xFF,
  0x40, 0x00, 0xAF, 0xFF, 0x40, 0x00, 0xAF, 0xFF, 0x40, 0x00, 0xBF, 0xFF, 0x20, 0x00, 0xCF, 0xFE, 0x00, 0x01, 0xFF, 0xF9,
  0x00, 0x06, 0xFF, 0xF3, 0x00, 0x0C, 0xFF, 0x80, 0x00, 0x01, 0x9B, 0x00, 0x00, 0x00, 0x00, 0x00, 0x09, 0xFF, 0xFF, 0x70,
  0x00, 0x00, 0x00, 0x5F, 0xFF, 0xF9, 0x00, 0x00, 0x00, 0x02, 0xEF, 0xFF, 0xA0, 0x00, 0x00, 0x00, 0x0B, 0xFF, 0xFC, 0x10,
  0x00, 0x00, 0x00, 0x2A, 0xCD, 0xC1, 0x00, 0x00, 0x00, 0x00, 0x00, 0x00, 0x00, 0x00, 0x00, 0x00, 0x00, 0x00, 0x00, 0x00,
  0x00, 0x00, 0x04, 0xFF, 0xFF, 0xFF, 0xFF, 0xFF, 0xFB, 0x04, 0xFF, 0xFF, 0xFF, 0xFF, 0xFF, 0xFB, 0x04, 0xFF, 0xFF, 0xFF,
  0xFF, 0xFF, 0xFB, 0x04, 0xFF, 0xFF, 0xDC, 0xCC, 0xCC, 0xC9, 0x04, 0xFF, 0xFF, 0x80, 0x00, 0x00, 0x00, 0x04, 0xFF, 0xFF,
  0x80, 0x00, 0x00, 0x00, 0x04, 0xFF, 0xFF, 0x80, 0x00, 0x00, 0x00, 0x04, 0xFF, 0xFF, 0x80, 0x00, 0x00, 0x00, 0x04, 0xFF,
  0xFF, 0x80, 0x00, 0x00, 0x00, 0x04, 0xFF, 0xFF, 0x80, 0x00, 0x00, 0x00, 0x04, 0xFF, 0xFF, 0x80, 0x00, 0x00, 0x00, 0x04,
  0xFF, 0xFF, 0x80, 0x00, 0x00, 0x00, 0x04, 0xFF, 0xFF, 0x80, 0x00, 0x00, 0x00, 0x04, 0xFF, 0xFF, 0x80, 0x00, 0x00, 0x00,
  0x04, 0xFF, 0xFF, 0x80, 0x00, 0x00, 0x00, 0x04, 0xFF, 0xFF, 0x80, 0x00, 0x00, 0x00, 0x04, 0xFF, 0xFF, 0x80, 0x00, 0x00,
  0x00, 0x04, 0xFF, 0xFF, 0x80, 0x00, 0x00, 0x00, 0x00, 0xAF, 0xFF, 0x42, 0xFF, 0xFC, 0x00, 0x0A, 0xFF, 0xF4, 0x2F, 0xFF,
  0xC0, 0x00, 0xAF, 0xFF, 0x42, 0xFF, 0xFC, 0x00, 0x0A, 0xFF, 0xF3, 0x2F, 0xFF, 0xB0, 0x00, 0xCF, 0xFE, 0x04, 0xFF, 0xF8,
  0x00, 0x0E, 0xFF, 0xA0, 0x8F, 0xFF, 0x30, 0x05, 0xFF, 0xF4, 0x0D, 0xFF, 0xB0, 0x00, 0xCF, 0xFA, 0x05, 0xFF, 0xF3, 0x00,
  0x02, 0x9C, 0x10, 0x06, 0xD5, 0x00, 0x00, 0x00, 0x1A, 0xED, 0x60, 0x00, 0x4C, 0xEB, 0x30, 0x01, 0x9E, 0xD7, 0x00, 0x00,
  0xAF, 0xFF, 0xF3, 0x01, 0xEF, 0xFF, 0xC0, 0x08, 0xFF, 0xFF, 0x50, 0x00, 0xDF, 0xFF, 0xF6, 0x04, 0xFF, 0xFF, 0xF0, 0x0B,
  0xFF, 0xFF, 0x80, 0x00, 0xAF, 0xFF, 0xF3, 0x01, 0xEF, 0xFF, 0xC0, 0x09, 0xFF, 0xFF, 0x50, 0x00, 0x2B, 0xED, 0x60, 0x00,
  0x5D, 0xEC, 0x30, 0x01, 0xAE, 0xE8, 0x00, 0x00, 0x00, 0x00, 0x8F, 0xFF, 0xF4, 0x00, 0x00, 0x00, 0x00, 0x00, 0x00, 0x8F,
  0xFF, 0xF4, 0x00, 0x00, 0x00, 0x00, 0x00, 0x00, 0x8F, 0xFF, 0xF4, 0x00, 0x00, 0x00, 0x00, 0x00, 0x00, 0x8F, 0xFF, 0xF4,
  0x00, 0x00, 0x00, 0x00, 0x00, 0x00, 0x8F, 0xFF, 0xF4, 0x00, 0x00, 0x00, 0x00, 0x00, 0x00, 0x8F, 0xFF, 0xF4, 0x00, 0x00,
  0x00, 0x2F, 0xFF, 0xFF, 0xFF, 0xFF, 0xFF, 0xFF, 0xFF, 0xD0, 0x2F, 0xFF, 0xFF, 0xFF, 0xFF, 0xFF, 0xFF, 0xFF, 0xD0, 0x2F,
  0xFF, 0xFF, 0xFF, 0xFF, 0xFF, 0xFF, 0xFF, 0xD0, 0x2E, 0xEE, 0xEE, 0xEF, 0xFF, 0xFE, 0xEE, 0xEE, 0xC0, 0x00, 0x00, 0x00,
  0x8F, 0xFF, 0xF4, 0x00, 0x00, 0x00, 0x00, 0x00, 0x00, 0x8F, 0xFF, 0xF4, 0x00, 0x00, 0x00, 0x00, 0x00, 0x00, 0x8F, 0xFF,
  0xF4, 0x00, 0x00, 0x00, 0x00, 0x00, 0x00, 0x8F, 0xFF, 0xF4, 0x00, 0x00, 0x00, 0x00, 0x00, 0x00, 0x8F, 0xFF, 0xF4, 0x00,
  0x00, 0x00, 0x00, 0x00, 0x00, 0x8F, 0xFF, 0xF4, 0x00, 0x00, 0x00, 0x00, 0x00, 0x00, 0x8F, 0xFF, 0xF4, 0x00, 0x00, 0x00,
  0x00, 0x00, 0x00, 0x8F, 0xFF, 0xF4, 0x00, 0x00, 0x00, 0x00, 0x00, 0x00, 0x8F, 0xFF, 0xF4, 0x00, 0x00, 0x00, 0x00, 0x00,
  0x00, 0x8F, 0xFF, 0xF4, 0x00, 0x00, 0x00, 0x00, 0x00, 0x00, 0x8F, 0xFF, 0xF4, 0x00, 0x00, 0x00, 0x00, 0x00, 0x00, 0x8F,
  0xFF, 0xF4, 0x00, 0x00, 0x00, 0x00, 0x00, 0x00, 0x8F, 0xFF, 0xF4, 0x00, 0x00, 0x00, 0x00, 0x00, 0x00, 0x8F, 0xFF, 0xF4,
  0x00, 0x00, 0x00, 0x00, 0x00, 0x00, 0x0D, 0xFF, 0xFD, 0x00, 0x00, 0x00, 0x00, 0x00, 0x00, 0x00, 0xDF, 0xFF, 0xD0, 0x00,
  0x00, 0x00, 0x00, 0x00, 0x00, 0x0D, 0xFF, 0xFD, 0x00, 0x00, 0x00, 0x00, 0x00, 0x00, 0x00, 0xDF, 0xFF, 0xD0, 0x00, 0x00,
  0x00, 0x00, 0x00, 0x00, 0x0D, 0xFF, 0xFD, 0x00, 0x00, 0x00, 0x00, 0x00, 0x00, 0x00, 0xDF, 0xFF, 0xD0, 0x00, 0x00, 0x00,
  0x07, 0xFF, 0xFF, 0xFF, 0xFF, 0xFF, 0xFF, 0xFF, 0xF9, 0x00, 0x7F, 0xFF, 0xFF, 0xFF, 0xFF, 0xFF, 0xFF, 0xFF, 0x90, 0x07,
  0xFF, 0xFF, 0xFF, 0xFF, 0xFF, 0xFF, 0xFF, 0xF9, 0x00, 0x6C, 0xCC, 0xCC, 0xFF, 0xFF, 0xEC, 0xCC, 0xCC, 0x70, 0x00, 0x00,
  0x00, 0x0D, 0xFF, 0xFD, 0x00, 0x00, 0x00, 0x00, 0x00, 0x00, 0x00, 0xDF, 0xFF, 0xD0, 0x00, 0x00, 0x00, 0x00, 0x00, 0x00,
  0x0D, 0xFF, 0xFD, 0x00, 0x00, 0x00, 0x00, 0x00, 0x00, 0x00, 0xDF, 0xFF, 0xD0, 0x00, 0x00, 0x00, 0x00, 0x00, 0x00, 0x0D,
  0xFF, 0xFD, 0x00, 0x00, 0x00, 0x00, 0x00, 0x00, 0x00, 0xDF, 0xFF, 0xD0, 0x00, 0x00, 0x00, 0x00, 0x00, 0x00, 0x0D, 0xFF,
  0xFD, 0x00, 0x00, 0x00, 0x00, 0x00, 0x00, 0x00, 0xDF, 0xFF, 0xD0, 0x00, 0x00, 0x00, 0x00, 0x00, 0x00, 0x0D, 0xFF, 0xFD,
  0x00, 0x00, 0x00, 0x00, 0x00, 0x00, 0x00, 0xDF, 0xFF, 0xD0, 0x00, 0x00, 0x00, 0x06, 0xCC, 0xCC, 0xCF, 0xFF, 0xFE, 0xCC,
  0xCC, 0xC7, 0x00, 0x7F, 0xFF, 0xFF, 0xFF, 0xFF, 0xFF, 0xFF, 0xFF, 0x90, 0x07, 0xFF, 0xFF, 0xFF, 0xFF, 0xFF, 0xFF, 0xFF,
  0xF9, 0x00, 0x7F, 0xFF, 0xFF, 0xFF, 0xFF, 0xFF, 0xFF, 0xFF, 0x90, 0x00, 0x00, 0x00, 0x0D, 0xFF, 0xFD, 0x00, 0x00, 0x00,
  0x00, 0x00, 0x00, 0x00, 0xDF, 0xFF, 0xD0, 0x00, 0x00, 0x00, 0x00, 0x00, 0x00, 0x0D, 0xFF, 0xFD, 0x00, 0x00, 0x00, 0x00,
  0x00, 0x00, 0x00, 0xDF, 0xFF, 0xD0, 0x00, 0x00, 0x00, 0x00, 0x00, 0x00, 0x0D, 0xFF, 0xFD, 0x00, 0x00, 0x00, 0x00, 0x00,
  0x00, 0x00, 0xDF, 0xFF, 0xD0, 0x00, 0x00, 0x00, 0x00, 0x00, 0x00, 0x0D, 0xFF, 0xFD, 0x00, 0x00, 0x00, 0x00, 0x00, 0x00,
  0x00, 0x00, 0x03, 0x9C, 0xEF, 0xED, 0xB6, 0x00, 0x00, 0x00, 0x00, 0x2B, 0xFF, 0xFF, 0xFF, 0xFF, 0x80, 0x00, 0x00, 0x00,
  0x3E, 0xFF, 0xFF, 0xFF, 0xFF, 0xF5, 0x00, 0x00, 0x00, 0x2D, 0xFF, 0xFF, 0xFF, 0xEE, 0xFF, 0x30, 0x00, 0x00, 0x09, 0xFF,
  0xFF, 0xF8, 0x20, 0x01, 0x50, 0x00, 0x00, 0x02, 0xFF, 0xFF, 0xF5, 0x00, 0x00, 0x00, 0x00, 0x00, 0x00, 0x7F, 0xFF, 0xFA,
  0x00, 0x00, 0x00, 0x00, 0x00, 0x00, 0x0A, 0xFF, 0xFF, 0x50, 0x00, 0x00, 0x00, 0x00, 0x00, 0x00, 0xCF, 0xFF, 0xF2, 0x00,
  0x00, 0x00, 0x00, 0x00, 0x9F, 0xFF, 0xFF, 0xFF, 0xFF, 0xFF, 0xF7, 0x00, 0x00, 0x09, 0xFF, 0xFF, 0xFF, 0xFF, 0xFF, 0xFF,
  0x70, 0x00, 0x00, 0x58, 0x8E, 0xFF, 0xFF, 0x88, 0x88, 0x84, 0x00, 0x00, 0x00, 0x00, 0xDF, 0xFF, 0xF0, 0x00, 0x00, 0x00,
  0x00, 0x00, 0x9F, 0xFF, 0xFF, 0xFF, 0xFF, 0xFF, 0xF7, 0x00, 0x00, 0x09, 0xFF, 0xFF, 0xFF, 0xFF, 0xFF, 0xFF, 0x70, 0x00,
  0x00, 0x58, 0x8E, 0xFF, 0xFF, 0x88, 0x88, 0x84, 0x00, 0x00, 0x00, 0x00, 0xCF, 0xFF, 0xF3, 0x00, 0x00, 0x00, 0x00, 0x00,
  0x00, 0x0A, 0xFF, 0xFF, 0x70, 0x00, 0x00, 0x00, 0x00, 0x00, 0x00, 0x5F, 0xFF, 0xFD, 0x10, 0x00, 0x00, 0x00, 0x00, 0x00,
  0x01, 0xDF, 0xFF, 0xFD, 0x51, 0x00, 0x14, 0x00, 0x00, 0x00, 0x06, 0xFF, 0xFF, 0xFF, 0xFE, 0xEF, 0xF3, 0x00, 0x00, 0x00,
  0x08, 0xFF, 0xFF, 0xFF, 0xFF, 0xFF, 0x50, 0x00, 0x00, 0x00, 0x05, 0xEF, 0xFF, 0xFF, 0xFF, 0xF7, 0x00, 0x00, 0x00, 0x00,
  0x01, 0x6A, 0xDE, 0xFE, 0xDB, 0x60, 0x00, 0x04, 0xBE, 0xFD, 0x92, 0x00, 0x00, 0x00, 0x00, 0x00, 0x00, 0x00, 0x00, 0x00,
  0x00, 0x00, 0x00, 0x6F, 0xFF, 0xFF, 0xFE, 0x30, 0x00, 0x00, 0x00, 0x00, 0x00, 0x00, 0x00, 0x00, 0x00, 0x00, 0x02, 0xEF,
  0xFD, 0xCF, 0xFF, 0xC0, 0x00, 0x00, 0x00, 0x00, 0x00, 0x00, 0x00, 0x00, 0x00, 0x00, 0x07, 0xFF, 0xB0, 0x04, 0xFF, 0xF3,
  0x00, 0x00, 0x9A, 0x20, 0x00, 0x00, 0x00, 0x00, 0x00, 0x00, 0x09, 0xFF, 0x60, 0x00, 0xDF, 0xF6, 0x00, 0x04, 0xFF, 0xC0,
  0x00, 0x00, 0x00, 0x00, 0x00, 0x00, 0x0A, 0xFF, 0x50, 0x00, 0xCF, 0xF6, 0x00, 0x1D, 0xFF, 0x40, 0x00, 0x00, 0x00, 0x00,
  0x00, 0x00, 0x09, 0xFF, 0x60, 0x00, 0xDF, 0xF6, 0x00, 0x8F, 0xF9, 0x00, 0x00, 0x00, 0x00, 0x00, 0x00, 0x00, 0x07, 0xFF,
  0xB0, 0x04, 0xFF, 0xF3, 0x03, 0xFF, 0xD1, 0x00, 0x00, 0x00, 0x00, 0x00, 0x00, 0x00, 0x02, 0xEF, 0xFD, 0xBF, 0xFF, 0xC0,
  0x0C, 0xFF, 0x50, 0x00, 0x00, 0x00, 0x00, 0x00, 0x00, 0x00, 0x00, 0x6F, 0xFF, 0xFF, 0xFE, 0x30, 0x7F, 0xFA, 0x00, 0x00,
  0x00, 0x00, 0x00, 0x00, 0x00, 0x00, 0x00, 0x04, 0xBE, 0xFD, 0x92, 0x02, 0xEF, 0xE2, 0x00, 0x00, 0x00, 0x00, 0x00, 0x00,
  0x00, 0x00, 0x00, 0x00, 0x00, 0x00, 0x00, 0x0B, 0xFF, 0x60, 0x00, 0x00, 0x00, 0x00, 0x00, 0x00, 0x00, 0x00, 0x00, 0x00,
  0x00, 0x00, 0x00, 0x6F, 0xFB, 0x00, 0x00, 0x00, 0x00, 0x00, 0x00, 0x00, 0x00, 0x00, 0x00, 0x00, 0x00, 0x00, 0x02, 0xEF,
  0xE2, 0x06, 0xCE, 0xFD, 0x70, 0x29, 0xEF, 0xEA, 0x30, 0x00, 0x00, 0x00, 0x00, 0x00, 0x0A, 0xFF, 0x70, 0x9F, 0xFF, 0xFF,
  0xFB, 0xDF, 0xFF, 0xFF, 0xF5, 0x00, 0x00, 0x00, 0x00, 0x00, 0x5F, 0xFC, 0x06, 0xFF, 0xFD, 0xCF, 0xFF, 0xFF, 0xEC, 0xEF,
  0xFE, 0x20, 0x00, 0x00, 0x00, 0x01, 0xDF, 0xF3, 0x0B, 0xFF, 0xA0, 0x05, 0xFF, 0xFE, 0x20, 0x2E, 0xFF, 0x70, 0x00, 0x00,
  0x00, 0x09, 0xFF, 0x80, 0x0E, 0xFF, 0x50, 0x00, 0xEF, 0xFA, 0x00, 0x09, 0xFF, 0x90, 0x00, 0x00, 0x00, 0x4F, 0xFD, 0x00,
  0x0E, 0xFF, 0x40, 0x00, 0xDF, 0xF9, 0x00, 0x08, 0xFF, 0xA0, 0x00, 0x00, 0x01, 0xDF, 0xF4, 0x00, 0x0E, 0xFF, 0x50, 0x00,
  0xDF, 0xFA, 0x00, 0x09, 0xFF, 0x90, 0x00, 0x00, 0x08, 0xFF, 0x90, 0x00, 0x0B, 0xFF, 0xB0, 0x04, 0xFF, 0xFE, 0x20, 0x1D,
  0xFF, 0x70, 0x00, 0x00, 0x01, 0x7C, 0x10, 0x00, 0x06, 0xFF, 0xFD, 0xBE, 0xFF, 0xFF, 0xEB, 0xEF, 0xFE, 0x20, 0x00, 0x00,
  0x00, 0x00, 0x00, 0x00, 0x00, 0x9F, 0xFF, 0xFF, 0xFB, 0xDF, 0xFF, 0xFF, 0xF5, 0x00, 0x00, 0x00, 0x00, 0x00, 0x00, 0x00,
  0x00, 0x06, 0xCE, 0xFD, 0x70, 0x29, 0xDF, 0xEB, 0x40, 0x00, 0x00, 0x00, 0x09, 0xFF, 0xFF, 0xFF, 0xFF, 0xFF, 0xFF, 0xFF,
  0xF3, 0x00, 0x00, 0x00, 0x00, 0x00, 0x00, 0x00, 0x00, 0x00, 0xAF, 0xFF, 0xFF, 0xFF, 0xFF, 0xFF, 0xFF, 0xFF, 0x30, 0x00,
  0x00, 0x00, 0x00, 0x00, 0x00, 0x00, 0x00, 0x0A, 0xFF, 0xFF, 0xFF, 0xFF, 0xFF, 0xFF, 0xFF, 0xF3, 0x00, 0x00, 0x00, 0x00,
  0x00, 0x00, 0x00, 0x00, 0x00, 0xBF, 0xFF, 0xFE, 0xEE, 0xEE, 0xEF, 0xFF, 0xFF, 0x30, 0x00, 0x00, 0x00, 0x00, 0x00, 0x00,
  0x00, 0x00, 0x0B, 0xFF, 0xFF, 0x10, 0x00, 0x00, 0xBF, 0xFF, 0xF3, 0x00, 0x00, 0x00, 0x00, 0x00, 0x00, 0x00, 0x00, 0x00,
  0xCF, 0xFF, 0xF0, 0x00, 0x00, 0x0B, 0xFF, 0xFF, 0x30, 0x00, 0x00, 0x00, 0x00, 0x00, 0x00, 0x00, 0x00, 0x0C, 0xFF, 0xFE,
  0x00, 0x00, 0x00, 0xBF, 0xFF, 0xF3, 0x00, 0x00, 0x00, 0x00, 0x00, 0x00, 0x00, 0x00, 0x00, 0xDF, 0xFF, 0xE0, 0x00, 0x00,
  0x0B, 0xFF, 0xFF, 0x30, 0x00, 0x00, 0x00, 0x00, 0x00, 0x00, 0x00, 0x00, 0x0D, 0xFF, 0xFD, 0x00, 0x00, 0x00, 0xBF, 0xFF,
  0xFF, 0xFF, 0xFF, 0xEC, 0x82, 0x00, 0x00, 0x00, 0x00, 0x00, 0xEF, 0xFF, 0xD0, 0x00, 0x00, 0x0B, 0xFF, 0xFF, 0xFF, 0xFF,
  0xFF, 0xFF, 0xF8, 0x00, 0x00, 0x00, 0x00, 0x0E, 0xFF, 0xFC, 0x00, 0x00, 0x00, 0xBF, 0xFF, 0xFF, 0xFF, 0xFF, 0xFF, 0xFF,
  0xFB, 0x00, 0x00, 0x00, 0x00, 0xFF, 0xFF, 0xB0, 0x00, 0x00, 0x0B, 0xFF, 0xFF, 0xEE, 0xEE, 0xEF, 0xFF, 0xFF, 0xF9, 0x00,
  0x00, 0x00, 0x1F, 0xFF, 0xFB, 0x00, 0x00, 0x00, 0xBF, 0xFF, 0xF3, 0x00, 0x00, 0x3B, 0xFF, 0xFF, 0xF3, 0x00, 0x00, 0x02,
  0xFF, 0xFF, 0xA0, 0x00, 0x00, 0x0B, 0xFF, 0xFF, 0x30, 0x00, 0x00, 0x0B, 0xFF, 0xFF, 0x90, 0x00, 0x00, 0x4F, 0xFF, 0xF9,
  0x00, 0x00, 0x00, 0xBF, 0xFF, 0xF3, 0x00, 0x00, 0x00, 0x3F, 0xFF, 0xFC, 0x00, 0x00, 0x06, 0xFF, 0xFF, 0x70, 0x00, 0x00,
  0x0B, 0xFF, 0xFF, 0x30, 0x00, 0x00, 0x00, 0xEF, 0xFF, 0xE0, 0x00, 0x00, 0x9F, 0xFF, 0xF5, 0x00, 0x00, 0x00, 0xBF, 0xFF,
  0xF3, 0x00, 0x00, 0x00, 0x0F, 0xFF, 0xFE, 0x00, 0x00, 0x0D, 0xFF, 0xFF, 0x10, 0x00, 0x00, 0x0B, 0xFF, 0xFF, 0x30, 0x00,
  0x00, 0x04, 0xFF, 0xFF, 0xC0, 0x00, 0x05, 0xFF, 0xFF, 0xD0, 0x00, 0x00, 0x00, 0xBF, 0xFF, 0xF3, 0x00, 0x00, 0x00, 0xBF,
  0xFF, 0xF9, 0x00, 0x16, 0xEF, 0xFF, 0xF8, 0x00, 0x00, 0x00, 0x0B, 0xFF, 0xFF, 0x30, 0x00, 0x03, 0xBF, 0xFF, 0xFF, 0x30,
  0x6F, 0xFF, 0xFF, 0xFF, 0x20, 0x00, 0x00, 0x00, 0xBF, 0xFF, 0xFE, 0xEE, 0xEE, 0xFF, 0xFF, 0xFF, 0x90, 0x06, 0xFF, 0xFF,
  0xFF, 0x80, 0x00, 0x00, 0x00, 0x0B, 0xFF, 0xFF, 0xFF, 0xFF, 0xFF, 0xFF, 0xFF, 0xB0, 0x00, 0x6F, 0xFF, 0xFF, 0xA0, 0x00,
  0x00, 0x00, 0x00, 0xBF, 0xFF, 0xFF, 0xFF, 0xFF, 0xFF, 0xFF, 0x80, 0x00, 0x06, 0xFF, 0xDA, 0x50, 0x00, 0x00, 0x00, 0x00,
  0x0B, 0xFF, 0xFF, 0xFF, 0xFF, 0xFE, 0xB8, 0x20, 0x00, 0x00, 0x00, 0x00, 0x03, 0xEF, 0xE1, 0x00, 0x00, 0x1C, 0xFF, 0x60,
  0x00, 0x00, 0x9F, 0xFC, 0x00, 0x00, 0x05, 0xFF, 0xF3, 0x00, 0x00, 0x2E, 0xFF, 0x90, 0x00, 0x00, 0xBF, 0xFE, 0x10, 0x00,
  0x03, 0xFF, 0xF9, 0x00, 0x00, 0x00, 0xBF, 0xFE, 0x10, 0x00, 0x00, 0x2E, 0xFF, 0x90, 0x00, 0x00, 0x05, 0xFF, 0xF3, 0x00,
  0x00, 0x00, 0x9F, 0xFC, 0x00, 0x00, 0x00, 0x1C, 0xFF, 0x60, 0x00, 0x00, 0x03, 0xEF, 0xE1, 0x00, 0x00, 0x00, 0x00, 0x00,
  0x00, 0x00, 0x00, 0x00, 0x00, 0x00, 0xDF, 0xFF, 0xF0, 0x00, 0x00, 0x00, 0x00, 0xAF, 0xFF, 0xF4, 0x00, 0x00, 0x00, 0x00,
  0x00, 0x00, 0x00, 0x0D, 0xFF, 0xFF, 0x00, 0x00, 0x00, 0x00, 0x0A, 0xFF, 0xFF, 0x40, 0x00, 0x00, 0x00, 0x00, 0x00, 0x00,
  0x00, 0xDF, 0xFF, 0xF0, 0x00, 0x00, 0x00, 0x00, 0xAF, 0xFF, 0xF4, 0x00, 0x00, 0x00, 0x00, 0x00, 0x00, 0x00, 0x0D, 0xFF,
  0xFF, 0x00, 0x00, 0x00, 0x00, 0x0A, 0xFF, 0xFF, 0x40, 0x00, 0x00, 0x00, 0x00, 0x00, 0x00, 0x00, 0xDF, 0xFF, 0xF0, 0x00,
  0x00, 0x00, 0x00, 0xAF, 0xFF, 0xF4, 0x00, 0x00, 0x00, 0x00, 0x00, 0x00, 0x00, 0x0D, 0xFF, 0xFF, 0x00, 0x00, 0x00, 0x00,
  0x0A, 0xFF, 0xFF, 0x40, 0x00, 0x00, 0x00, 0x00, 0x00, 0x00, 0x00, 0xDF, 0xFF, 0xF0, 0x00, 0x00, 0x00, 0x00, 0xAF, 0xFF,
  0xF4, 0x00, 0x00, 0x00, 0x00, 0x00, 0x00, 0x00, 0x0D, 0xFF, 0xFF, 0x00, 0x00, 0x00, 0x00, 0x0A, 0xFF, 0xFF, 0x40, 0x00,
  0x00, 0x00, 0x00, 0x00, 0x00, 0x00, 0xDF, 0xFF, 0xF0, 0x00, 0x00, 0x00, 0x00, 0xAF, 0xFF, 0xFF, 0xFF, 0xFE, 0xDB, 0x72,
  0x00, 0x00, 0x00, 0x0D, 0xFF, 0xFF, 0xFF, 0xFF, 0xFF, 0xFF, 0xFF, 0xFF, 0xFF, 0xFF, 0xFF, 0xFF, 0xFF, 0xF8, 0x00, 0x00,
  0x00, 0xDF, 0xFF, 0xFF, 0xFF, 0xFF, 0xFF, 0xFF, 0xFF, 0xFF, 0xFF, 0xFF, 0xFF, 0xFF, 0xFF, 0xFB, 0x00, 0x00, 0x0D, 0xFF,
  0xFF, 0xFF, 0xFF, 0xFF, 0xFF, 0xFF, 0xFF, 0xFF, 0xEE, 0xEE, 0xEF, 0xFF, 0xFF, 0xF9, 0x00, 0x00, 0xDF, 0xFF, 0xFE, 0xEE,
  0xEE, 0xEE, 0xEE, 0xEF, 0xFF, 0xF4, 0x00, 0x00, 0x3A, 0xFF, 0xFF, 0xF3, 0x00, 0x0D, 0xFF, 0xFF, 0x00, 0x00, 0x00, 0x00,
  0x0A, 0xFF, 0xFF, 0x40, 0x00, 0x00, 0x0A, 0xFF, 0xFF, 0x90, 0x00, 0xDF, 0xFF, 0xF0, 0x00, 0x00, 0x00, 0x00, 0xAF, 0xFF,
  0xF4, 0x00, 0x00, 0x00, 0x3F, 0xFF, 0xFC, 0x00, 0x0D, 0xFF, 0xFF, 0x00, 0x00, 0x00, 0x00, 0x0A, 0xFF, 0xFF, 0x40, 0x00,
  0x00, 0x00, 0xEF, 0xFF, 0xE0, 0x00, 0xDF, 0xFF, 0xF0, 0x00, 0x00, 0x00, 0x00, 0xAF, 0xFF, 0xF4, 0x00, 0x00, 0x00, 0x0E,
  0xFF, 0xFE, 0x00, 0x0D, 0xFF, 0xFF, 0x00, 0x00, 0x00, 0x00, 0x0A, 0xFF, 0xFF, 0x40, 0x00, 0x00, 0x03, 0xFF, 0xFF, 0xC0,
  0x00, 0xDF, 0xFF, 0xF0, 0x00, 0x00, 0x00, 0x00, 0xAF, 0xFF, 0xF4, 0x00, 0x00, 0x00, 0xBF, 0xFF, 0xF9, 0x00, 0x0D, 0xFF,
  0xFF, 0x00, 0x00, 0x00, 0x00, 0x0A, 0xFF, 0xFF, 0x40, 0x00, 0x03, 0xBF, 0xFF, 0xFF, 0x30, 0x00, 0xDF, 0xFF, 0xF0, 0x00,
  0x00, 0x00, 0x00, 0xAF, 0xFF, 0xFE, 0xEE, 0xEE, 0xFF, 0xFF, 0xFF, 0xA0, 0x00, 0x0D, 0xFF, 0xFF, 0x00, 0x00, 0x00, 0x00,
  0x0A, 0xFF, 0xFF, 0xFF, 0xFF, 0xFF, 0xFF, 0xFF, 0xB1, 0x00, 0x00, 0xDF, 0xFF, 0xF0, 0x00, 0x00, 0x00, 0x00, 0xAF, 0xFF,
  0xFF, 0xFF, 0xFF, 0xFF, 0xFF, 0x90, 0x00, 0x00, 0x0D, 0xFF, 0xFF, 0x00, 0x00, 0x00, 0x00, 0x0A, 0xFF, 0xFF, 0xFF, 0xFF,
  0xFE, 0xC8, 0x20, 0x00, 0x00, 0x00, 0x00, 0x00, 0x00, 0x01, 0xCF, 0xFF, 0xE4, 0x00, 0x00, 0x00, 0x00, 0x00, 0x00, 0x00,
  0x09, 0xFF, 0xFF, 0x50, 0x00, 0x00, 0x00, 0x00, 0x00, 0x00, 0x00, 0x4F, 0xFF, 0xF7, 0x00, 0x00, 0x00, 0x00, 0x00, 0x00,
  0x00, 0x01, 0xDF, 0xFF, 0x80, 0x00, 0x00, 0x00, 0x00, 0x00, 0x00, 0x00, 0x05, 0xAC, 0xEA, 0x00, 0x00, 0x00, 0x00, 0x00,
  0x00, 0x00, 0x00, 0x00, 0x00, 0x00, 0x00, 0x00, 0x00, 0x00, 0x00, 0x00, 0xEF, 0xFF, 0xE0, 0x00, 0x00, 0x00, 0x6F, 0xFF,
  0xFF, 0xA0, 0x00, 0xEF, 0xFF, 0xE0, 0x00, 0x00, 0x03, 0xEF, 0xFF, 0xFC, 0x10, 0x00, 0xEF, 0xFF, 0xE0, 0x00, 0x00, 0x1D,
  0xFF, 0xFF, 0xE2, 0x00, 0x00, 0xEF, 0xFF, 0xE0, 0x00, 0x00, 0xAF, 0xFF, 0xFF, 0x50, 0x00, 0x00, 0xEF, 0xFF, 0xE0, 0x00,
  0x06, 0xFF, 0xFF, 0xF8, 0x00, 0x00, 0x00, 0xEF, 0xFF, 0xE0, 0x00, 0x3E, 0xFF, 0xFF, 0xB0, 0x00, 0x00, 0x00, 0xEF, 0xFF,
  0xE0, 0x01, 0xDF, 0xFF, 0xFD, 0x10, 0x00, 0x00, 0x00, 0xEF, 0xFF, 0xE0, 0x0A, 0xFF, 0xFF, 0xE3, 0x00, 0x00, 0x00, 0x00,
  0xEF, 0xFF, 0xE0, 0x7F, 0xFF, 0xFF, 0x60, 0x00, 0x00, 0x00, 0x00, 0xEF, 0xFF, 0xE3, 0xEF, 0xFF, 0xF9, 0x00, 0x00, 0x00,
  0x00, 0x00, 0xEF, 0xFF, 0xEC, 0xFF, 0xFF, 0xD1, 0x00, 0x00, 0x00, 0x00, 0x00, 0xEF, 0xFF, 0xFF, 0xFF, 0xFF, 0xF4, 0x00,
  0x00, 0x00, 0x00, 0x00, 0xEF, 0xFF, 0xFF, 0xFF, 0xFF, 0xFD, 0x00, 0x00, 0x00, 0x00, 0x00, 0xEF, 0xFF, 0xFF, 0xFF, 0xFF,
  0xFF, 0x80, 0x00, 0x00, 0x00, 0x00, 0xEF, 0xFF, 0xFF, 0xFB, 0xFF, 0xFF, 0xF3, 0x00, 0x00, 0x00, 0x00, 0xEF, 0xFF, 0xFF,
  0x71, 0xDF, 0xFF, 0xFC, 0x00, 0x00, 0x00, 0x00, 0xEF, 0xFF, 0xF8, 0x00, 0x4F, 0xFF, 0xFF, 0x70, 0x00, 0x00, 0x00, 0xEF,
  0xFF, 0xE0, 0x00, 0x0A, 0xFF, 0xFF, 0xE2, 0x00, 0x00, 0x00, 0xEF, 0xFF, 0xE0, 0x00, 0x02, 0xEF, 0xFF, 0xFB, 0x00, 0x00,
  0x00, 0xEF, 0xFF, 0xE0, 0x00, 0x00, 0x6F, 0xFF, 0xFF, 0x60, 0x00, 0x00, 0xEF, 0xFF, 0xE0, 0x00, 0x00, 0x0B, 0xFF, 0xFF,
  0xE1, 0x00, 0x00, 0xEF, 0xFF, 0xE0, 0x00, 0x00, 0x03, 0xFF, 0xFF, 0xFA, 0x00, 0x00, 0xEF, 0xFF, 0xE0, 0x00, 0x00, 0x00,
  0x8F, 0xFF, 0xFF, 0x50, 0x00, 0xEF, 0xFF, 0xE0, 0x00, 0x00, 0x00, 0x1D, 0xFF, 0xFF, 0xD1, 0x8F, 0xFF, 0xFF, 0xFF, 0xFF,
  0xFF, 0xFF, 0xFF, 0xFF, 0x80, 0x00, 0x00, 0x08, 0xFF, 0xFF, 0xFF, 0xFF, 0xFF, 0xFF, 0xFF, 0xFF, 0xF8, 0x00, 0x00, 0x00,
  0x8F, 0xFF, 0xFF, 0xFF, 0xFF, 0xFF, 0xFF, 0xFF, 0xFF, 0x80, 0x00, 0x00, 0x07, 0xEE, 0xEE, 0xEF, 0xFF, 0xFF, 0xEE, 0xEE,
  0xEE, 0xE7, 0x00, 0x00, 0x00, 0x00, 0x00, 0x00, 0xEF, 0xFF, 0xE0, 0x00, 0x00, 0x00, 0x00, 0x00, 0x00, 0x00, 0x00, 0x00,
  0x0E, 0xFF, 0xFE, 0x00, 0x00, 0x00, 0x00, 0x00, 0x00, 0x00, 0x00, 0x00, 0x00, 0xEF, 0xFF, 0xE0, 0x00, 0x00, 0x00, 0x00,
  0x00, 0x00, 0x00, 0x00, 0x00, 0x0E, 0xFF, 0xFE, 0x00, 0x00, 0x00, 0x00, 0x00, 0x00, 0x00, 0x00, 0x00, 0x00, 0xEF, 0xFF,
  0xE0, 0x00, 0x00, 0x00, 0x00, 0x00, 0x00, 0x00, 0x00, 0x00, 0x0E, 0xFF, 0xFF, 0xCE, 0xEF, 0xED, 0xB7, 0x20, 0x00, 0x00,
  0x00, 0x00, 0x00, 0xEF, 0xFF, 0xFF, 0xFF, 0xFF, 0xFF, 0xFF, 0x81, 0x00, 0x00, 0x00, 0x00, 0x0E, 0xFF, 0xFF, 0xFF, 0xFF,
  0xFF, 0xFF, 0xFF, 0xB0, 0x00, 0x00, 0x00, 0x00, 0xEF, 0xFF, 0xFF, 0xFE, 0xEF, 0xFF, 0xFF, 0xFF, 0x80, 0x00, 0x00, 0x00,
  0x0E, 0xFF, 0xFE, 0x31, 0x00, 0x03, 0xAF, 0xFF, 0xFE, 0x10, 0x00, 0x00, 0x00, 0xEF, 0xFF, 0xE0, 0x00, 0x00, 0x00, 0xCF,
  0xFF, 0xF5, 0x00, 0x00, 0x00, 0x0E, 0xFF, 0xFE, 0x00, 0x00, 0x00, 0x07, 0xFF, 0xFF, 0x80, 0x00, 0x00, 0x00, 0xEF, 0xFF,
  0xE0, 0x00, 0x00, 0x00, 0x5F, 0xFF, 0xF9, 0x00, 0x00, 0x00, 0x0E, 0xFF, 0xFE, 0x00, 0x00, 0x00, 0x05, 0xFF, 0xFF, 0x90,
  0x00, 0x00, 0x00, 0xEF, 0xFF, 0xE0, 0x00, 0x00, 0x00, 0x5F, 0xFF, 0xF9, 0x00, 0x00, 0x00, 0x0E, 0xFF, 0xFE, 0x00, 0x00,
  0x00, 0x05, 0xFF, 0xFF, 0x90, 0x00, 0x00, 0x00, 0xEF, 0xFF, 0xE0, 0x00, 0x00, 0x00, 0x5F, 0xFF, 0xF9, 0x00, 0x00, 0x00,
  0x0E, 0xFF, 0xFE, 0x00, 0x00, 0x00, 0x05, 0xFF, 0xFF, 0x90, 0x00, 0x00, 0x00, 0xEF, 0xFF, 0xE0, 0x00, 0x00, 0x00, 0x5F,
  0xFF, 0xF9, 0x00, 0x00, 0x00, 0x0E, 0xFF, 0xFE, 0x00, 0x00, 0x00, 0x05, 0xFF, 0xFF, 0x90, 0x02, 0xFF, 0xFF, 0xB0, 0x00,
  0x00, 0x00, 0x00, 0xEF, 0xFF, 0xF0, 0x00, 0x2F, 0xFF, 0xFB, 0x00, 0x00, 0x00, 0x00, 0x0E, 0xFF, 0xFF, 0x00, 0x02, 0xFF,
  0xFF, 0xB0, 0x00, 0x00, 0x00, 0x00, 0xEF, 0xFF, 0xF0, 0x00, 0x2F, 0xFF, 0xFB, 0x00, 0x00, 0x00, 0x00, 0x0E, 0xFF, 0xFF,
  0x00, 0x02, 0xFF, 0xFF, 0xB0, 0x00, 0x00, 0x00, 0x00, 0xEF, 0xFF, 0xF0, 0x00, 0x2F, 0xFF, 0xFB, 0x00, 0x00, 0x00, 0x00,
  0x0E, 0xFF, 0xFF, 0x00, 0x02, 0xFF, 0xFF, 0xB0, 0x00, 0x00, 0x00, 0x00, 0xEF, 0xFF, 0xF0, 0x00, 0x2F, 0xFF, 0xFB, 0x00,
  0x00, 0x00, 0x00, 0x0E, 0xFF, 0xFF, 0x00, 0x02, 0xFF, 0xFF, 0xB0, 0x00, 0x00, 0x00, 0x00, 0xEF, 0xFF, 0xF0, 0x00, 0x2F,
  0xFF, 0xFB, 0x00, 0x00, 0x00, 0x00, 0x0E, 0xFF, 0xFF, 0x00, 0x02, 0xFF, 0xFF, 0xB0, 0x00, 0x00, 0x00, 0x00, 0xEF, 0xFF,
  0xF0, 0x00, 0x2F, 0xFF, 0xFB, 0x00, 0x00, 0x00, 0x00, 0x0E, 0xFF, 0xFF, 0x00, 0x02, 0xFF, 0xFF, 0xB0, 0x00, 0x00, 0x00,
  0x00, 0xEF, 0xFF, 0xF0, 0x00, 0x2F, 0xFF, 0xFB, 0x00, 0x00, 0x00, 0x00, 0x0E, 0xFF, 0xFF, 0x00, 0x02, 0xFF, 0xFF, 0xB0,
  0x00, 0x00, 0x00, 0x00, 0xEF, 0xFF, 0xF0, 0x00, 0x2F, 0xFF, 0xFB, 0x00, 0x00, 0x00, 0x00, 0x0E, 0xFF, 0xFF, 0x00, 0x02,
  0xFF, 0xFF, 0xB0, 0x00, 0x00, 0x00, 0x00, 0xEF, 0xFF, 0xF0, 0x00, 0x2F, 0xFF, 0xFB, 0x00, 0x00, 0x00, 0x00, 0x0E, 0xFF,
  0xFF, 0x00, 0x02, 0xFF, 0xFF, 0xB0, 0x00, 0x00, 0x00, 0x00, 0xEF, 0xFF, 0xF0, 0x00, 0x2F, 0xFF, 0xFB, 0x00, 0x00, 0x00,
  0x00, 0x0E, 0xFF, 0xFF, 0x00, 0x02, 0xFF, 0xFF, 0xFE, 0xEE, 0xEE, 0xEE, 0xEE, 0xFF, 0xFF, 0xF0, 0x00, 0x2F, 0xFF, 0xFF,
  0xFF, 0xFF, 0xFF, 0xFF, 0xFF, 0xFF, 0xFF, 0x00, 0x02, 0xFF, 0xFF, 0xFF, 0xFF, 0xFF, 0xFF, 0xFF, 0xFF, 0xFF, 0xF0, 0x00,
  0x2F, 0xFF, 0xFF, 0xFF, 0xFF, 0xFF, 0xFF, 0xFF, 0xFF, 0xFF, 0x00, 0x00, 0x00, 0x00, 0x00, 0x0C, 0xFF, 0xFF, 0x10, 0x00,
  0x00, 0x00, 0x00, 0x00, 0x00, 0x00, 0x00, 0xCF, 0xFF, 0xF1, 0x00, 0x00, 0x00, 0x00, 0x00, 0x00, 0x00, 0x00, 0x0C, 0xFF,
  0xFF, 0x10, 0x00, 0x00, 0x00, 0x00, 0x00, 0x00, 0x00, 0x00, 0xCF, 0xFF, 0xF1, 0x00, 0x00, 0x00, 0x00, 0x00, 0x00, 0x00,
  0x00, 0x0C, 0xFF, 0xFF, 0x10, 0x00, 0x00, 0x00, 0x00, 0x00, 0x00, 0x00, 0x00, 0xCF, 0xFF, 0xF1, 0x00, 0x00, 0x00, 0x00,
  0x00, 0x6F, 0xFF, 0xF6, 0x00, 0x00, 0x00, 0x00, 0x00, 0x00, 0x06, 0xFF, 0xFF, 0x60, 0x00, 0x00, 0x00, 0x00, 0x00, 0x00,
  0x6F, 0xFF, 0xF6, 0x00, 0x00, 0x00, 0x00, 0x00, 0x0D, 0xFF, 0xFF, 0xFF, 0xFF, 0xFF, 0x70, 0x00, 0x00, 0x00, 0xDF, 0xFF,
  0xFF, 0xFF, 0xFF, 0xF7, 0x00, 0x00, 0x00, 0x0C, 0xEF, 0xFF, 0xFF, 0xFE, 0xEE, 0x70, 0x00, 0x00, 0x00, 0x00, 0x6F, 0xFF,
  0xF6, 0x00, 0x00, 0x00, 0x00, 0x00, 0x00, 0x06, 0xFF, 0xFF, 0x61, 0x7C, 0xEE, 0xD9, 0x20, 0x00, 0x00, 0x6F, 0xFF, 0xF7,
  0xDF, 0xFF, 0xFF, 0xFE, 0x30, 0x00, 0x06, 0xFF, 0xFF, 0xFF, 0xFF, 0xFF, 0xFF, 0xFC, 0x00, 0x00, 0x6F, 0xFF, 0xFF, 0xFD,
  0xDE, 0xFF, 0xFF, 0xF4, 0x00, 0x06, 0xFF, 0xFF, 0xE5, 0x00, 0x1B, 0xFF, 0xFF, 0x80, 0x00, 0x6F, 0xFF, 0xF7, 0x00, 0x00,
  0x2F, 0xFF, 0xFA, 0x00, 0x06, 0xFF, 0xFF, 0x60, 0x00, 0x00, 0xEF, 0xFF, 0xB0, 0x00, 0x6F, 0xFF, 0xF6, 0x00, 0x00, 0x0E,
  0xFF, 0xFC, 0x00, 0x06, 0xFF, 0xFF, 0x60, 0x00, 0x00, 0xEF, 0xFF, 0xC0, 0x00, 0x6F, 0xFF, 0xF6, 0x00, 0x00, 0x0E, 0xFF,
  0xFC, 0x00, 0x06, 0xFF, 0xFF, 0x60, 0x00, 0x00, 0xEF, 0xFF, 0xC0, 0x00, 0x6F, 0xFF, 0xF6, 0x00, 0x00, 0x0E, 0xFF, 0xFC,
  0x00, 0x06, 0xFF, 0xFF, 0x60, 0x00, 0x00, 0xEF, 0xFF, 0xC0, 0x00, 0x6F, 0xFF, 0xF6, 0x00, 0x00, 0x0E, 0xFF, 0xFC, 0x00,
  0x06, 0xFF, 0xFF, 0x60, 0x00, 0x00, 0xEF, 0xFF, 0xC0, 0x00, 0x6F, 0xFF, 0xF6, 0x00, 0x00, 0x0E, 0xFF, 0xFC, 0x00, 0x06,
  0xFF, 0xFF, 0x60, 0x00, 0x00, 0xEF, 0xFF, 0xC0, 0x00, 0x6F, 0xFF, 0xF6, 0x00, 0x00, 0x0E, 0xFF, 0xFC, 0x00, 0x00, 0x00,
  0x00, 0x00, 0x00, 0x00, 0xEF, 0xFF, 0xB0, 0x00, 0x00, 0x00, 0x00, 0x00, 0x00, 0x1F, 0xFF, 0xFB, 0x00, 0x00, 0x00, 0x00,
  0x00, 0x00, 0x08, 0xFF, 0xFF, 0x80, 0x00, 0x00, 0x00, 0x00, 0x08, 0xDD, 0xFF, 0xFF, 0xF4, 0x00, 0x00, 0x00, 0x00, 0x00,
  0x9F, 0xFF, 0xFF, 0xFB, 0x00, 0x00, 0x00, 0x00, 0x00, 0x0A, 0xFF, 0xFF, 0xFC, 0x20, 0x00, 0x00, 0x00, 0x00, 0x00, 0x9E,
  0xFE, 0xC7, 0x10, 0x00, 0x00, 0x02, 0xC8, 0x10, 0x00, 0x0C, 0xFF, 0x90, 0x00, 0x7F, 0xFF, 0x20, 0x00, 0xDF, 0xFB, 0x00,
  0x03, 0xFF, 0xF8, 0x00, 0x05, 0xFF, 0xF6, 0x00, 0x06, 0xFF, 0xF6, 0x00, 0x06, 0xFF, 0xF6, 0x00, 0x00, 0x00, 0x00, 0x00,
  0x00, 0x00, 0x00, 0x00, 0x00, 0x00, 0x00, 0x00, 0x00, 0x00, 0x00, 0x00, 0x00, 0x00, 0x00, 0x00, 0x00, 0x00, 0x00, 0x00,
  0x00, 0x00, 0x00, 0x00, 0x00, 0x00, 0x00, 0x00, 0x00, 0x00, 0x00, 0x00, 0x00, 0x00, 0x00, 0x00, 0x00, 0x00, 0x00, 0x00,
  0x00, 0x00, 0x00, 0x00, 0x00, 0x00, 0x00, 0x00, 0x00, 0x00, 0x00, 0x00, 0x00, 0x00, 0x00, 0x00, 0x00, 0x00, 0x00, 0x00,
  0x00, 0x00, 0x00, 0x00, 0x00, 0xAF, 0xFF, 0x20, 0x00, 0xAF, 0xFF, 0x20, 0x00, 0xAF, 0xFF, 0x20, 0x00, 0xBF, 0xFF, 0x00,
  0x00, 0xDF, 0xFC, 0x00, 0x02, 0xFF, 0xF7, 0x00, 0x08, 0xFF, 0xE1, 0x00, 0x0D, 0xFF, 0x70, 0x00, 0x02, 0xA9, 0x00, 0x00,
  0x00, 0x00, 0x00, 0x00, 0x00, 0x00, 0x00, 0x00, 0x00, 0x00, 0x00, 0x00, 0x00, 0x00, 0x00, 0x00, 0x00, 0x00, 0x00, 0x00,
  0x00, 0x00, 0x00, 0x00, 0x00, 0x00, 0x00, 0x00, 0x00, 0x00, 0x00, 0x00, 0x00, 0x00, 0x00, 0x00, 0x00, 0x00, 0x00, 0x00,
  0x00, 0x00, 0x00, 0x00, 0x00, 0x00, 0x00, 0x00, 0x00, 0x00, 0x00, 0x00, 0x00, 0x00, 0x00, 0x00, 0x00, 0x00, 0x00, 0x00,
  0x00, 0x00, 0x00, 0x00, 0x00, 0x01, 0xB9, 0x20, 0x05, 0xD6, 0x00, 0x00, 0xAF, 0xFB, 0x03, 0xEF, 0xF4, 0x00, 0x5F, 0xFF,
  0x40, 0xBF, 0xFC, 0x00, 0x0B, 0xFF, 0xD0, 0x3F, 0xFF, 0x60, 0x01, 0xFF, 0xFA, 0x08, 0xFF, 0xF3, 0x00, 0x3F, 0xFF, 0x80,
  0xAF, 0xFF, 0x10, 0x04, 0xFF, 0xF8, 0x0B, 0xFF, 0xF0, 0x00, 0x4F, 0xFF, 0x80, 0xBF, 0xFF, 0x00, 0x00, 0x00, 0x00, 0x00,
  0x00, 0x00, 0x00, 0x00, 0x00, 0x00, 0x00, 0x00, 0x00, 0x00, 0x00, 0x00, 0x00, 0x00, 0x00, 0x00, 0x00, 0x00, 0x00, 0x00,
  0x00, 0x00, 0x00, 0x00, 0x00, 0x00, 0x00, 0x00, 0x00, 0x00, 0x00, 0x00, 0x00, 0x00, 0x00, 0x00, 0x00, 0x00, 0x00, 0x00,
  0x00, 0x00, 0x00, 0x00, 0x00, 0x00, 0x00, 0x00, 0x00, 0x00, 0x00, 0x00, 0x00, 0x00, 0x00, 0x00, 0x00, 0x00, 0x00, 0x00,
  0x00, 0x00, 0x00, 0x00, 0x00, 0x00, 0x00, 0x00, 0x00, 0x00, 0x00, 0x00, 0x00, 0x00, 0x00, 0x00, 0x00, 0x00, 0x00, 0x00,
  0x00, 0x00, 0x00, 0x00, 0x00, 0x00, 0x00, 0x00, 0x00, 0x00, 0x00, 0x00, 0x00, 0x00, 0x00, 0x00, 0x00, 0x00, 0x00, 0x00,
  0x00, 0x00, 0x00, 0x00, 0x00, 0x00, 0x00, 0x00, 0x7F, 0xFF, 0x50, 0xDF, 0xFE, 0x00, 0x07, 0xFF, 0xF5, 0x0D, 0xFF, 0xE0,
  0x00, 0x7F, 0xFF, 0x50, 0xDF, 0xFD, 0x00, 0x08, 0xFF, 0xF4, 0x0D, 0xFF, 0xC0, 0x00, 0xAF, 0xFE, 0x11, 0xFF, 0xFA, 0x00,
  0x0D, 0xFF, 0xA0, 0x5F, 0xFF, 0x50, 0x05, 0xFF, 0xF4, 0x0B, 0xFF, 0xC0, 0x00, 0xAF, 0xFA, 0x02, 0xFF, 0xF4, 0x00, 0x01,
  0x8B, 0x10, 0x03, 0xB7, 0x00, 0x00, 0x00, 0x00, 0x00, 0x00, 0x00, 0x00, 0x00, 0x00, 0x00, 0x00, 0x00, 0x00, 0x00, 0x00,
  0x00, 0x00, 0x00, 0x00, 0x00, 0x00, 0x00, 0x00, 0x00, 0x00, 0x00, 0x00, 0x00, 0x00, 0x00, 0x00, 0x00, 0x00, 0x00, 0x00,
  0x00, 0x00, 0x00, 0x00, 0x00, 0x00, 0x00, 0x00, 0x00, 0x00, 0x00, 0x00, 0x00, 0x00, 0x00, 0x00, 0x00, 0x00, 0x00, 0x00,
  0x00, 0x00, 0x00, 0x00, 0x00, 0x00, 0x00, 0x00, 0x00, 0x00, 0x00, 0x00, 0x00, 0x00, 0x00, 0x00, 0x00, 0x00, 0x00, 0x00,
  0x00, 0x00, 0x00, 0x00, 0x00, 0x00, 0x00, 0x00, 0x00, 0x00, 0x00, 0x00, 0x00, 0x00, 0x00, 0x00, 0x00, 0x00, 0x00, 0x00,
  0x00, 0x00, 0x00, 0x00, 0x00, 0x00, 0x00, 0x00, 0x00, 0x00, 0x00, 0x04, 0xCE, 0xEB, 0x30, 0x00, 0x00, 0x3F, 0xFF, 0xFF,
  0xF3, 0x00, 0x00, 0xAF, 0xFF, 0xFF, 0xFA, 0x00, 0x00, 0xDF, 0xFF, 0xFF, 0xFD, 0x00, 0x00, 0xDF, 0xFF, 0xFF, 0xFD, 0x00,
  0x00, 0xAF, 0xFF, 0xFF, 0xFA, 0x00, 0x00, 0x4F, 0xFF, 0xFF, 0xF4, 0x00, 0x00, 0x03, 0xBE, 0xEB, 0x30, 0x00, 0x00, 0x00,
  0x00, 0x00, 0x00, 0x00, 0x00, 0x00, 0x00, 0x00, 0x00, 0x00, 0x00, 0x00, 0x00, 0x00, 0x00, 0x00, 0x00, 0x00, 0x00, 0x00,
  0x00, 0x00, 0x00, 0x00, 0x00, 0x00, 0x00, 0x00, 0x00, 0x00, 0x00, 0x00, 0x00, 0x00, 0x00, 0x00, 0x00, 0x00, 0x00, 0x00,
  0x00, 0x00, 0x00, 0x00, 0x00, 0x00, 0x00, 0x9F, 0xFF, 0xFF, 0xFF, 0xFF, 0xFF, 0xFF, 0xFF, 0xF3, 0x00, 0x09, 0xFF, 0xFF,
  0xFF, 0xFF, 0xFF, 0xFF, 0xFF, 0xFF, 0x30, 0x00, 0x9F, 0xFF, 0xFF, 0xFF, 0xFF, 0xFF, 0xFF, 0xFF, 0xF3, 0x00, 0x07, 0xCC,
  0xCC, 0xCC, 0xCC, 0xCC, 0xCC, 0xCC, 0xCC, 0x20, 0x00, 0x00, 0x00, 0x00, 0x00, 0x00, 0x00, 0x00, 0x00, 0x00, 0x00, 0x00,
  0x00, 0x00, 0x00, 0x00, 0x00, 0x00, 0x00, 0x00, 0x00, 0x00, 0x00, 0x00, 0x00, 0x00, 0x00, 0x00, 0x00, 0x00, 0x00, 0x00,
  0x00, 0x00, 0x00, 0x00, 0x00, 0x00, 0x00, 0x00, 0x00, 0x00, 0x00, 0x00, 0x00, 0x00, 0x00, 0x00, 0x00, 0x00, 0x00, 0x00,
  0x00, 0x00, 0x00, 0x00, 0x00, 0x00, 0x00, 0x00, 0x00, 0x00, 0x00, 0x00, 0x00, 0x00, 0x00, 0x00, 0x00, 0x00, 0x00, 0x00,
  0x00, 0x00, 0x00, 0x00, 0x00, 0x00, 0x00, 0x00, 0x00, 0x00, 0x00, 0x00, 0x00, 0x00, 0x00, 0x00, 0x00, 0x00, 0x00, 0x00,
  0x00, 0x00, 0x00, 0x04, 0xFF, 0xFF, 0xFF, 0xFF, 0xFF, 0xFF, 0xFF, 0xFF, 0xFF, 0xFF, 0xFF, 0x00, 0x4F, 0xFF, 0xFF, 0xFF,
  0xFF, 0xFF, 0xFF, 0xFF, 0xFF, 0xFF, 0xFF, 0xF0, 0x04, 0xFF, 0xFF, 0xFF, 0xFF, 0xFF, 0xFF, 0xFF, 0xFF, 0xFF, 0xFF, 0xFF,
  0x00, 0x4C, 0xCC, 0xCC, 0xCC, 0xCC, 0xCC, 0xCC, 0xCC, 0xCC, 0xCC, 0xCC, 0xC0, 0x00, 0x00, 0x00, 0x00, 0x00, 0x00, 0x00,
  0x00, 0x00, 0x00, 0x00, 0x00, 0x00, 0x00, 0x00, 0x00, 0x00, 0x00, 0x00, 0x00, 0x00, 0x00, 0x00, 0x00, 0x00, 0x00, 0x00,
  0x00, 0x00, 0x00, 0x00, 0x00, 0x00, 0x00, 0x00, 0x00, 0x00, 0x00, 0x00, 0x00, 0x00, 0x00, 0x00, 0x00, 0x00, 0x00, 0x00,
  0x00, 0x00, 0x00, 0x00, 0x00, 0x00, 0x00, 0x00, 0x00, 0x00, 0x00, 0x00, 0x00, 0x00, 0x00, 0x00, 0x00, 0x00, 0x00, 0x00,
  0x00, 0x00, 0x00, 0x00, 0x00, 0x00, 0x00, 0x00, 0x00, 0x00, 0x00, 0x00, 0x00, 0x00, 0x00, 0x00, 0x00, 0x00, 0x00, 0x00,
  0x00, 0x00, 0x00, 0x00, 0x00, 0x00, 0x00, 0x00, 0x00, 0x00, 0x00, 0x00, 0x00, 0x00, 0x00, 0x00, 0x00, 0x00, 0x00, 0x00,
  0x00, 0x00, 0x00, 0x00, 0x00, 0x00, 0x03, 0xFF, 0xFF, 0xFF, 0x77, 0xFF, 0x50, 0x03, 0xFF, 0x70, 0x00, 0x2C, 0xCF, 0xFD,
  0xC6, 0x7F, 0xFA, 0x00, 0x8F, 0xF7, 0x00, 0x00, 0x00, 0xEF, 0x60, 0x07, 0xFF, 0xE0, 0x0C, 0xFF, 0x70, 0x00, 0x00, 0x0E,
  0xF6, 0x00, 0x7F, 0xEF, 0x43, 0xFE, 0xF7, 0x00, 0x00, 0x00, 0xEF, 0x60, 0x07, 0xFB, 0xE8, 0x8E, 0xAF, 0x70, 0x00, 0x00,
  0x0E, 0xF6, 0x00, 0x7F, 0xAA, 0xDC, 0xAA, 0xF7, 0x00, 0x00, 0x00, 0xEF, 0x60, 0x07, 0xFA, 0x6F, 0xF6, 0xAF, 0x70, 0x00,
  0x00, 0x0E, 0xF6, 0x00, 0x7F, 0xA1, 0xFF, 0x1A, 0xF7, 0x00, 0x00, 0x00, 0xEE, 0x60, 0x07, 0xFA, 0x0C, 0xC0, 0xAF, 0x70,
  0x00, 0x00, 0x00, 0x00, 0x00, 0x00, 0x00, 0x00, 0x00, 0x00, 0x00, 0x00, 0x00, 0x00, 0x00, 0x00, 0x00, 0x00, 0x00, 0x00,
  0x00, 0x00, 0x00, 0x00, 0x00, 0x00, 0x00, 0x00, 0x00, 0x00, 0x00, 0x00, 0x00, 0x00, 0x00, 0x00, 0x00, 0x00, 0x00, 0x00,
  0x00, 0x00, 0x00, 0x00, 0x00, 0x00, 0x00, 0x00, 0x00, 0x00, 0x00, 0x00, 0x00, 0x00, 0x00, 0x00, 0x00, 0x00, 0x00, 0x00,
  0x00, 0x00, 0x00, 0x00, 0x00, 0x00, 0x00, 0x00, 0x00, 0x00, 0x00, 0x00, 0x00, 0x00, 0x00, 0x00, 0x00, 0x00, 0x00, 0x00,
  0x00, 0x00, 0x00, 0x00, 0x00, 0x00, 0x00, 0x00, 0x00, 0x00, 0x00, 0x00, 0x00, 0x00, 0x00, 0x00, 0x00, 0x00, 0x00, 0x00,
  0x00, 0x00, 0x00, 0x00, 0x00, 0x00, 0x00, 0x00, 0x00, 0x00, 0x00, 0x00, 0x00, 0x00, 0x00, 0x00, 0x00, 0x00, 0x00, 0x00,
  0x00, 0x00, 0x00, 0x00, 0x00, 0x00, 0x00, 0x00, 0x00, 0x00, 0x00, 0x00, 0x00, 0x00, 0x00, 0x00, 0x00, 0x00, 0x00, 0x00,
  0x00, 0x00, 0x00, 0x00, 0x00, 0x00, 0x00, 0x00, 0x00, 0x00, 0x00, 0x00, 0x00, 0x00, 0x00, 0x00, 0x00, 0x00, 0x00, 0x04,
  0xFF, 0xFF, 0xFF, 0xFF, 0xFF, 0xFF, 0xC0, 0x00, 0x00, 0x00, 0x00, 0x00, 0x00, 0x05, 0xFF, 0xFF, 0xFF, 0xFF, 0xFF, 0xFF,
  0xC0, 0x00, 0x00, 0x00, 0x00, 0x00, 0x00, 0x05, 0xFF, 0xFF, 0xFF, 0xFF, 0xFF, 0xFF, 0xC0, 0x00, 0x00, 0x00, 0x00, 0x00,
  0x00, 0x06, 0xFF, 0xFF, 0xCC, 0xCC, 0xFF, 0xFF, 0xC0, 0x00, 0x00, 0x00, 0x00, 0x00, 0x00, 0x07, 0xFF, 0xFF, 0x30, 0x00,
  0xDF, 0xFF, 0xC0, 0x00, 0x00, 0x00, 0x00, 0x00, 0x00, 0x07, 0xFF, 0xFF, 0x20, 0x00, 0xDF, 0xFF, 0xC0, 0x00, 0x00, 0x00,
  0x00, 0x00, 0x00, 0x08, 0xFF, 0xFF, 0x10, 0x00, 0xDF, 0xFF, 0xFF, 0xFF, 0xFE, 0xC8, 0x20, 0x00, 0x00, 0x08, 0xFF, 0xFF,
  0x00, 0x00, 0xDF, 0xFF, 0xFF, 0xFF, 0xFF, 0xFF, 0xE7, 0x00, 0x00, 0x09, 0xFF, 0xFE, 0x00, 0x00, 0xDF, 0xFF, 0xFF, 0xFF,
  0xFF, 0xFF, 0xFF, 0x70, 0x00, 0x0A, 0xFF, 0xFD, 0x00, 0x00, 0xDF, 0xFF, 0xEC, 0xCC, 0xCE, 0xFF, 0xFF, 0xF2, 0x00, 0x0C,
  0xFF, 0xFC, 0x00, 0x00, 0xDF, 0xFF, 0xC0, 0x00, 0x01, 0xBF, 0xFF, 0xF7, 0x00, 0x0E, 0xFF, 0xFA, 0x00, 0x00, 0xDF, 0xFF,
  0xC0, 0x00, 0x00, 0x3F, 0xFF, 0xF9, 0x00, 0x4F, 0xFF, 0xF8, 0x00, 0x00, 0xDF, 0xFF, 0xC0, 0x00, 0x00, 0x3F, 0xFF, 0xF9,
  0x01, 0xCF, 0xFF, 0xF4, 0x00, 0x00, 0xDF, 0xFF, 0xC0, 0x00, 0x01, 0xBF, 0xFF, 0xF7, 0x9E, 0xFF, 0xFF, 0xE0, 0x00, 0x00,
  0xDF, 0xFF, 0xEB, 0xBB, 0xCE, 0xFF, 0xFF, 0xE2, 0xAF, 0xFF, 0xFF, 0x70, 0x00, 0x00, 0xDF, 0xFF, 0xFF, 0xFF, 0xFF, 0xFF,
  0xFF, 0x70, 0xAF, 0xFF, 0xFA, 0x00, 0x00, 0x00, 0xDF, 0xFF, 0xFF, 0xFF, 0xFF, 0xFF, 0xE7, 0x00, 0xAF, 0xEC, 0x60, 0x00,
  0x00, 0x00, 0xDF, 0xFF, 0xFF, 0xFF, 0xFE, 0xC8, 0x20, 0x00, 0x07, 0xFF, 0xA0, 0x00, 0x00, 0x00, 0xDF, 0xF6, 0x00, 0x00,
  0x00, 0x4F, 0xFE, 0x30, 0x00, 0x00, 0x0A, 0xFF, 0xC0, 0x00, 0x00, 0x02, 0xEF, 0xF8, 0x00, 0x00, 0x00, 0x8F, 0xFF, 0x40,
  0x00, 0x00, 0x1E, 0xFF, 0xB0, 0x00, 0x00, 0x7F, 0xFF, 0x40, 0x00, 0x02, 0xEF, 0xF8, 0x00, 0x00, 0x0A, 0xFF, 0xC0, 0x00,
  0x00, 0x4F, 0xFE, 0x30, 0x00, 0x00, 0xCF, 0xF6, 0x00, 0x00, 0x07, 0xFF, 0xA0, 0x00, 0x00, 0x00, 0x00, 0x00, 0x00, 0x00,
  0x00, 0x00, 0x00, 0x00, 0x00, 0x04, 0xFF, 0xFF, 0x80, 0x00, 0x00, 0xCF, 0xFF, 0xE0, 0x00, 0x00, 0x00, 0x00, 0x00, 0x04,
  0xFF, 0xFF, 0x80, 0x00, 0x00, 0xCF, 0xFF, 0xE0, 0x00, 0x00, 0x00, 0x00, 0x00, 0x04, 0xFF, 0xFF, 0x80, 0x00, 0x00, 0xCF,
  0xFF, 0xE0, 0x00, 0x00, 0x00, 0x00, 0x00, 0x04, 0xFF, 0xFF, 0x80, 0x00, 0x00, 0xCF, 0xFF, 0xE0, 0x00, 0x00, 0x00, 0x00,
  0x00, 0x04, 0xFF, 0xFF, 0x80, 0x00, 0x00, 0xCF, 0xFF, 0xE0, 0x00, 0x00, 0x00, 0x00, 0x00, 0x04, 0xFF, 0xFF, 0x80, 0x00,
  0x00, 0xCF, 0xFF, 0xE0, 0x00, 0x00, 0x00, 0x00, 0x00, 0x04, 0xFF, 0xFF, 0xFF, 0xFF, 0xFF, 0xFF, 0xFF, 0xFF, 0xFF, 0xFE,
  0xC8, 0x30, 0x00, 0x04, 0xFF, 0xFF, 0xFF, 0xFF, 0xFF, 0xFF, 0xFF, 0xFF, 0xFF, 0xFF, 0xFF, 0xF8, 0x00, 0x04, 0xFF, 0xFF,
  0xFF, 0xFF, 0xFF, 0xFF, 0xFF, 0xFF, 0xFF, 0xFF, 0xFF, 0xFF, 0x90, 0x04, 0xFF, 0xFF, 0xDC, 0xCC, 0xCC, 0xEF, 0xFF, 0xFC,
  0xCC, 0xCE, 0xFF, 0xFF, 0xF3, 0x04, 0xFF, 0xFF, 0x80, 0x00, 0x00, 0xCF, 0xFF, 0xE0, 0x00, 0x01, 0xAF, 0xFF, 0xF9, 0x04,
  0xFF, 0xFF, 0x80, 0x00, 0x00, 0xCF, 0xFF, 0xE0, 0x00, 0x00, 0x1F, 0xFF, 0xFB, 0x04, 0xFF, 0xFF, 0x80, 0x00, 0x00, 0xCF,
  0xFF, 0xE0, 0x00, 0x00, 0x1F, 0xFF, 0xFB, 0x04, 0xFF, 0xFF, 0x80, 0x00, 0x00, 0xCF, 0xFF, 0xE0, 0x00, 0x01, 0xAF, 0xFF,
  0xF9, 0x04, 0xFF, 0xFF, 0x80, 0x00, 0x00, 0xCF, 0xFF, 0xFB, 0xBB, 0xCE, 0xFF, 0xFF, 0xF3, 0x04, 0xFF, 0xFF, 0x80, 0x00,
  0x00, 0xCF, 0xFF, 0xFF, 0xFF, 0xFF, 0xFF, 0xFF, 0x90, 0x04, 0xFF, 0xFF, 0x80, 0x00, 0x00, 0xCF, 0xFF, 0xFF, 0xFF, 0xFF,
  0xFF, 0xF8, 0x00, 0x04, 0xFF, 0xFF, 0x80, 0x00, 0x00, 0xCF, 0xFF, 0xFF, 0xFF, 0xFE, 0xC8, 0x20, 0x00, 0x00, 0x00, 0x00,
  0x00, 0x03, 0xEF, 0xFF, 0xD1, 0x00, 0x00, 0x00, 0x00, 0x00, 0x00, 0xCF, 0xFF, 0xE2, 0x00, 0x00, 0x00, 0x00, 0x00, 0x00,
  0x8F, 0xFF, 0xE3, 0x00, 0x00, 0x00, 0x00, 0x00, 0x00, 0x4F, 0xFF, 0xF5, 0x00, 0x00, 0x00, 0x00, 0x00, 0x00, 0x07, 0xBD,
  0xE6, 0x00, 0x00, 0x00, 0x00, 0x00, 0x00, 0x00, 0x00, 0x00, 0x00, 0x00, 0x00, 0x00, 0x00, 0x00, 0x00, 0x00, 0x00, 0x00,
  0x00, 0x00, 0x00, 0x00, 0x0E, 0xFF, 0xFC, 0x00, 0x00, 0x2E, 0xFF, 0xFF, 0xC0, 0x00, 0xEF, 0xFF, 0xC0, 0x00, 0x0A, 0xFF,
  0xFF, 0xF3, 0x00, 0x0E, 0xFF, 0xFC, 0x00, 0x03, 0xFF, 0xFF, 0xF8, 0x00, 0x00, 0xEF, 0xFF, 0xC0, 0x00, 0xBF, 0xFF, 0xFC,
  0x00, 0x00, 0x0E, 0xFF, 0xFC, 0x00, 0x4F, 0xFF, 0xFF, 0x30, 0x00, 0x00, 0xEF, 0xFF, 0xC0, 0x0C, 0xFF, 0xFF, 0x80, 0x00,
  0x00, 0x0E, 0xFF, 0xFC, 0x06, 0xFF, 0xFF, 0xD1, 0x00, 0x00, 0x00, 0xEF, 0xFF, 0xFF, 0xFF, 0xFF, 0xF4, 0x00, 0x00, 0x00,
  0x0E, 0xFF, 0xFF, 0xFF, 0xFF, 0xFA, 0x00, 0x00, 0x00, 0x00, 0xEF, 0xFF, 0xFF, 0xFF, 0xFF, 0xD1, 0x00, 0x00, 0x00, 0x0E,
  0xFF, 0xFF, 0xFF, 0xFF, 0xFF, 0x90, 0x00, 0x00, 0x00, 0xEF, 0xFF, 0xD8, 0x9F, 0xFF, 0xFF, 0x50, 0x00, 0x00, 0x0E, 0xFF,
  0xFC, 0x00, 0xCF, 0xFF, 0xFD, 0x10, 0x00, 0x00, 0xEF, 0xFF, 0xC0, 0x04, 0xFF, 0xFF, 0xFA, 0x00, 0x00, 0x0E, 0xFF, 0xFC,
  0x00, 0x0A, 0xFF, 0xFF, 0xF5, 0x00, 0x00, 0xEF, 0xFF, 0xC0, 0x00, 0x2E, 0xFF, 0xFF, 0xD1, 0x00, 0x0E, 0xFF, 0xFC, 0x00,
  0x00, 0x8F, 0xFF, 0xFF, 0xA0, 0x00, 0xEF, 0xFF, 0xC0, 0x00, 0x01, 0xDF, 0xFF, 0xFF, 0x50, 0x00, 0x6F, 0xFF, 0xF6, 0x00,
  0x00, 0x00, 0x00, 0x00, 0x00, 0x00, 0x6F, 0xFF, 0xF6, 0x00, 0x00, 0x00, 0x00, 0x00, 0x00, 0xAF, 0xFF, 0xFF, 0xFF, 0xFF,
  0xFB, 0x00, 0x00, 0x00, 0x00, 0xAF, 0xFF, 0xFF, 0xFF, 0xFF, 0xFB, 0x00, 0x00, 0x00, 0x00, 0x9E, 0xFF, 0xFF, 0xFF, 0xEE,
  0xEA, 0x00, 0x00, 0x00, 0x00, 0x00, 0x6F, 0xFF, 0xF6, 0x00, 0x00, 0x00, 0x00, 0x00, 0x00, 0x00, 0x6F, 0xFF, 0xF6, 0x00,
  0x00, 0x00, 0x00, 0x00, 0x00, 0x00, 0x6F, 0xFF, 0xF6, 0x17, 0xCE, 0xED, 0x92, 0x00, 0x00, 0x00, 0x6F, 0xFF, 0xF7, 0xDF,
  0xFF, 0xFF, 0xFE, 0x30, 0x00, 0x00, 0x6F, 0xFF, 0xFF, 0xFF, 0xFF, 0xFF, 0xFF, 0xC0, 0x00, 0x00, 0x6F, 0xFF, 0xFF, 0xFD,
  0xDE, 0xFF, 0xFF, 0xF4, 0x00, 0x00, 0x6F, 0xFF, 0xFE, 0x50, 0x01, 0xBF, 0xFF, 0xF8, 0x00, 0x00, 0x6F, 0xFF, 0xF7, 0x00,
  0x00, 0x2F, 0xFF, 0xFA, 0x00, 0x00, 0x6F, 0xFF, 0xF6, 0x00, 0x00, 0x0E, 0xFF, 0xFB, 0x00, 0x00, 0x6F, 0xFF, 0xF6, 0x00,
  0x00, 0x0E, 0xFF, 0xFC, 0x00, 0x00, 0x6F, 0xFF, 0xF6, 0x00, 0x00, 0x0E, 0xFF, 0xFC, 0x00, 0x00, 0x6F, 0xFF, 0xF6, 0x00,
  0x00, 0x0E, 0xFF, 0xFC, 0x00, 0x00, 0x6F, 0xFF, 0xF6, 0x00, 0x00, 0x0E, 0xFF, 0xFC, 0x00, 0x00, 0x6F, 0xFF, 0xF6, 0x00,
  0x00, 0x0E, 0xFF, 0xFC, 0x00, 0x00, 0x6F, 0xFF, 0xF6, 0x00, 0x00, 0x0E, 0xFF, 0xFC, 0x00, 0x00, 0x6F, 0xFF, 0xF6, 0x00,
  0x00, 0x0E, 0xFF, 0xFC, 0x00, 0x00, 0x6F, 0xFF, 0xF6, 0x00, 0x00, 0x0E, 0xFF, 0xFC, 0x00, 0x00, 0x6F, 0xFF, 0xF6, 0x00,
  0x00, 0x0E, 0xFF, 0xFC, 0x00, 0x00, 0x6F, 0xFF, 0xF6, 0x00, 0x00, 0x0E, 0xFF, 0xFC, 0x00, 0x00, 0x6F, 0xFF, 0xF6, 0x00,
  0x00, 0x0E, 0xFF, 0xFC, 0x00, 0x04, 0xFF, 0xFF, 0x80, 0x00, 0x00, 0xBF, 0xFF, 0xE0, 0x00, 0x4F, 0xFF, 0xF8, 0x00, 0x00,
  0x0B, 0xFF, 0xFE, 0x00, 0x04, 0xFF, 0xFF, 0x80, 0x00, 0x00, 0xBF, 0xFF, 0xE0, 0x00, 0x4F, 0xFF, 0xF8, 0x00, 0x00, 0x0B,
  0xFF, 0xFE, 0x00, 0x04, 0xFF, 0xFF, 0x80, 0x00, 0x00, 0xBF, 0xFF, 0xE0, 0x00, 0x4F, 0xFF, 0xF8, 0x00, 0x00, 0x0B, 0xFF,
  0xFE, 0x00, 0x04, 0xFF, 0xFF, 0x80, 0x00, 0x00, 0xBF, 0xFF, 0xE0, 0x00, 0x4F, 0xFF, 0xF8, 0x00, 0x00, 0x0B, 0xFF, 0xFE,
  0x00, 0x04, 0xFF, 0xFF, 0x80, 0x00, 0x00, 0xBF, 0xFF, 0xE0, 0x00, 0x4F, 0xFF, 0xF8, 0x00, 0x00, 0x0B, 0xFF, 0xFE, 0x00,
  0x04, 0xFF, 0xFF, 0x80, 0x00, 0x00, 0xBF, 0xFF, 0xE0, 0x00, 0x4F, 0xFF, 0xF8, 0x00, 0x00, 0x0B, 0xFF, 0xFE, 0x00, 0x04,
  0xFF, 0xFF, 0x80, 0x00, 0x00, 0xBF, 0xFF, 0xE0, 0x00, 0x4F, 0xFF, 0xF8, 0x00, 0x00, 0x0B, 0xFF, 0xFE, 0x00, 0x04, 0xFF,
  0xFF, 0xDC, 0xCC, 0xCC, 0xEF, 0xFF, 0xE0, 0x00, 0x4F, 0xFF, 0xFF, 0xFF, 0xFF, 0xFF, 0xFF, 0xFE, 0x00, 0x04, 0xFF, 0xFF,
  0xFF, 0xFF, 0xFF, 0xFF, 0xFF, 0xE0, 0x00, 0x4F, 0xFF, 0xFF, 0xFF, 0xFF, 0xFF, 0xFF, 0xFE, 0x00, 0x00, 0x00, 0x00, 0x0E,
  0xFF, 0xFB, 0x00, 0x00, 0x00, 0x00, 0x00, 0x00, 0x00, 0xEF, 0xFF, 0xB0, 0x00, 0x00, 0x00, 0x00, 0x00, 0x00, 0x0E, 0xFF,
  0xFB, 0x00, 0x00, 0x00, 0x00, 0x00, 0x00, 0x00, 0xEF, 0xFF, 0xB0, 0x00, 0x00, 0x00, 0x00, 0x00, 0x00, 0x0E, 0xFF, 0xFB,
  0x00, 0x00, 0x00, 0x00, 0x00, 0x00, 0x00, 0xEF, 0xFF, 0xB0, 0x00, 0x00, 0x00, 0x00, 0x00, 0x0C, 0xFF, 0xA0, 0x00, 0x1F,
  0xFF, 0x60, 0x00, 0x00, 0x00, 0x00, 0x9F, 0xFE, 0x20, 0x08, 0xFF, 0xF3, 0x00, 0x00, 0x00, 0x00, 0x03, 0xFF, 0xFE, 0xBC,
  0xFF, 0xFB, 0x00, 0x00, 0x00, 0x00, 0x00, 0x07, 0xFF, 0xFF, 0xFF, 0xFD, 0x20, 0x00, 0x00, 0x00, 0x00, 0x00, 0x04, 0xAE,
  0xFE, 0xC8, 0x10, 0x00, 0x00, 0x00, 0x00, 0x00, 0x00, 0x00, 0x00, 0x00, 0x00, 0x00, 0x00, 0x00, 0x5F, 0xFF, 0xFE, 0x10,
  0x00, 0x00, 0x00, 0x2F, 0xFF, 0xFF, 0x30, 0xCF, 0xFF, 0xF7, 0x00, 0x00, 0x00, 0x07, 0xFF, 0xFF, 0xC0, 0x05, 0xFF, 0xFF,
  0xD0, 0x00, 0x00, 0x00, 0xCF, 0xFF, 0xF6, 0x00, 0x0C, 0xFF, 0xFF, 0x60, 0x00, 0x00, 0x3F, 0xFF, 0xFE, 0x10, 0x00, 0x5F,
  0xFF, 0xFC, 0x00, 0x00, 0x09, 0xFF, 0xFF, 0x80, 0x00, 0x00, 0xDF, 0xFF, 0xF5, 0x00, 0x01, 0xEF, 0xFF, 0xF2, 0x00, 0x00,
  0x06, 0xFF, 0xFF, 0xB0, 0x00, 0x6F, 0xFF, 0xFB, 0x00, 0x00, 0x00, 0x0D, 0xFF, 0xFF, 0x40, 0x0B, 0xFF, 0xFF, 0x40, 0x00,
  0x00, 0x00, 0x6F, 0xFF, 0xFA, 0x02, 0xFF, 0xFF, 0xD0, 0x00, 0x00, 0x00, 0x00, 0xDF, 0xFF, 0xF3, 0x8F, 0xFF, 0xF7, 0x00,
  0x00, 0x00, 0x00, 0x07, 0xFF, 0xFF, 0x9D, 0xFF, 0xFE, 0x10, 0x00, 0x00, 0x00, 0x00, 0x1D, 0xFF, 0xFF, 0xFF, 0xFF, 0x90,
  0x00, 0x00, 0x00, 0x00, 0x00, 0x7F, 0xFF, 0xFF, 0xFF, 0xF3, 0x00, 0x00, 0x00, 0x00, 0x00, 0x01, 0xEF, 0xFF, 0xFF, 0xFB,
  0x00, 0x00, 0x00, 0x00, 0x00, 0x00, 0x07, 0xFF, 0xFF, 0xFF, 0x50, 0x00, 0x00, 0x00, 0x00, 0x00, 0x00, 0x1E, 0xFF, 0xFF,
  0xD0, 0x00, 0x00, 0x00, 0x00, 0x00, 0x00, 0x00, 0x8F, 0xFF, 0xF8, 0x00, 0x00, 0x00, 0x00, 0x00, 0x00, 0x00, 0x08, 0xFF,
  0xFF, 0x20, 0x00, 0x00, 0x00, 0x00, 0x00, 0x00, 0x01, 0xEF, 0xFF, 0xA0, 0x00, 0x00, 0x00, 0x00, 0x00, 0x00, 0x01, 0xAF,
  0xFF, 0xF4, 0x00, 0x00, 0x00, 0x00, 0x00, 0x00, 0xBE, 0xFF, 0xFF, 0xFB, 0x00, 0x00, 0x00, 0x00, 0x00, 0x00, 0x0C, 0xFF,
  0xFF, 0xFE, 0x20, 0x00, 0x00, 0x00, 0x00, 0x00, 0x00, 0xCF, 0xFF, 0xFE, 0x40, 0x00, 0x00, 0x00, 0x00, 0x00, 0x00, 0x0B,
  0xFE, 0xD8, 0x20, 0x00, 0x00, 0x00, 0x00, 0x00, 0x00, 0x3F, 0xFF, 0x40, 0x00, 0x8F, 0xFE, 0x00, 0x00, 0x01, 0xEF, 0xFA,
  0x00, 0x1D, 0xFF, 0xC0, 0x00, 0x00, 0x09, 0xFF, 0xFD, 0xBE, 0xFF, 0xF6, 0x00, 0x00, 0x00, 0x1B, 0xFF, 0xFF, 0xFF, 0xF8,
  0x00, 0x00, 0x00, 0x00, 0x07, 0xCE, 0xFE, 0xB5, 0x00, 0x00, 0x00, 0x00, 0x00, 0x00, 0x00, 0x00, 0x00, 0x00, 0x00, 0x00,
  0x00, 0x00, 0x00, 0x00, 0x00, 0x00, 0x00, 0x0C, 0xFF, 0xFF, 0x40, 0x00, 0x00, 0xAF, 0xFF, 0xF6, 0x8F, 0xFF, 0xF8, 0x00,
  0x00, 0x0E, 0xFF, 0xFE, 0x12, 0xFF, 0xFF, 0xC0, 0x00, 0x04, 0xFF, 0xFF, 0xB0, 0x0C, 0xFF, 0xFF, 0x20, 0x00, 0x8F, 0xFF,
  0xF6, 0x00, 0x7F, 0xFF, 0xF6, 0x00, 0x0C, 0xFF, 0xFE, 0x10, 0x02, 0xFF, 0xFF, 0xB0, 0x02, 0xFF, 0xFF, 0xA0, 0x00, 0x0C,
  0xFF, 0xFE, 0x00, 0x7F, 0xFF, 0xF5, 0x00, 0x00, 0x7F, 0xFF, 0xF5, 0x0B, 0xFF, 0xFE, 0x10, 0x00, 0x02, 0xFF, 0xFF, 0x90,
  0xEF, 0xFF, 0xA0, 0x00, 0x00, 0x0B, 0xFF, 0xFD, 0x5F, 0xFF, 0xF5, 0x00, 0x00, 0x00, 0x7F, 0xFF, 0xFB, 0xFF, 0xFE, 0x00,
  0x00, 0x00, 0x01, 0xFF, 0xFF, 0xFF, 0xFF, 0xA0, 0x00, 0x00, 0x00, 0x0B, 0xFF, 0xFF, 0xFF, 0xF5, 0x00, 0x00, 0x00, 0x00,
  0x6F, 0xFF, 0xFF, 0xFE, 0x00, 0x00, 0x00, 0x00, 0x01, 0xFF, 0xFF, 0xFF, 0x90, 0x00, 0x00, 0x00, 0x00, 0x0B, 0xFF, 0xFF,
  0xF4, 0x00, 0x00, 0x00, 0x00, 0x00, 0x6F, 0xFF, 0xFE, 0x00, 0x00, 0x00, 0x00, 0x00, 0x01, 0xEF, 0xFF, 0x90, 0x00, 0x00,
  0x00, 0x00, 0x00, 0x2F, 0xFF, 0xF4, 0x00, 0x00, 0x00, 0x00, 0x00, 0x08, 0xFF, 0xFD, 0x00, 0x00, 0x00, 0x00, 0x00, 0x04,
  0xEF, 0xFF, 0x90, 0x00, 0x00, 0x00, 0x02, 0xDE, 0xFF, 0xFF, 0xF3, 0x00, 0x00, 0x00, 0x00, 0x2F, 0xFF, 0xFF, 0xF9, 0x00,
  0x00, 0x00, 0x00, 0x02, 0xFF, 0xFF, 0xFB, 0x10, 0x00, 0x00, 0x00, 0x00, 0x1D, 0xFE, 0xC7, 0x00, 0x00, 0x00, 0x00, 0x00,
  0x00, 0x00, 0x00, 0x00, 0x00, 0x08, 0xFF, 0xFF, 0x70, 0x00, 0x00, 0x00, 0x00, 0x00, 0x08, 0xFF, 0xFF, 0x70, 0x00, 0x00,
  0x00, 0x00, 0x00, 0x08, 0xFF, 0xFF, 0x70, 0x00, 0x00, 0x00, 0x00, 0x00, 0x08, 0xFF, 0xFF, 0x70, 0x00, 0x00, 0x00, 0x00,
  0x00, 0x08, 0xFF, 0xFF, 0x70, 0x00, 0x00, 0x00, 0x00, 0x00, 0x08, 0xFF, 0xFF, 0x70, 0x00, 0x00, 0x00, 0x00, 0x00, 0x08,
  0xFF, 0xFF, 0x70, 0x00, 0x00, 0x00, 0x00, 0x00, 0x08, 0xFF, 0xFF, 0x70, 0x00, 0x00, 0x00, 0x00, 0x00, 0x08, 0xFF, 0xFF,
  0x70, 0x00, 0x00, 0x00, 0x00, 0x00, 0x08, 0xFF, 0xFF, 0x70, 0x00, 0x00, 0x00, 0x00, 0x00, 0x08, 0xFF, 0xFF, 0x70, 0x00,
  0x00, 0x00, 0x00, 0x00, 0x08, 0xFF, 0xFF, 0x70, 0x00, 0x00, 0x00, 0x00, 0x00, 0x08, 0xFF, 0xFF, 0x70, 0x00, 0x00, 0x00,
  0x00, 0x00, 0x08, 0xFF, 0xFF, 0x70, 0x00, 0x00, 0x00, 0x00, 0x00, 0x08, 0xFF, 0xFF, 0x70, 0x00, 0x00, 0x00, 0x00, 0x00,
  0x08, 0xFF, 0xFF, 0x70, 0x25, 0x55, 0x53, 0x00, 0x00, 0x08, 0xFF, 0xFF, 0x60, 0x5F, 0xFF, 0xFA, 0x00, 0x00, 0x0A, 0xFF,
  0xFF, 0x50, 0x4F, 0xFF, 0xFD, 0x00, 0x00, 0x1E, 0xFF, 0xFF, 0x20, 0x0E, 0xFF, 0xFF, 0x91, 0x02, 0xBF, 0xFF, 0xFC, 0x00,
  0x08, 0xFF, 0xFF, 0xFF, 0xEF, 0xFF, 0xFF, 0xF5, 0x00, 0x01, 0xCF, 0xFF, 0xFF, 0xFF, 0xFF, 0xFF, 0x90, 0x00, 0x00, 0x1B,
  0xFF, 0xFF, 0xFF, 0xFF, 0xF7, 0x00, 0x00, 0x00, 0x00, 0x4A, 0xDE, 0xFE, 0xC8, 0x20, 0x00, 0x00, 0x00, 0x04, 0x00, 0x00,
  0x00, 0x00, 0x00, 0x00, 0x00, 0x05, 0x00, 0x00, 0x07, 0xF9, 0x00, 0x39, 0xCE, 0xFE, 0xC8, 0x20, 0x09, 0xF7, 0x00, 0x06,
  0xFF, 0xF9, 0x9F, 0xFF, 0xFF, 0xFF, 0xFF, 0x99, 0xFF, 0xF6, 0x00, 0x3D, 0xFF, 0xFF, 0xFF, 0xFF, 0xFF, 0xFF, 0xFF, 0xFF,
  0xFE, 0x30, 0x00, 0x3E, 0xFF, 0xFF, 0xD7, 0x42, 0x47, 0xDF, 0xFF, 0xFE, 0x30, 0x00, 0x00, 0xAF, 0xFF, 0x80, 0x00, 0x00,
  0x00, 0x9F, 0xFF, 0x80, 0x00, 0x00, 0x3F, 0xFF, 0x80, 0x00, 0x00, 0x00, 0x00, 0x9F, 0xFE, 0x20, 0x00, 0x09, 0xFF, 0xC0,
  0x00, 0x00, 0x00, 0x00, 0x01, 0xDF, 0xF8, 0x00, 0x00, 0xDF, 0xF6, 0x00, 0x00, 0x00, 0x00, 0x00, 0x07, 0xFF, 0xC0, 0x00,
  0x1F, 0xFF, 0x10, 0x00, 0x00, 0x00, 0x00, 0x00, 0x3F, 0xFE, 0x00, 0x02, 0xFF, 0xE0, 0x00, 0x00, 0x00, 0x00, 0x00, 0x00,
  0xFF, 0xF0, 0x00, 0x2F, 0xFE, 0x00, 0x00, 0x00, 0x00, 0x00, 0x00, 0x0F, 0xFF, 0x00, 0x01, 0xFF, 0xF1, 0x00, 0x00, 0x00,
  0x00, 0x00, 0x03, 0xFF, 0xE0, 0x00, 0x0D, 0xFF, 0x60, 0x00, 0x00, 0x00, 0x00, 0x00, 0x7F, 0xFC, 0x00, 0x00, 0x9F, 0xFC,
  0x00, 0x00, 0x00, 0x00, 0x00, 0x1D, 0xFF, 0x70, 0x00, 0x03, 0xFF, 0xF8, 0x00, 0x00, 0x00, 0x00, 0x09, 0xFF, 0xE2, 0x00,
  0x00, 0x0B, 0xFF, 0xF8, 0x00, 0x00, 0x00, 0x09, 0xFF, 0xFA, 0x00, 0x00, 0x07, 0xFF, 0xFF, 0xFD, 0x74, 0x24, 0x7D, 0xFF,
  0xFF, 0xF7, 0x00, 0x06, 0xFF, 0xFF, 0xFF, 0xFF, 0xFF, 0xFF, 0xFF, 0xFF, 0xFF, 0xF6, 0x00, 0x3D, 0xFE, 0x59, 0xFF, 0xFF,
  0xFF, 0xFF, 0xF8, 0x5E, 0xFD, 0x30, 0x00, 0x3D, 0x40, 0x02, 0x9C, 0xEF, 0xEC, 0x82, 0x00, 0x4D, 0x30, 0x00, 0x00, 0x00,
  0x00, 0x00, 0x00, 0x00, 0x00, 0x00, 0x00, 0x00, 0x00, 0x00, 0x00, 0x00, 0x00, 0x00, 0x00, 0x1F, 0xFF, 0xFA, 0x00, 0x00,
  0x00, 0x00, 0x00, 0x00, 0x1F, 0xFF, 0xFA, 0x00, 0x00, 0x00, 0x00, 0x00, 0x00, 0x1F, 0xFF, 0xFA, 0x00, 0x00, 0x00, 0x00,
  0x00, 0x00, 0x1F, 0xFF, 0xFA, 0x00, 0x00, 0x00, 0x00, 0x00, 0x00, 0x1F, 0xFF, 0xFA, 0x00, 0x00, 0x00, 0x00, 0x00, 0x00,
  0x1F, 0xFF, 0xFA, 0x00, 0xEF, 0xFF, 0xFF, 0xFF, 0xFF, 0xFF, 0xFF, 0xFA, 0x00, 0xEF, 0xFF, 0xFF, 0xFF, 0xFF, 0xFF, 0xFF,
  0xFA, 0x00, 0xEF, 0xFF, 0xFF, 0xFF, 0xFF, 0xFF, 0xFF, 0xFA, 0x00, 0xEF, 0xFF, 0xFE, 0xEE, 0xEE, 0xEE, 0xEE, 0xE9, 0x00,
  0xEF, 0xFF, 0xE0, 0x00, 0x00, 0x00, 0x00, 0x00, 0x00, 0xEF, 0xFF, 0xE0, 0x00, 0x00, 0x00, 0x00, 0x00, 0x00, 0xEF, 0xFF,
  0xE0, 0x00, 0x00, 0x00, 0x00, 0x00, 0x00, 0xEF, 0xFF, 0xE0, 0x00, 0x00, 0x00, 0x00, 0x00, 0x00, 0xEF, 0xFF, 0xE0, 0x00,
  0x00, 0x00, 0x00, 0x00, 0x00, 0xEF, 0xFF, 0xE0, 0x00, 0x00, 0x00, 0x00, 0x00, 0x00, 0xEF, 0xFF, 0xE0, 0x00, 0x00, 0x00,
  0x00, 0x00, 0x00, 0xEF, 0xFF, 0xE0, 0x00, 0x00, 0x00, 0x00, 0x00, 0x00, 0xEF, 0xFF, 0xE0, 0x00, 0x00, 0x00, 0x00, 0x00,
  0x00, 0xEF, 0xFF, 0xE0, 0x00, 0x00, 0x00, 0x00, 0x00, 0x00, 0xEF, 0xFF, 0xE0, 0x00, 0x00, 0x00, 0x00, 0x00, 0x00, 0xEF,
  0xFF, 0xE0, 0x00, 0x00, 0x00, 0x00, 0x00, 0x00, 0xEF, 0xFF, 0xE0, 0x00, 0x00, 0x00, 0x00, 0x00, 0x00, 0xEF, 0xFF, 0xE0,
  0x00, 0x00, 0x00, 0x00, 0x00, 0x00, 0xEF, 0xFF, 0xE0, 0x00, 0x00, 0x00, 0x00, 0x00, 0x00, 0xEF, 0xFF, 0xE0, 0x00, 0x00,
  0x00, 0x00, 0x00, 0x00, 0xEF, 0xFF, 0xE0, 0x00, 0x00, 0x00, 0x00, 0x00, 0x00, 0xEF, 0xFF, 0xE0, 0x00, 0x00, 0x00, 0x00,
  0x00, 0x00, 0xEF, 0xFF, 0xE0, 0x00, 0x00, 0x00, 0x00, 0x00, 0x00, 0xEF, 0xFF, 0xE0, 0x00, 0x00, 0x00, 0x00, 0x00, 0x00,
  0xEF, 0xFF, 0x50, 0x00, 0xEF, 0xFF, 0x50, 0x00, 0xEF, 0xFF, 0x50, 0x00, 0xEF, 0xFF, 0x50, 0x00, 0xEF, 0xFF, 0x50, 0x00,
  0xEF, 0xFF, 0x50, 0x00, 0xEF, 0xFF, 0x50, 0x00, 0xEF, 0xFF, 0x50, 0x00, 0xEF, 0xFF, 0x50, 0x00, 0xEF, 0xFF, 0x50, 0x00,
  0xEF, 0xFF, 0x50, 0x00, 0xEF, 0xFF, 0x50, 0x00, 0xEF, 0xFF, 0x50, 0x00, 0x00, 0x00, 0x00, 0x00, 0x00, 0x00, 0x00, 0x00,
  0x00, 0x00, 0x00, 0x00, 0xEF, 0xFF, 0x50, 0x00, 0xEF, 0xFF, 0x50, 0x00, 0xEF, 0xFF, 0x50, 0x00, 0xEF, 0xFF, 0x50, 0x00,
  0xEF, 0xFF, 0x50, 0x00, 0xEF, 0xFF, 0x50, 0x00, 0xEF, 0xFF, 0x50, 0x00, 0xEF, 0xFF, 0x50, 0x00, 0xEF, 0xFF, 0x50, 0x00,
  0xEF, 0xFF, 0x50, 0x00, 0xEF, 0xFF, 0x50, 0x00, 0xEF, 0xFF, 0x50, 0x00, 0x00, 0x02, 0x8B, 0xDE, 0xFE, 0xDA, 0x50, 0x00,
  0x00, 0x00, 0x00, 0x08, 0xFF, 0xFF, 0xFF, 0xFF, 0xFF, 0xD4, 0x00, 0x00, 0x00, 0x0A, 0xFF, 0xFF, 0xFF, 0xFF, 0xFF, 0xFF,
  0xE4, 0x00, 0x00, 0x07, 0xFF, 0xFF, 0xFF, 0xDC, 0xEF, 0xFF, 0xFF, 0xD0, 0x00, 0x00, 0xCF, 0xFF, 0xF8, 0x10, 0x00, 0x6E,
  0xFF, 0xFF, 0x50, 0x00, 0x0F, 0xFF, 0xFC, 0x00, 0x00, 0x00, 0x6F, 0xFF, 0xF9, 0x00, 0x01, 0xFF, 0xFF, 0xB0, 0x00, 0x00,
  0x01, 0xDD, 0xDD, 0x90, 0x00, 0x0E, 0xFF, 0xFF, 0x40, 0x00, 0x00, 0x00, 0x00, 0x00, 0x00, 0x00, 0xAF, 0xFF, 0xFF, 0xB6,
  0x10, 0x00, 0x00, 0x00, 0x00, 0x00, 0x02, 0xEF, 0xFF, 0xFF, 0xFF, 0xB8, 0x30, 0x00, 0x00, 0x00, 0x00, 0x04, 0xFF, 0xFF,
  0xFF, 0xFF, 0xFF, 0xC5, 0x00, 0x00, 0x00, 0x02, 0xCF, 0xFF, 0xFF, 0xFF, 0xFF, 0xFF, 0xFB, 0x20, 0x00, 0x00, 0xBF, 0xFF,
  0xE9, 0xCF, 0xFF, 0xFF, 0xFF, 0xFC, 0x10, 0x00, 0x4F, 0xFF, 0xF7, 0x00, 0x27, 0xBF, 0xFF, 0xFF, 0xF8, 0x00, 0x07, 0xFF,
  0xFF, 0x40, 0x00, 0x00, 0x3B, 0xFF, 0xFF, 0xD0, 0x00, 0x7F, 0xFF, 0xF6, 0x00, 0x00, 0x00, 0x1D, 0xFF, 0xFE, 0x00, 0x06,
  0xFF, 0xFF, 0xD4, 0x00, 0x00, 0x00, 0xAF, 0xFF, 0xE0, 0x00, 0x1E, 0xFF, 0xFF, 0xFB, 0x62, 0x00, 0x0D, 0xFF, 0xFC, 0x00,
  0x00, 0x7F, 0xFF, 0xFF, 0xFF, 0xFC, 0x8A, 0xFF, 0xFF, 0x60, 0x00, 0x00, 0x7F, 0xFF, 0xFF, 0xFF, 0xFF, 0xFF, 0xFF, 0x90,
  0x00, 0x00, 0x00, 0x3B, 0xFF, 0xFF, 0xFF, 0xFF, 0xFF, 0xB0, 0x00, 0x00, 0x00, 0x00, 0x02, 0x7C, 0xFF, 0xFF, 0xFF, 0xFF,
  0x80, 0x00, 0x00, 0x00, 0x00, 0x00, 0x01, 0x6B, 0xFF, 0xFF, 0xFF, 0x20, 0x00, 0x00, 0x00, 0x00, 0x00, 0x00, 0x03, 0xDF,
  0xFF, 0xF7, 0x00, 0x06, 0xBB, 0xBB, 0x30, 0x00, 0x00, 0x04, 0xFF, 0xFF, 0x90, 0x00, 0x7F, 0xFF, 0xF7, 0x00, 0x00, 0x00,
  0x4F, 0xFF, 0xF9, 0x00, 0x03, 0xFF, 0xFF, 0xE6, 0x00, 0x00, 0x3D, 0xFF, 0xFF, 0x60, 0x00, 0x0B, 0xFF, 0xFF, 0xFE, 0xDC,
  0xEF, 0xFF, 0xFF, 0xE1, 0x00, 0x00, 0x3E, 0xFF, 0xFF, 0xFF, 0xFF, 0xFF, 0xFF, 0xF6, 0x00, 0x00, 0x00, 0x2B, 0xFF, 0xFF,
  0xFF, 0xFF, 0xFF, 0xD5, 0x00, 0x00, 0x00, 0x00, 0x04, 0x9C, 0xEF, 0xFE, 0xDA, 0x61, 0x00, 0x00, 0x00, 0x00, 0x00, 0x00,
  0x10, 0x00, 0x00, 0x00, 0x10, 0x00, 0x00, 0x00, 0x05, 0xEF, 0xB1, 0x00, 0x06, 0xEF, 0xA0, 0x00, 0x00, 0x00, 0xDF, 0xFF,
  0x80, 0x00, 0xEF, 0xFF, 0x50, 0x00, 0x00, 0x0C, 0xFF, 0xF7, 0x00, 0x0E, 0xFF, 0xF5, 0x00, 0x00, 0x00, 0x4D, 0xEB, 0x10,
  0x00, 0x5D, 0xE9, 0x00, 0x00, 0x00, 0x00, 0x00, 0x00, 0x00, 0x00, 0x00, 0x00, 0x00, 0x00, 0xEF, 0xFF, 0xFF, 0xFF, 0xFF,
  0xFF, 0xFF, 0xFC, 0x00, 0x0E, 0xFF, 0xFF, 0xFF, 0xFF, 0xFF, 0xFF, 0xFF, 0xC0, 0x00, 0xEF, 0xFF, 0xFF, 0xFF, 0xFF, 0xFF,
  0xFF, 0xFC, 0x00, 0x0E, 0xFF, 0xFF, 0xEE, 0xEE, 0xEE, 0xEE, 0xEE, 0xC0, 0x00, 0xEF, 0xFF, 0xE0, 0x00, 0x00, 0x00, 0x00,
  0x00, 0x00, 0x0E, 0xFF, 0xFE, 0x00, 0x00, 0x00, 0x00, 0x00, 0x00, 0x00, 0xEF, 0xFF, 0xE0, 0x00, 0x00, 0x00, 0x00, 0x00,
  0x00, 0x0E, 0xFF, 0xFE, 0x00, 0x00, 0x00, 0x00, 0x00, 0x00, 0x00, 0xEF, 0xFF, 0xE0, 0x00, 0x00, 0x00, 0x00, 0x00, 0x00,
  0x0E, 0xFF, 0xFE, 0x00, 0x00, 0x00, 0x00, 0x00, 0x00, 0x00, 0xEF, 0xFF, 0xFF, 0xFF, 0xFF, 0xFF, 0xFF, 0x40, 0x00, 0x0E,
  0xFF, 0xFF, 0xFF, 0xFF, 0xFF, 0xFF, 0xF4, 0x00, 0x00, 0xEF, 0xFF, 0xFF, 0xFF, 0xFF, 0xFF, 0xFF, 0x40, 0x00, 0x0E, 0xFF,
  0xFF, 0xCC, 0xCC, 0xCC, 0xCC, 0xC3, 0x00, 0x00, 0xEF, 0xFF, 0xE0, 0x00, 0x00, 0x00, 0x00, 0x00, 0x00, 0x0E, 0xFF, 0xFE,
  0x00, 0x00, 0x00, 0x00, 0x00, 0x00, 0x00, 0xEF, 0xFF, 0xE0, 0x00, 0x00, 0x00, 0x00, 0x00, 0x00, 0x0E, 0xFF, 0xFE, 0x00,
  0x00, 0x00, 0x00, 0x00, 0x00, 0x00, 0xEF, 0xFF, 0xE0, 0x00, 0x00, 0x00, 0x00, 0x00, 0x00, 0x0E, 0xFF, 0xFE, 0x00, 0x00,
  0x00, 0x00, 0x00, 0x00, 0x00, 0xEF, 0xFF, 0xFE, 0xEE, 0xEE, 0xEE, 0xEE, 0xEC, 0x00, 0x0E, 0xFF, 0xFF, 0xFF, 0xFF, 0xFF,
  0xFF, 0xFF, 0xD0, 0x00, 0xEF, 0xFF, 0xFF, 0xFF, 0xFF, 0xFF, 0xFF, 0xFD, 0x00, 0x0E, 0xFF, 0xFF, 0xFF, 0xFF, 0xFF, 0xFF,
  0xFF, 0xD0, 0x00, 0x00, 0x00, 0x00, 0x38, 0xCE, 0xFE, 0xDB, 0x61, 0x00, 0x00, 0x00, 0x00, 0x00, 0x00, 0x00, 0x2A, 0xFF,
  0xFF, 0xFF, 0xFF, 0xFE, 0x70, 0x00, 0x00, 0x00, 0x00, 0x00, 0x05, 0xEF, 0xFA, 0x63, 0x11, 0x47, 0xCF, 0xFC, 0x20, 0x00,
  0x00, 0x00, 0x00, 0x6F, 0xFC, 0x30, 0x00, 0x00, 0x00, 0x06, 0xEF, 0xD2, 0x00, 0x00, 0x00, 0x03, 0xEF, 0x90, 0x00, 0x00,
  0x00, 0x00, 0x00, 0x2D, 0xFC, 0x00, 0x00, 0x00, 0x0C, 0xFB, 0x00, 0x03, 0xAE, 0xFE, 0xC7, 0x00, 0x02, 0xDF, 0x80, 0x00,
  0x00, 0x6F, 0xD1, 0x00, 0x5F, 0xFF, 0xFF, 0xFF, 0xC1, 0x00, 0x5F, 0xE1, 0x00, 0x00, 0xCF, 0x60, 0x03, 0xEF, 0xE7, 0x45,
  0xBF, 0xF8, 0x00, 0x0B, 0xF7, 0x00, 0x02, 0xFE, 0x00, 0x09, 0xFF, 0x30, 0x00, 0x0D, 0xFD, 0x00, 0x06, 0xFC, 0x00, 0x06,
  0xFA, 0x00, 0x0D, 0xFB, 0x00, 0x00, 0x09, 0xEE, 0x00, 0x01, 0xFF, 0x10, 0x09, 0xF8, 0x00, 0x0F, 0xF9, 0x00, 0x00, 0x00,
  0x00, 0x00, 0x00, 0xDF, 0x30, 0x0A, 0xF7, 0x00, 0x0F, 0xF8, 0x00, 0x00, 0x00, 0x00, 0x00, 0x00, 0xCF, 0x40, 0x09, 0xF7,
  0x00, 0x0F, 0xF8, 0x00, 0x00, 0x00, 0x00, 0x00, 0x00, 0xCF, 0x40, 0x08, 0xF8, 0x00, 0x0F, 0xF9, 0x00, 0x00, 0x00, 0x00,
  0x00, 0x00, 0xDF, 0x30, 0x06, 0xFB, 0x00, 0x0D, 0xFB, 0x00, 0x00, 0x09, 0xEE, 0x00, 0x01, 0xFF, 0x10, 0x02, 0xFE, 0x00,
  0x09, 0xFF, 0x30, 0x00, 0x0D, 0xFD, 0x00, 0x06, 0xFC, 0x00, 0x00, 0xCF, 0x60, 0x03, 0xEF, 0xE7, 0x45, 0xBF, 0xF8, 0x00,
  0x0C, 0xF7, 0x00, 0x00, 0x6F, 0xD1, 0x00, 0x6F, 0xFF, 0xFF, 0xFF, 0xC1, 0x00, 0x6F, 0xE1, 0x00, 0x00, 0x0C, 0xFB, 0x00,
  0x03, 0xAE, 0xFE, 0xC7, 0x00, 0x02, 0xEF, 0x80, 0x00, 0x00, 0x03, 0xEF, 0x90, 0x00, 0x00, 0x00, 0x00, 0x00, 0x3D, 0xFC,
  0x00, 0x00, 0x00, 0x00, 0x5F, 0xFC, 0x20, 0x00, 0x00, 0x00, 0x06, 0xEF, 0xD2, 0x00, 0x00, 0x00, 0x00, 0x05, 0xEF, 0xFA,
  0x52, 0x11, 0x37, 0xCF, 0xFC, 0x20, 0x00, 0x00, 0x00, 0x00, 0x00, 0x2A, 0xFF, 0xFF, 0xFF, 0xFF, 0xFE, 0x70, 0x00, 0x00,
  0x00, 0x00, 0x00, 0x00, 0x00, 0x38, 0xCE, 0xFE, 0xDB, 0x61, 0x00, 0x00, 0x00, 0x00, 0x00, 0x00, 0x00, 0x16, 0xBD, 0xEF,
  0xEC, 0x93, 0x00, 0x00, 0x00, 0x00, 0x00, 0x05, 0xDF, 0xFF, 0xFF, 0xFF, 0xFF, 0xA2, 0x00, 0x00, 0x00, 0x00, 0x7F, 0xFF,
  0xFF, 0xFF, 0xFF, 0xFF, 0xFD, 0x20, 0x00, 0x00, 0x05, 0xFF, 0xFF, 0xFF, 0xFE, 0xFF, 0xFF, 0xFF, 0xD1, 0x00, 0x00, 0x1E,
  0xFF, 0xFF, 0xB4, 0x00, 0x16, 0xEF, 0xFF, 0xF8, 0x00, 0x00, 0x8F, 0xFF, 0xFA, 0x00, 0x00, 0x00, 0x3F, 0xFF, 0xFE, 0x00,
  0x00, 0xDF, 0xFF, 0xF2, 0x00, 0x00, 0x00, 0x0A, 0xFF, 0xFF, 0x40, 0x03, 0xFF, 0xFF, 0xB0, 0x00, 0x00, 0x00, 0x07, 0xFF,
  0xFF, 0x70, 0x06, 0xFF, 0xFF, 0x80, 0x00, 0x00, 0x00, 0x02, 0x66, 0x66, 0x30, 0x08, 0xFF, 0xFF, 0x60, 0x00, 0x00, 0x00,
  0x00, 0x00, 0x00, 0x00, 0x09, 0xFF, 0xFF, 0xFF, 0xFF, 0xFF, 0xF8, 0x00, 0x00, 0x00, 0x00, 0x0A, 0xFF, 0xFF, 0xFF, 0xFF,
  0xFF, 0xF8, 0x00, 0x00, 0x00, 0x00, 0x0A, 0xFF, 0xFF, 0xFF, 0xFF, 0xFF, 0xF8, 0x00, 0x00, 0x00, 0x00, 0x09, 0xFF, 0xFF,
  0xEE, 0xEE, 0xEE, 0xE7, 0x00, 0x00, 0x00, 0x00, 0x08, 0xFF, 0xFF, 0x60, 0x00, 0x00, 0x00, 0x00, 0x00, 0x00, 0x00, 0x06,
  0xFF, 0xFF, 0x70, 0x00, 0x00, 0x00, 0x01, 0x33, 0x33, 0x20, 0x03, 0xFF, 0xFF, 0xB0, 0x00, 0x00, 0x00, 0x07, 0xFF, 0xFF,
  0x80, 0x00, 0xEF, 0xFF, 0xE1, 0x00, 0x00, 0x00, 0x0A, 0xFF, 0xFF, 0x50, 0x00, 0x8F, 0xFF, 0xF9, 0x00, 0x00, 0x00, 0x3F,
  0xFF, 0xFE, 0x10, 0x00, 0x2E, 0xFF, 0xFF, 0xA3, 0x00, 0x16, 0xEF, 0xFF, 0xF9, 0x00, 0x00, 0x06, 0xFF, 0xFF, 0xFF, 0xEE,
  0xFF, 0xFF, 0xFF, 0xD1, 0x00, 0x00, 0x00, 0x8F, 0xFF, 0xFF, 0xFF, 0xFF, 0xFF, 0xFE, 0x30, 0x00, 0x00, 0x00, 0x06, 0xDF,
  0xFF, 0xFF, 0xFF, 0xFF, 0xB2, 0x00, 0x00, 0x00, 0x00, 0x00, 0x16, 0xBD, 0xEF, 0xEC, 0x93, 0x00, 0x00, 0x00, 0x00, 0x00,
  0x0A, 0xFF, 0x80, 0x07, 0xFF, 0xA0, 0x00, 0x00, 0x6F, 0xFD, 0x10, 0x3E, 0xFE, 0x20, 0x00, 0x02, 0xEF, 0xF5, 0x01, 0xCF,
  0xF8, 0x00, 0x00, 0x0C, 0xFF, 0xB0, 0x09, 0xFF, 0xD1, 0x00, 0x00, 0x8F, 0xFE, 0x20, 0x5F, 0xFF, 0x50, 0x00, 0x04, 0xFF,
  0xF8, 0x02, 0xEF, 0xFB, 0x00, 0x00, 0x0B, 0xFF, 0xF1, 0x08, 0xFF, 0xF4, 0x00, 0x00, 0x04, 0xFF, 0xF8, 0x02, 0xEF, 0xFB,
  0x00, 0x00, 0x00, 0x8F, 0xFE, 0x20, 0x5F, 0xFF, 0x50, 0x00, 0x00, 0x0C, 0xFF, 0xB0, 0x09, 0xFF, 0xD1, 0x00, 0x00, 0x02,
  0xEF, 0xF5, 0x01, 0xCF, 0xF8, 0x00, 0x00, 0x00, 0x6F, 0xFD, 0x00, 0x3E, 0xFE, 0x20, 0x00, 0x00, 0x0A, 0xFF, 0x80, 0x07,
  0xFF, 0xA0, 0x00, 0x00, 0x00, 0x00, 0x00, 0x00, 0x00, 0x00, 0x00, 0x00, 0x00, 0x00, 0x00, 0x00, 0x00, 0x00, 0x00, 0xFF,
  0xFF, 0xFF, 0xFF, 0xFF, 0xFF, 0xF8, 0x00, 0x00, 0xFF, 0xFF, 0xFF, 0xFF, 0xFF, 0xFF, 0xF8, 0x00, 0x00, 0xBC, 0xCC, 0xCC,
  0xCC, 0xCC, 0xEF, 0xF8, 0x00, 0x00, 0x00, 0x00, 0x00, 0x00, 0x00, 0xCF, 0xF8, 0x00, 0x00, 0x00, 0x00, 0x00, 0x00, 0x00,
  0xCF, 0xF8, 0x00, 0x00, 0x00, 0x00, 0x00, 0x00, 0x00, 0xCF, 0xF8, 0x00, 0x00, 0x00, 0x00, 0x00, 0x00, 0x00, 0xCF, 0xF8,
  0x00, 0x00, 0x00, 0x00, 0x00, 0x00, 0x00, 0x00, 0x00, 0x00, 0x00, 0x00, 0x00, 0x00, 0x00, 0x00, 0x00, 0x00, 0x00, 0x00,
  0x00, 0x00, 0x00, 0x00, 0x00, 0x00, 0x00, 0x00, 0x00, 0x00, 0x00, 0x00, 0x00, 0x00, 0x00, 0x00, 0x00, 0x00, 0x00, 0x00,
  0x00, 0x00, 0x00, 0x00, 0x00, 0x00, 0x00, 0x00, 0x00, 0x00, 0x00, 0x00, 0x00, 0x00, 0x00, 0x04, 0xFF, 0xFF, 0xFF, 0xFF,
  0xD0, 0x00, 0x4F, 0xFF, 0xFF, 0xFF, 0xFD, 0x00, 0x04, 0xFF, 0xFF, 0xFF, 0xFF, 0xD0, 0x00, 0x3C, 0xCC, 0xCC, 0xCC, 0xCA,
  0x00, 0x00, 0x00, 0x00, 0x00, 0x00, 0x00, 0x00, 0x00, 0x00, 0x00, 0x00, 0x00, 0x00, 0x00, 0x00, 0x00, 0x00, 0x00, 0x00,
  0x00, 0x00, 0x00, 0x00, 0x00, 0x00, 0x00, 0x00, 0x00, 0x00, 0x00, 0x00, 0x00, 0x00, 0x00, 0x00, 0x00, 0x00, 0x00, 0x00,
  0x00, 0x00, 0x00, 0x00, 0x00, 0x00, 0x00, 0x00, 0x00, 0x00, 0x00, 0x00, 0x00, 0x00, 0x00, 0x00, 0x00, 0x38, 0xCE, 0xFE,
  0xDB, 0x61, 0x00, 0x00, 0x00, 0x00, 0x00, 0x00, 0x00, 0x2A, 0xFF, 0xFF, 0xFF, 0xFF, 0xFE, 0x70, 0x00, 0x00, 0x00, 0x00,
  0x00, 0x05, 0xEF, 0xFA, 0x63, 0x11, 0x47, 0xCF, 0xFC, 0x20, 0x00, 0x00, 0x00, 0x00, 0x6F, 0xFC, 0x30, 0x00, 0x00, 0x00,
  0x06, 0xEF, 0xD2, 0x00, 0x00, 0x00, 0x03, 0xEF, 0x90, 0x00, 0x00, 0x00, 0x00, 0x00, 0x2D, 0xFC, 0x00, 0x00, 0x00, 0x0C,
  0xFB, 0x00, 0xEF, 0xFF, 0xFE, 0xC7, 0x10, 0x02, 0xDF, 0x80, 0x00, 0x00, 0x6F, 0xD1, 0x00, 0xEF, 0xFF, 0xFF, 0xFF, 0xC1,
  0x00, 0x5F, 0xE1, 0x00, 0x00, 0xCF, 0x60, 0x00, 0xEF, 0x93, 0x34, 0x8F, 0xF8, 0x00, 0x0B, 0xF7, 0x00, 0x02, 0xFE, 0x00,
  0x00, 0xEF, 0x80, 0x00, 0x0B, 0xFC, 0x00, 0x06, 0xFC, 0x00, 0x06, 0xFA, 0x00, 0x00, 0xEF, 0x80, 0x00, 0x0B, 0xFC, 0x00,
  0x01, 0xFF, 0x10, 0x09, 0xF8, 0x00, 0x00, 0xEF, 0x80, 0x02, 0x8F, 0xF8, 0x00, 0x00, 0xDF, 0x30, 0x0A, 0xF7, 0x00, 0x00,
  0xEF, 0xFF, 0xFF, 0xFF, 0xA0, 0x00, 0x00, 0xCF, 0x40, 0x09, 0xF7, 0x00, 0x00, 0xEF, 0xFF, 0xFF, 0xFF, 0xB1, 0x00, 0x00,
  0xCF, 0x40, 0x08, 0xF8, 0x00, 0x00, 0xEF, 0x93, 0x34, 0x9F, 0xF8, 0x00, 0x00, 0xDF, 0x30, 0x06, 0xFB, 0x00, 0x00, 0xEF,
  0x80, 0x00, 0x0D, 0xFB, 0x00, 0x01, 0xFF, 0x10, 0x02, 0xFE, 0x00, 0x00, 0xEF, 0x80, 0x00, 0x0B, 0xFC, 0x00, 0x06, 0xFC,
  0x00, 0x00, 0xCF, 0x60, 0x00, 0xEF, 0x80, 0x00, 0x0A, 0xFD, 0x00, 0x0C, 0xF7, 0x00, 0x00, 0x6F, 0xD1, 0x00, 0xEF, 0x80,
  0x00, 0x0A, 0xFE, 0x00, 0x6F, 0xE1, 0x00, 0x00, 0x0C, 0xFB, 0x00, 0xEF, 0x80, 0x00, 0x09, 0xFF, 0x12, 0xEF, 0x80, 0x00,
  0x00, 0x03, 0xEF, 0x90, 0x00, 0x00, 0x00, 0x00, 0x00, 0x3D, 0xFC, 0x00, 0x00, 0x00, 0x00, 0x5F, 0xFC, 0x20, 0x00, 0x00,
  0x00, 0x06, 0xEF, 0xD2, 0x00, 0x00, 0x00, 0x00, 0x05, 0xEF, 0xFA, 0x52, 0x11, 0x37, 0xCF, 0xFC, 0x20, 0x00, 0x00, 0x00,
  0x00, 0x00, 0x2A, 0xFF, 0xFF, 0xFF, 0xFF, 0xFE, 0x70, 0x00, 0x00, 0x00, 0x00, 0x00, 0x00, 0x00, 0x38, 0xCE, 0xFE, 0xDB,
  0x61, 0x00, 0x00, 0x00, 0x00, 0x00, 0x10, 0x00, 0x00, 0x00, 0x10, 0x00, 0xAF, 0xE7, 0x00, 0x01, 0xBF, 0xE5, 0x5F, 0xFF,
  0xF1, 0x00, 0x7F, 0xFF, 0xD4, 0xFF, 0xFF, 0x10, 0x07, 0xFF, 0xFD, 0x09, 0xEE, 0x60, 0x00, 0x0A, 0xED, 0x40, 0x00, 0x00,
  0x00, 0x00, 0x00, 0x00, 0x00, 0x00, 0xAF, 0xFF, 0xF4, 0x00, 0x00, 0x00, 0x0A, 0xFF, 0xFF, 0x40, 0x00, 0x00, 0x00, 0xAF,
  0xFF, 0xF4, 0x00, 0x00, 0x00, 0x0A, 0xFF, 0xFF, 0x40, 0x00, 0x00, 0x00, 0xAF, 0xFF, 0xF4, 0x00, 0x00, 0x00, 0x0A, 0xFF,
  0xFF, 0x40, 0x00, 0x00, 0x00, 0xAF, 0xFF, 0xF4, 0x00, 0x00, 0x00, 0x0A, 0xFF, 0xFF, 0x40, 0x00, 0x00, 0x00, 0xAF, 0xFF,
  0xF4, 0x00, 0x00, 0x00, 0x0A, 0xFF, 0xFF, 0x40, 0x00, 0x00, 0x00, 0xAF, 0xFF, 0xF4, 0x00, 0x00, 0x00, 0x0A, 0xFF, 0xFF,
  0x40, 0x00, 0x00, 0x00, 0xAF, 0xFF, 0xF4, 0x00, 0x00, 0x00, 0x0A, 0xFF, 0xFF, 0x40, 0x00, 0x00, 0x00, 0xAF, 0xFF, 0xF4,
  0x00, 0x00, 0x00, 0x0A, 0xFF, 0xFF, 0x40, 0x00, 0x00, 0x00, 0xAF, 0xFF, 0xF4, 0x00, 0x00, 0x00, 0x0A, 0xFF, 0xFF, 0x40,
  0x00, 0x00, 0x00, 0xAF, 0xFF, 0xF4, 0x00, 0x00, 0x00, 0x0A, 0xFF, 0xFF, 0x40, 0x00, 0x00, 0x00, 0xAF, 0xFF, 0xF4, 0x00,
  0x00, 0x00, 0x0A, 0xFF, 0xFF, 0x40, 0x00, 0x00, 0x00, 0xAF, 0xFF, 0xF4, 0x00, 0x00, 0x00, 0x0A, 0xFF, 0xFF, 0x40, 0x00,
  0x00, 0x01, 0x9E, 0xFD, 0x80, 0x00, 0x00, 0x01, 0xDF, 0xFF, 0xFF, 0xB0, 0x00, 0x00, 0x9F, 0xFA, 0x7C, 0xFF, 0x60, 0x00,
  0x0E, 0xFA, 0x00, 0x0D, 0xFA, 0x00, 0x00, 0xEF, 0x80, 0x00, 0xBF, 0xB0, 0x00, 0x0C, 0xFE, 0x41, 0x6F, 0xF9, 0x00, 0x00,
  0x5F, 0xFF, 0xFF, 0xFE, 0x20, 0x00, 0x00, 0x5E, 0xFF, 0xFD, 0x30, 0x00, 0x00, 0x00, 0x15, 0x64, 0x00, 0x00, 0x00, 0x00,
  0x00, 0x00, 0x00, 0x00, 0x00, 0x00, 0x00, 0x00, 0x00, 0x00, 0x00, 0x00, 0x00, 0x00, 0x00, 0x00, 0x00, 0x00, 0x00, 0x00,
  0x00, 0x00, 0x00, 0x00, 0x00, 0x00, 0x00, 0x00, 0x00, 0x00, 0x00, 0x00, 0x00, 0x00, 0x00, 0x00, 0x00, 0x00, 0x00, 0x00,
  0x00, 0x00, 0x00, 0x00, 0x00, 0x00, 0x00, 0x00, 0x00, 0x00, 0x00, 0x00, 0x00, 0x00, 0x00, 0x00, 0x00, 0x00, 0x00, 0x00,
  0x00, 0x00, 0x00, 0x00, 0x00, 0x00, 0x00, 0x00, 0x00, 0x00, 0x00, 0x00, 0x00, 0x00, 0x00, 0x00, 0x00, 0x00, 0x00, 0x00,
  0x00, 0x00, 0x00, 0x00, 0x00, 0x00, 0x00, 0x00, 0x00, 0x00, 0x00, 0x00, 0x00, 0x00, 0x00, 0x00, 0x00, 0x00, 0x00, 0x29,
  0x99, 0x80, 0x00, 0x00, 0x00, 0x00, 0x00, 0x00, 0x3F, 0xFF, 0xE0, 0x00, 0x00, 0x00, 0x00, 0x00, 0x00, 0x3F, 0xFF, 0xE0,
  0x00, 0x00, 0x00, 0x00, 0x00, 0x00, 0x3F, 0xFF, 0xE0, 0x00, 0x00, 0x00, 0x00, 0x00, 0x00, 0x3F, 0xFF, 0xE0, 0x00, 0x00,
  0x00, 0x00, 0x00, 0x00, 0x3F, 0xFF, 0xE0, 0x00, 0x00, 0x00, 0x09, 0xFF, 0xFF, 0xFF, 0xFF, 0xFF, 0xFF, 0xFF, 0x40, 0x09,
  0xFF, 0xFF, 0xFF, 0xFF, 0xFF, 0xFF, 0xFF, 0x40, 0x09, 0xFF, 0xFF, 0xFF, 0xFF, 0xFF, 0xFF, 0xFF, 0x40, 0x08, 0xEE, 0xEE,
  0xEF, 0xFF, 0xFE, 0xEE, 0xEE, 0x30, 0x00, 0x00, 0x00, 0x3F, 0xFF, 0xE0, 0x00, 0x00, 0x00, 0x00, 0x00, 0x00, 0x3F, 0xFF,
  0xE0, 0x00, 0x00, 0x00, 0x00, 0x00, 0x00, 0x3F, 0xFF, 0xE0, 0x00, 0x00, 0x00, 0x00, 0x00, 0x00, 0x3F, 0xFF, 0xE0, 0x00,
  0x00, 0x00, 0x00, 0x00, 0x00, 0x3F, 0xFF, 0xE0, 0x00, 0x00, 0x00, 0x00, 0x00, 0x00, 0x2A, 0xAA, 0x90, 0x00, 0x00, 0x00,
  0x00, 0x00, 0x00, 0x00, 0x00, 0x00, 0x00, 0x00, 0x00, 0x03, 0xCC, 0xCC, 0xCC, 0xCC, 0xCC, 0xCC, 0xCA, 0x00, 0x03, 0xFF,
  0xFF, 0xFF, 0xFF, 0xFF, 0xFF, 0xFC, 0x00, 0x03, 0xFF, 0xFF, 0xFF, 0xFF, 0xFF, 0xFF, 0xFC, 0x00, 0x03, 0xFF, 0xFF, 0xFF,
  0xFF, 0xFF, 0xFF, 0xFC, 0x00, 0x00, 0xAF, 0xFF, 0xF4, 0x00, 0x00, 0xAF, 0xFF, 0xF4, 0x00, 0x00, 0xAF, 0xFF, 0xF4, 0x00,
  0x00, 0xAF, 0xFF, 0xF4, 0x00, 0x00, 0xAF, 0xFF, 0xF4, 0x00, 0x00, 0xAF, 0xFF, 0xF4, 0x00, 0x00, 0xAF, 0xFF, 0xF4, 0x00,
  0x00, 0xAF, 0xFF, 0xF4, 0x00, 0x00, 0xAF, 0xFF, 0xF4, 0x00, 0x00, 0xAF, 0xFF, 0xF4, 0x00, 0x00, 0xAF, 0xFF, 0xF4, 0x00,
  0x00, 0xAF, 0xFF, 0xF4, 0x00, 0x00, 0xAF, 0xFF, 0xF4, 0x00, 0x00, 0xAF, 0xFF, 0xF4, 0x00, 0x00, 0xAF, 0xFF, 0xF4, 0x00,
  0x00, 0xAF, 0xFF, 0xF4, 0x00, 0x00, 0xAF, 0xFF, 0xF4, 0x00, 0x00, 0xAF, 0xFF, 0xF4, 0x00, 0x00, 0xAF, 0xFF, 0xF4, 0x00,
  0x00, 0xAF, 0xFF, 0xF4, 0x00, 0x00, 0xAF, 0xFF, 0xF4, 0x00, 0x00, 0xAF, 0xFF, 0xF4, 0x00, 0x00, 0xAF, 0xFF, 0xF4, 0x00,
  0x00, 0xAF, 0xFF, 0xF4, 0x00, 0x00, 0x3B, 0xC9, 0x10, 0x00, 0x1E, 0xFF, 0xFB, 0x00, 0x04, 0xFF, 0xFF, 0xE0, 0x00, 0x2E,
  0xFF, 0xFC, 0x00, 0x00, 0x5D, 0xEC, 0x30, 0x00, 0x00, 0x00, 0x00, 0x00, 0x00, 0x00, 0x00, 0x00, 0x00, 0x0F, 0xFF, 0xFB,
  0x00, 0x00, 0xFF, 0xFF, 0xB0, 0x00, 0x0F, 0xFF, 0xFB, 0x00, 0x00, 0xFF, 0xFF, 0xB0, 0x00, 0x0F, 0xFF, 0xFB, 0x00, 0x00,
  0xFF, 0xFF, 0xB0, 0x00, 0x0F, 0xFF, 0xFB, 0x00, 0x00, 0xFF, 0xFF, 0xB0, 0x00, 0x0F, 0xFF, 0xFB, 0x00, 0x00, 0xFF, 0xFF,
  0xB0, 0x00, 0x0F, 0xFF, 0xFB, 0x00, 0x00, 0xFF, 0xFF, 0xB0, 0x00, 0x0F, 0xFF, 0xFB, 0x00, 0x00, 0xFF, 0xFF, 0xB0, 0x00,
  0x0F, 0xFF, 0xFB, 0x00, 0x00, 0xFF, 0xFF, 0xB0, 0x00, 0x0F, 0xFF, 0xFB, 0x00, 0x00, 0xFF, 0xFF, 0xB0, 0x00, 0x00, 0x00,
  0x00, 0x00, 0x01, 0x22, 0x22, 0x10, 0x00, 0x00, 0x00, 0x00, 0x7F, 0xFF, 0xF5, 0x00, 0x00, 0x00, 0x00, 0x07, 0xFF, 0xFF,
  0x50, 0x00, 0x00, 0x00, 0x00, 0x7F, 0xFF, 0xF5, 0x00, 0x00, 0x00, 0x00, 0x07, 0xFF, 0xFF, 0x50, 0x00, 0x00, 0x00, 0x00,
  0x7F, 0xFF, 0xF5, 0x05, 0xFF, 0xFF, 0xFF, 0xFF, 0xFF, 0xFF, 0x50, 0x5F, 0xFF, 0xFF, 0xFF, 0xFF, 0xFF, 0xF5, 0x05, 0xFF,
  0xFF, 0xFF, 0xFF, 0xFF, 0xFF, 0x50, 0x5F, 0xFF, 0xFD, 0xCC, 0xCC, 0xCC, 0xC4, 0x05, 0xFF, 0xFF, 0x70, 0x00, 0x00, 0x00,
  0x00, 0x5F, 0xFF, 0xF7, 0x00, 0x00, 0x00, 0x00, 0x05, 0xFF, 0xFF, 0x70, 0x00, 0x00, 0x00, 0x00, 0x5F, 0xFF, 0xF7, 0x00,
  0x00, 0x00, 0x00, 0x05, 0xFF, 0xFF, 0x70, 0x00, 0x00, 0x00, 0x00, 0x5F, 0xFF, 0xF7, 0x00, 0x00, 0x00, 0x00, 0x05, 0xFF,
  0xFF, 0x70, 0x00, 0x00, 0x00, 0x00, 0x5F, 0xFF, 0xF7, 0x00, 0x00, 0x00, 0x00, 0x05, 0xFF, 0xFF, 0x70, 0x00, 0x00, 0x00,
  0x00, 0x5F, 0xFF, 0xF7, 0x00, 0x00, 0x00, 0x00, 0x05, 0xFF, 0xFF, 0x70, 0x00, 0x00, 0x00, 0x00, 0x5F, 0xFF, 0xF7, 0x00,
  0x00, 0x00, 0x00, 0x05, 0xFF, 0xFF, 0x70, 0x00, 0x00, 0x00, 0x00, 0x5F, 0xFF, 0xF7, 0x00, 0x00, 0x00, 0x00, 0x00, 0xCF,
  0xFF, 0xE0, 0x00, 0x00, 0x0E, 0xFF, 0xFC, 0x00, 0x00, 0xCF, 0xFF, 0xE0, 0x00, 0x00, 0x0E, 0xFF, 0xFC, 0x00, 0x00, 0xCF,
  0xFF, 0xE0, 0x00, 0x00, 0x0E, 0xFF, 0xFC, 0x00, 0x00, 0xCF, 0xFF, 0xE0, 0x00, 0x00, 0x0E, 0xFF, 0xFC, 0x00, 0x00, 0xCF,
  0xFF, 0xE0, 0x00, 0x00, 0x0E, 0xFF, 0xFC, 0x00, 0x00, 0xCF, 0xFF, 0xE0, 0x00, 0x00, 0x0E, 0xFF, 0xFC, 0x00, 0x00, 0xCF,
  0xFF, 0xE0, 0x00, 0x00, 0x0E, 0xFF, 0xFC, 0x00, 0x00, 0xCF, 0xFF, 0xE0, 0x00, 0x00, 0x0E, 0xFF, 0xFC, 0x00, 0x00, 0xCF,
  0xFF, 0xE0, 0x00, 0x00, 0x0E, 0xFF, 0xFC, 0x00, 0x00, 0xCF, 0xFF, 0xE0, 0x00, 0x00, 0x0E, 0xFF, 0xFC, 0x00, 0x00, 0xCF,
  0xFF, 0xE0, 0x00, 0x00, 0x0E, 0xFF, 0xFC, 0x00, 0x00, 0xCF, 0xFF, 0xF0, 0x00, 0x00, 0x0E, 0xFF, 0xFC, 0x00, 0x00, 0xCF,
  0xFF, 0xF4, 0x00, 0x00, 0x1E, 0xFF, 0xFC, 0x00, 0x00, 0xCF, 0xFF, 0xFC, 0x20, 0x02, 0xBF, 0xFF, 0xFC, 0x00, 0x00, 0xCF,
  0xFF, 0xFF, 0xFD, 0xDF, 0xFF, 0xFF, 0xFC, 0x00, 0x00, 0xCF, 0xFF, 0xFF, 0xFF, 0xFF, 0xFF, 0xFF, 0xFC, 0x00, 0x00, 0xCF,
  0xFF, 0xFF, 0xFF, 0xFF, 0xFE, 0xFF, 0xFC, 0x00, 0x00, 0xCF, 0xFF, 0xE9, 0xDF, 0xEB, 0x47, 0xAA, 0xA8, 0x00, 0x00, 0xCF,
  0xFF, 0xE0, 0x00, 0x00, 0x00, 0x00, 0x00, 0x00, 0x00, 0xCF, 0xFF, 0xE0, 0x00, 0x00, 0x00, 0x00, 0x00, 0x00, 0x00, 0xCF,
  0xFF, 0xE0, 0x00, 0x00, 0x00, 0x00, 0x00, 0x00, 0x00, 0xCF, 0xFF, 0xE0, 0x00, 0x00, 0x00, 0x00, 0x00, 0x00, 0x00, 0xCF,
  0xFF, 0xE0, 0x00, 0x00, 0x00, 0x00, 0x00, 0x00, 0x00, 0xCF, 0xFF, 0xE0, 0x00, 0x00, 0x00, 0x00, 0x00, 0x00, 0x00, 0xCF,
  0xFF, 0xE0, 0x00, 0x00, 0x00, 0x00, 0x00, 0x00, 0x00, 0x00, 0x05, 0xAD, 0xEF, 0xFF, 0xFF, 0x00, 0x00, 0x02, 0xCF, 0xFF,
  0xFF, 0xFF, 0xFF, 0x00, 0x00, 0x2E, 0xFF, 0xFF, 0xFF, 0xFF, 0xFF, 0x00, 0x00, 0xBF, 0xFF, 0xFF, 0xFF, 0xFF, 0xFF, 0x00,
  0x04, 0xFF, 0xFF, 0xFF, 0xFF, 0xFF, 0xFF, 0x00, 0x09, 0xFF, 0xFF, 0xFF, 0xFF, 0xFF, 0xFF, 0x00, 0x0B, 0xFF, 0xFF, 0xFF,
  0xFF, 0xFF, 0xFF, 0x00, 0x0C, 0xFF, 0xFF, 0xFF, 0xFF, 0xFF, 0xFF, 0x00, 0x0C, 0xFF, 0xFF, 0xFF, 0xFF, 0xFF, 0xFF, 0x00,
  0x0A, 0xFF, 0xFF, 0xFF, 0xFF, 0xFF, 0xFF, 0x00, 0x06, 0xFF, 0xFF, 0xFF, 0xFF, 0xFF, 0xFF, 0x00, 0x01, 0xEF, 0xFF, 0xFF,
  0xFF, 0xFF, 0xFF, 0x00, 0x00, 0x6F, 0xFF, 0xFF, 0xFF, 0xFF, 0xFF, 0x00, 0x00, 0x07, 0xFF, 0xFF, 0xFF, 0xFF, 0xFF, 0x00,
  0x00, 0x00, 0x4B, 0xFF, 0xFF, 0xFF, 0xFF, 0x00, 0x00, 0x00, 0x00, 0x25, 0x67, 0xBF, 0xFF, 0x00, 0x00, 0x00, 0x00, 0x00,
  0x00, 0x9F, 0xFF, 0x00, 0x00, 0x00, 0x00, 0x00, 0x00, 0x9F, 0xFF, 0x00, 0x00, 0x00, 0x00, 0x00, 0x00, 0x9F, 0xFF, 0x00,
  0x00, 0x00, 0x00, 0x00, 0x00, 0x9F, 0xFF, 0x00, 0x00, 0x00, 0x00, 0x00, 0x00, 0x9F, 0xFF, 0x00, 0x00, 0x00, 0x00, 0x00,
  0x00, 0x9F, 0xFF, 0x00, 0x00, 0x00, 0x00, 0x00, 0x00, 0x9F, 0xFF, 0x00, 0x00, 0x00, 0x00, 0x00, 0x00, 0x9F, 0xFF, 0x00,
  0x00, 0x1A, 0xEE, 0x80, 0x00, 0x00, 0x8F, 0xFF, 0xF5, 0x00, 0x00, 0xBF, 0xFF, 0xF8, 0x00, 0x00, 0x8F, 0xFF, 0xF5, 0x00,
  0x00, 0x1A, 0xED, 0x70, 0x00, 0x00, 0x00, 0x00, 0x00, 0x00, 0x00, 0x00, 0x00, 0x00, 0x00, 0x00, 0x00, 0x00, 0x00, 0x00,
  0x00, 0x00, 0x00, 0x00, 0x00, 0x00, 0x00, 0x00, 0x00, 0x00, 0x00, 0x00, 0x00, 0x00, 0x00, 0x00, 0x00, 0x00, 0x00, 0x00,
  0x00, 0x00, 0x00, 0x00, 0x00, 0x00, 0x00, 0x00, 0x00, 0x00, 0x00, 0x00, 0x10, 0x00, 0x00, 0x00, 0x10, 0x00, 0x00, 0x00,
  0x0A, 0xFE, 0x60, 0x00, 0x1B, 0xFE, 0x50, 0x00, 0x00, 0x5F, 0xFF, 0xE0, 0x00, 0x8F, 0xFF, 0xD0, 0x00, 0x00, 0x5F, 0xFF,
  0xE0, 0x00, 0x7F, 0xFF, 0xC0, 0x00, 0x00, 0x09, 0xED, 0x50, 0x00, 0x1B, 0xED, 0x40, 0x00, 0x00, 0x00, 0x00, 0x00, 0x00,
  0x00, 0x00, 0x00, 0x00, 0x00, 0x00, 0x00, 0x00, 0x00, 0x00, 0x00, 0x00, 0x00, 0x00, 0x00, 0x03, 0x9D, 0xEF, 0xEB, 0x71,
  0x00, 0x00, 0x00, 0x00, 0x7F, 0xFF, 0xFF, 0xFF, 0xFE, 0x40, 0x00, 0x00, 0x09, 0xFF, 0xFF, 0xFF, 0xFF, 0xFF, 0xF4, 0x00,
  0x00, 0x5F, 0xFF, 0xFF, 0xED, 0xEF, 0xFF, 0xFD, 0x00, 0x00, 0xEF, 0xFF, 0xE6, 0x00, 0x19, 0xFF, 0xFF, 0x60, 0x05, 0xFF,
  0xFF, 0x70, 0x00, 0x00, 0xDF, 0xFF, 0xA0, 0x09, 0xFF, 0xFF, 0x20, 0x00, 0x00, 0xAF, 0xFF, 0xD0, 0x0C, 0xFF, 0xFF, 0xFF,
  0xFF, 0xFF, 0xFF, 0xFF, 0xE0, 0x0D, 0xFF, 0xFF, 0xFF, 0xFF, 0xFF, 0xFF, 0xFF, 0xF0, 0x0D, 0xFF, 0xFF, 0xFF, 0xFF, 0xFF,
  0xFF, 0xFF, 0xF0, 0x0C, 0xFF, 0xFF, 0x43, 0x33, 0x33, 0x33, 0x33, 0x30, 0x0A, 0xFF, 0xFF, 0x50, 0x00, 0x00, 0x00, 0x00,
  0x00, 0x06, 0xFF, 0xFF, 0xC0, 0x00, 0x00, 0x03, 0xA0, 0x00, 0x01, 0xEF, 0xFF, 0xFA, 0x20, 0x00, 0x6E, 0xF9, 0x00, 0x00,
  0x7F, 0xFF, 0xFF, 0xFD, 0xCE, 0xFF, 0xFF, 0x60, 0x00, 0x09, 0xFF, 0xFF, 0xFF, 0xFF, 0xFF, 0xFD, 0x20, 0x00, 0x00, 0x7E,
  0xFF, 0xFF, 0xFF, 0xFF, 0xB2, 0x00, 0x00, 0x00, 0x01, 0x8B, 0xEF, 0xED, 0x94, 0x00, 0x00, 0x00, 0xEF, 0xFF, 0xF7, 0x00,
  0x00, 0x00, 0xFF, 0xFF, 0xB0, 0x00, 0x06, 0xCE, 0xFD, 0x92, 0x00, 0x00, 0x0E, 0xFF, 0xFF, 0xD0, 0x00, 0x00, 0x0F, 0xFF,
  0xFB, 0x00, 0x0A, 0xFF, 0xFF, 0xFF, 0xE3, 0x00, 0x00, 0xEF, 0xFF, 0xFF, 0x50, 0x00, 0x00, 0xFF, 0xFF, 0xB0, 0x07, 0xFF,
  0xE9, 0x8C, 0xFF, 0xD1, 0x00, 0x0E, 0xFF, 0xFF, 0xFB, 0x00, 0x00, 0x0F, 0xFF, 0xFB, 0x00, 0xEF, 0xF4, 0x00, 0x0B, 0xFF,
  0x60, 0x00, 0xEF, 0xFF, 0xFF, 0xF3, 0x00, 0x00, 0xFF, 0xFF, 0xB0, 0x4F, 0xFB, 0x00, 0x00, 0x5F, 0xFA, 0x00, 0x0E, 0xFF,
  0xFF, 0xFF, 0xA0, 0x00, 0x0F, 0xFF, 0xFB, 0x06, 0xFF, 0x90, 0x00, 0x02, 0xFF, 0xC0, 0x00, 0xEF, 0xFF, 0xFF, 0xFE, 0x10,
  0x00, 0xFF, 0xFF, 0xB0, 0x6F, 0xF8, 0x00, 0x00, 0x0F, 0xFD, 0x00, 0x0E, 0xFF, 0xFF, 0xFF, 0xF8, 0x00, 0x0F, 0xFF, 0xFB,
  0x06, 0xFF, 0x90, 0x00, 0x02, 0xFF, 0xC0, 0x00, 0xEF, 0xFF, 0xEF, 0xFF, 0xD0, 0x00, 0xFF, 0xFF, 0xB0, 0x4F, 0xFB, 0x00,
  0x00, 0x4F, 0xFB, 0x00, 0x0E, 0xFF, 0xFC, 0xCF, 0xFF, 0x60, 0x0F, 0xFF, 0xFB, 0x00, 0xEF, 0xF3, 0x00, 0x0B, 0xFF, 0x70,
  0x00, 0xEF, 0xFF, 0xC6, 0xFF, 0xFC, 0x00, 0xFF, 0xFF, 0xB0, 0x07, 0xFF, 0xE8, 0x7C, 0xFF, 0xD1, 0x00, 0x0E, 0xFF, 0xFC,
  0x0D, 0xFF, 0xF4, 0x0F, 0xFF, 0xFB, 0x00, 0x0A, 0xFF, 0xFF, 0xFF, 0xE3, 0x00, 0x00, 0xEF, 0xFF, 0xC0, 0x8F, 0xFF, 0xA0,
  0xFF, 0xFF, 0xB0, 0x00, 0x06, 0xCE, 0xFD, 0x92, 0x00, 0x00, 0x0E, 0xFF, 0xFC, 0x02, 0xEF, 0xFF, 0x2F, 0xFF, 0xFB, 0x00,
  0x00, 0x00, 0x00, 0x00, 0x00, 0x00, 0x00, 0xEF, 0xFF, 0xC0, 0x0A, 0xFF, 0xF8, 0xFF, 0xFF, 0xB0, 0x00, 0x00, 0x00, 0x00,
  0x00, 0x00, 0x00, 0x0E, 0xFF, 0xFC, 0x00, 0x3F, 0xFF, 0xEF, 0xFF, 0xFB, 0x00, 0xAF, 0xFF, 0xFF, 0xFF, 0xFF, 0x00, 0x00,
  0xEF, 0xFF, 0xC0, 0x00, 0xBF, 0xFF, 0xFF, 0xFF, 0xB0, 0x0A, 0xFF, 0xFF, 0xFF, 0xFF, 0xF0, 0x00, 0x0E, 0xFF, 0xFC, 0x00,
  0x05, 0xFF, 0xFF, 0xFF, 0xFB, 0x00, 0x47, 0x77, 0x77, 0x77, 0x76, 0x00, 0x00, 0xEF, 0xFF, 0xC0, 0x00, 0x0D, 0xFF, 0xFF,
  0xFF, 0xB0, 0x00, 0x00, 0x00, 0x00, 0x00, 0x00, 0x00, 0x0E, 0xFF, 0xFC, 0x00, 0x00, 0x7F, 0xFF, 0xFF, 0xFB, 0x00, 0x00,
  0x00, 0x00, 0x00, 0x00, 0x00, 0x00, 0xEF, 0xFF, 0xC0, 0x00, 0x01, 0xEF, 0xFF, 0xFF, 0xB0, 0x00, 0x00, 0x00, 0x00, 0x00,
  0x00, 0x00, 0x0E, 0xFF, 0xFC, 0x00, 0x00, 0x09, 0xFF, 0xFF, 0xFB, 0x00, 0x00, 0x00, 0x00, 0x00, 0x00, 0x00, 0x00, 0xEF,
  0xFF, 0xC0, 0x00, 0x00, 0x2F, 0xFF, 0xFF, 0xB0, 0x00, 0x00, 0x00, 0x00, 0x00, 0x00, 0x00, 0x0E, 0xFF, 0xFC, 0x00, 0x00,
  0x00, 0xBF, 0xFF, 0xFB, 0x00, 0x00, 0x00, 0x00, 0x00, 0x00, 0x00, 0x00, 0x00, 0x05, 0xAD, 0xEF, 0xDB, 0x50, 0x00, 0x00,
  0x00, 0x2B, 0xFF, 0xFF, 0xFF, 0xFF, 0xC2, 0x00, 0x00, 0x1D, 0xFF, 0xFF, 0xFF, 0xFF, 0xFF, 0xD1, 0x00, 0x0A, 0xFF, 0xFF,
  0xFD, 0xDF, 0xFF, 0xFF, 0x90, 0x03, 0xFF, 0xFF, 0xC2, 0x00, 0x4E, 0xFF, 0xFE, 0x00, 0x8F, 0xFF, 0xF2, 0x00, 0x00, 0x6F,
  0xFF, 0xF4, 0x0C, 0xFF, 0xFD, 0x00, 0x00, 0x02, 0xCC, 0xCC, 0x40, 0xDF, 0xFF, 0xFF, 0xFF, 0xFA, 0x00, 0x00, 0x00, 0x0E,
  0xFF, 0xFF, 0xFF, 0xFF, 0xA0, 0x00, 0x00, 0x00, 0xEF, 0xFF, 0xFD, 0xDD, 0xD9, 0x00, 0x00, 0x00, 0x0D, 0xFF, 0xFD, 0x00,
  0x00, 0x00, 0x00, 0x00, 0x00, 0xCF, 0xFF, 0xF1, 0x00, 0x00, 0x16, 0x66, 0x62, 0x08, 0xFF, 0xFF, 0x60, 0x00, 0x05, 0xFF,
  0xFF, 0x40, 0x3F, 0xFF, 0xFE, 0x30, 0x03, 0xDF, 0xFF, 0xE1, 0x00, 0xAF, 0xFF, 0xFF, 0xDD, 0xFF, 0xFF, 0xF9, 0x00, 0x01,
  0xDF, 0xFF, 0xFF, 0xFF, 0xFF, 0xFC, 0x10, 0x00, 0x02, 0xBF, 0xFF, 0xFF, 0xFF, 0xFB, 0x20, 0x00, 0x00, 0x00, 0x5A, 0xDE,
  0xED, 0xA5, 0x00, 0x00, 0x06, 0xFF, 0xB0, 0x02, 0xEF, 0xE2, 0x00, 0x00, 0x00, 0xCF, 0xF8, 0x00, 0x7F, 0xFC, 0x00, 0x00,
  0x00, 0x3F, 0xFF, 0x30, 0x0D, 0xFF, 0x80, 0x00, 0x00, 0x09, 0xFF, 0xD1, 0x04, 0xFF, 0xF4, 0x00, 0x00, 0x01, 0xEF, 0xF9,
  0x00, 0xAF, 0xFD, 0x10, 0x00, 0x00, 0x6F, 0xFF, 0x50, 0x2E, 0xFF, 0xA0, 0x00, 0x00, 0x0E, 0xFF, 0xD0, 0x0A, 0xFF, 0xF3,
  0x00, 0x00, 0x6F, 0xFF, 0x50, 0x2E, 0xFF, 0xA0, 0x00, 0x01, 0xEF, 0xF9, 0x00, 0xAF, 0xFD, 0x10, 0x00, 0x09, 0xFF, 0xD1,
  0x04, 0xFF, 0xF4, 0x00, 0x00, 0x3F, 0xFF, 0x30, 0x0C, 0xFF, 0x80, 0x00, 0x00, 0xCF, 0xF8, 0x00, 0x7F, 0xFC, 0x00, 0x00,
  0x06, 0xFF, 0xB0, 0x02, 0xEF, 0xE3, 0x00, 0x00, 0x00, 0x00, 0x00, 0x00, 0x00, 0x00, 0x00, 0x00, 0x00, 0x00, 0x00, 0x00,
  0x00, 0x00, 0x00, 0x00, 0x00, 0x00, 0x4B, 0xC9, 0x10, 0x00, 0x00, 0x2E, 0xFF, 0xFA, 0x00, 0x00, 0x05, 0xFF, 0xFF, 0xD0,
  0x00, 0x00, 0x3F, 0xFF, 0xFB, 0x00, 0x00, 0x00, 0x6D, 0xEB, 0x20, 0x00, 0x00, 0x00, 0x00, 0x00, 0x00, 0x00, 0x00, 0x00,
  0x00, 0x00, 0x00, 0x00, 0x0E, 0xFF, 0xFB, 0x00, 0x00, 0x00, 0xEF, 0xFF, 0xB0, 0x00, 0x00, 0x0E, 0xFF, 0xFB, 0x00, 0x00,
  0x00, 0xEF, 0xFF, 0xB0, 0x00, 0x00, 0x0E, 0xFF, 0xFB, 0x00, 0x00, 0x00, 0xEF, 0xFF, 0xB0, 0x00, 0x00, 0x0E, 0xFF, 0xFB,
  0x00, 0x00, 0x00, 0xEF, 0xFF, 0xB0, 0x00, 0x00, 0x0E, 0xFF, 0xFB, 0x00, 0x00, 0x00, 0xEF, 0xFF, 0xB0, 0x00, 0x00, 0x0E,
  0xFF, 0xFB, 0x00, 0x00, 0x00, 0xEF, 0xFF, 0xB0, 0x00, 0x00, 0x0E, 0xFF, 0xFB, 0x00, 0x00, 0x00, 0xEF, 0xFF, 0xB0, 0x00,
  0x00, 0x0E, 0xFF, 0xFB, 0x00, 0x00, 0x00, 0xEF, 0xFF, 0xB0, 0x00, 0x00, 0x0E, 0xFF, 0xFB, 0x00, 0x00, 0x00, 0xEF, 0xFF,
  0xB0, 0x00, 0x00, 0x0E, 0xFF, 0xFB, 0x00, 0x00, 0x01, 0xFF, 0xFF, 0xB0, 0x00, 0x00, 0x8F, 0xFF, 0xF9, 0x00, 0x8D, 0xEF,
  0xFF, 0xFF, 0x50, 0x09, 0xFF, 0xFF, 0xFF, 0xC0, 0x00, 0x9F, 0xFF, 0xFF, 0xD3, 0x00, 0x07, 0xEF, 0xEC, 0x81, 0x00, 0x00,
  0x00, 0x00, 0x01, 0x6A, 0xDE, 0xFE, 0xD9, 0x50, 0x00, 0x00, 0x00, 0x00, 0x6D, 0xFF, 0xFF, 0xFF, 0xFF, 0xFC, 0x30, 0x00,
  0x00, 0x08, 0xFF, 0xFF, 0xFF, 0xFF, 0xFF, 0xFF, 0xE4, 0x00, 0x00, 0x5F, 0xFF, 0xFF, 0xFE, 0xDF, 0xFF, 0xFF, 0xFE, 0x20,
  0x00, 0xCF, 0xFF, 0xFC, 0x40, 0x00, 0x6D, 0xFF, 0xFF, 0x90, 0x01, 0xFF, 0xFF, 0xE1, 0x00, 0x00, 0x03, 0xFF, 0xFF, 0xE0,
  0x03, 0xFF, 0xFF, 0xB0, 0x00, 0x00, 0x00, 0xCF, 0xFF, 0xF1, 0x01, 0xFF, 0xFF, 0xE1, 0x00, 0x00, 0x00, 0x34, 0x44, 0x41,
  0x00, 0xCF, 0xFF, 0xFC, 0x30, 0x00, 0x00, 0x00, 0x00, 0x00, 0x00, 0x5F, 0xFF, 0xFF, 0xFB, 0x61, 0x00, 0x00, 0x00, 0x00,
  0x00, 0x09, 0xFF, 0xFF, 0xFF, 0xFF, 0xB5, 0x00, 0x00, 0x00, 0x00, 0x00, 0x7F, 0xFF, 0xFF, 0xFF, 0xFF, 0xD6, 0x00, 0x00,
  0x00, 0x00, 0x03, 0xBF, 0xFF, 0xFF, 0xFF, 0xFF, 0xA1, 0x00, 0x00, 0x00, 0x00, 0x02, 0x8D, 0xFF, 0xFF, 0xFF, 0xFB, 0x00,
  0x00, 0x00, 0x00, 0x00, 0x00, 0x39, 0xEF, 0xFF, 0xFF, 0x60, 0x00, 0x00, 0x00, 0x00, 0x00, 0x00, 0x1B, 0xFF, 0xFF, 0xC0,
  0x0A, 0xBB, 0xBB, 0x00, 0x00, 0x00, 0x01, 0xEF, 0xFF, 0xF0, 0x0C, 0xFF, 0xFF, 0x20, 0x00, 0x00, 0x00, 0xCF, 0xFF, 0xF2,
  0x09, 0xFF, 0xFF, 0x90, 0x00, 0x00, 0x01, 0xEF, 0xFF, 0xF0, 0x03, 0xFF, 0xFF, 0xF9, 0x20, 0x00, 0x3B, 0xFF, 0xFF, 0xC0,
  0x00, 0x9F, 0xFF, 0xFF, 0xFE, 0xDE, 0xFF, 0xFF, 0xFF, 0x60, 0x00, 0x0A, 0xFF, 0xFF, 0xFF, 0xFF, 0xFF, 0xFF, 0xFA, 0x00,
  0x00, 0x00, 0x7E, 0xFF, 0xFF, 0xFF, 0xFF, 0xFE, 0x80, 0x00, 0x00, 0x00, 0x01, 0x5A, 0xCE, 0xFE, 0xDB, 0x72, 0x00, 0x00,
  0x00, 0x00, 0x39, 0xDE, 0xFE, 0xC9, 0x30, 0x00, 0x00, 0x00, 0x8F, 0xFF, 0xFF, 0xFF, 0xFF, 0x90, 0x00, 0x00, 0x9F, 0xFF,
  0xFF, 0xFF, 0xFF, 0xFF, 0xA0, 0x00, 0x3F, 0xFF, 0xFD, 0x86, 0x8E, 0xFF, 0xFF, 0x50, 0x07, 0xFF, 0xFF, 0x30, 0x00, 0x5F,
  0xFF, 0xF9, 0x00, 0x9F, 0xFF, 0xF1, 0x00, 0x00, 0xAA, 0xAA, 0x70, 0x07, 0xFF, 0xFF, 0xC4, 0x00, 0x00, 0x00, 0x00, 0x00,
  0x1E, 0xFF, 0xFF, 0xFE, 0xB8, 0x30, 0x00, 0x00, 0x00, 0x4E, 0xFF, 0xFF, 0xFF, 0xFF, 0xC5, 0x00, 0x00, 0x00, 0x2A, 0xFF,
  0xFF, 0xFF, 0xFF, 0xF8, 0x00, 0x00, 0x00, 0x02, 0x6A, 0xDF, 0xFF, 0xFF, 0xF4, 0x00, 0x00, 0x00, 0x00, 0x00, 0x3B, 0xFF,
  0xFF, 0xA0, 0x1D, 0xDD, 0xD6, 0x00, 0x00, 0x0D, 0xFF, 0xFB, 0x00, 0xDF, 0xFF, 0xC1, 0x00, 0x01, 0xEF, 0xFF, 0xB0, 0x07,
  0xFF, 0xFF, 0xD7, 0x67, 0xDF, 0xFF, 0xF6, 0x00, 0x1B, 0xFF, 0xFF, 0xFF, 0xFF, 0xFF, 0xFC, 0x00, 0x00, 0x1A, 0xFF, 0xFF,
  0xFF, 0xFF, 0xFA, 0x10, 0x00, 0x00, 0x03, 0x9D, 0xEF, 0xED, 0x94, 0x00, 0x00, 0x00, 0x10, 0x00, 0x00, 0x00, 0x10, 0x02,
  0xCF, 0xD4, 0x00, 0x03, 0xDF, 0xC2, 0x9F, 0xFF, 0xC0, 0x00, 0xBF, 0xFF, 0xA8, 0xFF, 0xFB, 0x00, 0x0B, 0xFF, 0xF9, 0x1B,
  0xEC, 0x30, 0x00, 0x3C, 0xEC, 0x20, 0x00, 0x00, 0x00, 0x00, 0x00, 0x00, 0x00, 0x00, 0x00, 0x00, 0x00, 0x00, 0x00, 0x00,
  0x0D, 0xFF, 0xFD, 0x00, 0x00, 0x00, 0x00, 0xDF, 0xFF, 0xD0, 0x00, 0x00, 0x00, 0x0D, 0xFF, 0xFD, 0x00, 0x00, 0x00, 0x00,
  0xDF, 0xFF, 0xD0, 0x00, 0x00, 0x00, 0x0D, 0xFF, 0xFD, 0x00, 0x00, 0x00, 0x00, 0xDF, 0xFF, 0xD0, 0x00, 0x00, 0x00, 0x0D,
  0xFF, 0xFD, 0x00, 0x00, 0x00, 0x00, 0xDF, 0xFF, 0xD0, 0x00, 0x00, 0x00, 0x0D, 0xFF, 0xFD, 0x00, 0x00, 0x00, 0x00, 0xDF,
  0xFF, 0xD0, 0x00, 0x00, 0x00, 0x0D, 0xFF, 0xFD, 0x00, 0x00, 0x00, 0x00, 0xDF, 0xFF, 0xD0, 0x00, 0x00, 0x00, 0x0D, 0xFF,
  0xFD, 0x00, 0x00, 0x00, 0x00, 0xDF, 0xFF, 0xD0, 0x00, 0x00, 0x00, 0x0D, 0xFF, 0xFD, 0x00, 0x00, 0x00, 0x00, 0xDF, 0xFF,
  0xD0, 0x00, 0x00, 0x00, 0x0D, 0xFF, 0xFD, 0x00, 0x00, 0x00, 0x00, 0xDF, 0xFF, 0xD0, 0x00, 0x00, 0x00, 0x00, 0x00, 0x00,
  0x6F, 0xFF, 0xF8, 0x00, 0x00, 0x00, 0x00, 0x00, 0x00, 0x00, 0x00, 0x0B, 0xFF, 0xFF, 0xD0, 0x00, 0x00, 0x00, 0x00, 0x00,
  0x00, 0x00, 0x02, 0xFF, 0xFF, 0xFF, 0x40, 0x00, 0x00, 0x00, 0x00, 0x00, 0x00, 0x00, 0x7F, 0xFF, 0xFF, 0xFA, 0x00, 0x00,
  0x00, 0x00, 0x00, 0x00, 0x00, 0x0C, 0xFF, 0xFF, 0xFF, 0xE1, 0x00, 0x00, 0x00, 0x00, 0x00, 0x00, 0x03, 0xFF, 0xFF, 0xFF,
  0xFF, 0x60, 0x00, 0x00, 0x00, 0x00, 0x00, 0x00, 0x9F, 0xFF, 0xEC, 0xFF, 0xFB, 0x00, 0x00, 0x00, 0x00, 0x00, 0x00, 0x0D,
  0xFF, 0xFA, 0x7F, 0xFF, 0xF2, 0x00, 0x00, 0x00, 0x00, 0x00, 0x05, 0xFF, 0xFF, 0x52, 0xFF, 0xFF, 0x70, 0x00, 0x00, 0x00,
  0x00, 0x00, 0xAF, 0xFF, 0xE1, 0x0C, 0xFF, 0xFC, 0x00, 0x00, 0x00, 0x00, 0x00, 0x1E, 0xFF, 0xFA, 0x00, 0x8F, 0xFF, 0xF3,
  0x00, 0x00, 0x00, 0x00, 0x06, 0xFF, 0xFF, 0x60, 0x03, 0xFF, 0xFF, 0x90, 0x00, 0x00, 0x00, 0x00, 0xBF, 0xFF, 0xE1, 0x00,
  0x0C, 0xFF, 0xFE, 0x00, 0x00, 0x00, 0x00, 0x2F, 0xFF, 0xFB, 0x00, 0x00, 0x8F, 0xFF, 0xF5, 0x00, 0x00, 0x00, 0x07, 0xFF,
  0xFF, 0x60, 0x00, 0x03, 0xFF, 0xFF, 0xA0, 0x00, 0x00, 0x00, 0xCF, 0xFF, 0xFF, 0xFF, 0xFF, 0xFF, 0xFF, 0xFE, 0x10, 0x00,
  0x00, 0x3F, 0xFF, 0xFF, 0xFF, 0xFF, 0xFF, 0xFF, 0xFF, 0xF6, 0x00, 0x00, 0x09, 0xFF, 0xFF, 0xFF, 0xFF, 0xFF, 0xFF, 0xFF,
  0xFF, 0xB0, 0x00, 0x00, 0xEF, 0xFF, 0xFE, 0xEE, 0xEE, 0xEE, 0xEF, 0xFF, 0xFF, 0x20, 0x00, 0x5F, 0xFF, 0xFB, 0x00, 0x00,
  0x00, 0x00, 0x8F, 0xFF, 0xF8, 0x00, 0x0A, 0xFF, 0xFF, 0x60, 0x00, 0x00, 0x00, 0x03, 0xFF, 0xFF, 0xD0, 0x01, 0xEF, 0xFF,
  0xF1, 0x00, 0x00, 0x00, 0x00, 0x0D, 0xFF, 0xFF, 0x40, 0x6F, 0xFF, 0xFB, 0x00, 0x00, 0x00, 0x00, 0x00, 0x9F, 0xFF, 0xF9,
  0x0B, 0xFF, 0xFF, 0x70, 0x00, 0x00, 0x00, 0x00, 0x04, 0xFF, 0xFF, 0xE0, 0x00, 0xEF, 0xFF, 0xFF, 0xFF, 0xFF, 0xFF, 0xFF,
  0xF7, 0x00, 0x00, 0x0E, 0xFF, 0xFF, 0xFF, 0xFF, 0xFF, 0xFF, 0xFF, 0x70, 0x00, 0x00, 0xEF, 0xFF, 0xFF, 0xFF, 0xFF, 0xFF,
  0xFF, 0xF7, 0x00, 0x00, 0x0E, 0xFF, 0xFF, 0xEE, 0xEE, 0xEE, 0xEE, 0xEE, 0x60, 0x00, 0x00, 0xEF, 0xFF, 0xE0, 0x00, 0x00,
  0x00, 0x00, 0x00, 0x00, 0x00, 0x0E, 0xFF, 0xFE, 0x00, 0x00, 0x00, 0x00, 0x00, 0x00, 0x00, 0x00, 0xEF, 0xFF, 0xE0, 0x00,
  0x00, 0x00, 0x00, 0x00, 0x00, 0x00, 0x0E, 0xFF, 0xFE, 0x00, 0x00, 0x00, 0x00, 0x00, 0x00, 0x00, 0x00, 0xEF, 0xFF, 0xE0,
  0x00, 0x00, 0x00, 0x00, 0x00, 0x00, 0x00, 0x0E, 0xFF, 0xFF, 0xFF, 0xFF, 0xED, 0xB8, 0x20, 0x00, 0x00, 0x00, 0xEF, 0xFF,
  0xFF, 0xFF, 0xFF, 0xFF, 0xFF, 0x80, 0x00, 0x00, 0x0E, 0xFF, 0xFF, 0xFF, 0xFF, 0xFF, 0xFF, 0xFF, 0xB1, 0x00, 0x00, 0xEF,
  0xFF, 0xFE, 0xEE, 0xEF, 0xFF, 0xFF, 0xFF, 0x90, 0x00, 0x0E, 0xFF, 0xFE, 0x00, 0x00, 0x14, 0xBF, 0xFF, 0xFF, 0x30, 0x00,
  0xEF, 0xFF, 0xE0, 0x00, 0x00, 0x00, 0xBF, 0xFF, 0xF7, 0x00, 0x0E, 0xFF, 0xFE, 0x00, 0x00, 0x00, 0x05, 0xFF, 0xFF, 0xA0,
  0x00, 0xEF, 0xFF, 0xE0, 0x00, 0x00, 0x00, 0x3F, 0xFF, 0xFB, 0x00, 0x0E, 0xFF, 0xFE, 0x00, 0x00, 0x00, 0x06, 0xFF, 0xFF,
  0xA0, 0x00, 0xEF, 0xFF, 0xE0, 0x00, 0x00, 0x00, 0xCF, 0xFF, 0xF7, 0x00, 0x0E, 0xFF, 0xFE, 0x00, 0x00, 0x04, 0xBF, 0xFF,
  0xFF, 0x20, 0x00, 0xEF, 0xFF, 0xFE, 0xEE, 0xEE, 0xFF, 0xFF, 0xFF, 0x80, 0x00, 0x0E, 0xFF, 0xFF, 0xFF, 0xFF, 0xFF, 0xFF,
  0xFF, 0xA0, 0x00, 0x00, 0xEF, 0xFF, 0xFF, 0xFF, 0xFF, 0xFF, 0xFE, 0x80, 0x00, 0x00, 0x0E, 0xFF, 0xFF, 0xFF, 0xFF, 0xED,
  0xB7, 0x10, 0x00, 0x00, 0x00, 0xEF, 0xFF, 0xFF, 0xFF, 0xFE, 0xDB, 0x83, 0x00, 0x00, 0x00, 0x0E, 0xFF, 0xFF, 0xFF, 0xFF,
  0xFF, 0xFF, 0xFA, 0x10, 0x00, 0x00, 0xEF, 0xFF, 0xFF, 0xFF, 0xFF, 0xFF, 0xFF, 0xFC, 0x10, 0x00, 0x0E, 0xFF, 0xFF, 0xEE,
  0xEE, 0xFF, 0xFF, 0xFF, 0xF8, 0x00, 0x00, 0xEF, 0xFF, 0xE0, 0x00, 0x00, 0x4C, 0xFF, 0xFF, 0xD0, 0x00, 0x0E, 0xFF, 0xFE,
  0x00, 0x00, 0x00, 0x2F, 0xFF, 0xFE, 0x00, 0x00, 0xEF, 0xFF, 0xE0, 0x00, 0x00, 0x00, 0xEF, 0xFF, 0xE0, 0x00, 0x0E, 0xFF,
  0xFE, 0x00, 0x00, 0x00, 0x3F, 0xFF, 0xFB, 0x00, 0x00, 0xEF, 0xFF, 0xE0, 0x00, 0x02, 0x6D, 0xFF, 0xFF, 0x50, 0x00, 0x0E,
  0xFF, 0xFF, 0xFF, 0xFF, 0xFF, 0xFF, 0xFF, 0x70, 0x00, 0x00, 0xEF, 0xFF, 0xFF, 0xFF, 0xFF, 0xFF, 0xFE, 0x50, 0x00, 0x00,
  0x0E, 0xFF, 0xFF, 0xFF, 0xFF, 0xFF, 0xFF, 0xFF, 0x80, 0x00, 0x00, 0xEF, 0xFF, 0xE7, 0x77, 0x78, 0xAF, 0xFF, 0xFF, 0x70,
  0x00, 0x0E, 0xFF, 0xFE, 0x00, 0x00, 0x00, 0x4F, 0xFF, 0xFE, 0x10, 0x00, 0xEF, 0xFF, 0xE0, 0x00, 0x00, 0x00, 0xAF, 0xFF,
  0xF5, 0x00, 0x0E, 0xFF, 0xFE, 0x00, 0x00, 0x00, 0x07, 0xFF, 0xFF, 0x80, 0x00, 0xEF, 0xFF, 0xE0, 0x00, 0x00, 0x00, 0x6F,
  0xFF, 0xF8, 0x00, 0x0E, 0xFF, 0xFE, 0x00, 0x00, 0x00, 0x08, 0xFF, 0xFF, 0x70, 0x00, 0xEF, 0xFF, 0xE0, 0x00, 0x00, 0x01,
  0xDF, 0xFF, 0xF5, 0x00, 0x0E, 0xFF, 0xFE, 0x00, 0x00, 0x03, 0xBF, 0xFF, 0xFF, 0x10, 0x00, 0xEF, 0xFF, 0xFE, 0xEE, 0xEE,
  0xFF, 0xFF, 0xFF, 0x90, 0x00, 0x0E, 0xFF, 0xFF, 0xFF, 0xFF, 0xFF, 0xFF, 0xFF, 0xC1, 0x00, 0x00, 0xEF, 0xFF, 0xFF, 0xFF,
  0xFF, 0xFF, 0xFF, 0xA1, 0x00, 0x00, 0x0E, 0xFF, 0xFF, 0xFF, 0xFF, 0xFE, 0xC9, 0x30, 0x00, 0x00, 0x00, 0xDF, 0xFF, 0xFF,
  0xFF, 0xFF, 0xFF, 0xFF, 0xF8, 0x00, 0xDF, 0xFF, 0xFF, 0xFF, 0xFF, 0xFF, 0xFF, 0xF8, 0x00, 0xDF, 0xFF, 0xFF, 0xFF, 0xFF,
  0xFF, 0xFF, 0xF8, 0x00, 0xDF, 0xFF, 0xFE, 0xEE, 0xEE, 0xEE, 0xEE, 0xE8, 0x00, 0xDF, 0xFF, 0xF0, 0x00, 0x00, 0x00, 0x00,
  0x00, 0x00, 0xDF, 0xFF, 0xF0, 0x00, 0x00, 0x00, 0x00, 0x00, 0x00, 0xDF, 0xFF, 0xF0, 0x00, 0x00, 0x00, 0x00, 0x00, 0x00,
  0xDF, 0xFF, 0xF0, 0x00, 0x00, 0x00, 0x00, 0x00, 0x00, 0xDF, 0xFF, 0xF0, 0x00, 0x00, 0x00, 0x00, 0x00, 0x00, 0xDF, 0xFF,
  0xF0, 0x00, 0x00, 0x00, 0x00, 0x00, 0x00, 0xDF, 0xFF, 0xF0, 0x00, 0x00, 0x00, 0x00, 0x00, 0x00, 0xDF, 0xFF, 0xF0, 0x00,
  0x00, 0x00, 0x00, 0x00, 0x00, 0xDF, 0xFF, 0xF0, 0x00, 0x00, 0x00, 0x00, 0x00, 0x00, 0xDF, 0xFF, 0xF0, 0x00, 0x00, 0x00,
  0x00, 0x00, 0x00, 0xDF, 0xFF, 0xF0, 0x00, 0x00, 0x00, 0x00, 0x00, 0x00, 0xDF, 0xFF, 0xF0, 0x00, 0x00, 0x00, 0x00, 0x00,
  0x00, 0xDF, 0xFF, 0xF0, 0x00, 0x00, 0x00, 0x00, 0x00, 0x00, 0xDF, 0xFF, 0xF0, 0x00, 0x00, 0x00, 0x00, 0x00, 0x00, 0xDF,
  0xFF, 0xF0, 0x00, 0x00, 0x00, 0x00, 0x00, 0x00, 0xDF, 0xFF, 0xF0, 0x00, 0x00, 0x00, 0x00, 0x00, 0x00, 0xDF, 0xFF, 0xF0,
  0x00, 0x00, 0x00, 0x00, 0x00, 0x00, 0xDF, 0xFF, 0xF0, 0x00, 0x00, 0x00, 0x00, 0x00, 0x00, 0xDF, 0xFF, 0xF0, 0x00, 0x00,
  0x00, 0x00, 0x00, 0x00, 0xDF, 0xFF, 0xF0, 0x00, 0x00, 0x00, 0x00, 0x00, 0x00, 0x00, 0x00, 0xEF, 0xFF, 0xFF, 0xFF, 0xFF,
  0xFF, 0xFF, 0xF8, 0x00, 0x00, 0x00, 0x00, 0x0F, 0xFF, 0xFF, 0xFF, 0xFF, 0xFF, 0xFF, 0xFF, 0x80, 0x00, 0x00, 0x00, 0x01,
  0xFF, 0xFF, 0xFF, 0xFF, 0xFF, 0xFF, 0xFF, 0xF8, 0x00, 0x00, 0x00, 0x00, 0x2F, 0xFF, 0xFF, 0xEE, 0xEE, 0xEE, 0xFF, 0xFF,
  0x80, 0x00, 0x00, 0x00, 0x03, 0xFF, 0xFF, 0xB0, 0x00, 0x00, 0x6F, 0xFF, 0xF8, 0x00, 0x00, 0x00, 0x00, 0x4F, 0xFF, 0xFA,
  0x00, 0x00, 0x06, 0xFF, 0xFF, 0x80, 0x00, 0x00, 0x00, 0x05, 0xFF, 0xFF, 0x90, 0x00, 0x00, 0x6F, 0xFF, 0xF8, 0x00, 0x00,
  0x00, 0x00, 0x6F, 0xFF, 0xF8, 0x00, 0x00, 0x06, 0xFF, 0xFF, 0x80, 0x00, 0x00, 0x00, 0x07, 0xFF, 0xFF, 0x70, 0x00, 0x00,
  0x6F, 0xFF, 0xF8, 0x00, 0x00, 0x00, 0x00, 0x8F, 0xFF, 0xF6, 0x00, 0x00, 0x06, 0xFF, 0xFF, 0x80, 0x00, 0x00, 0x00, 0x09,
  0xFF, 0xFF, 0x50, 0x00, 0x00, 0x6F, 0xFF, 0xF8, 0x00, 0x00, 0x00, 0x00, 0xAF, 0xFF, 0xF3, 0x00, 0x00, 0x06, 0xFF, 0xFF,
  0x80, 0x00, 0x00, 0x00, 0x0C, 0xFF, 0xFF, 0x10, 0x00, 0x00, 0x6F, 0xFF, 0xF8, 0x00, 0x00, 0x00, 0x00, 0xEF, 0xFF, 0xE0,
  0x00, 0x00, 0x06, 0xFF, 0xFF, 0x80, 0x00, 0x00, 0x00, 0x2F, 0xFF, 0xFB, 0x00, 0x00, 0x00, 0x6F, 0xFF, 0xF8, 0x00, 0x00,
  0x00, 0x06, 0xFF, 0xFF, 0x90, 0x00, 0x00, 0x06, 0xFF, 0xFF, 0x80, 0x00, 0x00, 0x00, 0xAF, 0xFF, 0xF4, 0x00, 0x00, 0x00,
  0x6F, 0xFF, 0xF8, 0x00, 0x00, 0x00, 0x1E, 0xFF, 0xFE, 0x00, 0x00, 0x00, 0x06, 0xFF, 0xFF, 0x80, 0x00, 0x00, 0x09, 0xFF,
  0xFF, 0x90, 0x00, 0x00, 0x00, 0x6F, 0xFF, 0xF8, 0x00, 0x00, 0x05, 0xFF, 0xFF, 0xE2, 0x00, 0x00, 0x00, 0x06, 0xFF, 0xFF,
  0x80, 0x00, 0x9E, 0xFF, 0xFF, 0xFF, 0xEE, 0xEE, 0xEE, 0xEE, 0xEF, 0xFF, 0xFE, 0xEE, 0x49, 0xFF, 0xFF, 0xFF, 0xFF, 0xFF,
  0xFF, 0xFF, 0xFF, 0xFF, 0xFF, 0xFF, 0xF3, 0x9F, 0xFF, 0xFF, 0xFF, 0xFF, 0xFF, 0xFF, 0xFF, 0xFF, 0xFF, 0xFF, 0xFF, 0x38,
  0xFF, 0xFF, 0xFF, 0xFF, 0xFF, 0xFF, 0xFF, 0xFF, 0xFF, 0xFF, 0xFF, 0xF2, 0x8F, 0xFF, 0xF4, 0x00, 0x00, 0x00, 0x00, 0x00,
  0x00, 0x0A, 0xFF, 0xFF, 0x18, 0xFF, 0xFF, 0x40, 0x00, 0x00, 0x00, 0x00, 0x00, 0x00, 0xAF, 0xFF, 0xF1, 0x7F, 0xFF, 0xF4,
  0x00, 0x00, 0x00, 0x00, 0x00, 0x00, 0x0A, 0xFF, 0xFF, 0x07, 0xFF, 0xFF, 0x40, 0x00, 0x00, 0x00, 0x00, 0x00, 0x00, 0xAF,
  0xFF, 0xE0, 0x7F, 0xFF, 0xF4, 0x00, 0x00, 0x00, 0x00, 0x00, 0x00, 0x0A, 0xFF, 0xFE, 0x06, 0xFF, 0xFF, 0x40, 0x00, 0x00,
  0x00, 0x00, 0x00, 0x00, 0xAF, 0xFF, 0xD0, 0x00, 0xEF, 0xFF, 0xFF, 0xFF, 0xFF, 0xFF, 0xFF, 0xFC, 0x00, 0x0E, 0xFF, 0xFF,
  0xFF, 0xFF, 0xFF, 0xFF, 0xFF, 0xC0, 0x00, 0xEF, 0xFF, 0xFF, 0xFF, 0xFF, 0xFF, 0xFF, 0xFC, 0x00, 0x0E, 0xFF, 0xFF, 0xEE,
  0xEE, 0xEE, 0xEE, 0xEE, 0xC0, 0x00, 0xEF, 0xFF, 0xE0, 0x00, 0x00, 0x00, 0x00, 0x00, 0x00, 0x0E, 0xFF, 0xFE, 0x00, 0x00,
  0x00, 0x00, 0x00, 0x00, 0x00, 0xEF, 0xFF, 0xE0, 0x00, 0x00, 0x00, 0x00, 0x00, 0x00, 0x0E, 0xFF, 0xFE, 0x00, 0x00, 0x00,
  0x00, 0x00, 0x00, 0x00, 0xEF, 0xFF, 0xE0, 0x00, 0x00, 0x00, 0x00, 0x00, 0x00, 0x0E, 0xFF, 0xFE, 0x00, 0x00, 0x00, 0x00,
  0x00, 0x00, 0x00, 0xEF, 0xFF, 0xFF, 0xFF, 0xFF, 0xFF, 0xFF, 0x40, 0x00, 0x0E, 0xFF, 0xFF, 0xFF, 0xFF, 0xFF, 0xFF, 0xF4,
  0x00, 0x00, 0xEF, 0xFF, 0xFF, 0xFF, 0xFF, 0xFF, 0xFF, 0x40, 0x00, 0x0E, 0xFF, 0xFF, 0xCC, 0xCC, 0xCC, 0xCC, 0xC3, 0x00,
  0x00, 0xEF, 0xFF, 0xE0, 0x00, 0x00, 0x00, 0x00, 0x00, 0x00, 0x0E, 0xFF, 0xFE, 0x00, 0x00, 0x00, 0x00, 0x00, 0x00, 0x00,
  0xEF, 0xFF, 0xE0, 0x00, 0x00, 0x00, 0x00, 0x00, 0x00, 0x0E, 0xFF, 0xFE, 0x00, 0x00, 0x00, 0x00, 0x00, 0x00, 0x00, 0xEF,
  0xFF, 0xE0, 0x00, 0x00, 0x00, 0x00, 0x00, 0x00, 0x0E, 0xFF, 0xFE, 0x00, 0x00, 0x00, 0x00, 0x00, 0x00, 0x00, 0xEF, 0xFF,
  0xFE, 0xEE, 0xEE, 0xEE, 0xEE, 0xEC, 0x00, 0x0E, 0xFF, 0xFF, 0xFF, 0xFF, 0xFF, 0xFF, 0xFF, 0xD0, 0x00, 0xEF, 0xFF, 0xFF,
  0xFF, 0xFF, 0xFF, 0xFF, 0xFD, 0x00, 0x0E, 0xFF, 0xFF, 0xFF, 0xFF, 0xFF, 0xFF, 0xFF, 0xD0, 0x2E, 0xFF, 0xFF, 0xD1, 0x00,
  0x00, 0x00, 0xCF, 0xFF, 0xF2, 0x00, 0x00, 0x00, 0xBF, 0xFF, 0xFF, 0x40, 0x8F, 0xFF, 0xFF, 0x70, 0x00, 0x00, 0x0C, 0xFF,
  0xFF, 0x20, 0x00, 0x00, 0x4F, 0xFF, 0xFF, 0xA0, 0x01, 0xDF, 0xFF, 0xFE, 0x10, 0x00, 0x00, 0xCF, 0xFF, 0xF2, 0x00, 0x00,
  0x0C, 0xFF, 0xFF, 0xE2, 0x00, 0x05, 0xFF, 0xFF, 0xF8, 0x00, 0x00, 0x0C, 0xFF, 0xFF, 0x20, 0x00, 0x05, 0xFF, 0xFF, 0xF7,
  0x00, 0x00, 0x0A, 0xFF, 0xFF, 0xE1, 0x00, 0x00, 0xCF, 0xFF, 0xF2, 0x00, 0x00, 0xCF, 0xFF, 0xFD, 0x00, 0x00, 0x00, 0x2E,
  0xFF, 0xFF, 0x80, 0x00, 0x0C, 0xFF, 0xFF, 0x20, 0x00, 0x5F, 0xFF, 0xFF, 0x40, 0x00, 0x00, 0x00, 0x7F, 0xFF, 0xFE, 0x20,
  0x00, 0xCF, 0xFF, 0xF2, 0x00, 0x0C, 0xFF, 0xFF, 0xA0, 0x00, 0x00, 0x00, 0x00, 0xCF, 0xFF, 0xF9, 0x00, 0x0C, 0xFF, 0xFF,
  0x20, 0x05, 0xFF, 0xFF, 0xE2, 0x00, 0x00, 0x00, 0x00, 0x04, 0xFF, 0xFF, 0xF2, 0x00, 0xCF, 0xFF, 0xF2, 0x00, 0xCF, 0xFF,
  0xF8, 0x00, 0x00, 0x00, 0x00, 0x00, 0x0A, 0xFF, 0xFF, 0xA0, 0x0C, 0xFF, 0xFF, 0x20, 0x5F, 0xFF, 0xFD, 0x00, 0x00, 0x00,
  0x00, 0x00, 0x00, 0x1E, 0xFF, 0xFF, 0xFF, 0xFF, 0xFF, 0xFF, 0xFF, 0xFF, 0xFF, 0x50, 0x00, 0x00, 0x00, 0x00, 0x00, 0x00,
  0x9F, 0xFF, 0xFF, 0xFF, 0xFF, 0xFF, 0xFF, 0xFF, 0xFF, 0xD0, 0x00, 0x00, 0x00, 0x00, 0x00, 0x00, 0x2E, 0xFF, 0xFF, 0xFF,
  0xFF, 0xFF, 0xFF, 0xFF, 0xFF, 0xFF, 0x60, 0x00, 0x00, 0x00, 0x00, 0x00, 0x0A, 0xFF, 0xFF, 0xFF, 0xFF, 0xFF, 0xFF, 0xFF,
  0xFF, 0xFF, 0xFD, 0x10, 0x00, 0x00, 0x00, 0x00, 0x04, 0xFF, 0xFF, 0xFA, 0x88, 0xDF, 0xFF, 0xF8, 0x88, 0xFF, 0xFF, 0xF8,
  0x00, 0x00, 0x00, 0x00, 0x00, 0xCF, 0xFF, 0xFD, 0x00, 0x0C, 0xFF, 0xFF, 0x20, 0x09, 0xFF, 0xFF, 0xE2, 0x00, 0x00, 0x00,
  0x00, 0x6F, 0xFF, 0xFF, 0x60, 0x00, 0xCF, 0xFF, 0xF2, 0x00, 0x2E, 0xFF, 0xFF, 0xA0, 0x00, 0x00, 0x00, 0x1E, 0xFF, 0xFF,
  0xC0, 0x00, 0x0C, 0xFF, 0xFF, 0x20, 0x00, 0x9F, 0xFF, 0xFF, 0x40, 0x00, 0x00, 0x09, 0xFF, 0xFF, 0xF4, 0x00, 0x00, 0xCF,
  0xFF, 0xF2, 0x00, 0x02, 0xEF, 0xFF, 0xFC, 0x00, 0x00, 0x03, 0xFF, 0xFF, 0xFB, 0x00, 0x00, 0x0C, 0xFF, 0xFF, 0x20, 0x00,
  0x08, 0xFF, 0xFF, 0xF6, 0x00, 0x00, 0xBF, 0xFF, 0xFF, 0x30, 0x00, 0x00, 0xCF, 0xFF, 0xF2, 0x00, 0x00, 0x1E, 0xFF, 0xFF,
  0xD1, 0x00, 0x5F, 0xFF, 0xFF, 0xA0, 0x00, 0x00, 0x0C, 0xFF, 0xFF, 0x20, 0x00, 0x00, 0x8F, 0xFF, 0xFF, 0x80, 0x0D, 0xFF,
  0xFF, 0xF3, 0x00, 0x00, 0x00, 0xCF, 0xFF, 0xF2, 0x00, 0x00, 0x01, 0xEF, 0xFF, 0xFE, 0x27, 0xFF, 0xFF, 0xF9, 0x00, 0x00,
  0x00, 0x0C, 0xFF, 0xFF, 0x20, 0x00, 0x00, 0x07, 0xFF, 0xFF, 0xFA, 0x00, 0x00, 0x02, 0x8C, 0xDF, 0xFE, 0xC9, 0x30, 0x00,
  0x00, 0x00, 0x01, 0x9F, 0xFF, 0xFF, 0xFF, 0xFF, 0xFB, 0x20, 0x00, 0x00, 0x1C, 0xFF, 0xFF, 0xFF, 0xFF, 0xFF, 0xFF, 0xD2,
  0x00, 0x00, 0xAF, 0xFF, 0xFF, 0xFE, 0xFF, 0xFF, 0xFF, 0xFB, 0x00, 0x03, 0xFF, 0xFF, 0xF9, 0x30, 0x03, 0xBF, 0xFF, 0xFF,
  0x30, 0x08, 0xFF, 0xFF, 0x90, 0x00, 0x00, 0x0B, 0xFF, 0xFF, 0x70, 0x06, 0xBB, 0xBB, 0x40, 0x00, 0x00, 0x06, 0xFF, 0xFF,
  0x80, 0x00, 0x00, 0x00, 0x00, 0x00, 0x00, 0x07, 0xFF, 0xFF, 0x70, 0x00, 0x00, 0x00, 0x00, 0x00, 0x00, 0x0C, 0xFF, 0xFF,
  0x30, 0x00, 0x00, 0x00, 0x00, 0x00, 0x14, 0xBF, 0xFF, 0xFA, 0x00, 0x00, 0x00, 0x00, 0x0C, 0xFF, 0xFF, 0xFF, 0xFF, 0xB1,
  0x00, 0x00, 0x00, 0x00, 0x0C, 0xFF, 0xFF, 0xFF, 0xF8, 0x00, 0x00, 0x00, 0x00, 0x00, 0x0C, 0xFF, 0xFF, 0xFF, 0xFD, 0x60,
  0x00, 0x00, 0x00, 0x00, 0x0A, 0xCC, 0xDE, 0xFF, 0xFF, 0xF8, 0x00, 0x00, 0x00, 0x00, 0x00, 0x00, 0x00, 0x6E, 0xFF, 0xFF,
  0x50, 0x00, 0x00, 0x00, 0x00, 0x00, 0x00, 0x05, 0xFF, 0xFF, 0xA0, 0x00, 0x00, 0x00, 0x00, 0x00, 0x00, 0x01, 0xFF, 0xFF,
  0xD0, 0x0C, 0xDD, 0xDD, 0x00, 0x00, 0x00, 0x01, 0xFF, 0xFF, 0xD0, 0x0C, 0xFF, 0xFF, 0x60, 0x00, 0x00, 0x07, 0xFF, 0xFF,
  0xC0, 0x08, 0xFF, 0xFF, 0xF8, 0x20, 0x02, 0x9F, 0xFF, 0xFF, 0x80, 0x02, 0xEF, 0xFF, 0xFF, 0xFE, 0xEF, 0xFF, 0xFF, 0xFE,
  0x10, 0x00, 0x4E, 0xFF, 0xFF, 0xFF, 0xFF, 0xFF, 0xFF, 0xE4, 0x00, 0x00, 0x03, 0xBF, 0xFF, 0xFF, 0xFF, 0xFF, 0xFB, 0x30,
  0x00, 0x00, 0x00, 0x04, 0x8C, 0xDF, 0xFE, 0xC9, 0x40, 0x00, 0x00, 0x01, 0xFF, 0xFF, 0xC0, 0x00, 0x00, 0x00, 0x03, 0xFF,
  0xFF, 0xF0, 0x00, 0x1F, 0xFF, 0xFC, 0x00, 0x00, 0x00, 0x00, 0xBF, 0xFF, 0xFF, 0x00, 0x01, 0xFF, 0xFF, 0xC0, 0x00, 0x00,
  0x00, 0x6F, 0xFF, 0xFF, 0xF0, 0x00, 0x1F, 0xFF, 0xFC, 0x00, 0x00, 0x00, 0x1D, 0xFF, 0xFF, 0xFF, 0x00, 0x01, 0xFF, 0xFF,
  0xC0, 0x00, 0x00, 0x08, 0xFF, 0xFF, 0xFF, 0xF0, 0x00, 0x1F, 0xFF, 0xFC, 0x00, 0x00, 0x02, 0xEF, 0xFF, 0xFF, 0xFF, 0x00,
  0x01, 0xFF, 0xFF, 0xC0, 0x00, 0x00, 0xBF, 0xFF, 0xFF, 0xFF, 0xF0, 0x00, 0x1F, 0xFF, 0xFC, 0x00, 0x00, 0x5F, 0xFF, 0xFF,
  0xFF, 0xFF, 0x00, 0x01, 0xFF, 0xFF, 0xC0, 0x00, 0x0D, 0xFF, 0xFD, 0xDF, 0xFF, 0xF0, 0x00, 0x1F, 0xFF, 0xFC, 0x00, 0x07,
  0xFF, 0xFF, 0x5D, 0xFF, 0xFF, 0x00, 0x01, 0xFF, 0xFF, 0xC0, 0x02, 0xEF, 0xFF, 0xB0, 0xDF, 0xFF, 0xF0, 0x00, 0x1F, 0xFF,
  0xFC, 0x00, 0xAF, 0xFF, 0xF3, 0x0D, 0xFF, 0xFF, 0x00, 0x01, 0xFF, 0xFF, 0xC0, 0x4F, 0xFF, 0xF9, 0x00, 0xDF, 0xFF, 0xF0,
  0x00, 0x1F, 0xFF, 0xFC, 0x0C, 0xFF, 0xFE, 0x10, 0x0D, 0xFF, 0xFF, 0x00, 0x01, 0xFF, 0xFF, 0xC6, 0xFF, 0xFF, 0x60, 0x00,
  0xDF, 0xFF, 0xF0, 0x00, 0x1F, 0xFF, 0xFD, 0xEF, 0xFF, 0xC0, 0x00, 0x0D, 0xFF, 0xFF, 0x00, 0x01, 0xFF, 0xFF, 0xFF, 0xFF,
  0xF4, 0x00, 0x00, 0xDF, 0xFF, 0xF0, 0x00, 0x1F, 0xFF, 0xFF, 0xFF, 0xFA, 0x00, 0x00, 0x0D, 0xFF, 0xFF, 0x00, 0x01, 0xFF,
  0xFF, 0xFF, 0xFE, 0x20, 0x00, 0x00, 0xDF, 0xFF, 0xF0, 0x00, 0x1F, 0xFF, 0xFF, 0xFF, 0x70, 0x00, 0x00, 0x0D, 0xFF, 0xFF,
  0x00, 0x01, 0xFF, 0xFF, 0xFF, 0xD0, 0x00, 0x00, 0x00, 0xDF, 0xFF, 0xF0, 0x00, 0x1F, 0xFF, 0xFF, 0xF4, 0x00, 0x00, 0x00,
  0x0D, 0xFF, 0xFF, 0x00, 0x01, 0xFF, 0xFF, 0xFA, 0x00, 0x00, 0x00, 0x00, 0xDF, 0xFF, 0xF0, 0x00, 0x1F, 0xFF, 0xFE, 0x20,
  0x00, 0x00, 0x00, 0x0D, 0xFF, 0xFF, 0x00, 0x00, 0x00, 0x01, 0xFF, 0xF6, 0x00, 0x06, 0xFF, 0xF1, 0x00, 0x00, 0x00, 0x00,
  0x00, 0x0D, 0xFF, 0xB1, 0x01, 0xBF, 0xFD, 0x00, 0x00, 0x00, 0x00, 0x00, 0x00, 0x7F, 0xFF, 0xDB, 0xDF, 0xFF, 0x70, 0x00,
  0x00, 0x00, 0x00, 0x00, 0x00, 0xAF, 0xFF, 0xFF, 0xFF, 0xA0, 0x00, 0x00, 0x00, 0x00, 0x00, 0x00, 0x00, 0x6B, 0xEF, 0xEB,
  0x60, 0x00, 0x00, 0x00, 0x00, 0x00, 0x00, 0x00, 0x00, 0x00, 0x00, 0x00, 0x00, 0x00, 0x00, 0x00, 0x01, 0xFF, 0xFF, 0xC0,
  0x00, 0x00, 0x00, 0x03, 0xFF, 0xFF, 0xF0, 0x00, 0x1F, 0xFF, 0xFC, 0x00, 0x00, 0x00, 0x00, 0xBF, 0xFF, 0xFF, 0x00, 0x01,
  0xFF, 0xFF, 0xC0, 0x00, 0x00, 0x00, 0x6F, 0xFF, 0xFF, 0xF0, 0x00, 0x1F, 0xFF, 0xFC, 0x00, 0x00, 0x00, 0x1D, 0xFF, 0xFF,
  0xFF, 0x00, 0x01, 0xFF, 0xFF, 0xC0, 0x00, 0x00, 0x08, 0xFF, 0xFF, 0xFF, 0xF0, 0x00, 0x1F, 0xFF, 0xFC, 0x00, 0x00, 0x02,
  0xEF, 0xFF, 0xFF, 0xFF, 0x00, 0x01, 0xFF, 0xFF, 0xC0, 0x00, 0x00, 0xBF, 0xFF, 0xFF, 0xFF, 0xF0, 0x00, 0x1F, 0xFF, 0xFC,
  0x00, 0x00, 0x5F, 0xFF, 0xFF, 0xFF, 0xFF, 0x00, 0x01, 0xFF, 0xFF, 0xC0, 0x00, 0x0D, 0xFF, 0xFD, 0xDF, 0xFF, 0xF0, 0x00,
  0x1F, 0xFF, 0xFC, 0x00, 0x07, 0xFF, 0xFF, 0x5D, 0xFF, 0xFF, 0x00, 0x01, 0xFF, 0xFF, 0xC0, 0x02, 0xEF, 0xFF, 0xB0, 0xDF,
  0xFF, 0xF0, 0x00, 0x1F, 0xFF, 0xFC, 0x00, 0xAF, 0xFF, 0xF3, 0x0D, 0xFF, 0xFF, 0x00, 0x01, 0xFF, 0xFF, 0xC0, 0x4F, 0xFF,
  0xF9, 0x00, 0xDF, 0xFF, 0xF0, 0x00, 0x1F, 0xFF, 0xFC, 0x0C, 0xFF, 0xFE, 0x10, 0x0D, 0xFF, 0xFF, 0x00, 0x01, 0xFF, 0xFF,
  0xC6, 0xFF, 0xFF, 0x60, 0x00, 0xDF, 0xFF, 0xF0, 0x00, 0x1F, 0xFF, 0xFD, 0xEF, 0xFF, 0xC0, 0x00, 0x0D, 0xFF, 0xFF, 0x00,
  0x01, 0xFF, 0xFF, 0xFF, 0xFF, 0xF4, 0x00, 0x00, 0xDF, 0xFF, 0xF0, 0x00, 0x1F, 0xFF, 0xFF, 0xFF, 0xFA, 0x00, 0x00, 0x0D,
  0xFF, 0xFF, 0x00, 0x01, 0xFF, 0xFF, 0xFF, 0xFE, 0x20, 0x00, 0x00, 0xDF, 0xFF, 0xF0, 0x00, 0x1F, 0xFF, 0xFF, 0xFF, 0x70,
  0x00, 0x00, 0x0D, 0xFF, 0xFF, 0x00, 0x01, 0xFF, 0xFF, 0xFF, 0xD0, 0x00, 0x00, 0x00, 0xDF, 0xFF, 0xF0, 0x00, 0x1F, 0xFF,
  0xFF, 0xF4, 0x00, 0x00, 0x00, 0x0D, 0xFF, 0xFF, 0x00, 0x01, 0xFF, 0xFF, 0xFA, 0x00, 0x00, 0x00, 0x00, 0xDF, 0xFF, 0xF0,
  0x00, 0x1F, 0xFF, 0xFE, 0x20, 0x00, 0x00, 0x00, 0x0D, 0xFF, 0xFF, 0x00, 0x00, 0xDF, 0xFF, 0xF0, 0x00, 0x00, 0x00, 0x7F,
  0xFF, 0xFF, 0x80, 0x00, 0xDF, 0xFF, 0xF0, 0x00, 0x00, 0x01, 0xEF, 0xFF, 0xFD, 0x10, 0x00, 0xDF, 0xFF, 0xF0, 0x00, 0x00,
  0x09, 0xFF, 0xFF, 0xF5, 0x00, 0x00, 0xDF, 0xFF, 0xF0, 0x00, 0x00, 0x3F, 0xFF, 0xFF, 0xA0, 0x00, 0x00, 0xDF, 0xFF, 0xF0,
  0x00, 0x00, 0xBF, 0xFF, 0xFE, 0x20, 0x00, 0x00, 0xDF, 0xFF, 0xF0, 0x00, 0x05, 0xFF, 0xFF, 0xF7, 0x00, 0x00, 0x00, 0xDF,
  0xFF, 0xF0, 0x00, 0x0D, 0xFF, 0xFF, 0xC0, 0x00, 0x00, 0x00, 0xDF, 0xFF, 0xF0, 0x00, 0x7F, 0xFF, 0xFF, 0x30, 0x00, 0x00,
  0x00, 0xDF, 0xFF, 0xF0, 0x01, 0xEF, 0xFF, 0xF9, 0x00, 0x00, 0x00, 0x00, 0xDF, 0xFF, 0xF0, 0x09, 0xFF, 0xFF, 0xD1, 0x00,
  0x00, 0x00, 0x00, 0xDF, 0xFF, 0xFF, 0xFF, 0xFF, 0xFF, 0x50, 0x00, 0x00, 0x00, 0x00, 0xDF, 0xFF, 0xFF, 0xFF, 0xFF, 0xFC,
  0x00, 0x00, 0x00, 0x00, 0x00, 0xDF, 0xFF, 0xFF, 0xFF, 0xFF, 0xFE, 0x30, 0x00, 0x00, 0x00, 0x00, 0xDF, 0xFF, 0xFF, 0xFF,
  0xFF, 0xFF, 0xB0, 0x00, 0x00, 0x00, 0x00, 0xDF, 0xFF, 0xF8, 0x89, 0xFF, 0xFF, 0xF7, 0x00, 0x00, 0x00, 0x00, 0xDF, 0xFF,
  0xF0, 0x00, 0xAF, 0xFF, 0xFE, 0x20, 0x00, 0x00, 0x00, 0xDF, 0xFF, 0xF0, 0x00, 0x1E, 0xFF, 0xFF, 0xB0, 0x00, 0x00, 0x00,
  0xDF, 0xFF, 0xF0, 0x00, 0x06, 0xFF, 0xFF, 0xF6, 0x00, 0x00, 0x00, 0xDF, 0xFF, 0xF0, 0x00, 0x00, 0xBF, 0xFF, 0xFE, 0x20,
  0x00, 0x00, 0xDF, 0xFF, 0xF0, 0x00, 0x00, 0x2E, 0xFF, 0xFF, 0xA0, 0x00, 0x00, 0xDF, 0xFF, 0xF0, 0x00, 0x00, 0x07, 0xFF,
  0xFF, 0xF5, 0x00, 0x00, 0xDF, 0xFF, 0xF0, 0x00, 0x00, 0x00, 0xCF, 0xFF, 0xFD, 0x10, 0x00, 0xDF, 0xFF, 0xF0, 0x00, 0x00,
  0x00, 0x3F, 0xFF, 0xFF, 0xA0, 0x00, 0xDF, 0xFF, 0xF0, 0x00, 0x00, 0x00, 0x09, 0xFF, 0xFF, 0xF5, 0x00, 0x00, 0x09, 0xFF,
  0xFF, 0xFF, 0xFF, 0xFF, 0xFF, 0xFF, 0xF3, 0x00, 0x00, 0x00, 0xAF, 0xFF, 0xFF, 0xFF, 0xFF, 0xFF, 0xFF, 0xFF, 0x30, 0x00,
  0x00, 0x0A, 0xFF, 0xFF, 0xFF, 0xFF, 0xFF, 0xFF, 0xFF, 0xF3, 0x00, 0x00, 0x00, 0xBF, 0xFF, 0xFE, 0xEE, 0xEE, 0xEF, 0xFF,
  0xFF, 0x30, 0x00, 0x00, 0x0B, 0xFF, 0xFF, 0x10, 0x00, 0x00, 0xBF, 0xFF, 0xF3, 0x00, 0x00, 0x00, 0xCF, 0xFF, 0xF0, 0x00,
  0x00, 0x0B, 0xFF, 0xFF, 0x30, 0x00, 0x00, 0x0C, 0xFF, 0xFE, 0x00, 0x00, 0x00, 0xBF, 0xFF, 0xF3, 0x00, 0x00, 0x00, 0xDF,
  0xFF, 0xE0, 0x00, 0x00, 0x0B, 0xFF, 0xFF, 0x30, 0x00, 0x00, 0x0D, 0xFF, 0xFD, 0x00, 0x00, 0x00, 0xBF, 0xFF, 0xF3, 0x00,
  0x00, 0x00, 0xEF, 0xFF, 0xD0, 0x00, 0x00, 0x0B, 0xFF, 0xFF, 0x30, 0x00, 0x00, 0x0E, 0xFF, 0xFC, 0x00, 0x00, 0x00, 0xBF,
  0xFF, 0xF3, 0x00, 0x00, 0x00, 0xFF, 0xFF, 0xB0, 0x00, 0x00, 0x0B, 0xFF, 0xFF, 0x30, 0x00, 0x00, 0x1F, 0xFF, 0xFB, 0x00,
  0x00, 0x00, 0xBF, 0xFF, 0xF3, 0x00, 0x00, 0x02, 0xFF, 0xFF, 0xA0, 0x00, 0x00, 0x0B, 0xFF, 0xFF, 0x30, 0x00, 0x00, 0x4F,
  0xFF, 0xF9, 0x00, 0x00, 0x00, 0xBF, 0xFF, 0xF3, 0x00, 0x00, 0x06, 0xFF, 0xFF, 0x70, 0x00, 0x00, 0x0B, 0xFF, 0xFF, 0x30,
  0x00, 0x00, 0x9F, 0xFF, 0xF5, 0x00, 0x00, 0x00, 0xBF, 0xFF, 0xF3, 0x00, 0x00, 0x0D, 0xFF, 0xFF, 0x10, 0x00, 0x00, 0x0B,
  0xFF, 0xFF, 0x30, 0x00, 0x05, 0xFF, 0xFF, 0xD0, 0x00, 0x00, 0x00, 0xBF, 0xFF, 0xF3, 0x00, 0x16, 0xEF, 0xFF, 0xF8, 0x00,
  0x00, 0x00, 0x0B, 0xFF, 0xFF, 0x30, 0x6F, 0xFF, 0xFF, 0xFF, 0x20, 0x00, 0x00, 0x00, 0xBF, 0xFF, 0xF3, 0x06, 0xFF, 0xFF,
  0xFF, 0x80, 0x00, 0x00, 0x00, 0x0B, 0xFF, 0xFF, 0x30, 0x6F, 0xFF, 0xFF, 0xA0, 0x00, 0x00, 0x00, 0x00, 0xBF, 0xFF, 0xF3,
  0x06, 0xFF, 0xDA, 0x50, 0x00, 0x00, 0x00, 0x00, 0x0B, 0xFF, 0xFF, 0x30, 0x00, 0xEF, 0xFF, 0xFF, 0x90, 0x00, 0x00, 0x00,
  0x00, 0x00, 0xCF, 0xFF, 0xFF, 0xC0, 0x00, 0x0E, 0xFF, 0xFF, 0xFE, 0x00, 0x00, 0x00, 0x00, 0x00, 0x2F, 0xFF, 0xFF, 0xFC,
  0x00, 0x00, 0xEF, 0xFF, 0xFF, 0xF5, 0x00, 0x00, 0x00, 0x00, 0x07, 0xFF, 0xFF, 0xFF, 0xC0, 0x00, 0x0E, 0xFF, 0xFF, 0xFF,
  0xA0, 0x00, 0x00, 0x00, 0x00, 0xCF, 0xFF, 0xFF, 0xFC, 0x00, 0x00, 0xEF, 0xFF, 0xFF, 0xFE, 0x10, 0x00, 0x00, 0x00, 0x2F,
  0xFF, 0xFF, 0xFF, 0xC0, 0x00, 0x0E, 0xFF, 0xFF, 0xFF, 0xF6, 0x00, 0x00, 0x00, 0x08, 0xFF, 0xFF, 0xFF, 0xFC, 0x00, 0x00,
  0xEF, 0xFF, 0xDF, 0xFF, 0xB0, 0x00, 0x00, 0x00, 0xDF, 0xFF, 0xDF, 0xFF, 0xC0, 0x00, 0x0E, 0xFF, 0xFA, 0xFF, 0xFE, 0x10,
  0x00, 0x00, 0x3F, 0xFF, 0xEB, 0xFF, 0xFC, 0x00, 0x00, 0xEF, 0xFF, 0x9B, 0xFF, 0xF6, 0x00, 0x00, 0x08, 0xFF, 0xF9, 0xBF,
  0xFF, 0xC0, 0x00, 0x0E, 0xFF, 0xFA, 0x6F, 0xFF, 0xB0, 0x00, 0x00, 0xDF, 0xFF, 0x4C, 0xFF, 0xFC, 0x00, 0x00, 0xEF, 0xFF,
  0xA1, 0xEF, 0xFF, 0x20, 0x00, 0x4F, 0xFF, 0xD0, 0xCF, 0xFF, 0xC0, 0x00, 0x0E, 0xFF, 0xFB, 0x0A, 0xFF, 0xF7, 0x00, 0x09,
  0xFF, 0xF8, 0x0D, 0xFF, 0xFC, 0x00, 0x00, 0xEF, 0xFF, 0xB0, 0x5F, 0xFF, 0xC0, 0x00, 0xDF, 0xFF, 0x30, 0xDF, 0xFF, 0xC0,
  0x00, 0x0E, 0xFF, 0xFC, 0x01, 0xEF, 0xFF, 0x20, 0x4F, 0xFF, 0xC0, 0x0E, 0xFF, 0xFC, 0x00, 0x00, 0xEF, 0xFF, 0xC0, 0x0A,
  0xFF, 0xF7, 0x09, 0xFF, 0xF7, 0x00, 0xEF, 0xFF, 0xC0, 0x00, 0x0E, 0xFF, 0xFD, 0x00, 0x4F, 0xFF, 0xC0, 0xEF, 0xFF, 0x20,
  0x0F, 0xFF, 0xFC, 0x00, 0x00, 0xEF, 0xFF, 0xD0, 0x00, 0xDF, 0xFF, 0x7F, 0xFF, 0xB0, 0x01, 0xFF, 0xFF, 0xC0, 0x00, 0x0E,
  0xFF, 0xFE, 0x00, 0x09, 0xFF, 0xFE, 0xFF, 0xF7, 0x00, 0x1F, 0xFF, 0xFC, 0x00, 0x00, 0xEF, 0xFF, 0xE0, 0x00, 0x3F, 0xFF,
  0xFF, 0xFF, 0x10, 0x01, 0xFF, 0xFF, 0xC0, 0x00, 0x0E, 0xFF, 0xFE, 0x00, 0x00, 0xDF, 0xFF, 0xFF, 0xB0, 0x00, 0x1F, 0xFF,
  0xFC, 0x00, 0x00, 0xEF, 0xFF, 0xE0, 0x00, 0x08, 0xFF, 0xFF, 0xF6, 0x00, 0x01, 0xFF, 0xFF, 0xC0, 0x00, 0x0E, 0xFF, 0xFE,
  0x00, 0x00, 0x3F, 0xFF, 0xFE, 0x10, 0x00, 0x1F, 0xFF, 0xFC, 0x00, 0x00, 0xEF, 0xFF, 0xE0, 0x00, 0x00, 0xCF, 0xFF, 0xA0,
  0x00, 0x01, 0xFF, 0xFF, 0xC0, 0x00, 0x0E, 0xFF, 0xFE, 0x00, 0x00, 0x07, 0xFF, 0xF5, 0x00, 0x00, 0x1F, 0xFF, 0xFC, 0x00,
  0x00, 0xEF, 0xFF, 0xE0, 0x00, 0x00, 0x00, 0x00, 0xAF, 0xFF, 0xF4, 0x00, 0x0E, 0xFF, 0xFE, 0x00, 0x00, 0x00, 0x00, 0x0A,
  0xFF, 0xFF, 0x40, 0x00, 0xEF, 0xFF, 0xE0, 0x00, 0x00, 0x00, 0x00, 0xAF, 0xFF, 0xF4, 0x00, 0x0E, 0xFF, 0xFE, 0x00, 0x00,
  0x00, 0x00, 0x0A, 0xFF, 0xFF, 0x40, 0x00, 0xEF, 0xFF, 0xE0, 0x00, 0x00, 0x00, 0x00, 0xAF, 0xFF, 0xF4, 0x00, 0x0E, 0xFF,
  0xFE, 0x00, 0x00, 0x00, 0x00, 0x0A, 0xFF, 0xFF, 0x40, 0x00, 0xEF, 0xFF, 0xE0, 0x00, 0x00, 0x00, 0x00, 0xAF, 0xFF, 0xF4,
  0x00, 0x0E, 0xFF, 0xFE, 0x00, 0x00, 0x00, 0x00, 0x0A, 0xFF, 0xFF, 0x40, 0x00, 0xEF, 0xFF, 0xE0, 0x00, 0x00, 0x00, 0x00,
  0xAF, 0xFF, 0xF4, 0x00, 0x0E, 0xFF, 0xFE, 0x00, 0x00, 0x00, 0x00, 0x0A, 0xFF, 0xFF, 0x40, 0x00, 0xEF, 0xFF, 0xFF, 0xFF,
  0xFF, 0xFF, 0xFF, 0xFF, 0xFF, 0xF4, 0x00, 0x0E, 0xFF, 0xFF, 0xFF, 0xFF, 0xFF, 0xFF, 0xFF, 0xFF, 0xFF, 0x40, 0x00, 0xEF,
  0xFF, 0xFF, 0xFF, 0xFF, 0xFF, 0xFF, 0xFF, 0xFF, 0xF4, 0x00, 0x0E, 0xFF, 0xFF, 0xEE, 0xEE, 0xEE, 0xEE, 0xEF, 0xFF, 0xFF,
  0x40, 0x00, 0xEF, 0xFF, 0xE0, 0x00, 0x00, 0x00, 0x00, 0xAF, 0xFF, 0xF4, 0x00, 0x0E, 0xFF, 0xFE, 0x00, 0x00, 0x00, 0x00,
  0x0A, 0xFF, 0xFF, 0x40, 0x00, 0xEF, 0xFF, 0xE0, 0x00, 0x00, 0x00, 0x00, 0xAF, 0xFF, 0xF4, 0x00, 0x0E, 0xFF, 0xFE, 0x00,
  0x00, 0x00, 0x00, 0x0A, 0xFF, 0xFF, 0x40, 0x00, 0xEF, 0xFF, 0xE0, 0x00, 0x00, 0x00, 0x00, 0xAF, 0xFF, 0xF4, 0x00, 0x0E,
  0xFF, 0xFE, 0x00, 0x00, 0x00, 0x00, 0x0A, 0xFF, 0xFF, 0x40, 0x00, 0xEF, 0xFF, 0xE0, 0x00, 0x00, 0x00, 0x00, 0xAF, 0xFF,
  0xF4, 0x00, 0x0E, 0xFF, 0xFE, 0x00, 0x00, 0x00, 0x00, 0x0A, 0xFF, 0xFF, 0x40, 0x00, 0xEF, 0xFF, 0xE0, 0x00, 0x00, 0x00,
  0x00, 0xAF, 0xFF, 0xF4, 0x00, 0x0E, 0xFF, 0xFE, 0x00, 0x00, 0x00, 0x00, 0x0A, 0xFF, 0xFF, 0x40, 0x00, 0x00, 0x00, 0x05,
  0xAD, 0xEF, 0xEC, 0x93, 0x00, 0x00, 0x00, 0x00, 0x00, 0x00, 0x3C, 0xFF, 0xFF, 0xFF, 0xFF, 0xFA, 0x10, 0x00, 0x00, 0x00,
  0x00, 0x5E, 0xFF, 0xFF, 0xFF, 0xFF, 0xFF, 0xFD, 0x20, 0x00, 0x00, 0x00, 0x3F, 0xFF, 0xFF, 0xFF, 0xFF, 0xFF, 0xFF, 0xFD,
  0x10, 0x00, 0x00, 0x0D, 0xFF, 0xFF, 0xE7, 0x21, 0x38, 0xFF, 0xFF, 0xFA, 0x00, 0x00, 0x06, 0xFF, 0xFF, 0xD2, 0x00, 0x00,
  0x05, 0xFF, 0xFF, 0xF3, 0x00, 0x00, 0xCF, 0xFF, 0xF5, 0x00, 0x00, 0x00, 0x09, 0xFF, 0xFF, 0x90, 0x00, 0x2F, 0xFF, 0xFD,
  0x00, 0x00, 0x00, 0x00, 0x2F, 0xFF, 0xFD, 0x00, 0x06, 0xFF, 0xFF, 0x90, 0x00, 0x00, 0x00, 0x00, 0xDF, 0xFF, 0xF2, 0x00,
  0x8F, 0xFF, 0xF7, 0x00, 0x00, 0x00, 0x00, 0x0B, 0xFF, 0xFF, 0x40, 0x09, 0xFF, 0xFF, 0x60, 0x00, 0x00, 0x00, 0x00, 0xAF,
  0xFF, 0xF6, 0x00, 0xAF, 0xFF, 0xF5, 0x00, 0x00, 0x00, 0x00, 0x09, 0xFF, 0xFF, 0x60, 0x0A, 0xFF, 0xFF, 0x50, 0x00, 0x00,
  0x00, 0x00, 0x9F, 0xFF, 0xF6, 0x00, 0x9F, 0xFF, 0xF6, 0x00, 0x00, 0x00, 0x00, 0x09, 0xFF, 0xFF, 0x60, 0x08, 0xFF, 0xFF,
  0x70, 0x00, 0x00, 0x00, 0x00, 0xBF, 0xFF, 0xF4, 0x00, 0x6F, 0xFF, 0xFA, 0x00, 0x00, 0x00, 0x00, 0x0D, 0xFF, 0xFF, 0x20,
  0x02, 0xFF, 0xFF, 0xD0, 0x00, 0x00, 0x00, 0x02, 0xFF, 0xFF, 0xD0, 0x00, 0x0C, 0xFF, 0xFF, 0x50, 0x00, 0x00, 0x00, 0x9F,
  0xFF, 0xF9, 0x00, 0x00, 0x7F, 0xFF, 0xFD, 0x20, 0x00, 0x00, 0x4F, 0xFF, 0xFF, 0x30, 0x00, 0x00, 0xDF, 0xFF, 0xFE, 0x62,
  0x02, 0x8E, 0xFF, 0xFF, 0xA0, 0x00, 0x00, 0x03, 0xEF, 0xFF, 0xFF, 0xFF, 0xFF, 0xFF, 0xFF, 0xD2, 0x00, 0x00, 0x00, 0x05,
  0xEF, 0xFF, 0xFF, 0xFF, 0xFF, 0xFF, 0xD3, 0x00, 0x00, 0x00, 0x00, 0x03, 0xCF, 0xFF, 0xFF, 0xFF, 0xFF, 0xA2, 0x00, 0x00,
  0x00, 0x00, 0x00, 0x00, 0x5A, 0xDE, 0xFE, 0xC9, 0x30, 0x00, 0x00, 0x00, 0x00, 0xDF, 0xFF, 0xFF, 0xFF, 0xFF, 0xFF, 0xFF,
  0xFF, 0xFF, 0xF4, 0x00, 0x0D, 0xFF, 0xFF, 0xFF, 0xFF, 0xFF, 0xFF, 0xFF, 0xFF, 0xFF, 0x40, 0x00, 0xDF, 0xFF, 0xFF, 0xFF,
  0xFF, 0xFF, 0xFF, 0xFF, 0xFF, 0xF4, 0x00, 0x0D, 0xFF, 0xFF, 0xEE, 0xEE, 0xEE, 0xEE, 0xEF, 0xFF, 0xFF, 0x40, 0x00, 0xDF,
  0xFF, 0xF0, 0x00, 0x00, 0x00, 0x00, 0xAF, 0xFF, 0xF4, 0x00, 0x0D, 0xFF, 0xFF, 0x00, 0x00, 0x00, 0x00, 0x0A, 0xFF, 0xFF,
  0x40, 0x00, 0xDF, 0xFF, 0xF0, 0x00, 0x00, 0x00, 0x00, 0xAF, 0xFF, 0xF4, 0x00, 0x0D, 0xFF, 0xFF, 0x00, 0x00, 0x00, 0x00,
  0x0A, 0xFF, 0xFF, 0x40, 0x00, 0xDF, 0xFF, 0xF0, 0x00, 0x00, 0x00, 0x00, 0xAF, 0xFF, 0xF4, 0x00, 0x0D, 0xFF, 0xFF, 0x00,
  0x00, 0x00, 0x00, 0x0A, 0xFF, 0xFF, 0x40, 0x00, 0xDF, 0xFF, 0xF0, 0x00, 0x00, 0x00, 0x00, 0xAF, 0xFF, 0xF4, 0x00, 0x0D,
  0xFF, 0xFF, 0x00, 0x00, 0x00, 0x00, 0x0A, 0xFF, 0xFF, 0x40, 0x00, 0xDF, 0xFF, 0xF0, 0x00, 0x00, 0x00, 0x00, 0xAF, 0xFF,
  0xF4, 0x00, 0x0D, 0xFF, 0xFF, 0x00, 0x00, 0x00, 0x00, 0x0A, 0xFF, 0xFF, 0x40, 0x00, 0xDF, 0xFF, 0xF0, 0x00, 0x00, 0x00,
  0x00, 0xAF, 0xFF, 0xF4, 0x00, 0x0D, 0xFF, 0xFF, 0x00, 0x00, 0x00, 0x00, 0x0A, 0xFF, 0xFF, 0x40, 0x00, 0xDF, 0xFF, 0xF0,
  0x00, 0x00, 0x00, 0x00, 0xAF, 0xFF, 0xF4, 0x00, 0x0D, 0xFF, 0xFF, 0x00, 0x00, 0x00, 0x00, 0x0A, 0xFF, 0xFF, 0x40, 0x00,
  0xDF, 0xFF, 0xF0, 0x00, 0x00, 0x00, 0x00, 0xAF, 0xFF, 0xF4, 0x00, 0x0D, 0xFF, 0xFF, 0x00, 0x00, 0x00, 0x00, 0x0A, 0xFF,
  0xFF, 0x40, 0x00, 0xDF, 0xFF, 0xF0, 0x00, 0x00, 0x00, 0x00, 0xAF, 0xFF, 0xF4, 0x00, 0x0D, 0xFF, 0xFF, 0x00, 0x00, 0x00,
  0x00, 0x0A, 0xFF, 0xFF, 0x40, 0x00, 0xDF, 0xFF, 0xF0, 0x00, 0x00, 0x00, 0x00, 0xAF, 0xFF, 0xF4, 0x00, 0x0D, 0xFF, 0xFF,
  0x00, 0x00, 0x00, 0x00, 0x0A, 0xFF, 0xFF, 0x40, 0x00, 0xEF, 0xFF, 0xFF, 0xFF, 0xFF, 0xEC, 0x93, 0x00, 0x00, 0x00, 0x0E,
  0xFF, 0xFF, 0xFF, 0xFF, 0xFF, 0xFF, 0xF9, 0x10, 0x00, 0x00, 0xEF, 0xFF, 0xFF, 0xFF, 0xFF, 0xFF, 0xFF, 0xFD, 0x10, 0x00,
  0x0E, 0xFF, 0xFF, 0xEE, 0xEE, 0xEF, 0xFF, 0xFF, 0xFB, 0x00, 0x00, 0xEF, 0xFF, 0xE0, 0x00, 0x00, 0x29, 0xFF, 0xFF, 0xF5,
  0x00, 0x0E, 0xFF, 0xFE, 0x00, 0x00, 0x00, 0x0A, 0xFF, 0xFF, 0xB0, 0x00, 0xEF, 0xFF, 0xE0, 0x00, 0x00, 0x00, 0x2F, 0xFF,
  0xFE, 0x00, 0x0E, 0xFF, 0xFE, 0x00, 0x00, 0x00, 0x00, 0xEF, 0xFF, 0xF1, 0x00, 0xEF, 0xFF, 0xE0, 0x00, 0x00, 0x00, 0x0D,
  0xFF, 0xFF, 0x10, 0x0E, 0xFF, 0xFE, 0x00, 0x00, 0x00, 0x01, 0xFF, 0xFF, 0xE0, 0x00, 0xEF, 0xFF, 0xE0, 0x00, 0x00, 0x00,
  0x8F, 0xFF, 0xFB, 0x00, 0x0E, 0xFF, 0xFE, 0x00, 0x00, 0x13, 0x9F, 0xFF, 0xFF, 0x70, 0x00, 0xEF, 0xFF, 0xFF, 0xFF, 0xFF,
  0xFF, 0xFF, 0xFF, 0xD0, 0x00, 0x0E, 0xFF, 0xFF, 0xFF, 0xFF, 0xFF, 0xFF, 0xFF, 0xE2, 0x00, 0x00, 0xEF, 0xFF, 0xFF, 0xFF,
  0xFF, 0xFF, 0xFF, 0xB2, 0x00, 0x00, 0x0E, 0xFF, 0xFF, 0xEE, 0xEE, 0xED, 0xB8, 0x30, 0x00, 0x00, 0x00, 0xEF, 0xFF, 0xE0,
  0x00, 0x00, 0x00, 0x00, 0x00, 0x00, 0x00, 0x0E, 0xFF, 0xFE, 0x00, 0x00, 0x00, 0x00, 0x00, 0x00, 0x00, 0x00, 0xEF, 0xFF,
  0xE0, 0x00, 0x00, 0x00, 0x00, 0x00, 0x00, 0x00, 0x0E, 0xFF, 0xFE, 0x00, 0x00, 0x00, 0x00, 0x00, 0x00, 0x00, 0x00, 0xEF,
  0xFF, 0xE0, 0x00, 0x00, 0x00, 0x00, 0x00, 0x00, 0x00, 0x0E, 0xFF, 0xFE, 0x00, 0x00, 0x00, 0x00, 0x00, 0x00, 0x00, 0x00,
  0xEF, 0xFF, 0xE0, 0x00, 0x00, 0x00, 0x00, 0x00, 0x00, 0x00, 0x0E, 0xFF, 0xFE, 0x00, 0x00, 0x00, 0x00, 0x00, 0x00, 0x00,
  0x00, 0x00, 0x00, 0x16, 0xBD, 0xEF, 0xEC, 0x93, 0x00, 0x00, 0x00, 0x00, 0x00, 0x05, 0xDF, 0xFF, 0xFF, 0xFF, 0xFF, 0xA1,
  0x00, 0x00, 0x00, 0x00, 0x7F, 0xFF, 0xFF, 0xFF, 0xFF, 0xFF, 0xFD, 0x20, 0x00, 0x00, 0x06, 0xFF, 0xFF, 0xFF, 0xFF, 0xFF,
  0xFF, 0xFF, 0xD1, 0x00, 0x00, 0x1E, 0xFF, 0xFF, 0xC5, 0x10, 0x27, 0xEF, 0xFF, 0xF8, 0x00, 0x00, 0x8F, 0xFF, 0xFB, 0x00,
  0x00, 0x00, 0x4F, 0xFF, 0xFD, 0x00, 0x00, 0xDF, 0xFF, 0xF2, 0x00, 0x00, 0x00, 0x0B, 0xFF, 0xFF, 0x40, 0x03, 0xFF, 0xFF,
  0xB0, 0x00, 0x00, 0x00, 0x07, 0xFF, 0xFF, 0x70, 0x06, 0xFF, 0xFF, 0x80, 0x00, 0x00, 0x00, 0x02, 0x55, 0x55, 0x30, 0x09,
  0xFF, 0xFF, 0x60, 0x00, 0x00, 0x00, 0x00, 0x00, 0x00, 0x00, 0x09, 0xFF, 0xFF, 0x50, 0x00, 0x00, 0x00, 0x00, 0x00, 0x00,
  0x00, 0x0A, 0xFF, 0xFF, 0x50, 0x00, 0x00, 0x00, 0x00, 0x00, 0x00, 0x00, 0x0A, 0xFF, 0xFF, 0x50, 0x00, 0x00, 0x00, 0x00,
  0x00, 0x00, 0x00, 0x09, 0xFF, 0xFF, 0x60, 0x00, 0x00, 0x00, 0x00, 0x00, 0x00, 0x00, 0x08, 0xFF, 0xFF, 0x60, 0x00, 0x00,
  0x00, 0x00, 0x00, 0x00, 0x00, 0x07, 0xFF, 0xFF, 0x80, 0x00, 0x00, 0x00, 0x01, 0x33, 0x33, 0x20, 0x03, 0xFF, 0xFF, 0xB0,
  0x00, 0x00, 0x00, 0x07, 0xFF, 0xFF, 0x70, 0x00, 0xEF, 0xFF, 0xE2, 0x00, 0x00, 0x00, 0x0B, 0xFF, 0xFF, 0x50, 0x00, 0x8F,
  0xFF, 0xFA, 0x00, 0x00, 0x00, 0x4F, 0xFF, 0xFE, 0x00, 0x00, 0x2E, 0xFF, 0xFF, 0xB4, 0x00, 0x27, 0xEF, 0xFF, 0xF8, 0x00,
  0x00, 0x06, 0xFF, 0xFF, 0xFF, 0xFF, 0xFF, 0xFF, 0xFF, 0xD1, 0x00, 0x00, 0x00, 0x8F, 0xFF, 0xFF, 0xFF, 0xFF, 0xFF, 0xFD,
  0x30, 0x00, 0x00, 0x00, 0x06, 0xEF, 0xFF, 0xFF, 0xFF, 0xFF, 0xB2, 0x00, 0x00, 0x00, 0x00, 0x00, 0x17, 0xBD, 0xEF, 0xEC,
  0x93, 0x00, 0x00, 0x00, 0x6F, 0xFF, 0xFF, 0xFF, 0xFF, 0xFF, 0xFF, 0xFF, 0xFF, 0xFC, 0x6F, 0xFF, 0xFF, 0xFF, 0xFF, 0xFF,
  0xFF, 0xFF, 0xFF, 0xFC, 0x6F, 0xFF, 0xFF, 0xFF, 0xFF, 0xFF, 0xFF, 0xFF, 0xFF, 0xFC, 0x6E, 0xEE, 0xEE, 0xEE, 0xFF, 0xFF,
  0xFE, 0xEE, 0xEE, 0xEB, 0x00, 0x00, 0x00, 0x05, 0xFF, 0xFF, 0x90, 0x00, 0x00, 0x00, 0x00, 0x00, 0x00, 0x05, 0xFF, 0xFF,
  0x90, 0x00, 0x00, 0x00, 0x00, 0x00, 0x00, 0x05, 0xFF, 0xFF, 0x90, 0x00, 0x00, 0x00, 0x00, 0x00, 0x00, 0x05, 0xFF, 0xFF,
  0x90, 0x00, 0x00, 0x00, 0x00, 0x00, 0x00, 0x05, 0xFF, 0xFF, 0x90, 0x00, 0x00, 0x00, 0x00, 0x00, 0x00, 0x05, 0xFF, 0xFF,
  0x90, 0x00, 0x00, 0x00, 0x00, 0x00, 0x00, 0x05, 0xFF, 0xFF, 0x90, 0x00, 0x00, 0x00, 0x00, 0x00, 0x00, 0x05, 0xFF, 0xFF,
  0x90, 0x00, 0x00, 0x00, 0x00, 0x00, 0x00, 0x05, 0xFF, 0xFF, 0x90, 0x00, 0x00, 0x00, 0x00, 0x00, 0x00, 0x05, 0xFF, 0xFF,
  0x90, 0x00, 0x00, 0x00, 0x00, 0x00, 0x00, 0x05, 0xFF, 0xFF, 0x90, 0x00, 0x00, 0x00, 0x00, 0x00, 0x00, 0x05, 0xFF, 0xFF,
  0x90, 0x00, 0x00, 0x00, 0x00, 0x00, 0x00, 0x05, 0xFF, 0xFF, 0x90, 0x00, 0x00, 0x00, 0x00, 0x00, 0x00, 0x05, 0xFF, 0xFF,
  0x90, 0x00, 0x00, 0x00, 0x00, 0x00, 0x00, 0x05, 0xFF, 0xFF, 0x90, 0x00, 0x00, 0x00, 0x00, 0x00, 0x00, 0x05, 0xFF, 0xFF,
  0x90, 0x00, 0x00, 0x00, 0x00, 0x00, 0x00, 0x05, 0xFF, 0xFF, 0x90, 0x00, 0x00, 0x00, 0x00, 0x00, 0x00, 0x05, 0xFF, 0xFF,
  0x90, 0x00, 0x00, 0x00, 0x00, 0x00, 0x00, 0x05, 0xFF, 0xFF, 0x90, 0x00, 0x00, 0x00, 0x00, 0x00, 0x00, 0x05, 0xFF, 0xFF,
  0x90, 0x00, 0x00, 0x00, 0x5F, 0xFF, 0xFE, 0x10, 0x00, 0x00, 0x00, 0x2F, 0xFF, 0xFF, 0x30, 0xCF, 0xFF, 0xF7, 0x00, 0x00,
  0x00, 0x07, 0xFF, 0xFF, 0xC0, 0x05, 0xFF, 0xFF, 0xD0, 0x00, 0x00, 0x00, 0xCF, 0xFF, 0xF6, 0x00, 0x0C, 0xFF, 0xFF, 0x60,
  0x00, 0x00, 0x3F, 0xFF, 0xFE, 0x10, 0x00, 0x5F, 0xFF, 0xFC, 0x00, 0x00, 0x09, 0xFF, 0xFF, 0x80, 0x00, 0x00, 0xDF, 0xFF,
  0xF5, 0x00, 0x01, 0xEF, 0xFF, 0xF2, 0x00, 0x00, 0x06, 0xFF, 0xFF, 0xB0, 0x00, 0x6F, 0xFF, 0xFB, 0x00, 0x00, 0x00, 0x0D,
  0xFF, 0xFF, 0x40, 0x0B, 0xFF, 0xFF, 0x40, 0x00, 0x00, 0x00, 0x6F, 0xFF, 0xFA, 0x02, 0xFF, 0xFF, 0xD0, 0x00, 0x00, 0x00,
  0x00, 0xDF, 0xFF, 0xF3, 0x8F, 0xFF, 0xF7, 0x00, 0x00, 0x00, 0x00, 0x07, 0xFF, 0xFF, 0x9D, 0xFF, 0xFE, 0x10, 0x00, 0x00,
  0x00, 0x00, 0x1D, 0xFF, 0xFF, 0xFF, 0xFF, 0x90, 0x00, 0x00, 0x00, 0x00, 0x00, 0x7F, 0xFF, 0xFF, 0xFF, 0xF3, 0x00, 0x00,
  0x00, 0x00, 0x00, 0x01, 0xEF, 0xFF, 0xFF, 0xFB, 0x00, 0x00, 0x00, 0x00, 0x00, 0x00, 0x07, 0xFF, 0xFF, 0xFF, 0x50, 0x00,
  0x00, 0x00, 0x00, 0x00, 0x00, 0x1E, 0xFF, 0xFF, 0xD0, 0x00, 0x00, 0x00, 0x00, 0x00, 0x00, 0x00, 0x8F, 0xFF, 0xF8, 0x00,
  0x00, 0x00, 0x00, 0x00, 0x00, 0x00, 0x08, 0xFF, 0xFF, 0x20, 0x00, 0x00, 0x00, 0x00, 0x00, 0x00, 0x01, 0xEF, 0xFF, 0xA0,
  0x00, 0x00, 0x00, 0x00, 0x00, 0x00, 0x01, 0xAF, 0xFF, 0xF4, 0x00, 0x00, 0x00, 0x00, 0x00, 0x00, 0xBE, 0xFF, 0xFF, 0xFB,
  0x00, 0x00, 0x00, 0x00, 0x00, 0x00, 0x0C, 0xFF, 0xFF, 0xFE, 0x20, 0x00, 0x00, 0x00, 0x00, 0x00, 0x00, 0xCF, 0xFF, 0xFE,
  0x40, 0x00, 0x00, 0x00, 0x00, 0x00, 0x00, 0x0B, 0xFE, 0xD8, 0x20, 0x00, 0x00, 0x00, 0x00, 0x00, 0x00, 0x00, 0x00, 0x00,
  0x00, 0x0C, 0xFF, 0xFD, 0x00, 0x00, 0x00, 0x00, 0x00, 0x00, 0x00, 0x00, 0x00, 0x00, 0x00, 0xCF, 0xFF, 0xD0, 0x00, 0x00,
  0x00, 0x00, 0x00, 0x00, 0x00, 0x00, 0x00, 0x00, 0x0C, 0xFF, 0xFD, 0x00, 0x00, 0x00, 0x00, 0x00, 0x00, 0x00, 0x00, 0x02,
  0x8B, 0xEF, 0xFF, 0xFF, 0xFF, 0xEC, 0x82, 0x00, 0x00, 0x00, 0x00, 0x00, 0x08, 0xFF, 0xFF, 0xFF, 0xFF, 0xFF, 0xFF, 0xFF,
  0xF9, 0x10, 0x00, 0x00, 0x00, 0x2C, 0xFF, 0xFF, 0xFF, 0xFF, 0xFF, 0xFF, 0xFF, 0xFF, 0xFD, 0x20, 0x00, 0x00, 0x0B, 0xFF,
  0xFF, 0xFF, 0xFF, 0xFF, 0xFF, 0xFF, 0xFF, 0xFF, 0xFD, 0x10, 0x00, 0x08, 0xFF, 0xFF, 0xF9, 0x41, 0xCF, 0xFF, 0xD1, 0x38,
  0xEF, 0xFF, 0xF9, 0x00, 0x01, 0xEF, 0xFF, 0xE4, 0x00, 0x0C, 0xFF, 0xFD, 0x00, 0x03, 0xEF, 0xFF, 0xE2, 0x00, 0x6F, 0xFF,
  0xF8, 0x00, 0x00, 0xCF, 0xFF, 0xD0, 0x00, 0x07, 0xFF, 0xFF, 0x70, 0x0A, 0xFF, 0xFF, 0x10, 0x00, 0x0C, 0xFF, 0xFD, 0x00,
  0x00, 0x1F, 0xFF, 0xFA, 0x00, 0xCF, 0xFF, 0xD0, 0x00, 0x00, 0xCF, 0xFF, 0xD0, 0x00, 0x00, 0xDF, 0xFF, 0xC0, 0x0D, 0xFF,
  0xFC, 0x00, 0x00, 0x0C, 0xFF, 0xFD, 0x00, 0x00, 0x0C, 0xFF, 0xFD, 0x00, 0xCF, 0xFF, 0xD0, 0x00, 0x00, 0xCF, 0xFF, 0xD0,
  0x00, 0x00, 0xCF, 0xFF, 0xC0, 0x0A, 0xFF, 0xFF, 0x10, 0x00, 0x0C, 0xFF, 0xFD, 0x00, 0x00, 0x1E, 0xFF, 0xFB, 0x00, 0x7F,
  0xFF, 0xF7, 0x00, 0x00, 0xCF, 0xFF, 0xD0, 0x00, 0x06, 0xFF, 0xFF, 0x70, 0x02, 0xFF, 0xFF, 0xE3, 0x00, 0x0C, 0xFF, 0xFD,
  0x00, 0x03, 0xEF, 0xFF, 0xF2, 0x00, 0x09, 0xFF, 0xFF, 0xE8, 0x31, 0xCF, 0xFF, 0xD1, 0x38, 0xEF, 0xFF, 0xFA, 0x00, 0x00,
  0x1C, 0xFF, 0xFF, 0xFF, 0xFF, 0xFF, 0xFF, 0xFF, 0xFF, 0xFF, 0xFD, 0x10, 0x00, 0x00, 0x2D, 0xFF, 0xFF, 0xFF, 0xFF, 0xFF,
  0xFF, 0xFF, 0xFF, 0xFD, 0x30, 0x00, 0x00, 0x00, 0x19, 0xFF, 0xFF, 0xFF, 0xFF, 0xFF, 0xFF, 0xFF, 0xFA, 0x10, 0x00, 0x00,
  0x00, 0x00, 0x03, 0x8C, 0xEF, 0xFF, 0xFF, 0xFE, 0xDB, 0x82, 0x00, 0x00, 0x00, 0x00, 0x00, 0x00, 0x00, 0x00, 0x0C, 0xFF,
  0xFD, 0x00, 0x00, 0x00, 0x00, 0x00, 0x00, 0x00, 0x00, 0x00, 0x00, 0x00, 0xCF, 0xFF, 0xD0, 0x00, 0x00, 0x00, 0x00, 0x00,
  0x00, 0x00, 0x00, 0x00, 0x00, 0x0C, 0xFF, 0xFD, 0x00, 0x00, 0x00, 0x00, 0x00, 0x00, 0x4F, 0xFF, 0xFF, 0x60, 0x00, 0x00,
  0x00, 0x7F, 0xFF, 0xFF, 0x30, 0xAF, 0xFF, 0xFD, 0x10, 0x00, 0x00, 0x1D, 0xFF, 0xFF, 0xA0, 0x02, 0xEF, 0xFF, 0xF7, 0x00,
  0x00, 0x08, 0xFF, 0xFF, 0xE2, 0x00, 0x08, 0xFF, 0xFF, 0xE1, 0x00, 0x01, 0xEF, 0xFF, 0xF7, 0x00, 0x00, 0x1D, 0xFF, 0xFF,
  0x80, 0x00, 0x8F, 0xFF, 0xFD, 0x10, 0x00, 0x00, 0x6F, 0xFF, 0xFE, 0x20, 0x2E, 0xFF, 0xFF, 0x50, 0x00, 0x00, 0x00, 0xCF,
  0xFF, 0xF9, 0x09, 0xFF, 0xFF, 0xB0, 0x00, 0x00, 0x00, 0x03, 0xFF, 0xFF, 0xF4, 0xFF, 0xFF, 0xF3, 0x00, 0x00, 0x00, 0x00,
  0x0A, 0xFF, 0xFF, 0xEF, 0xFF, 0xF9, 0x00, 0x00, 0x00, 0x00, 0x00, 0x2E, 0xFF, 0xFF, 0xFF, 0xFE, 0x20, 0x00, 0x00, 0x00,
  0x00, 0x00, 0x8F, 0xFF, 0xFF, 0xFF, 0x70, 0x00, 0x00, 0x00, 0x00, 0x00, 0x01, 0xDF, 0xFF, 0xFF, 0xD0, 0x00, 0x00, 0x00,
  0x00, 0x00, 0x00, 0x1E, 0xFF, 0xFF, 0xFE, 0x10, 0x00, 0x00, 0x00, 0x00, 0x00, 0x09, 0xFF, 0xFF, 0xFF, 0xF9, 0x00, 0x00,
  0x00, 0x00, 0x00, 0x03, 0xFF, 0xFF, 0xFF, 0xFF, 0xF3, 0x00, 0x00, 0x00, 0x00, 0x00, 0xBF, 0xFF, 0xFE, 0xFF, 0xFF, 0xB0,
  0x00, 0x00, 0x00, 0x00, 0x5F, 0xFF, 0xFE, 0x3E, 0xFF, 0xFF, 0x50, 0x00, 0x00, 0x00, 0x1D, 0xFF, 0xFF, 0x80, 0x8F, 0xFF,
  0xFD, 0x00, 0x00, 0x00, 0x08, 0xFF, 0xFF, 0xE1, 0x01, 0xEF, 0xFF, 0xF7, 0x00, 0x00, 0x02, 0xEF, 0xFF, 0xF7, 0x00, 0x07,
  0xFF, 0xFF, 0xE2, 0x00, 0x00, 0xAF, 0xFF, 0xFD, 0x00, 0x00, 0x1D, 0xFF, 0xFF, 0xA0, 0x00, 0x4F, 0xFF, 0xFF, 0x60, 0x00,
  0x00, 0x6F, 0xFF, 0xFF, 0x40, 0x0C, 0xFF, 0xFF, 0xC0, 0x00, 0x00, 0x00, 0xCF, 0xFF, 0xFC, 0x06, 0xFF, 0xFF, 0xF5, 0x00,
  0x00, 0x00, 0x05, 0xFF, 0xFF, 0xF6, 0x02, 0xFF, 0xFF, 0xB0, 0x00, 0x00, 0x00, 0x00, 0xEF, 0xFF, 0xF0, 0x00, 0x00, 0x2F,
  0xFF, 0xFB, 0x00, 0x00, 0x00, 0x00, 0x0E, 0xFF, 0xFF, 0x00, 0x00, 0x02, 0xFF, 0xFF, 0xB0, 0x00, 0x00, 0x00, 0x00, 0xEF,
  0xFF, 0xF0, 0x00, 0x00, 0x2F, 0xFF, 0xFB, 0x00, 0x00, 0x00, 0x00, 0x0E, 0xFF, 0xFF, 0x00, 0x00, 0x02, 0xFF, 0xFF, 0xB0,
  0x00, 0x00, 0x00, 0x00, 0xEF, 0xFF, 0xF0, 0x00, 0x00, 0x2F, 0xFF, 0xFB, 0x00, 0x00, 0x00, 0x00, 0x0E, 0xFF, 0xFF, 0x00,
  0x00, 0x02, 0xFF, 0xFF, 0xB0, 0x00, 0x00, 0x00, 0x00, 0xEF, 0xFF, 0xF0, 0x00, 0x00, 0x2F, 0xFF, 0xFB, 0x00, 0x00, 0x00,
  0x00, 0x0E, 0xFF, 0xFF, 0x00, 0x00, 0x02, 0xFF, 0xFF, 0xB0, 0x00, 0x00, 0x00, 0x00, 0xEF, 0xFF, 0xF0, 0x00, 0x00, 0x2F,
  0xFF, 0xFB, 0x00, 0x00, 0x00, 0x00, 0x0E, 0xFF, 0xFF, 0x00, 0x00, 0x02, 0xFF, 0xFF, 0xB0, 0x00, 0x00, 0x00, 0x00, 0xEF,
  0xFF, 0xF0, 0x00, 0x00, 0x2F, 0xFF, 0xFB, 0x00, 0x00, 0x00, 0x00, 0x0E, 0xFF, 0xFF, 0x00, 0x00, 0x02, 0xFF, 0xFF, 0xB0,
  0x00, 0x00, 0x00, 0x00, 0xEF, 0xFF, 0xF0, 0x00, 0x00, 0x2F, 0xFF, 0xFB, 0x00, 0x00, 0x00, 0x00, 0x0E, 0xFF, 0xFF, 0x00,
  0x00, 0x02, 0xFF, 0xFF, 0xB0, 0x00, 0x00, 0x00, 0x00, 0xEF, 0xFF, 0xF0, 0x00, 0x00, 0x2F, 0xFF, 0xFB, 0x00, 0x00, 0x00,
  0x00, 0x0E, 0xFF, 0xFF, 0x00, 0x00, 0x02, 0xFF, 0xFF, 0xB0, 0x00, 0x00, 0x00, 0x00, 0xEF, 0xFF, 0xF0, 0x00, 0x00, 0x2F,
  0xFF, 0xFB, 0x00, 0x00, 0x00, 0x00, 0x0E, 0xFF, 0xFF, 0x00, 0x00, 0x02, 0xFF, 0xFF, 0xB0, 0x00, 0x00, 0x00, 0x00, 0xEF,
  0xFF, 0xF0, 0x00, 0x00, 0x2F, 0xFF, 0xFB, 0x00, 0x00, 0x00, 0x00, 0x0E, 0xFF, 0xFF, 0x00, 0x00, 0x02, 0xFF, 0xFF, 0xFE,
  0xEE, 0xEE, 0xEE, 0xEE, 0xFF, 0xFF, 0xFE, 0xEE, 0x30, 0x2F, 0xFF, 0xFF, 0xFF, 0xFF, 0xFF, 0xFF, 0xFF, 0xFF, 0xFF, 0xFF,
  0xF3, 0x02, 0xFF, 0xFF, 0xFF, 0xFF, 0xFF, 0xFF, 0xFF, 0xFF, 0xFF, 0xFF, 0xFF, 0x20, 0x2F, 0xFF, 0xFF, 0xFF, 0xFF, 0xFF,
  0xFF, 0xFF, 0xFF, 0xFF, 0xFF, 0xF1, 0x00, 0x00, 0x00, 0x00, 0x00, 0x00, 0x00, 0x00, 0x00, 0x0B, 0xFF, 0xFF, 0x10, 0x00,
  0x00, 0x00, 0x00, 0x00, 0x00, 0x00, 0x00, 0x00, 0xBF, 0xFF, 0xF0, 0x00, 0x00, 0x00, 0x00, 0x00, 0x00, 0x00, 0x00, 0x00,
  0x0B, 0xFF, 0xFE, 0x00, 0x00, 0x00, 0x00, 0x00, 0x00, 0x00, 0x00, 0x00, 0x00, 0xBF, 0xFF, 0xE0, 0x00, 0x00, 0x00, 0x00,
  0x00, 0x00, 0x00, 0x00, 0x00, 0x0B, 0xFF, 0xFE, 0x00, 0x00, 0x00, 0x00, 0x00, 0x00, 0x00, 0x00, 0x00, 0x00, 0xBF, 0xFF,
  0xD0, 0x00, 0xCF, 0xFF, 0xF1, 0x00, 0x00, 0x00, 0x01, 0xFF, 0xFF, 0xD0, 0x00, 0x0C, 0xFF, 0xFF, 0x10, 0x00, 0x00, 0x00,
  0x1F, 0xFF, 0xFD, 0x00, 0x00, 0xCF, 0xFF, 0xF1, 0x00, 0x00, 0x00, 0x01, 0xFF, 0xFF, 0xD0, 0x00, 0x0C, 0xFF, 0xFF, 0x10,
  0x00, 0x00, 0x00, 0x1F, 0xFF, 0xFD, 0x00, 0x00, 0xCF, 0xFF, 0xF1, 0x00, 0x00, 0x00, 0x01, 0xFF, 0xFF, 0xD0, 0x00, 0x0C,
  0xFF, 0xFF, 0x10, 0x00, 0x00, 0x00, 0x1F, 0xFF, 0xFD, 0x00, 0x00, 0xCF, 0xFF, 0xF1, 0x00, 0x00, 0x00, 0x01, 0xFF, 0xFF,
  0xD0, 0x00, 0x0C, 0xFF, 0xFF, 0x20, 0x00, 0x00, 0x00, 0x1F, 0xFF, 0xFD, 0x00, 0x00, 0xBF, 0xFF, 0xF4, 0x00, 0x00, 0x00,
  0x01, 0xFF, 0xFF, 0xD0, 0x00, 0x08, 0xFF, 0xFF, 0xA0, 0x00, 0x00, 0x00, 0x1F, 0xFF, 0xFD, 0x00, 0x00, 0x4F, 0xFF, 0xFF,
  0x94, 0x10, 0x12, 0x47, 0xFF, 0xFF, 0xD0, 0x00, 0x00, 0xBF, 0xFF, 0xFF, 0xFF, 0xFF, 0xFF, 0xFF, 0xFF, 0xFD, 0x00, 0x00,
  0x02, 0xDF, 0xFF, 0xFF, 0xFF, 0xFF, 0xFF, 0xFF, 0xFF, 0xD0, 0x00, 0x00, 0x01, 0xAF, 0xFF, 0xFF, 0xFF, 0xFF, 0xFF, 0xFF,
  0xFD, 0x00, 0x00, 0x00, 0x00, 0x27, 0xAC, 0xDE, 0xDC, 0xB9, 0xFF, 0xFF, 0xD0, 0x00, 0x00, 0x00, 0x00, 0x00, 0x00, 0x00,
  0x00, 0x1F, 0xFF, 0xFD, 0x00, 0x00, 0x00, 0x00, 0x00, 0x00, 0x00, 0x00, 0x01, 0xFF, 0xFF, 0xD0, 0x00, 0x00, 0x00, 0x00,
  0x00, 0x00, 0x00, 0x00, 0x1F, 0xFF, 0xFD, 0x00, 0x00, 0x00, 0x00, 0x00, 0x00, 0x00, 0x00, 0x01, 0xFF, 0xFF, 0xD0, 0x00,
  0x00, 0x00, 0x00, 0x00, 0x00, 0x00, 0x00, 0x1F, 0xFF, 0xFD, 0x00, 0x00, 0x00, 0x00, 0x00, 0x00, 0x00, 0x00, 0x01, 0xFF,
  0xFF, 0xD0, 0x00, 0x00, 0x00, 0x00, 0x00, 0x00, 0x00, 0x00, 0x1F, 0xFF, 0xFD, 0x00, 0x00, 0x00, 0x00, 0x00, 0x00, 0x00,
  0x00, 0x01, 0xFF, 0xFF, 0xD0, 0x00, 0x00, 0x00, 0x00, 0x00, 0x00, 0x00, 0x00, 0x1F, 0xFF, 0xFD, 0x00, 0x00, 0xEF, 0xFF,
  0xE0, 0x00, 0x00, 0x09, 0xFF, 0xFF, 0x50, 0x00, 0x00, 0x5F, 0xFF, 0xF9, 0x00, 0x00, 0xEF, 0xFF, 0xE0, 0x00, 0x00, 0x09,
  0xFF, 0xFF, 0x50, 0x00, 0x00, 0x5F, 0xFF, 0xF9, 0x00, 0x00, 0xEF, 0xFF, 0xE0, 0x00, 0x00, 0x09, 0xFF, 0xFF, 0x50, 0x00,
  0x00, 0x5F, 0xFF, 0xF9, 0x00, 0x00, 0xEF, 0xFF, 0xE0, 0x00, 0x00, 0x09, 0xFF, 0xFF, 0x50, 0x00, 0x00, 0x5F, 0xFF, 0xF9,
  0x00, 0x00, 0xEF, 0xFF, 0xE0, 0x00, 0x00, 0x09, 0xFF, 0xFF, 0x50, 0x00, 0x00, 0x5F, 0xFF, 0xF9, 0x00, 0x00, 0xEF, 0xFF,
  0xE0, 0x00, 0x00, 0x09, 0xFF, 0xFF, 0x50, 0x00, 0x00, 0x5F, 0xFF, 0xF9, 0x00, 0x00, 0xEF, 0xFF, 0xE0, 0x00, 0x00, 0x09,
  0xFF, 0xFF, 0x50, 0x00, 0x00, 0x5F, 0xFF, 0xF9, 0x00, 0x00, 0xEF, 0xFF, 0xE0, 0x00, 0x00, 0x09, 0xFF, 0xFF, 0x50, 0x00,
  0x00, 0x5F, 0xFF, 0xF9, 0x00, 0x00, 0xEF, 0xFF, 0xE0, 0x00, 0x00, 0x09, 0xFF, 0xFF, 0x50, 0x00, 0x00, 0x5F, 0xFF, 0xF9,
  0x00, 0x00, 0xEF, 0xFF, 0xE0, 0x00, 0x00, 0x09, 0xFF, 0xFF, 0x50, 0x00, 0x00, 0x5F, 0xFF, 0xF9, 0x00, 0x00, 0xEF, 0xFF,
  0xE0, 0x00, 0x00, 0x09, 0xFF, 0xFF, 0x50, 0x00, 0x00, 0x5F, 0xFF, 0xF9, 0x00, 0x00, 0xEF, 0xFF, 0xE0, 0x00, 0x00, 0x09,
  0xFF, 0xFF, 0x50, 0x00, 0x00, 0x5F, 0xFF, 0xF9, 0x00, 0x00, 0xEF, 0xFF, 0xE0, 0x00, 0x00, 0x09, 0xFF, 0xFF, 0x50, 0x00,
  0x00, 0x5F, 0xFF, 0xF9, 0x00, 0x00, 0xEF, 0xFF, 0xE0, 0x00, 0x00, 0x09, 0xFF, 0xFF, 0x50, 0x00, 0x00, 0x5F, 0xFF, 0xF9,
  0x00, 0x00, 0xEF, 0xFF, 0xE0, 0x00, 0x00, 0x09, 0xFF, 0xFF, 0x50, 0x00, 0x00, 0x5F, 0xFF, 0xF9, 0x00, 0x00, 0xEF, 0xFF,
  0xE0, 0x00, 0x00, 0x09, 0xFF, 0xFF, 0x50, 0x00, 0x00, 0x5F, 0xFF, 0xF9, 0x00, 0x00, 0xEF, 0xFF, 0xE0, 0x00, 0x00, 0x09,
  0xFF, 0xFF, 0x50, 0x00, 0x00, 0x5F, 0xFF, 0xF9, 0x00, 0x00, 0xEF, 0xFF, 0xE0, 0x00, 0x00, 0x09, 0xFF, 0xFF, 0x50, 0x00,
  0x00, 0x5F, 0xFF, 0xF9, 0x00, 0x00, 0xEF, 0xFF, 0xE0, 0x00, 0x00, 0x09, 0xFF, 0xFF, 0x50, 0x00, 0x00, 0x5F, 0xFF, 0xF9,
  0x00, 0x00, 0xEF, 0xFF, 0xE0, 0x00, 0x00, 0x09, 0xFF, 0xFF, 0x50, 0x00, 0x00, 0x5F, 0xFF, 0xF9, 0x00, 0x00, 0xEF, 0xFF,
  0xFE, 0xEE, 0xEE, 0xEE, 0xFF, 0xFF, 0xEE, 0xEE, 0xEE, 0xEF, 0xFF, 0xF9, 0x00, 0x00, 0xEF, 0xFF, 0xFF, 0xFF, 0xFF, 0xFF,
  0xFF, 0xFF, 0xFF, 0xFF, 0xFF, 0xFF, 0xFF, 0xF9, 0x00, 0x00, 0xEF, 0xFF, 0xFF, 0xFF, 0xFF, 0xFF, 0xFF, 0xFF, 0xFF, 0xFF,
  0xFF, 0xFF, 0xFF, 0xF9, 0x00, 0x00, 0xEF, 0xFF, 0xFF, 0xFF, 0xFF, 0xFF, 0xFF, 0xFF, 0xFF, 0xFF, 0xFF, 0xFF, 0xFF, 0xF9,
  0x00, 0x00, 0xEF, 0xFF, 0xE0, 0x00, 0x00, 0x09, 0xFF, 0xFF, 0x50, 0x00, 0x00, 0x5F, 0xFF, 0xF9, 0x00, 0x00, 0x00, 0xEF,
  0xFF, 0xE0, 0x00, 0x00, 0x09, 0xFF, 0xFF, 0x50, 0x00, 0x00, 0x5F, 0xFF, 0xF9, 0x00, 0x00, 0x00, 0xEF, 0xFF, 0xE0, 0x00,
  0x00, 0x09, 0xFF, 0xFF, 0x50, 0x00, 0x00, 0x5F, 0xFF, 0xF9, 0x00, 0x00, 0x00, 0xEF, 0xFF, 0xE0, 0x00, 0x00, 0x09, 0xFF,
  0xFF, 0x50, 0x00, 0x00, 0x5F, 0xFF, 0xF9, 0x00, 0x00, 0x00, 0xEF, 0xFF, 0xE0, 0x00, 0x00, 0x09, 0xFF, 0xFF, 0x50, 0x00,
  0x00, 0x5F, 0xFF, 0xF9, 0x00, 0x00, 0x00, 0xEF, 0xFF, 0xE0, 0x00, 0x00, 0x09, 0xFF, 0xFF, 0x50, 0x00, 0x00, 0x5F, 0xFF,
  0xF9, 0x00, 0x00, 0x00, 0xEF, 0xFF, 0xE0, 0x00, 0x00, 0x09, 0xFF, 0xFF, 0x50, 0x00, 0x00, 0x5F, 0xFF, 0xF9, 0x00, 0x00,
  0x00, 0xEF, 0xFF, 0xE0, 0x00, 0x00, 0x09, 0xFF, 0xFF, 0x50, 0x00, 0x00, 0x5F, 0xFF, 0xF9, 0x00, 0x00, 0x00, 0xEF, 0xFF,
  0xE0, 0x00, 0x00, 0x09, 0xFF, 0xFF, 0x50, 0x00, 0x00, 0x5F, 0xFF, 0xF9, 0x00, 0x00, 0x00, 0xEF, 0xFF, 0xE0, 0x00, 0x00,
  0x09, 0xFF, 0xFF, 0x50, 0x00, 0x00, 0x5F, 0xFF, 0xF9, 0x00, 0x00, 0x00, 0xEF, 0xFF, 0xE0, 0x00, 0x00, 0x09, 0xFF, 0xFF,
  0x50, 0x00, 0x00, 0x5F, 0xFF, 0xF9, 0x00, 0x00, 0x00, 0xEF, 0xFF, 0xE0, 0x00, 0x00, 0x09, 0xFF, 0xFF, 0x50, 0x00, 0x00,
  0x5F, 0xFF, 0xF9, 0x00, 0x00, 0x00, 0xEF, 0xFF, 0xE0, 0x00, 0x00, 0x09, 0xFF, 0xFF, 0x50, 0x00, 0x00, 0x5F, 0xFF, 0xF9,
  0x00, 0x00, 0x00, 0xEF, 0xFF, 0xE0, 0x00, 0x00, 0x09, 0xFF, 0xFF, 0x50, 0x00, 0x00, 0x5F, 0xFF, 0xF9, 0x00, 0x00, 0x00,
  0xEF, 0xFF, 0xE0, 0x00, 0x00, 0x09, 0xFF, 0xFF, 0x50, 0x00, 0x00, 0x5F, 0xFF, 0xF9, 0x00, 0x00, 0x00, 0xEF, 0xFF, 0xE0,
  0x00, 0x00, 0x09, 0xFF, 0xFF, 0x50, 0x00, 0x00, 0x5F, 0xFF, 0xF9, 0x00, 0x00, 0x00, 0xEF, 0xFF, 0xE0, 0x00, 0x00, 0x09,
  0xFF, 0xFF, 0x50, 0x00, 0x00, 0x5F, 0xFF, 0xF9, 0x00, 0x00, 0x00, 0xEF, 0xFF, 0xE0, 0x00, 0x00, 0x09, 0xFF, 0xFF, 0x50,
  0x00, 0x00, 0x5F, 0xFF, 0xF9, 0x00, 0x00, 0x00, 0xEF, 0xFF, 0xE0, 0x00, 0x00, 0x09, 0xFF, 0xFF, 0x50, 0x00, 0x00, 0x5F,
  0xFF, 0xF9, 0x00, 0x00, 0x00, 0xEF, 0xFF, 0xE0, 0x00, 0x00, 0x09, 0xFF, 0xFF, 0x50, 0x00, 0x00, 0x5F, 0xFF, 0xF9, 0x00,
  0x00, 0x00, 0xEF, 0xFF, 0xFE, 0xEE, 0xEE, 0xEE, 0xFF, 0xFF, 0xEE, 0xEE, 0xEE, 0xEF, 0xFF, 0xFE, 0xCC, 0x80, 0x00, 0xEF,
  0xFF, 0xFF, 0xFF, 0xFF, 0xFF, 0xFF, 0xFF, 0xFF, 0xFF, 0xFF, 0xFF, 0xFF, 0xFF, 0xFF, 0xA0, 0x00, 0xEF, 0xFF, 0xFF, 0xFF,
  0xFF, 0xFF, 0xFF, 0xFF, 0xFF, 0xFF, 0xFF, 0xFF, 0xFF, 0xFF, 0xFF, 0x90, 0x00, 0xEF, 0xFF, 0xFF, 0xFF, 0xFF, 0xFF, 0xFF,
  0xFF, 0xFF, 0xFF, 0xFF, 0xFF, 0xFF, 0xFF, 0xFF, 0x90, 0x00, 0x00, 0x00, 0x00, 0x00, 0x00, 0x00, 0x00, 0x00, 0x00, 0x00,
  0x00, 0x00, 0x00, 0xFF, 0xFF, 0x80, 0x00, 0x00, 0x00, 0x00, 0x00, 0x00, 0x00, 0x00, 0x00, 0x00, 0x00, 0x00, 0x00, 0x00,
  0xFF, 0xFF, 0x80, 0x00, 0x00, 0x00, 0x00, 0x00, 0x00, 0x00, 0x00, 0x00, 0x00, 0x00, 0x00, 0x00, 0x00, 0xFF, 0xFF, 0x70,
  0x00, 0x00, 0x00, 0x00, 0x00, 0x00, 0x00, 0x00, 0x00, 0x00, 0x00, 0x00, 0x00, 0x00, 0xFF, 0xFF, 0x70, 0x00, 0x00, 0x00,
  0x00, 0x00, 0x00, 0x00, 0x00, 0x00, 0x00, 0x00, 0x00, 0x00, 0x00, 0xFF, 0xFF, 0x70, 0x00, 0x00, 0x00, 0x00, 0x00, 0x00,
  0x00, 0x00, 0x00, 0x00, 0x00, 0x00, 0x00, 0x00, 0xFF, 0xFF, 0x60, 0xAF, 0xFF, 0xFF, 0xFF, 0xFF, 0xFB, 0x00, 0x00, 0x00,
  0x00, 0x00, 0x00, 0x0A, 0xFF, 0xFF, 0xFF, 0xFF, 0xFF, 0xB0, 0x00, 0x00, 0x00, 0x00, 0x00, 0x00, 0xAF, 0xFF, 0xFF, 0xFF,
  0xFF, 0xFB, 0x00, 0x00, 0x00, 0x00, 0x00, 0x00, 0x08, 0xCC, 0xCC, 0xCD, 0xFF, 0xFF, 0xB0, 0x00, 0x00, 0x00, 0x00, 0x00,
  0x00, 0x00, 0x00, 0x00, 0x4F, 0xFF, 0xFB, 0x00, 0x00, 0x00, 0x00, 0x00, 0x00, 0x00, 0x00, 0x00, 0x04, 0xFF, 0xFF, 0xB0,
  0x00, 0x00, 0x00, 0x00, 0x00, 0x00, 0x00, 0x00, 0x00, 0x4F, 0xFF, 0xFB, 0x00, 0x00, 0x00, 0x00, 0x00, 0x00, 0x00, 0x00,
  0x00, 0x04, 0xFF, 0xFF, 0xB0, 0x00, 0x00, 0x00, 0x00, 0x00, 0x00, 0x00, 0x00, 0x00, 0x4F, 0xFF, 0xFB, 0x00, 0x00, 0x00,
  0x00, 0x00, 0x00, 0x00, 0x00, 0x00, 0x04, 0xFF, 0xFF, 0xFF, 0xFF, 0xFE, 0xDA, 0x61, 0x00, 0x00, 0x00, 0x00, 0x00, 0x4F,
  0xFF, 0xFF, 0xFF, 0xFF, 0xFF, 0xFF, 0xE6, 0x00, 0x00, 0x00, 0x00, 0x04, 0xFF, 0xFF, 0xFF, 0xFF, 0xFF, 0xFF, 0xFF, 0xF8,
  0x00, 0x00, 0x00, 0x00, 0x4F, 0xFF, 0xFF, 0xEE, 0xEE, 0xFF, 0xFF, 0xFF, 0xF5, 0x00, 0x00, 0x00, 0x04, 0xFF, 0xFF, 0xB0,
  0x00, 0x01, 0x5D, 0xFF, 0xFF, 0xD0, 0x00, 0x00, 0x00, 0x4F, 0xFF, 0xFB, 0x00, 0x00, 0x00, 0x1E, 0xFF, 0xFF, 0x40, 0x00,
  0x00, 0x04, 0xFF, 0xFF, 0xB0, 0x00, 0x00, 0x00, 0x9F, 0xFF, 0xF6, 0x00, 0x00, 0x00, 0x4F, 0xFF, 0xFB, 0x00, 0x00, 0x00,
  0x07, 0xFF, 0xFF, 0x70, 0x00, 0x00, 0x04, 0xFF, 0xFF, 0xB0, 0x00, 0x00, 0x00, 0x9F, 0xFF, 0xF6, 0x00, 0x00, 0x00, 0x4F,
  0xFF, 0xFB, 0x00, 0x00, 0x00, 0x2E, 0xFF, 0xFF, 0x30, 0x00, 0x00, 0x04, 0xFF, 0xFF, 0xB0, 0x00, 0x00, 0x5D, 0xFF, 0xFF,
  0xC0, 0x00, 0x00, 0x00, 0x4F, 0xFF, 0xFF, 0xEE, 0xEE, 0xFF, 0xFF, 0xFF, 0xF5, 0x00, 0x00, 0x00, 0x04, 0xFF, 0xFF, 0xFF,
  0xFF, 0xFF, 0xFF, 0xFF, 0xF7, 0x00, 0x00, 0x00, 0x00, 0x4F, 0xFF, 0xFF, 0xFF, 0xFF, 0xFF, 0xFF, 0xD5, 0x00, 0x00, 0x00,
  0x00, 0x04, 0xFF, 0xFF, 0xFF, 0xFF, 0xFE, 0xDA, 0x60, 0x00, 0x00, 0x00, 0xDF, 0xFF, 0xF0, 0x00, 0x00, 0x00, 0x00, 0x00,
  0x00, 0x04, 0xFF, 0xFF, 0xA0, 0x00, 0x0D, 0xFF, 0xFF, 0x00, 0x00, 0x00, 0x00, 0x00, 0x00, 0x00, 0x4F, 0xFF, 0xFA, 0x00,
  0x00, 0xDF, 0xFF, 0xF0, 0x00, 0x00, 0x00, 0x00, 0x00, 0x00, 0x04, 0xFF, 0xFF, 0xA0, 0x00, 0x0D, 0xFF, 0xFF, 0x00, 0x00,
  0x00, 0x00, 0x00, 0x00, 0x00, 0x4F, 0xFF, 0xFA, 0x00, 0x00, 0xDF, 0xFF, 0xF0, 0x00, 0x00, 0x00, 0x00, 0x00, 0x00, 0x04,
  0xFF, 0xFF, 0xA0, 0x00, 0x0D, 0xFF, 0xFF, 0x00, 0x00, 0x00, 0x00, 0x00, 0x00, 0x00, 0x4F, 0xFF, 0xFA, 0x00, 0x00, 0xDF,
  0xFF, 0xF0, 0x00, 0x00, 0x00, 0x00, 0x00, 0x00, 0x04, 0xFF, 0xFF, 0xA0, 0x00, 0x0D, 0xFF, 0xFF, 0x00, 0x00, 0x00, 0x00,
  0x00, 0x00, 0x00, 0x4F, 0xFF, 0xFA, 0x00, 0x00, 0xDF, 0xFF, 0xF0, 0x00, 0x00, 0x00, 0x00, 0x00, 0x00, 0x04, 0xFF, 0xFF,
  0xA0, 0x00, 0x0D, 0xFF, 0xFF, 0xFF, 0xFF, 0xED, 0xB8, 0x20, 0x00, 0x00, 0x4F, 0xFF, 0xFA, 0x00, 0x00, 0xDF, 0xFF, 0xFF,
  0xFF, 0xFF, 0xFF, 0xFF, 0x91, 0x00, 0x04, 0xFF, 0xFF, 0xA0, 0x00, 0x0D, 0xFF, 0xFF, 0xFF, 0xFF, 0xFF, 0xFF, 0xFF, 0xC1,
  0x00, 0x4F, 0xFF, 0xFA, 0x00, 0x00, 0xDF, 0xFF, 0xFE, 0xEE, 0xEF, 0xFF, 0xFF, 0xFF, 0xA0, 0x04, 0xFF, 0xFF, 0xA0, 0x00,
  0x0D, 0xFF, 0xFF, 0x00, 0x00, 0x03, 0xBF, 0xFF, 0xFF, 0x40, 0x4F, 0xFF, 0xFA, 0x00, 0x00, 0xDF, 0xFF, 0xF0, 0x00, 0x00,
  0x00, 0xAF, 0xFF, 0xF9, 0x04, 0xFF, 0xFF, 0xA0, 0x00, 0x0D, 0xFF, 0xFF, 0x00, 0x00, 0x00, 0x04, 0xFF, 0xFF, 0xB0, 0x4F,
  0xFF, 0xFA, 0x00, 0x00, 0xDF, 0xFF, 0xF0, 0x00, 0x00, 0x00, 0x2F, 0xFF, 0xFC, 0x04, 0xFF, 0xFF, 0xA0, 0x00, 0x0D, 0xFF,
  0xFF, 0x00, 0x00, 0x00, 0x05, 0xFF, 0xFF, 0xB0, 0x4F, 0xFF, 0xFA, 0x00, 0x00, 0xDF, 0xFF, 0xF0, 0x00, 0x00, 0x00, 0xBF,
  0xFF, 0xF8, 0x04, 0xFF, 0xFF, 0xA0, 0x00, 0x0D, 0xFF, 0xFF, 0x00, 0x00, 0x03, 0xBF, 0xFF, 0xFF, 0x30, 0x4F, 0xFF, 0xFA,
  0x00, 0x00, 0xDF, 0xFF, 0xFE, 0xEE, 0xEE, 0xFF, 0xFF, 0xFF, 0x90, 0x04, 0xFF, 0xFF, 0xA0, 0x00, 0x0D, 0xFF, 0xFF, 0xFF,
  0xFF, 0xFF, 0xFF, 0xFF, 0xB1, 0x00, 0x4F, 0xFF, 0xFA, 0x00, 0x00, 0xDF, 0xFF, 0xFF, 0xFF, 0xFF, 0xFF, 0xFF, 0x80, 0x00,
  0x04, 0xFF, 0xFF, 0xA0, 0x00, 0x0D, 0xFF, 0xFF, 0xFF, 0xFF, 0xFE, 0xB8, 0x20, 0x00, 0x00, 0x4F, 0xFF, 0xFA, 0x00, 0x00,
  0xEF, 0xFF, 0xE0, 0x00, 0x00, 0x00, 0x00, 0x00, 0x00, 0x00, 0x0E, 0xFF, 0xFE, 0x00, 0x00, 0x00, 0x00, 0x00, 0x00, 0x00,
  0x00, 0xEF, 0xFF, 0xE0, 0x00, 0x00, 0x00, 0x00, 0x00, 0x00, 0x00, 0x0E, 0xFF, 0xFE, 0x00, 0x00, 0x00, 0x00, 0x00, 0x00,
  0x00, 0x00, 0xEF, 0xFF, 0xE0, 0x00, 0x00, 0x00, 0x00, 0x00, 0x00, 0x00, 0x0E, 0xFF, 0xFE, 0x00, 0x00, 0x00, 0x00, 0x00,
  0x00, 0x00, 0x00, 0xEF, 0xFF, 0xE0, 0x00, 0x00, 0x00, 0x00, 0x00, 0x00, 0x00, 0x0E, 0xFF, 0xFE, 0x00, 0x00, 0x00, 0x00,
  0x00, 0x00, 0x00, 0x00, 0xEF, 0xFF, 0xE0, 0x00, 0x00, 0x00, 0x00, 0x00, 0x00, 0x00, 0x0E, 0xFF, 0xFF, 0xFF, 0xFF, 0xED,
  0xB8, 0x20, 0x00, 0x00, 0x00, 0xEF, 0xFF, 0xFF, 0xFF, 0xFF, 0xFF, 0xFF, 0x80, 0x00, 0x00, 0x0E, 0xFF, 0xFF, 0xFF, 0xFF,
  0xFF, 0xFF, 0xFF, 0xB1, 0x00, 0x00, 0xEF, 0xFF, 0xFE, 0xEE, 0xEF, 0xFF, 0xFF, 0xFF, 0x90, 0x00, 0x0E, 0xFF, 0xFE, 0x00,
  0x00, 0x14, 0xBF, 0xFF, 0xFF, 0x30, 0x00, 0xEF, 0xFF, 0xE0, 0x00, 0x00, 0x00, 0xBF, 0xFF, 0xF7, 0x00, 0x0E, 0xFF, 0xFE,
  0x00, 0x00, 0x00, 0x05, 0xFF, 0xFF, 0xA0, 0x00, 0xEF, 0xFF, 0xE0, 0x00, 0x00, 0x00, 0x3F, 0xFF, 0xFB, 0x00, 0x0E, 0xFF,
  0xFE, 0x00, 0x00, 0x00, 0x06, 0xFF, 0xFF, 0xA0, 0x00, 0xEF, 0xFF, 0xE0, 0x00, 0x00, 0x00, 0xCF, 0xFF, 0xF7, 0x00, 0x0E,
  0xFF, 0xFE, 0x00, 0x00, 0x04, 0xBF, 0xFF, 0xFF, 0x20, 0x00, 0xEF, 0xFF, 0xFE, 0xEE, 0xEE, 0xFF, 0xFF, 0xFF, 0x80, 0x00,
  0x0E, 0xFF, 0xFF, 0xFF, 0xFF, 0xFF, 0xFF, 0xFF, 0xA0, 0x00, 0x00, 0xEF, 0xFF, 0xFF, 0xFF, 0xFF, 0xFF, 0xFE, 0x80, 0x00,
  0x00, 0x0E, 0xFF, 0xFF, 0xFF, 0xFF, 0xED, 0xB7, 0x10, 0x00, 0x00, 0x00, 0x00, 0x00, 0x6A, 0xDE, 0xFE, 0xC9, 0x30, 0x00,
  0x00, 0x00, 0x00, 0x05, 0xEF, 0xFF, 0xFF, 0xFF, 0xFF, 0xA1, 0x00, 0x00, 0x00, 0x07, 0xFF, 0xFF, 0xFF, 0xFF, 0xFF, 0xFF,
  0xD2, 0x00, 0x00, 0x05, 0xFF, 0xFF, 0xFF, 0xFE, 0xFF, 0xFF, 0xFF, 0xC1, 0x00, 0x01, 0xDF, 0xFF, 0xFB, 0x40, 0x01, 0x7E,
  0xFF, 0xFF, 0x80, 0x00, 0x6F, 0xFF, 0xFB, 0x00, 0x00, 0x00, 0x3E, 0xFF, 0xFE, 0x10, 0x0B, 0xFF, 0xFF, 0x40, 0x00, 0x00,
  0x00, 0x8F, 0xFF, 0xF7, 0x00, 0xDF, 0xFF, 0xE0, 0x00, 0x00, 0x00, 0x03, 0xFF, 0xFF, 0xB0, 0x05, 0x66, 0x65, 0x00, 0x00,
  0x00, 0x00, 0x0E, 0xFF, 0xFE, 0x00, 0x00, 0x00, 0x00, 0x00, 0x00, 0x00, 0x00, 0xCF, 0xFF, 0xF1, 0x00, 0x00, 0x00, 0x03,
  0xFF, 0xFF, 0xFF, 0xFF, 0xFF, 0xFF, 0x20, 0x00, 0x00, 0x00, 0x3F, 0xFF, 0xFF, 0xFF, 0xFF, 0xFF, 0xF3, 0x00, 0x00, 0x00,
  0x03, 0xFF, 0xFF, 0xFF, 0xFF, 0xFF, 0xFF, 0x30, 0x00, 0x00, 0x00, 0x2E, 0xEE, 0xEE, 0xEE, 0xFF, 0xFF, 0xF2, 0x00, 0x00,
  0x00, 0x00, 0x00, 0x00, 0x00, 0x0C, 0xFF, 0xFF, 0x10, 0x33, 0x33, 0x20, 0x00, 0x00, 0x00, 0x00, 0xEF, 0xFF, 0xE0, 0x0E,
  0xFF, 0xFE, 0x00, 0x00, 0x00, 0x00, 0x2F, 0xFF, 0xFB, 0x00, 0xBF, 0xFF, 0xF4, 0x00, 0x00, 0x00, 0x08, 0xFF, 0xFF, 0x70,
  0x07, 0xFF, 0xFF, 0xB0, 0x00, 0x00, 0x02, 0xEF, 0xFF, 0xF2, 0x00, 0x1E, 0xFF, 0xFF, 0xA3, 0x00, 0x05, 0xDF, 0xFF, 0xF9,
  0x00, 0x00, 0x6F, 0xFF, 0xFF, 0xFE, 0xEF, 0xFF, 0xFF, 0xFD, 0x10, 0x00, 0x00, 0x8F, 0xFF, 0xFF, 0xFF, 0xFF, 0xFF, 0xFD,
  0x30, 0x00, 0x00, 0x00, 0x5E, 0xFF, 0xFF, 0xFF, 0xFF, 0xFB, 0x20, 0x00, 0x00, 0x00, 0x00, 0x16, 0xAD, 0xEF, 0xEC, 0x94,
  0x00, 0x00, 0x00, 0x00, 0xBF, 0xFF, 0xF3, 0x00, 0x00, 0x00, 0x03, 0x9C, 0xEF, 0xED, 0xA5, 0x00, 0x00, 0x00, 0x00, 0x0B,
  0xFF, 0xFF, 0x30, 0x00, 0x00, 0x2A, 0xFF, 0xFF, 0xFF, 0xFF, 0xFD, 0x40, 0x00, 0x00, 0x00, 0xBF, 0xFF, 0xF3, 0x00, 0x00,
  0x3E, 0xFF, 0xFF, 0xFF, 0xFF, 0xFF, 0xFF, 0x60, 0x00, 0x00, 0x0B, 0xFF, 0xFF, 0x30, 0x00, 0x2E, 0xFF, 0xFF, 0xFF, 0xFF,
  0xFF, 0xFF, 0xFF, 0x50, 0x00, 0x00, 0xBF, 0xFF, 0xF3, 0x00, 0x0B, 0xFF, 0xFF, 0xF9, 0x31, 0x26, 0xDF, 0xFF, 0xFE, 0x10,
  0x00, 0x0B, 0xFF, 0xFF, 0x30, 0x04, 0xFF, 0xFF, 0xF6, 0x00, 0x00, 0x01, 0xDF, 0xFF, 0xF8, 0x00, 0x00, 0xBF, 0xFF, 0xF3,
  0x00, 0xAF, 0xFF, 0xFA, 0x00, 0x00, 0x00, 0x04, 0xFF, 0xFF, 0xD0, 0x00, 0x0B, 0xFF, 0xFF, 0x30, 0x0E, 0xFF, 0xFF, 0x40,
  0x00, 0x00, 0x00, 0x0C, 0xFF, 0xFF, 0x40, 0x00, 0xBF, 0xFF, 0xF3, 0x02, 0xFF, 0xFF, 0xE0, 0x00, 0x00, 0x00, 0x00, 0x8F,
  0xFF, 0xF7, 0x00, 0x0B, 0xFF, 0xFF, 0x30, 0x4F, 0xFF, 0xFC, 0x00, 0x00, 0x00, 0x00, 0x06, 0xFF, 0xFF, 0x90, 0x00, 0xBF,
  0xFF, 0xFF, 0xFF, 0xFF, 0xFF, 0xA0, 0x00, 0x00, 0x00, 0x00, 0x5F, 0xFF, 0xFB, 0x00, 0x0B, 0xFF, 0xFF, 0xFF, 0xFF, 0xFF,
  0xFA, 0x00, 0x00, 0x00, 0x00, 0x04, 0xFF, 0xFF, 0xB0, 0x00, 0xBF, 0xFF, 0xFF, 0xFF, 0xFF, 0xFF, 0xA0, 0x00, 0x00, 0x00,
  0x00, 0x4F, 0xFF, 0xFB, 0x00, 0x0B, 0xFF, 0xFF, 0xCC, 0xCF, 0xFF, 0xFA, 0x00, 0x00, 0x00, 0x00, 0x05, 0xFF, 0xFF, 0xB0,
  0x00, 0xBF, 0xFF, 0xF3, 0x02, 0xFF, 0xFF, 0xC0, 0x00, 0x00, 0x00, 0x00, 0x6F, 0xFF, 0xF9, 0x00, 0x0B, 0xFF, 0xFF, 0x30,
  0x0E, 0xFF, 0xFE, 0x00, 0x00, 0x00, 0x00, 0x08, 0xFF, 0xFF, 0x70, 0x00, 0xBF, 0xFF, 0xF3, 0x00, 0xBF, 0xFF, 0xF4, 0x00,
  0x00, 0x00, 0x00, 0xCF, 0xFF, 0xF4, 0x00, 0x0B, 0xFF, 0xFF, 0x30, 0x06, 0xFF, 0xFF, 0xA0, 0x00, 0x00, 0x00, 0x4F, 0xFF,
  0xFE, 0x00, 0x00, 0xBF, 0xFF, 0xF3, 0x00, 0x0D, 0xFF, 0xFF, 0x50, 0x00, 0x00, 0x1C, 0xFF, 0xFF, 0x80, 0x00, 0x0B, 0xFF,
  0xFF, 0x30, 0x00, 0x6F, 0xFF, 0xFF, 0x93, 0x01, 0x5D, 0xFF, 0xFF, 0xE1, 0x00, 0x00, 0xBF, 0xFF, 0xF3, 0x00, 0x00, 0xAF,
  0xFF, 0xFF, 0xFF, 0xFF, 0xFF, 0xFF, 0xF5, 0x00, 0x00, 0x0B, 0xFF, 0xFF, 0x30, 0x00, 0x01, 0xBF, 0xFF, 0xFF, 0xFF, 0xFF,
  0xFF, 0xF6, 0x00, 0x00, 0x00, 0xBF, 0xFF, 0xF3, 0x00, 0x00, 0x00, 0x8F, 0xFF, 0xFF, 0xFF, 0xFF, 0xD4, 0x00, 0x00, 0x00,
  0x0B, 0xFF, 0xFF, 0x30, 0x00, 0x00, 0x00, 0x28, 0xCE, 0xFE, 0xDA, 0x50, 0x00, 0x00, 0x00, 0x00, 0x00, 0x00, 0x6A, 0xDE,
  0xFF, 0xFF, 0xFF, 0xFF, 0xC0, 0x00, 0x00, 0x04, 0xDF, 0xFF, 0xFF, 0xFF, 0xFF, 0xFF, 0xFC, 0x00, 0x00, 0x05, 0xFF, 0xFF,
  0xFF, 0xFF, 0xFF, 0xFF, 0xFF, 0xC0, 0x00, 0x02, 0xEF, 0xFF, 0xFF, 0xFE, 0xEE, 0xEF, 0xFF, 0xFC, 0x00, 0x00, 0x8F, 0xFF,
  0xFE, 0x82, 0x00, 0x01, 0xFF, 0xFF, 0xC0, 0x00, 0x0D, 0xFF, 0xFF, 0x70, 0x00, 0x00, 0x1F, 0xFF, 0xFC, 0x00, 0x00, 0xFF,
  0xFF, 0xE0, 0x00, 0x00, 0x01, 0xFF, 0xFF, 0xC0, 0x00, 0x1F, 0xFF, 0xFD, 0x00, 0x00, 0x00, 0x1F, 0xFF, 0xFC, 0x00, 0x00,
  0xFF, 0xFF, 0xC0, 0x00, 0x00, 0x01, 0xFF, 0xFF, 0xC0, 0x00, 0x0D, 0xFF, 0xFE, 0x00, 0x00, 0x00, 0x1F, 0xFF, 0xFC, 0x00,
  0x00, 0x9F, 0xFF, 0xF6, 0x00, 0x00, 0x01, 0xFF, 0xFF, 0xC0, 0x00, 0x03, 0xEF, 0xFF, 0xF8, 0x31, 0x00, 0x1F, 0xFF, 0xFC,
  0x00, 0x00, 0x06, 0xFF, 0xFF, 0xFF, 0xFF, 0xFF, 0xFF, 0xFF, 0xC0, 0x00, 0x00, 0x06, 0xEF, 0xFF, 0xFF, 0xFF, 0xFF, 0xFF,
  0xFC, 0x00, 0x00, 0x00, 0x0A, 0xFF, 0xFF, 0xFF, 0xFF, 0xFF, 0xFF, 0xC0, 0x00, 0x00, 0x03, 0xFF, 0xFF, 0xFB, 0xBB, 0xBF,
  0xFF, 0xFC, 0x00, 0x00, 0x00, 0xAF, 0xFF, 0xF9, 0x00, 0x01, 0xFF, 0xFF, 0xC0, 0x00, 0x00, 0x3F, 0xFF, 0xFF, 0x20, 0x00,
  0x1F, 0xFF, 0xFC, 0x00, 0x00, 0x0B, 0xFF, 0xFF, 0x90, 0x00, 0x01, 0xFF, 0xFF, 0xC0, 0x00, 0x03, 0xFF, 0xFF, 0xE2, 0x00,
  0x00, 0x1F, 0xFF, 0xFC, 0x00, 0x00, 0xBF, 0xFF, 0xF9, 0x00, 0x00, 0x01, 0xFF, 0xFF, 0xC0, 0x00, 0x4F, 0xFF, 0xFE, 0x20,
  0x00, 0x00, 0x1F, 0xFF, 0xFC, 0x00, 0x0B, 0xFF, 0xFF, 0x90, 0x00, 0x00, 0x01, 0xFF, 0xFF, 0xC0, 0x04, 0xFF, 0xFF, 0xE2,
  0x00, 0x00, 0x00, 0x1F, 0xFF, 0xFC, 0x00, 0x00, 0x00, 0x28, 0xCE, 0xFE, 0xDA, 0x50, 0x00, 0x00, 0x00, 0x08, 0xEF, 0xFF,
  0xFF, 0xFF, 0xFB, 0x10, 0x00, 0x00, 0x9F, 0xFF, 0xFF, 0xFF, 0xFF, 0xFF, 0xC0, 0x00, 0x03, 0xFF, 0xFF, 0xFA, 0x8A, 0xEF,
  0xFF, 0xF6, 0x00, 0x07, 0xFF, 0xFF, 0x60, 0x00, 0x4F, 0xFF, 0xFB, 0x00, 0x00, 0x00, 0x00, 0x00, 0x00, 0x0D, 0xFF, 0xFD,
  0x00, 0x00, 0x00, 0x00, 0x00, 0x00, 0x0C, 0xFF, 0xFE, 0x00, 0x00, 0x00, 0x49, 0xCE, 0xFF, 0xFF, 0xFF, 0xFE, 0x00, 0x00,
  0x2B, 0xFF, 0xFF, 0xFF, 0xFF, 0xFF, 0xFE, 0x00, 0x01, 0xDF, 0xFF, 0xFF, 0xDC, 0xBE, 0xFF, 0xFE, 0x00, 0x08, 0xFF, 0xFF,
  0xA2, 0x00, 0x0C, 0xFF, 0xFE, 0x00, 0x0C, 0xFF, 0xFE, 0x10, 0x00, 0x0C, 0xFF, 0xFE, 0x00, 0x0D, 0xFF, 0xFC, 0x00, 0x00,
  0x0C, 0xFF, 0xFE, 0x00, 0x0D, 0xFF, 0xFF, 0x30, 0x00, 0x8F, 0xFF, 0xFE, 0x00, 0x0A, 0xFF, 0xFF, 0xEA, 0xAD, 0xFF, 0xFF,
  0xFE, 0x00, 0x03, 0xEF, 0xFF, 0xFF, 0xFF, 0xFF, 0xFF, 0xFF, 0x00, 0x00, 0x5E, 0xFF, 0xFF, 0xFF, 0xDA, 0xFF, 0xFF, 0x30,
  0x00, 0x02, 0x9D, 0xFE, 0xD8, 0x15, 0xFF, 0xFF, 0x80, 0x00, 0x00, 0x00, 0x00, 0x00, 0x00, 0xAF, 0xFF, 0x40, 0x00, 0x00,
  0x00, 0x00, 0x00, 0x04, 0xAF, 0xFF, 0xF2, 0x00, 0x00, 0x00, 0x00, 0x06, 0xBE, 0xFF, 0xFF, 0xFB, 0x00, 0x00, 0x00, 0x00,
  0x4D, 0xFF, 0xFF, 0xFF, 0xFD, 0x20, 0x00, 0x00, 0x00, 0x6F, 0xFF, 0xFF, 0xFF, 0xD7, 0x10, 0x00, 0x00, 0x00, 0x3E, 0xFF,
  0xFE, 0xA6, 0x20, 0x00, 0x00, 0x00, 0x00, 0x0C, 0xFF, 0xF9, 0x10, 0x00, 0x00, 0x00, 0x00, 0x00, 0x05, 0xFF, 0xF7, 0x00,
  0x00, 0x00, 0x00, 0x00, 0x00, 0x00, 0xBF, 0xFC, 0x06, 0xBE, 0xFE, 0xB7, 0x00, 0x00, 0x00, 0x0E, 0xFF, 0x9D, 0xFF, 0xFF,
  0xFF, 0xFD, 0x30, 0x00, 0x04, 0xFF, 0xFF, 0xFF, 0xFF, 0xFF, 0xFF, 0xFE, 0x20, 0x00, 0x6F, 0xFF, 0xFF, 0xFE, 0xCE, 0xFF,
  0xFF, 0xFA, 0x00, 0x08, 0xFF, 0xFF, 0xF7, 0x00, 0x06, 0xFF, 0xFF, 0xF3, 0x00, 0x9F, 0xFF, 0xFA, 0x00, 0x00, 0x08, 0xFF,
  0xFF, 0x70, 0x0A, 0xFF, 0xFF, 0x50, 0x00, 0x00, 0x2F, 0xFF, 0xFA, 0x00, 0xAF, 0xFF, 0xF2, 0x00, 0x00, 0x00, 0xEF, 0xFF,
  0xC0, 0x0A, 0xFF, 0xFF, 0x10, 0x00, 0x00, 0x0D, 0xFF, 0xFC, 0x00, 0x9F, 0xFF, 0xF2, 0x00, 0x00, 0x00, 0xEF, 0xFF, 0xB0,
  0x07, 0xFF, 0xFF, 0x40, 0x00, 0x00, 0x2F, 0xFF, 0xFA, 0x00, 0x3F, 0xFF, 0xFA, 0x00, 0x00, 0x08, 0xFF, 0xFF, 0x60, 0x00,
  0xCF, 0xFF, 0xF7, 0x00, 0x06, 0xFF, 0xFF, 0xE1, 0x00, 0x04, 0xFF, 0xFF, 0xFE, 0xCD, 0xFF, 0xFF, 0xF8, 0x00, 0x00, 0x08,
  0xFF, 0xFF, 0xFF, 0xFF, 0xFF, 0xFB, 0x00, 0x00, 0x00, 0x07, 0xEF, 0xFF, 0xFF, 0xFF, 0xF9, 0x00, 0x00, 0x00, 0x00, 0x02,
  0x8C, 0xEF, 0xED, 0x93, 0x00, 0x00, 0x00, 0x00, 0xEF, 0xFF, 0xFF, 0xFF, 0xED, 0xA5, 0x00, 0x00, 0x00, 0x0E, 0xFF, 0xFF,
  0xFF, 0xFF, 0xFF, 0xFC, 0x20, 0x00, 0x00, 0xEF, 0xFF, 0xFF, 0xFF, 0xFF, 0xFF, 0xFD, 0x10, 0x00, 0x0E, 0xFF, 0xFE, 0xCC,
  0xCE, 0xFF, 0xFF, 0xF7, 0x00, 0x00, 0xEF, 0xFF, 0xC0, 0x00, 0x08, 0xFF, 0xFF, 0xA0, 0x00, 0x0E, 0xFF, 0xFC, 0x00, 0x00,
  0x1F, 0xFF, 0xFB, 0x00, 0x00, 0xEF, 0xFF, 0xC0, 0x00, 0x01, 0xFF, 0xFF, 0x90, 0x00, 0x0E, 0xFF, 0xFC, 0x00, 0x03, 0xAF,
  0xFF, 0xF2, 0x00, 0x00, 0xEF, 0xFF, 0xFF, 0xFF, 0xFF, 0xFF, 0xE5, 0x00, 0x00, 0x0E, 0xFF, 0xFF, 0xFF, 0xFF, 0xFF, 0xE6,
  0x10, 0x00, 0x00, 0xEF, 0xFF, 0xFF, 0xFF, 0xFF, 0xFF, 0xFD, 0x40, 0x00, 0x0E, 0xFF, 0xFC, 0x33, 0x33, 0x4B, 0xFF, 0xFF,
  0x30, 0x00, 0xEF, 0xFF, 0xC0, 0x00, 0x00, 0x2F, 0xFF, 0xF9, 0x00, 0x0E, 0xFF, 0xFC, 0x00, 0x00, 0x06, 0xFF, 0xFF, 0xA0,
  0x00, 0xEF, 0xFF, 0xEB, 0xBB, 0xBD, 0xFF, 0xFF, 0xF7, 0x00, 0x0E, 0xFF, 0xFF, 0xFF, 0xFF, 0xFF, 0xFF, 0xFE, 0x20, 0x00,
  0xEF, 0xFF, 0xFF, 0xFF, 0xFF, 0xFF, 0xFE, 0x40, 0x00, 0x0E, 0xFF, 0xFF, 0xFF, 0xFF, 0xED, 0xB7, 0x10, 0x00, 0x04, 0xFF,
  0xFF, 0xFF, 0xFF, 0xFF, 0xFB, 0x04, 0xFF, 0xFF, 0xFF, 0xFF, 0xFF, 0xFB, 0x04, 0xFF, 0xFF, 0xFF, 0xFF, 0xFF, 0xFB, 0x04,
  0xFF, 0xFF, 0xDC, 0xCC, 0xCC, 0xC9, 0x04, 0xFF, 0xFF, 0x80, 0x00, 0x00, 0x00, 0x04, 0xFF, 0xFF, 0x80, 0x00, 0x00, 0x00,
  0x04, 0xFF, 0xFF, 0x80, 0x00, 0x00, 0x00, 0x04, 0xFF, 0xFF, 0x80, 0x00, 0x00, 0x00, 0x04, 0xFF, 0xFF, 0x80, 0x00, 0x00,
  0x00, 0x04, 0xFF, 0xFF, 0x80, 0x00, 0x00, 0x00, 0x04, 0xFF, 0xFF, 0x80, 0x00, 0x00, 0x00, 0x04, 0xFF, 0xFF, 0x80, 0x00,
  0x00, 0x00, 0x04, 0xFF, 0xFF, 0x80, 0x00, 0x00, 0x00, 0x04, 0xFF, 0xFF, 0x80, 0x00, 0x00, 0x00, 0x04, 0xFF, 0xFF, 0x80,
  0x00, 0x00, 0x00, 0x04, 0xFF, 0xFF, 0x80, 0x00, 0x00, 0x00, 0x04, 0xFF, 0xFF, 0x80, 0x00, 0x00, 0x00, 0x04, 0xFF, 0xFF,
  0x80, 0x00, 0x00, 0x00, 0x00, 0x00, 0x2F, 0xFF, 0xFF, 0xFF, 0xFF, 0xFF, 0xFC, 0x00, 0x00, 0x00, 0x02, 0xFF, 0xFF, 0xFF,
  0xFF, 0xFF, 0xFF, 0xC0, 0x00, 0x00, 0x00, 0x3F, 0xFF, 0xFF, 0xFF, 0xFF, 0xFF, 0xFC, 0x00, 0x00, 0x00, 0x03, 0xFF, 0xFF,
  0xED, 0xDD, 0xFF, 0xFF, 0xC0, 0x00, 0x00, 0x00, 0x3F, 0xFF, 0xF8, 0x00, 0x0E, 0xFF, 0xFC, 0x00, 0x00, 0x00, 0x04, 0xFF,
  0xFF, 0x80, 0x00, 0xEF, 0xFF, 0xC0, 0x00, 0x00, 0x00, 0x4F, 0xFF, 0xF7, 0x00, 0x0E, 0xFF, 0xFC, 0x00, 0x00, 0x00, 0x05,
  0xFF, 0xFF, 0x60, 0x00, 0xEF, 0xFF, 0xC0, 0x00, 0x00, 0x00, 0x6F, 0xFF, 0xF5, 0x00, 0x0E, 0xFF, 0xFC, 0x00, 0x00, 0x00,
  0x09, 0xFF, 0xFF, 0x20, 0x00, 0xEF, 0xFF, 0xC0, 0x00, 0x00, 0x00, 0xCF, 0xFF, 0xE0, 0x00, 0x0E, 0xFF, 0xFC, 0x00, 0x00,
  0x00, 0x3F, 0xFF, 0xFA, 0x00, 0x00, 0xEF, 0xFF, 0xC0, 0x00, 0x00, 0x0B, 0xFF, 0xFF, 0x60, 0x00, 0x0E, 0xFF, 0xFC, 0x00,
  0x00, 0x06, 0xFF, 0xFF, 0xD0, 0x00, 0x00, 0xEF, 0xFF, 0xC0, 0x00, 0x6C, 0xFF, 0xFF, 0xFE, 0xCC, 0xCC, 0xCF, 0xFF, 0xFE,
  0xCC, 0x48, 0xFF, 0xFF, 0xFF, 0xFF, 0xFF, 0xFF, 0xFF, 0xFF, 0xFF, 0xF5, 0x8F, 0xFF, 0xFF, 0xFF, 0xFF, 0xFF, 0xFF, 0xFF,
  0xFF, 0xFF, 0x58, 0xFF, 0xFF, 0xFF, 0xFF, 0xFF, 0xFF, 0xFF, 0xFF, 0xFF, 0xF5, 0x8F, 0xFF, 0xF5, 0x00, 0x00, 0x00, 0x00,
  0x07, 0xFF, 0xFF, 0x58, 0xFF, 0xFF, 0x50, 0x00, 0x00, 0x00, 0x00, 0x7F, 0xFF, 0xF5, 0x8F, 0xFF, 0xF5, 0x00, 0x00, 0x00,
  0x00, 0x07, 0xFF, 0xFF, 0x58, 0xFF, 0xFF, 0x50, 0x00, 0x00, 0x00, 0x00, 0x7F, 0xFF, 0xF5, 0x8F, 0xFF, 0xF5, 0x00, 0x00,
  0x00, 0x00, 0x07, 0xFF, 0xFF, 0x50, 0x00, 0x00, 0x03, 0x9D, 0xEF, 0xEB, 0x71, 0x00, 0x00, 0x00, 0x00, 0x7F, 0xFF, 0xFF,
  0xFF, 0xFE, 0x40, 0x00, 0x00, 0x09, 0xFF, 0xFF, 0xFF, 0xFF, 0xFF, 0xF4, 0x00, 0x00, 0x5F, 0xFF, 0xFF, 0xED, 0xEF, 0xFF,
  0xFD, 0x00, 0x00, 0xEF, 0xFF, 0xE6, 0x00, 0x19, 0xFF, 0xFF, 0x60, 0x05, 0xFF, 0xFF, 0x70, 0x00, 0x00, 0xDF, 0xFF, 0xA0,
  0x09, 0xFF, 0xFF, 0x20, 0x00, 0x00, 0xAF, 0xFF, 0xD0, 0x0C, 0xFF, 0xFF, 0xFF, 0xFF, 0xFF, 0xFF, 0xFF, 0xE0, 0x0D, 0xFF,
  0xFF, 0xFF, 0xFF, 0xFF, 0xFF, 0xFF, 0xF0, 0x0D, 0xFF, 0xFF, 0xFF, 0xFF, 0xFF, 0xFF, 0xFF, 0xF0, 0x0C, 0xFF, 0xFF, 0x43,
  0x33, 0x33, 0x33, 0x33, 0x30, 0x0A, 0xFF, 0xFF, 0x50, 0x00, 0x00, 0x00, 0x00, 0x00, 0x06, 0xFF, 0xFF, 0xC0, 0x00, 0x00,
  0x03, 0xA0, 0x00, 0x01, 0xEF, 0xFF, 0xFA, 0x20, 0x00, 0x6E, 0xF9, 0x00, 0x00, 0x7F, 0xFF, 0xFF, 0xFD, 0xCE, 0xFF, 0xFF,
  0x60, 0x00, 0x09, 0xFF, 0xFF, 0xFF, 0xFF, 0xFF, 0xFD, 0x20, 0x00, 0x00, 0x7E, 0xFF, 0xFF, 0xFF, 0xFF, 0xB2, 0x00, 0x00,
  0x00, 0x01, 0x8B, 0xEF, 0xED, 0x94, 0x00, 0x00, 0x2E, 0xFF, 0xFF, 0xB0, 0x00, 0x04, 0xFF, 0xFF, 0x80, 0x00, 0x07, 0xFF,
  0xFF, 0xF5, 0x07, 0xFF, 0xFF, 0xF5, 0x00, 0x04, 0xFF, 0xFF, 0x80, 0x00, 0x1E, 0xFF, 0xFF, 0xB0, 0x00, 0xCF, 0xFF, 0xFC,
  0x00, 0x04, 0xFF, 0xFF, 0x80, 0x00, 0x8F, 0xFF, 0xFE, 0x20, 0x00, 0x3F, 0xFF, 0xFF, 0x50, 0x04, 0xFF, 0xFF, 0x80, 0x01,
  0xEF, 0xFF, 0xF7, 0x00, 0x00, 0x09, 0xFF, 0xFF, 0xC0, 0x04, 0xFF, 0xFF, 0x80, 0x09, 0xFF, 0xFF, 0xC0, 0x00, 0x00, 0x01,
  0xDF, 0xFF, 0xF6, 0x04, 0xFF, 0xFF, 0x80, 0x2E, 0xFF, 0xFF, 0x40, 0x00, 0x00, 0x00, 0x5F, 0xFF, 0xFD, 0x04, 0xFF, 0xFF,
  0x80, 0x9F, 0xFF, 0xF9, 0x00, 0x00, 0x00, 0x00, 0x0B, 0xFF, 0xFF, 0xFF, 0xFF, 0xFF, 0xFF, 0xFF, 0xFF, 0xE1, 0x00, 0x00,
  0x00, 0x00, 0x02, 0xFF, 0xFF, 0xFF, 0xFF, 0xFF, 0xFF, 0xFF, 0xFF, 0x70, 0x00, 0x00, 0x00, 0x00, 0x05, 0xFF, 0xFF, 0xFF,
  0xFF, 0xFF, 0xFF, 0xFF, 0xFF, 0xB0, 0x00, 0x00, 0x00, 0x00, 0x1D, 0xFF, 0xFF, 0xFF, 0xFF, 0xFF, 0xFF, 0xFF, 0xFF, 0xF5,
  0x00, 0x00, 0x00, 0x00, 0x8F, 0xFF, 0xFC, 0x89, 0xFF, 0xFF, 0xB8, 0xAF, 0xFF, 0xFD, 0x10, 0x00, 0x00, 0x03, 0xFF, 0xFF,
  0xF3, 0x04, 0xFF, 0xFF, 0x80, 0x1D, 0xFF, 0xFF, 0x80, 0x00, 0x00, 0x0B, 0xFF, 0xFF, 0xA0, 0x04, 0xFF, 0xFF, 0x80, 0x06,
  0xFF, 0xFF, 0xE2, 0x00, 0x00, 0x5F, 0xFF, 0xFF, 0x30, 0x04, 0xFF, 0xFF, 0x80, 0x00, 0xDF, 0xFF, 0xFB, 0x00, 0x01, 0xDF,
  0xFF, 0xF9, 0x00, 0x04, 0xFF, 0xFF, 0x80, 0x00, 0x5F, 0xFF, 0xFF, 0x50, 0x08, 0xFF, 0xFF, 0xE2, 0x00, 0x04, 0xFF, 0xFF,
  0x80, 0x00, 0x0C, 0xFF, 0xFF, 0xD1, 0x2E, 0xFF, 0xFF, 0x90, 0x00, 0x04, 0xFF, 0xFF, 0x80, 0x00, 0x04, 0xFF, 0xFF, 0xF8,
  0x00, 0x00, 0x49, 0xDE, 0xFE, 0xDA, 0x40, 0x00, 0x00, 0x01, 0xAF, 0xFF, 0xFF, 0xFF, 0xFF, 0xB1, 0x00, 0x00, 0xAF, 0xFF,
  0xFF, 0xFF, 0xFF, 0xFF, 0xB0, 0x00, 0x4F, 0xFF, 0xFF, 0xB9, 0xBF, 0xFF, 0xFF, 0x40, 0x09, 0xFF, 0xFF, 0x60, 0x00, 0x8F,
  0xFF, 0xF8, 0x00, 0x46, 0x66, 0x61, 0x00, 0x02, 0xFF, 0xFF, 0x90, 0x00, 0x00, 0x00, 0x00, 0x00, 0x3F, 0xFF, 0xF7, 0x00,
  0x00, 0x00, 0x00, 0x00, 0x3C, 0xFF, 0xFE, 0x20, 0x00, 0x00, 0x00, 0xEF, 0xFF, 0xFF, 0xFE, 0x50, 0x00, 0x00, 0x00, 0x0E,
  0xFF, 0xFF, 0xFF, 0x70, 0x00, 0x00, 0x00, 0x00, 0xEF, 0xFF, 0xFF, 0xFF, 0xB1, 0x00, 0x00, 0x00, 0x01, 0x11, 0x28, 0xFF,
  0xFF, 0x80, 0x07, 0x88, 0x86, 0x00, 0x00, 0x0D, 0xFF, 0xFD, 0x00, 0xCF, 0xFF, 0xF3, 0x00, 0x02, 0xEF, 0xFF, 0xD0, 0x08,
  0xFF, 0xFF, 0xFB, 0x9A, 0xEF, 0xFF, 0xFA, 0x00, 0x1D, 0xFF, 0xFF, 0xFF, 0xFF, 0xFF, 0xFE, 0x30, 0x00, 0x2B, 0xFF, 0xFF,
  0xFF, 0xFF, 0xFD, 0x40, 0x00, 0x00, 0x05, 0xAD, 0xEF, 0xED, 0xA6, 0x00, 0x00, 0x04, 0xFF, 0xFF, 0x80, 0x00, 0x01, 0xEF,
  0xFF, 0xE0, 0x00, 0x4F, 0xFF, 0xF8, 0x00, 0x00, 0x8F, 0xFF, 0xFE, 0x00, 0x04, 0xFF, 0xFF, 0x80, 0x00, 0x2E, 0xFF, 0xFF,
  0xE0, 0x00, 0x4F, 0xFF, 0xF8, 0x00, 0x09, 0xFF, 0xFF, 0xFE, 0x00, 0x04, 0xFF, 0xFF, 0x80, 0x02, 0xFF, 0xFF, 0xFF, 0xE0,
  0x00, 0x4F, 0xFF, 0xF8, 0x00, 0xAF, 0xFF, 0xFF, 0xFE, 0x00, 0x04, 0xFF, 0xFF, 0x80, 0x3F, 0xFF, 0xFF, 0xFF, 0xE0, 0x00,
  0x4F, 0xFF, 0xF8, 0x0A, 0xFF, 0xEC, 0xFF, 0xFE, 0x00, 0x04, 0xFF, 0xFF, 0x83, 0xFF, 0xF8, 0xBF, 0xFF, 0xE0, 0x00, 0x4F,
  0xFF, 0xF8, 0xBF, 0xFE, 0x1B, 0xFF, 0xFE, 0x00, 0x04, 0xFF, 0xFF, 0xBF, 0xFF, 0x70, 0xBF, 0xFF, 0xE0, 0x00, 0x4F, 0xFF,
  0xFF, 0xFF, 0xD0, 0x0B, 0xFF, 0xFE, 0x00, 0x04, 0xFF, 0xFF, 0xFF, 0xF6, 0x00, 0xBF, 0xFF, 0xE0, 0x00, 0x4F, 0xFF, 0xFF,
  0xFD, 0x00, 0x0B, 0xFF, 0xFE, 0x00, 0x04, 0xFF, 0xFF, 0xFF, 0x50, 0x00, 0xBF, 0xFF, 0xE0, 0x00, 0x4F, 0xFF, 0xFF, 0xC0,
  0x00, 0x0B, 0xFF, 0xFE, 0x00, 0x04, 0xFF, 0xFF, 0xF5, 0x00, 0x00, 0xBF, 0xFF, 0xE0, 0x00, 0x4F, 0xFF, 0xFC, 0x00, 0x00,
  0x0B, 0xFF, 0xFE, 0x00, 0x00, 0x02, 0xFF, 0xF5, 0x00, 0x07, 0xFF, 0xF0, 0x00, 0x00, 0x00, 0x0E, 0xFF, 0xB0, 0x01, 0xCF,
  0xFC, 0x00, 0x00, 0x00, 0x00, 0x8F, 0xFF, 0xDB, 0xEF, 0xFF, 0x60, 0x00, 0x00, 0x00, 0x00, 0xBF, 0xFF, 0xFF, 0xFF, 0x90,
  0x00, 0x00, 0x00, 0x00, 0x00, 0x6C, 0xEF, 0xEB, 0x50, 0x00, 0x00, 0x00, 0x00, 0x00, 0x00, 0x00, 0x00, 0x00, 0x00, 0x00,
  0x00, 0x00, 0x00, 0x00, 0x00, 0x00, 0x00, 0x00, 0x00, 0x00, 0x00, 0x4F, 0xFF, 0xF8, 0x00, 0x00, 0x1E, 0xFF, 0xFE, 0x00,
  0x04, 0xFF, 0xFF, 0x80, 0x00, 0x08, 0xFF, 0xFF, 0xE0, 0x00, 0x4F, 0xFF, 0xF8, 0x00, 0x02, 0xEF, 0xFF, 0xFE, 0x00, 0x04,
  0xFF, 0xFF, 0x80, 0x00, 0x9F, 0xFF, 0xFF, 0xE0, 0x00, 0x4F, 0xFF, 0xF8, 0x00, 0x2F, 0xFF, 0xFF, 0xFE, 0x00, 0x04, 0xFF,
  0xFF, 0x80, 0x0A, 0xFF, 0xFF, 0xFF, 0xE0, 0x00, 0x4F, 0xFF, 0xF8, 0x03, 0xFF, 0xFF, 0xFF, 0xFE, 0x00, 0x04, 0xFF, 0xFF,
  0x80, 0xAF, 0xFE, 0xCF, 0xFF, 0xE0, 0x00, 0x4F, 0xFF, 0xF8, 0x3F, 0xFF, 0x8B, 0xFF, 0xFE, 0x00, 0x04, 0xFF, 0xFF, 0x8B,
  0xFF, 0xE1, 0xBF, 0xFF, 0xE0, 0x00, 0x4F, 0xFF, 0xFB, 0xFF, 0xF7, 0x0B, 0xFF, 0xFE, 0x00, 0x04, 0xFF, 0xFF, 0xFF, 0xFD,
  0x00, 0xBF, 0xFF, 0xE0, 0x00, 0x4F, 0xFF, 0xFF, 0xFF, 0x60, 0x0B, 0xFF, 0xFE, 0x00, 0x04, 0xFF, 0xFF, 0xFF, 0xD0, 0x00,
  0xBF, 0xFF, 0xE0, 0x00, 0x4F, 0xFF, 0xFF, 0xF5, 0x00, 0x0B, 0xFF, 0xFE, 0x00, 0x04, 0xFF, 0xFF, 0xFC, 0x00, 0x00, 0xBF,
  0xFF, 0xE0, 0x00, 0x4F, 0xFF, 0xFF, 0x50, 0x00, 0x0B, 0xFF, 0xFE, 0x00, 0x04, 0xFF, 0xFF, 0xC0, 0x00, 0x00, 0xBF, 0xFF,
  0xE0, 0x00, 0x00, 0xEF, 0xFF, 0xC0, 0x00, 0x02, 0xEF, 0xFF, 0xFC, 0x00, 0x0E, 0xFF, 0xFC, 0x00, 0x00, 0xAF, 0xFF, 0xFF,
  0x30, 0x00, 0xEF, 0xFF, 0xC0, 0x00, 0x3F, 0xFF, 0xFF, 0x80, 0x00, 0x0E, 0xFF, 0xFC, 0x00, 0x0B, 0xFF, 0xFF, 0xC0, 0x00,
  0x00, 0xEF, 0xFF, 0xC0, 0x04, 0xFF, 0xFF, 0xF3, 0x00, 0x00, 0x0E, 0xFF, 0xFC, 0x00, 0xCF, 0xFF, 0xF8, 0x00, 0x00, 0x00,
  0xEF, 0xFF, 0xC0, 0x6F, 0xFF, 0xFD, 0x10, 0x00, 0x00, 0x0E, 0xFF, 0xFF, 0xFF, 0xFF, 0xFF, 0x40, 0x00, 0x00, 0x00, 0xEF,
  0xFF, 0xFF, 0xFF, 0xFF, 0xA0, 0x00, 0x00, 0x00, 0x0E, 0xFF, 0xFF, 0xFF, 0xFF, 0xFD, 0x10, 0x00, 0x00, 0x00, 0xEF, 0xFF,
  0xFF, 0xFF, 0xFF, 0xF9, 0x00, 0x00, 0x00, 0x0E, 0xFF, 0xFD, 0x89, 0xFF, 0xFF, 0xF5, 0x00, 0x00, 0x00, 0xEF, 0xFF, 0xC0,
  0x0C, 0xFF, 0xFF, 0xD1, 0x00, 0x00, 0x0E, 0xFF, 0xFC, 0x00, 0x4F, 0xFF, 0xFF, 0xA0, 0x00, 0x00, 0xEF, 0xFF, 0xC0, 0x00,
  0xAF, 0xFF, 0xFF, 0x50, 0x00, 0x0E, 0xFF, 0xFC, 0x00, 0x02, 0xEF, 0xFF, 0xFD, 0x10, 0x00, 0xEF, 0xFF, 0xC0, 0x00, 0x08,
  0xFF, 0xFF, 0xFA, 0x00, 0x0E, 0xFF, 0xFC, 0x00, 0x00, 0x1D, 0xFF, 0xFF, 0xF5, 0x00, 0x04, 0xFF, 0xFF, 0xFF, 0xFF, 0xFF,
  0xFF, 0xE0, 0x00, 0x00, 0x5F, 0xFF, 0xFF, 0xFF, 0xFF, 0xFF, 0xFE, 0x00, 0x00, 0x05, 0xFF, 0xFF, 0xFF, 0xFF, 0xFF, 0xFF,
  0xE0, 0x00, 0x00, 0x6F, 0xFF, 0xFD, 0xCC, 0xCE, 0xFF, 0xFE, 0x00, 0x00, 0x06, 0xFF, 0xFF, 0x30, 0x00, 0xBF, 0xFF, 0xE0,
  0x00, 0x00, 0x7F, 0xFF, 0xF2, 0x00, 0x0B, 0xFF, 0xFE, 0x00, 0x00, 0x08, 0xFF, 0xFF, 0x10, 0x00, 0xBF, 0xFF, 0xE0, 0x00,
  0x00, 0x8F, 0xFF, 0xF0, 0x00, 0x0B, 0xFF, 0xFE, 0x00, 0x00, 0x09, 0xFF, 0xFE, 0x00, 0x00, 0xBF, 0xFF, 0xE0, 0x00, 0x00,
  0xAF, 0xFF, 0xD0, 0x00, 0x0B, 0xFF, 0xFE, 0x00, 0x00, 0x0C, 0xFF, 0xFC, 0x00, 0x00, 0xBF, 0xFF, 0xE0, 0x00, 0x00, 0xEF,
  0xFF, 0xB0, 0x00, 0x0B, 0xFF, 0xFE, 0x00, 0x00, 0x4F, 0xFF, 0xF8, 0x00, 0x00, 0xBF, 0xFF, 0xE0, 0x00, 0x1C, 0xFF, 0xFF,
  0x50, 0x00, 0x0B, 0xFF, 0xFE, 0x00, 0x9E, 0xFF, 0xFF, 0xE0, 0x00, 0x00, 0xBF, 0xFF, 0xE0, 0x0A, 0xFF, 0xFF, 0xF7, 0x00,
  0x00, 0x0B, 0xFF, 0xFE, 0x00, 0xAF, 0xFF, 0xFB, 0x00, 0x00, 0x00, 0xBF, 0xFF, 0xE0, 0x0A, 0xFE, 0xC7, 0x00, 0x00, 0x00,
  0x0B, 0xFF, 0xFE, 0x00, 0x00, 0xEF, 0xFF, 0xFF, 0x20, 0x00, 0x00, 0x00, 0x4F, 0xFF, 0xFF, 0xC0, 0x00, 0x0E, 0xFF, 0xFF,
  0xF7, 0x00, 0x00, 0x00, 0x0A, 0xFF, 0xFF, 0xFC, 0x00, 0x00, 0xEF, 0xFF, 0xFF, 0xC0, 0x00, 0x00, 0x01, 0xEF, 0xFF, 0xFF,
  0xC0, 0x00, 0x0E, 0xFF, 0xFF, 0xFF, 0x30, 0x00, 0x00, 0x6F, 0xFF, 0xFF, 0xFC, 0x00, 0x00, 0xEF, 0xFF, 0xFF, 0xF9, 0x00,
  0x00, 0x0B, 0xFF, 0xFF, 0xFF, 0xC0, 0x00, 0x0E, 0xFF, 0xFF, 0xFF, 0xE0, 0x00, 0x02, 0xFF, 0xFF, 0xFF, 0xFC, 0x00, 0x00,
  0xEF, 0xFF, 0xFF, 0xFF, 0x50, 0x00, 0x7F, 0xFF, 0xFF, 0xFF, 0xC0, 0x00, 0x0E, 0xFF, 0xFD, 0xFF, 0xFA, 0x00, 0x0D, 0xFF,
  0xED, 0xFF, 0xFC, 0x00, 0x00, 0xEF, 0xFF, 0xCC, 0xFF, 0xE1, 0x03, 0xFF, 0xF9, 0xDF, 0xFF, 0xC0, 0x00, 0x0E, 0xFF, 0xFC,
  0x6F, 0xFF, 0x60, 0x9F, 0xFF, 0x3D, 0xFF, 0xFC, 0x00, 0x00, 0xEF, 0xFF, 0xC1, 0xEF, 0xFC, 0x0E, 0xFF, 0xC0, 0xDF, 0xFF,
  0xC0, 0x00, 0x0E, 0xFF, 0xFC, 0x0A, 0xFF, 0xF7, 0xFF, 0xF7, 0x0D, 0xFF, 0xFC, 0x00, 0x00, 0xEF, 0xFF, 0xC0, 0x4F, 0xFF,
  0xEF, 0xFF, 0x20, 0xDF, 0xFF, 0xC0, 0x00, 0x0E, 0xFF, 0xFC, 0x00, 0xDF, 0xFF, 0xFF, 0xB0, 0x0D, 0xFF, 0xFC, 0x00, 0x00,
  0xEF, 0xFF, 0xC0, 0x08, 0xFF, 0xFF, 0xF5, 0x00, 0xDF, 0xFF, 0xC0, 0x00, 0x0E, 0xFF, 0xFC, 0x00, 0x2F, 0xFF, 0xFE, 0x00,
  0x0D, 0xFF, 0xFC, 0x00, 0x00, 0xEF, 0xFF, 0xC0, 0x00, 0xBF, 0xFF, 0x90, 0x00, 0xDF, 0xFF, 0xC0, 0x00, 0x0E, 0xFF, 0xFC,
  0x00, 0x06, 0xFF, 0xF3, 0x00, 0x0D, 0xFF, 0xFC, 0x00, 0x04, 0xFF, 0xFF, 0x80, 0x00, 0x00, 0xCF, 0xFF, 0xE0, 0x00, 0x4F,
  0xFF, 0xF8, 0x00, 0x00, 0x0C, 0xFF, 0xFE, 0x00, 0x04, 0xFF, 0xFF, 0x80, 0x00, 0x00, 0xCF, 0xFF, 0xE0, 0x00, 0x4F, 0xFF,
  0xF8, 0x00, 0x00, 0x0C, 0xFF, 0xFE, 0x00, 0x04, 0xFF, 0xFF, 0x80, 0x00, 0x00, 0xCF, 0xFF, 0xE0, 0x00, 0x4F, 0xFF, 0xF8,
  0x00, 0x00, 0x0C, 0xFF, 0xFE, 0x00, 0x04, 0xFF, 0xFF, 0x80, 0x00, 0x00, 0xCF, 0xFF, 0xE0, 0x00, 0x4F, 0xFF, 0xFF, 0xFF,
  0xFF, 0xFF, 0xFF, 0xFE, 0x00, 0x04, 0xFF, 0xFF, 0xFF, 0xFF, 0xFF, 0xFF, 0xFF, 0xE0, 0x00, 0x4F, 0xFF, 0xFF, 0xFF, 0xFF,
  0xFF, 0xFF, 0xFE, 0x00, 0x04, 0xFF, 0xFF, 0xDC, 0xCC, 0xCC, 0xEF, 0xFF, 0xE0, 0x00, 0x4F, 0xFF, 0xF8, 0x00, 0x00, 0x0C,
  0xFF, 0xFE, 0x00, 0x04, 0xFF, 0xFF, 0x80, 0x00, 0x00, 0xCF, 0xFF, 0xE0, 0x00, 0x4F, 0xFF, 0xF8, 0x00, 0x00, 0x0C, 0xFF,
  0xFE, 0x00, 0x04, 0xFF, 0xFF, 0x80, 0x00, 0x00, 0xCF, 0xFF, 0xE0, 0x00, 0x4F, 0xFF, 0xF8, 0x00, 0x00, 0x0C, 0xFF, 0xFE,
  0x00, 0x04, 0xFF, 0xFF, 0x80, 0x00, 0x00, 0xCF, 0xFF, 0xE0, 0x00, 0x4F, 0xFF, 0xF8, 0x00, 0x00, 0x0C, 0xFF, 0xFE, 0x00,
  0x00, 0x00, 0x03, 0x9D, 0xEF, 0xEB, 0x71, 0x00, 0x00, 0x00, 0x00, 0x09, 0xFF, 0xFF, 0xFF, 0xFF, 0xE5, 0x00, 0x00, 0x00,
  0x0B, 0xFF, 0xFF, 0xFF, 0xFF, 0xFF, 0xF6, 0x00, 0x00, 0x07, 0xFF, 0xFF, 0xFD, 0xCE, 0xFF, 0xFF, 0xF3, 0x00, 0x01, 0xFF,
  0xFF, 0xF5, 0x00, 0x1A, 0xFF, 0xFF, 0xB0, 0x00, 0x7F, 0xFF, 0xF7, 0x00, 0x00, 0x0C, 0xFF, 0xFF, 0x20, 0x0B, 0xFF, 0xFF,
  0x10, 0x00, 0x00, 0x7F, 0xFF, 0xF6, 0x00, 0xCF, 0xFF, 0xD0, 0x00, 0x00, 0x03, 0xFF, 0xFF, 0x80, 0x0E, 0xFF, 0xFC, 0x00,
  0x00, 0x00, 0x2F, 0xFF, 0xF9, 0x00, 0xEF, 0xFF, 0xC0, 0x00, 0x00, 0x02, 0xFF, 0xFF, 0x90, 0x0D, 0xFF, 0xFD, 0x00, 0x00,
  0x00, 0x4F, 0xFF, 0xF8, 0x00, 0xBF, 0xFF, 0xF1, 0x00, 0x00, 0x07, 0xFF, 0xFF, 0x60, 0x07, 0xFF, 0xFF, 0x70, 0x00, 0x00,
  0xCF, 0xFF, 0xF2, 0x00, 0x2E, 0xFF, 0xFE, 0x50, 0x01, 0x9F, 0xFF, 0xFB, 0x00, 0x00, 0x8F, 0xFF, 0xFF, 0xDC, 0xEF, 0xFF,
  0xFF, 0x30, 0x00, 0x00, 0xBF, 0xFF, 0xFF, 0xFF, 0xFF, 0xFF, 0x60, 0x00, 0x00, 0x01, 0xAF, 0xFF, 0xFF, 0xFF, 0xFE, 0x60,
  0x00, 0x00, 0x00, 0x00, 0x39, 0xDE, 0xFE, 0xC8, 0x10, 0x00, 0x00, 0x04, 0xFF, 0xFF, 0xFF, 0xFF, 0xFF, 0xFF, 0xFF, 0xE0,
  0x00, 0x4F, 0xFF, 0xFF, 0xFF, 0xFF, 0xFF, 0xFF, 0xFE, 0x00, 0x04, 0xFF, 0xFF, 0xFF, 0xFF, 0xFF, 0xFF, 0xFF, 0xE0, 0x00,
  0x4F, 0xFF, 0xFD, 0xCC, 0xCC, 0xCE, 0xFF, 0xFE, 0x00, 0x04, 0xFF, 0xFF, 0x80, 0x00, 0x00, 0xBF, 0xFF, 0xE0, 0x00, 0x4F,
  0xFF, 0xF8, 0x00, 0x00, 0x0B, 0xFF, 0xFE, 0x00, 0x04, 0xFF, 0xFF, 0x80, 0x00, 0x00, 0xBF, 0xFF, 0xE0, 0x00, 0x4F, 0xFF,
  0xF8, 0x00, 0x00, 0x0B, 0xFF, 0xFE, 0x00, 0x04, 0xFF, 0xFF, 0x80, 0x00, 0x00, 0xBF, 0xFF, 0xE0, 0x00, 0x4F, 0xFF, 0xF8,
  0x00, 0x00, 0x0B, 0xFF, 0xFE, 0x00, 0x04, 0xFF, 0xFF, 0x80, 0x00, 0x00, 0xBF, 0xFF, 0xE0, 0x00, 0x4F, 0xFF, 0xF8, 0x00,
  0x00, 0x0B, 0xFF, 0xFE, 0x00, 0x04, 0xFF, 0xFF, 0x80, 0x00, 0x00, 0xBF, 0xFF, 0xE0, 0x00, 0x4F, 0xFF, 0xF8, 0x00, 0x00,
  0x0B, 0xFF, 0xFE, 0x00, 0x04, 0xFF, 0xFF, 0x80, 0x00, 0x00, 0xBF, 0xFF, 0xE0, 0x00, 0x4F, 0xFF, 0xF8, 0x00, 0x00, 0x0B,
  0xFF, 0xFE, 0x00, 0x04, 0xFF, 0xFF, 0x80, 0x00, 0x00, 0xBF, 0xFF, 0xE0, 0x00, 0x4F, 0xFF, 0xF8, 0x00, 0x00, 0x0B, 0xFF,
  0xFE, 0x00, 0x04, 0xFF, 0xFF, 0x34, 0xAE, 0xFE, 0xC7, 0x00, 0x00, 0x00, 0x4F, 0xFF, 0xFB, 0xFF, 0xFF, 0xFF, 0xFC, 0x10,
  0x00, 0x04, 0xFF, 0xFF, 0xFF, 0xFF, 0xFF, 0xFF, 0xFC, 0x00, 0x00, 0x4F, 0xFF, 0xFF, 0xFE, 0xDE, 0xFF, 0xFF, 0xF6, 0x00,
  0x04, 0xFF, 0xFF, 0xE6, 0x00, 0x1A, 0xFF, 0xFF, 0xC0, 0x00, 0x4F, 0xFF, 0xF9, 0x00, 0x00, 0x0D, 0xFF, 0xFF, 0x20, 0x04,
  0xFF, 0xFF, 0x80, 0x00, 0x00, 0x8F, 0xFF, 0xF5, 0x00, 0x4F, 0xFF, 0xF8, 0x00, 0x00, 0x05, 0xFF, 0xFF, 0x70, 0x04, 0xFF,
  0xFF, 0x80, 0x00, 0x00, 0x4F, 0xFF, 0xF8, 0x00, 0x4F, 0xFF, 0xF8, 0x00, 0x00, 0x04, 0xFF, 0xFF, 0x80, 0x04, 0xFF, 0xFF,
  0x80, 0x00, 0x00, 0x5F, 0xFF, 0xF7, 0x00, 0x4F, 0xFF, 0xF8, 0x00, 0x00, 0x08, 0xFF, 0xFF, 0x50, 0x04, 0xFF, 0xFF, 0x90,
  0x00, 0x00, 0xDF, 0xFF, 0xF2, 0x00, 0x4F, 0xFF, 0xFE, 0x60, 0x00, 0x9F, 0xFF, 0xFC, 0x00, 0x04, 0xFF, 0xFF, 0xFF, 0xDC,
  0xEF, 0xFF, 0xFF, 0x60, 0x00, 0x4F, 0xFF, 0xFF, 0xFF, 0xFF, 0xFF, 0xFF, 0xB0, 0x00, 0x04, 0xFF, 0xFF, 0xBE, 0xFF, 0xFF,
  0xFF, 0xB1, 0x00, 0x00, 0x4F, 0xFF, 0xF8, 0x29, 0xDF, 0xEC, 0x60, 0x00, 0x00, 0x04, 0xFF, 0xFF, 0x80, 0x00, 0x00, 0x00,
  0x00, 0x00, 0x00, 0x4F, 0xFF, 0xF8, 0x00, 0x00, 0x00, 0x00, 0x00, 0x00, 0x04, 0xFF, 0xFF, 0x80, 0x00, 0x00, 0x00, 0x00,
  0x00, 0x00, 0x4F, 0xFF, 0xF8, 0x00, 0x00, 0x00, 0x00, 0x00, 0x00, 0x04, 0xFF, 0xFF, 0x80, 0x00, 0x00, 0x00, 0x00, 0x00,
  0x00, 0x4F, 0xFF, 0xF8, 0x00, 0x00, 0x00, 0x00, 0x00, 0x00, 0x04, 0xFF, 0xFF, 0x80, 0x00, 0x00, 0x00, 0x00, 0x00, 0x00,
  0x00, 0x00, 0x05, 0xAD, 0xEF, 0xDB, 0x60, 0x00, 0x00, 0x00, 0x1B, 0xFF, 0xFF, 0xFF, 0xFF, 0xC2, 0x00, 0x00, 0x1D, 0xFF,
  0xFF, 0xFF, 0xFF, 0xFF, 0xD1, 0x00, 0x0A, 0xFF, 0xFF, 0xFD, 0xDF, 0xFF, 0xFF, 0x90, 0x02, 0xFF, 0xFF, 0xD3, 0x00, 0x4E,
  0xFF, 0xFE, 0x00, 0x8F, 0xFF, 0xF5, 0x00, 0x00, 0x6F, 0xFF, 0xF4, 0x0B, 0xFF, 0xFE, 0x00, 0x00, 0x02, 0xDD, 0xDD, 0x50,
  0xDF, 0xFF, 0xC0, 0x00, 0x00, 0x00, 0x00, 0x00, 0x0E, 0xFF, 0xFC, 0x00, 0x00, 0x00, 0x00, 0x00, 0x00, 0xEF, 0xFF, 0xC0,
  0x00, 0x00, 0x00, 0x00, 0x00, 0x0D, 0xFF, 0xFC, 0x00, 0x00, 0x00, 0x00, 0x00, 0x00, 0xBF, 0xFF, 0xE0, 0x00, 0x00, 0x16,
  0x66, 0x62, 0x08, 0xFF, 0xFF, 0x50, 0x00, 0x04, 0xFF, 0xFF, 0x40, 0x2F, 0xFF, 0xFD, 0x30, 0x03, 0xDF, 0xFF, 0xE1, 0x00,
  0xAF, 0xFF, 0xFF, 0xDD, 0xFF, 0xFF, 0xF9, 0x00, 0x01, 0xDF, 0xFF, 0xFF, 0xFF, 0xFF, 0xFD, 0x10, 0x00, 0x01, 0xBF, 0xFF,
  0xFF, 0xFF, 0xFB, 0x20, 0x00, 0x00, 0x00, 0x5A, 0xDE, 0xED, 0xA5, 0x00, 0x00, 0x8F, 0xFF, 0xFF, 0xFF, 0xFF, 0xFF, 0xFF,
  0xFF, 0x58, 0xFF, 0xFF, 0xFF, 0xFF, 0xFF, 0xFF, 0xFF, 0xF5, 0x8F, 0xFF, 0xFF, 0xFF, 0xFF, 0xFF, 0xFF, 0xFF, 0x56, 0xCC,
  0xCC, 0xCF, 0xFF, 0xFE, 0xCC, 0xCC, 0xC4, 0x00, 0x00, 0x00, 0xFF, 0xFF, 0xB0, 0x00, 0x00, 0x00, 0x00, 0x00, 0x0F, 0xFF,
  0xFB, 0x00, 0x00, 0x00, 0x00, 0x00, 0x00, 0xFF, 0xFF, 0xB0, 0x00, 0x00, 0x00, 0x00, 0x00, 0x0F, 0xFF, 0xFB, 0x00, 0x00,
  0x00, 0x00, 0x00, 0x00, 0xFF, 0xFF, 0xB0, 0x00, 0x00, 0x00, 0x00, 0x00, 0x0F, 0xFF, 0xFB, 0x00, 0x00, 0x00, 0x00, 0x00,
  0x00, 0xFF, 0xFF, 0xB0, 0x00, 0x00, 0x00, 0x00, 0x00, 0x0F, 0xFF, 0xFB, 0x00, 0x00, 0x00, 0x00, 0x00, 0x00, 0xFF, 0xFF,
  0xB0, 0x00, 0x00, 0x00, 0x00, 0x00, 0x0F, 0xFF, 0xFB, 0x00, 0x00, 0x00, 0x00, 0x00, 0x00, 0xFF, 0xFF, 0xB0, 0x00, 0x00,
  0x00, 0x00, 0x00, 0x0F, 0xFF, 0xFB, 0x00, 0x00, 0x00, 0x00, 0x00, 0x00, 0xFF, 0xFF, 0xB0, 0x00, 0x00, 0x00, 0x00, 0x00,
  0x0F, 0xFF, 0xFB, 0x00, 0x00, 0x00, 0xCF, 0xFF, 0xF4, 0x00, 0x00, 0x0A, 0xFF, 0xFF, 0x68, 0xFF, 0xFF, 0x80, 0x00, 0x00,
  0xEF, 0xFF, 0xE1, 0x2F, 0xFF, 0xFC, 0x00, 0x00, 0x4F, 0xFF, 0xFB, 0x00, 0xCF, 0xFF, 0xF2, 0x00, 0x08, 0xFF, 0xFF, 0x60,
  0x07, 0xFF, 0xFF, 0x60, 0x00, 0xCF, 0xFF, 0xE1, 0x00, 0x2F, 0xFF, 0xFB, 0x00, 0x2F, 0xFF, 0xFA, 0x00, 0x00, 0xCF, 0xFF,
  0xE0, 0x07, 0xFF, 0xFF, 0x50, 0x00, 0x07, 0xFF, 0xFF, 0x50, 0xBF, 0xFF, 0xE1, 0x00, 0x00, 0x2F, 0xFF, 0xF9, 0x0E, 0xFF,
  0xFA, 0x00, 0x00, 0x00, 0xBF, 0xFF, 0xD5, 0xFF, 0xFF, 0x50, 0x00, 0x00, 0x07, 0xFF, 0xFF, 0xBF, 0xFF, 0xE0, 0x00, 0x00,
  0x00, 0x1F, 0xFF, 0xFF, 0xFF, 0xFA, 0x00, 0x00, 0x00, 0x00, 0xBF, 0xFF, 0xFF, 0xFF, 0x50, 0x00, 0x00, 0x00, 0x06, 0xFF,
  0xFF, 0xFF, 0xE0, 0x00, 0x00, 0x00, 0x00, 0x1F, 0xFF, 0xFF, 0xF9, 0x00, 0x00, 0x00, 0x00, 0x00, 0xBF, 0xFF, 0xFF, 0x40,
  0x00, 0x00, 0x00, 0x00, 0x06, 0xFF, 0xFF, 0xE0, 0x00, 0x00, 0x00, 0x00, 0x00, 0x1E, 0xFF, 0xF9, 0x00, 0x00, 0x00, 0x00,
  0x00, 0x02, 0xFF, 0xFF, 0x40, 0x00, 0x00, 0x00, 0x00, 0x00, 0x8F, 0xFF, 0xD0, 0x00, 0x00, 0x00, 0x00, 0x00, 0x4E, 0xFF,
  0xF9, 0x00, 0x00, 0x00, 0x00, 0x2D, 0xEF, 0xFF, 0xFF, 0x30, 0x00, 0x00, 0x00, 0x02, 0xFF, 0xFF, 0xFF, 0x90, 0x00, 0x00,
  0x00, 0x00, 0x2F, 0xFF, 0xFF, 0xB1, 0x00, 0x00, 0x00, 0x00, 0x01, 0xDF, 0xEC, 0x70, 0x00, 0x00, 0x00, 0x00, 0x00, 0x00,
  0x00, 0x00, 0x00, 0x06, 0xFF, 0xFF, 0x60, 0x00, 0x00, 0x00, 0x00, 0x00, 0x00, 0x00, 0x00, 0x06, 0xFF, 0xFF, 0x60, 0x00,
  0x00, 0x00, 0x00, 0x00, 0x00, 0x00, 0x00, 0x06, 0xFF, 0xFF, 0x60, 0x00, 0x00, 0x00, 0x00, 0x00, 0x00, 0x00, 0x00, 0x06,
  0xFF, 0xFF, 0x60, 0x00, 0x00, 0x00, 0x00, 0x00, 0x00, 0x00, 0x00, 0x06, 0xFF, 0xFF, 0x60, 0x00, 0x00, 0x00, 0x00, 0x00,
  0x00, 0x00, 0x00, 0x06, 0xFF, 0xFF, 0x60, 0x00, 0x00, 0x00, 0x00, 0x00, 0x00, 0x00, 0x00, 0x06, 0xFF, 0xFF, 0x60, 0x00,
  0x00, 0x00, 0x00, 0x00, 0x00, 0x3A, 0xDF, 0xEC, 0xFF, 0xFF, 0xCD, 0xFE, 0xA4, 0x00, 0x00, 0x00, 0x06, 0xFF, 0xFF, 0xFF,
  0xFF, 0xFF, 0xFF, 0xFF, 0xFF, 0x70, 0x00, 0x00, 0x4F, 0xFF, 0xFF, 0xFF, 0xFF, 0xFF, 0xFF, 0xFF, 0xFF, 0xF5, 0x00, 0x00,
  0xCF, 0xFF, 0xFF, 0xCE, 0xFF, 0xFF, 0xEC, 0xFF, 0xFF, 0xFD, 0x00, 0x03, 0xFF, 0xFF, 0xE3, 0x06, 0xFF, 0xFF, 0x60, 0x3D,
  0xFF, 0xFF, 0x50, 0x08, 0xFF, 0xFF, 0x60, 0x06, 0xFF, 0xFF, 0x60, 0x05, 0xFF, 0xFF, 0x90, 0x0B, 0xFF, 0xFF, 0x10, 0x06,
  0xFF, 0xFF, 0x60, 0x00, 0xEF, 0xFF, 0xC0, 0x0D, 0xFF, 0xFD, 0x00, 0x06, 0xFF, 0xFF, 0x60, 0x00, 0xCF, 0xFF, 0xE0, 0x0D,
  0xFF, 0xFC, 0x00, 0x06, 0xFF, 0xFF, 0x60, 0x00, 0xBF, 0xFF, 0xF0, 0x0E, 0xFF, 0xFC, 0x00, 0x06, 0xFF, 0xFF, 0x60, 0x00,
  0xBF, 0xFF, 0xF0, 0x0D, 0xFF, 0xFC, 0x00, 0x06, 0xFF, 0xFF, 0x60, 0x00, 0xBF, 0xFF, 0xE0, 0x0C, 0xFF, 0xFE, 0x00, 0x06,
  0xFF, 0xFF, 0x60, 0x00, 0xDF, 0xFF, 0xD0, 0x09, 0xFF, 0xFF, 0x40, 0x06, 0xFF, 0xFF, 0x60, 0x03, 0xFF, 0xFF, 0xB0, 0x05,
  0xFF, 0xFF, 0xD2, 0x06, 0xFF, 0xFF, 0x60, 0x1C, 0xFF, 0xFF, 0x70, 0x00, 0xDF, 0xFF, 0xFE, 0xCD, 0xFF, 0xFF, 0xDC, 0xEF,
  0xFF, 0xFE, 0x10, 0x00, 0x5F, 0xFF, 0xFF, 0xFF, 0xFF, 0xFF, 0xFF, 0xFF, 0xFF, 0xF7, 0x00, 0x00, 0x07, 0xFF, 0xFF, 0xFF,
  0xFF, 0xFF, 0xFF, 0xFF, 0xFF, 0x90, 0x00, 0x00, 0x00, 0x4A, 0xEF, 0xEC, 0xFF, 0xFF, 0xCD, 0xFE, 0xB5, 0x00, 0x00, 0x00,
  0x00, 0x00, 0x00, 0x06, 0xFF, 0xFF, 0x60, 0x00, 0x00, 0x00, 0x00, 0x00, 0x00, 0x00, 0x00, 0x06, 0xFF, 0xFF, 0x60, 0x00,
  0x00, 0x00, 0x00, 0x00, 0x00, 0x00, 0x00, 0x06, 0xFF, 0xFF, 0x60, 0x00, 0x00, 0x00, 0x00, 0x00, 0x00, 0x00, 0x00, 0x06,
  0xFF, 0xFF, 0x60, 0x00, 0x00, 0x00, 0x00, 0x00, 0x00, 0x00, 0x00, 0x06, 0xFF, 0xFF, 0x60, 0x00, 0x00, 0x00, 0x00, 0x00,
  0x00, 0x00, 0x00, 0x06, 0xFF, 0xFF, 0x60, 0x00, 0x00, 0x00, 0x00, 0x00, 0x00, 0x00, 0x00, 0x06, 0xFF, 0xFF, 0x60, 0x00,
  0x00, 0x00, 0x00, 0x3F, 0xFF, 0xFD, 0x00, 0x00, 0x1D, 0xFF, 0xFE, 0x20, 0xAF, 0xFF, 0xF6, 0x00, 0x08, 0xFF, 0xFF, 0x80,
  0x02, 0xEF, 0xFF, 0xD1, 0x02, 0xEF, 0xFF, 0xE1, 0x00, 0x08, 0xFF, 0xFF, 0x70, 0x9F, 0xFF, 0xF6, 0x00, 0x00, 0x1D, 0xFF,
  0xFE, 0x3F, 0xFF, 0xFC, 0x00, 0x00, 0x00, 0x6F, 0xFF, 0xFE, 0xFF, 0xFF, 0x50, 0x00, 0x00, 0x00, 0xCF, 0xFF, 0xFF, 0xFF,
  0xB0, 0x00, 0x00, 0x00, 0x04, 0xFF, 0xFF, 0xFF, 0xF3, 0x00, 0x00, 0x00, 0x00, 0x0B, 0xFF, 0xFF, 0xF9, 0x00, 0x00, 0x00,
  0x00, 0x01, 0xDF, 0xFF, 0xFF, 0xC0, 0x00, 0x00, 0x00, 0x00, 0x7F, 0xFF, 0xFF, 0xFF, 0x60, 0x00, 0x00, 0x00, 0x2E, 0xFF,
  0xFF, 0xFF, 0xFD, 0x10, 0x00, 0x00, 0x09, 0xFF, 0xFF, 0xCF, 0xFF, 0xF8, 0x00, 0x00, 0x03, 0xFF, 0xFF, 0xC1, 0xEF, 0xFF,
  0xE2, 0x00, 0x00, 0xBF, 0xFF, 0xF5, 0x07, 0xFF, 0xFF, 0x90, 0x00, 0x5F, 0xFF, 0xFB, 0x00, 0x0D, 0xFF, 0xFF, 0x30, 0x0C,
  0xFF, 0xFF, 0x30, 0x00, 0x5F, 0xFF, 0xFB, 0x07, 0xFF, 0xFF, 0xA0, 0x00, 0x00, 0xBF, 0xFF, 0xF5, 0x04, 0xFF, 0xFF, 0x80,
  0x00, 0x00, 0xBF, 0xFF, 0xE0, 0x00, 0x04, 0xFF, 0xFF, 0x80, 0x00, 0x00, 0xBF, 0xFF, 0xE0, 0x00, 0x04, 0xFF, 0xFF, 0x80,
  0x00, 0x00, 0xBF, 0xFF, 0xE0, 0x00, 0x04, 0xFF, 0xFF, 0x80, 0x00, 0x00, 0xBF, 0xFF, 0xE0, 0x00, 0x04, 0xFF, 0xFF, 0x80,
  0x00, 0x00, 0xBF, 0xFF, 0xE0, 0x00, 0x04, 0xFF, 0xFF, 0x80, 0x00, 0x00, 0xBF, 0xFF, 0xE0, 0x00, 0x04, 0xFF, 0xFF, 0x80,
  0x00, 0x00, 0xBF, 0xFF, 0xE0, 0x00, 0x04, 0xFF, 0xFF, 0x80, 0x00, 0x00, 0xBF, 0xFF, 0xE0, 0x00, 0x04, 0xFF, 0xFF, 0x80,
  0x00, 0x00, 0xBF, 0xFF, 0xE0, 0x00, 0x04, 0xFF, 0xFF, 0x80, 0x00, 0x00, 0xBF, 0xFF, 0xE0, 0x00, 0x04, 0xFF, 0xFF, 0x80,
  0x00, 0x00, 0xBF, 0xFF, 0xE0, 0x00, 0x04, 0xFF, 0xFF, 0x80, 0x00, 0x00, 0xBF, 0xFF, 0xE0, 0x00, 0x04, 0xFF, 0xFF, 0x80,
  0x00, 0x00, 0xBF, 0xFF, 0xE0, 0x00, 0x04, 0xFF, 0xFF, 0x80, 0x00, 0x00, 0xBF, 0xFF, 0xE0, 0x00, 0x04, 0xFF, 0xFF, 0xDC,
  0xCC, 0xCC, 0xEF, 0xFF, 0xFB, 0xB7, 0x04, 0xFF, 0xFF, 0xFF, 0xFF, 0xFF, 0xFF, 0xFF, 0xFF, 0xF9, 0x04, 0xFF, 0xFF, 0xFF,
  0xFF, 0xFF, 0xFF, 0xFF, 0xFF, 0xF8, 0x04, 0xFF, 0xFF, 0xFF, 0xFF, 0xFF, 0xFF, 0xFF, 0xFF, 0xF7, 0x00, 0x00, 0x00, 0x00,
  0x00, 0x00, 0x00, 0x2F, 0xFF, 0xF7, 0x00, 0x00, 0x00, 0x00, 0x00, 0x00, 0x00, 0x2F, 0xFF, 0xF6, 0x00, 0x00, 0x00, 0x00,
  0x00, 0x00, 0x00, 0x2F, 0xFF, 0xF6, 0x00, 0x00, 0x00, 0x00, 0x00, 0x00, 0x00, 0x2F, 0xFF, 0xF5, 0x00, 0x00, 0x00, 0x00,
  0x00, 0x00, 0x00, 0x2F, 0xFF, 0xF5, 0x09, 0xFF, 0xFF, 0x20, 0x00, 0x03, 0xFF, 0xFF, 0x80, 0x09, 0xFF, 0xFF, 0x20, 0x00,
  0x03, 0xFF, 0xFF, 0x80, 0x09, 0xFF, 0xFF, 0x20, 0x00, 0x03, 0xFF, 0xFF, 0x80, 0x09, 0xFF, 0xFF, 0x20, 0x00, 0x03, 0xFF,
  0xFF, 0x80, 0x09, 0xFF, 0xFF, 0x20, 0x00, 0x03, 0xFF, 0xFF, 0x80, 0x09, 0xFF, 0xFF, 0x20, 0x00, 0x03, 0xFF, 0xFF, 0x80,
  0x09, 0xFF, 0xFF, 0x30, 0x00, 0x03, 0xFF, 0xFF, 0x80, 0x07, 0xFF, 0xFF, 0x60, 0x00, 0x03, 0xFF, 0xFF, 0x80, 0x03, 0xFF,
  0xFF, 0xE5, 0x10, 0x26, 0xFF, 0xFF, 0x80, 0x00, 0xBF, 0xFF, 0xFF, 0xFF, 0xFF, 0xFF, 0xFF, 0x80, 0x00, 0x2E, 0xFF, 0xFF,
  0xFF, 0xFF, 0xFF, 0xFF, 0x80, 0x00, 0x02, 0xBF, 0xFF, 0xFF, 0xFF, 0xFF, 0xFF, 0x80, 0x00, 0x00, 0x03, 0x7A, 0xBB, 0xAA,
  0xFF, 0xFF, 0x80, 0x00, 0x00, 0x00, 0x00, 0x00, 0x03, 0xFF, 0xFF, 0x80, 0x00, 0x00, 0x00, 0x00, 0x00, 0x03, 0xFF, 0xFF,
  0x80, 0x00, 0x00, 0x00, 0x00, 0x00, 0x03, 0xFF, 0xFF, 0x80, 0x00, 0x00, 0x00, 0x00, 0x00, 0x03, 0xFF, 0xFF, 0x80, 0x00,
  0x00, 0x00, 0x00, 0x00, 0x03, 0xFF, 0xFF, 0x80, 0x04, 0xFF, 0xFF, 0x80, 0x00, 0x0C, 0xFF, 0xFE, 0x00, 0x00, 0x6F, 0xFF,
  0xF6, 0x00, 0x4F, 0xFF, 0xF8, 0x00, 0x00, 0xCF, 0xFF, 0xE0, 0x00, 0x06, 0xFF, 0xFF, 0x60, 0x04, 0xFF, 0xFF, 0x80, 0x00,
  0x0C, 0xFF, 0xFE, 0x00, 0x00, 0x6F, 0xFF, 0xF6, 0x00, 0x4F, 0xFF, 0xF8, 0x00, 0x00, 0xCF, 0xFF, 0xE0, 0x00, 0x06, 0xFF,
  0xFF, 0x60, 0x04, 0xFF, 0xFF, 0x80, 0x00, 0x0C, 0xFF, 0xFE, 0x00, 0x00, 0x6F, 0xFF, 0xF6, 0x00, 0x4F, 0xFF, 0xF8, 0x00,
  0x00, 0xCF, 0xFF, 0xE0, 0x00, 0x06, 0xFF, 0xFF, 0x60, 0x04, 0xFF, 0xFF, 0x80, 0x00, 0x0C, 0xFF, 0xFE, 0x00, 0x00, 0x6F,
  0xFF, 0xF6, 0x00, 0x4F, 0xFF, 0xF8, 0x00, 0x00, 0xCF, 0xFF, 0xE0, 0x00, 0x06, 0xFF, 0xFF, 0x60, 0x04, 0xFF, 0xFF, 0x80,
  0x00, 0x0C, 0xFF, 0xFE, 0x00, 0x00, 0x6F, 0xFF, 0xF6, 0x00, 0x4F, 0xFF, 0xF8, 0x00, 0x00, 0xCF, 0xFF, 0xE0, 0x00, 0x06,
  0xFF, 0xFF, 0x60, 0x04, 0xFF, 0xFF, 0x80, 0x00, 0x0C, 0xFF, 0xFE, 0x00, 0x00, 0x6F, 0xFF, 0xF6, 0x00, 0x4F, 0xFF, 0xF8,
  0x00, 0x00, 0xCF, 0xFF, 0xE0, 0x00, 0x06, 0xFF, 0xFF, 0x60, 0x04, 0xFF, 0xFF, 0x80, 0x00, 0x0C, 0xFF, 0xFE, 0x00, 0x00,
  0x6F, 0xFF, 0xF6, 0x00, 0x4F, 0xFF, 0xF8, 0x00, 0x00, 0xCF, 0xFF, 0xE0, 0x00, 0x06, 0xFF, 0xFF, 0x60, 0x04, 0xFF, 0xFF,
  0xDC, 0xCC, 0xCE, 0xFF, 0xFF, 0xCC, 0xCC, 0xDF, 0xFF, 0xF6, 0x00, 0x4F, 0xFF, 0xFF, 0xFF, 0xFF, 0xFF, 0xFF, 0xFF, 0xFF,
  0xFF, 0xFF, 0xFF, 0x60, 0x04, 0xFF, 0xFF, 0xFF, 0xFF, 0xFF, 0xFF, 0xFF, 0xFF, 0xFF, 0xFF, 0xFF, 0xF6, 0x00, 0x4F, 0xFF,
  0xFF, 0xFF, 0xFF, 0xFF, 0xFF, 0xFF, 0xFF, 0xFF, 0xFF, 0xFF, 0x60, 0x05, 0xFF, 0xFF, 0x70, 0x00, 0x0D, 0xFF, 0xFD, 0x00,
  0x00, 0x7F, 0xFF, 0xF5, 0x00, 0x00, 0x05, 0xFF, 0xFF, 0x70, 0x00, 0x0D, 0xFF, 0xFD, 0x00, 0x00, 0x7F, 0xFF, 0xF5, 0x00,
  0x00, 0x05, 0xFF, 0xFF, 0x70, 0x00, 0x0D, 0xFF, 0xFD, 0x00, 0x00, 0x7F, 0xFF, 0xF5, 0x00, 0x00, 0x05, 0xFF, 0xFF, 0x70,
  0x00, 0x0D, 0xFF, 0xFD, 0x00, 0x00, 0x7F, 0xFF, 0xF5, 0x00, 0x00, 0x05, 0xFF, 0xFF, 0x70, 0x00, 0x0D, 0xFF, 0xFD, 0x00,
  0x00, 0x7F, 0xFF, 0xF5, 0x00, 0x00, 0x05, 0xFF, 0xFF, 0x70, 0x00, 0x0D, 0xFF, 0xFD, 0x00, 0x00, 0x7F, 0xFF, 0xF5, 0x00,
  0x00, 0x05, 0xFF, 0xFF, 0x70, 0x00, 0x0D, 0xFF, 0xFD, 0x00, 0x00, 0x7F, 0xFF, 0xF5, 0x00, 0x00, 0x05, 0xFF, 0xFF, 0x70,
  0x00, 0x0D, 0xFF, 0xFD, 0x00, 0x00, 0x7F, 0xFF, 0xF5, 0x00, 0x00, 0x05, 0xFF, 0xFF, 0x70, 0x00, 0x0D, 0xFF, 0xFD, 0x00,
  0x00, 0x7F, 0xFF, 0xF5, 0x00, 0x00, 0x05, 0xFF, 0xFF, 0x70, 0x00, 0x0D, 0xFF, 0xFD, 0x00, 0x00, 0x7F, 0xFF, 0xF5, 0x00,
  0x00, 0x05, 0xFF, 0xFF, 0x70, 0x00, 0x0D, 0xFF, 0xFD, 0x00, 0x00, 0x7F, 0xFF, 0xF5, 0x00, 0x00, 0x05, 0xFF, 0xFF, 0x70,
  0x00, 0x0D, 0xFF, 0xFD, 0x00, 0x00, 0x7F, 0xFF, 0xF5, 0x00, 0x00, 0x05, 0xFF, 0xFF, 0x70, 0x00, 0x0D, 0xFF, 0xFD, 0x00,
  0x00, 0x7F, 0xFF, 0xF5, 0x00, 0x00, 0x05, 0xFF, 0xFF, 0x70, 0x00, 0x0D, 0xFF, 0xFD, 0x00, 0x00, 0x7F, 0xFF, 0xF5, 0x00,
  0x00, 0x05, 0xFF, 0xFF, 0xDC, 0xCC, 0xCE, 0xFF, 0xFF, 0xCC, 0xCC, 0xDF, 0xFF, 0xFC, 0xBB, 0x90, 0x05, 0xFF, 0xFF, 0xFF,
  0xFF, 0xFF, 0xFF, 0xFF, 0xFF, 0xFF, 0xFF, 0xFF, 0xFF, 0xFF, 0xB0, 0x05, 0xFF, 0xFF, 0xFF, 0xFF, 0xFF, 0xFF, 0xFF, 0xFF,
  0xFF, 0xFF, 0xFF, 0xFF, 0xFF, 0xB0, 0x05, 0xFF, 0xFF, 0xFF, 0xFF, 0xFF, 0xFF, 0xFF, 0xFF, 0xFF, 0xFF, 0xFF, 0xFF, 0xFF,
  0xA0, 0x00, 0x00, 0x00, 0x00, 0x00, 0x00, 0x00, 0x00, 0x00, 0x00, 0x00, 0x00, 0xEF, 0xFF, 0xA0, 0x00, 0x00, 0x00, 0x00,
  0x00, 0x00, 0x00, 0x00, 0x00, 0x00, 0x00, 0x00, 0xEF, 0xFF, 0x90, 0x00, 0x00, 0x00, 0x00, 0x00, 0x00, 0x00, 0x00, 0x00,
  0x00, 0x00, 0x00, 0xEF, 0xFF, 0x90, 0x00, 0x00, 0x00, 0x00, 0x00, 0x00, 0x00, 0x00, 0x00, 0x00, 0x00, 0x00, 0xEF, 0xFF,
  0x80, 0x00, 0x00, 0x00, 0x00, 0x00, 0x00, 0x00, 0x00, 0x00, 0x00, 0x00, 0x00, 0xEF, 0xFF, 0x80, 0x8F, 0xFF, 0xFF, 0xFF,
  0xFF, 0x30, 0x00, 0x00, 0x00, 0x00, 0x00, 0x8F, 0xFF, 0xFF, 0xFF, 0xFF, 0x30, 0x00, 0x00, 0x00, 0x00, 0x00, 0x8F, 0xFF,
  0xFF, 0xFF, 0xFF, 0x30, 0x00, 0x00, 0x00, 0x00, 0x00, 0x6C, 0xCC, 0xCD, 0xFF, 0xFF, 0x30, 0x00, 0x00, 0x00, 0x00, 0x00,
  0x00, 0x00, 0x08, 0xFF, 0xFF, 0x30, 0x00, 0x00, 0x00, 0x00, 0x00, 0x00, 0x00, 0x08, 0xFF, 0xFF, 0xFF, 0xFF, 0xEC, 0x93,
  0x00, 0x00, 0x00, 0x00, 0x08, 0xFF, 0xFF, 0xFF, 0xFF, 0xFF, 0xFF, 0x90, 0x00, 0x00, 0x00, 0x08, 0xFF, 0xFF, 0xFF, 0xFF,
  0xFF, 0xFF, 0xF9, 0x00, 0x00, 0x00, 0x08, 0xFF, 0xFF, 0xCC, 0xCC, 0xEF, 0xFF, 0xFF, 0x50, 0x00, 0x00, 0x08, 0xFF, 0xFF,
  0x30, 0x00, 0x08, 0xFF, 0xFF, 0xB0, 0x00, 0x00, 0x08, 0xFF, 0xFF, 0x30, 0x00, 0x00, 0xDF, 0xFF, 0xD0, 0x00, 0x00, 0x08,
  0xFF, 0xFF, 0x30, 0x00, 0x00, 0xBF, 0xFF, 0xF0, 0x00, 0x00, 0x08, 0xFF, 0xFF, 0x30, 0x00, 0x00, 0xDF, 0xFF, 0xE0, 0x00,
  0x00, 0x08, 0xFF, 0xFF, 0x30, 0x00, 0x08, 0xFF, 0xFF, 0xB0, 0x00, 0x00, 0x08, 0xFF, 0xFF, 0xCB, 0xBC, 0xEF, 0xFF, 0xFF,
  0x50, 0x00, 0x00, 0x08, 0xFF, 0xFF, 0xFF, 0xFF, 0xFF, 0xFF, 0xFA, 0x00, 0x00, 0x00, 0x08, 0xFF, 0xFF, 0xFF, 0xFF, 0xFF,
  0xFF, 0x90, 0x00, 0x00, 0x00, 0x08, 0xFF, 0xFF, 0xFF, 0xFF, 0xEC, 0x93, 0x00, 0x00, 0x00, 0xEF, 0xFF, 0xC0, 0x00, 0x00,
  0x00, 0x00, 0x00, 0x00, 0xBF, 0xFF, 0xF0, 0x00, 0x0E, 0xFF, 0xFC, 0x00, 0x00, 0x00, 0x00, 0x00, 0x00, 0x0B, 0xFF, 0xFF,
  0x00, 0x00, 0xEF, 0xFF, 0xC0, 0x00, 0x00, 0x00, 0x00, 0x00, 0x00, 0xBF, 0xFF, 0xF0, 0x00, 0x0E, 0xFF, 0xFC, 0x00, 0x00,
  0x00, 0x00, 0x00, 0x00, 0x0B, 0xFF, 0xFF, 0x00, 0x00, 0xEF, 0xFF, 0xC0, 0x00, 0x00, 0x00, 0x00, 0x00, 0x00, 0xBF, 0xFF,
  0xF0, 0x00, 0x0E, 0xFF, 0xFF, 0xFF, 0xFF, 0xDB, 0x71, 0x00, 0x00, 0x0B, 0xFF, 0xFF, 0x00, 0x00, 0xEF, 0xFF, 0xFF, 0xFF,
  0xFF, 0xFF, 0xD5, 0x00, 0x00, 0xBF, 0xFF, 0xF0, 0x00, 0x0E, 0xFF, 0xFF, 0xFF, 0xFF, 0xFF, 0xFF, 0xF4, 0x00, 0x0B, 0xFF,
  0xFF, 0x00, 0x00, 0xEF, 0xFF, 0xEC, 0xCC, 0xCF, 0xFF, 0xFF, 0xD0, 0x00, 0xBF, 0xFF, 0xF0, 0x00, 0x0E, 0xFF, 0xFC, 0x00,
  0x00, 0x2D, 0xFF, 0xFF, 0x50, 0x0B, 0xFF, 0xFF, 0x00, 0x00, 0xEF, 0xFF, 0xC0, 0x00, 0x00, 0x5F, 0xFF, 0xF8, 0x00, 0xBF,
  0xFF, 0xF0, 0x00, 0x0E, 0xFF, 0xFC, 0x00, 0x00, 0x02, 0xFF, 0xFF, 0x90, 0x0B, 0xFF, 0xFF, 0x00, 0x00, 0xEF, 0xFF, 0xC0,
  0x00, 0x00, 0x5F, 0xFF, 0xF8, 0x00, 0xBF, 0xFF, 0xF0, 0x00, 0x0E, 0xFF, 0xFC, 0x00, 0x00, 0x2C, 0xFF, 0xFF, 0x50, 0x0B,
  0xFF, 0xFF, 0x00, 0x00, 0xEF, 0xFF, 0xEB, 0xBB, 0xCE, 0xFF, 0xFF, 0xD1, 0x00, 0xBF, 0xFF, 0xF0, 0x00, 0x0E, 0xFF, 0xFF,
  0xFF, 0xFF, 0xFF, 0xFF, 0xF5, 0x00, 0x0B, 0xFF, 0xFF, 0x00, 0x00, 0xEF, 0xFF, 0xFF, 0xFF, 0xFF, 0xFF, 0xE5, 0x00, 0x00,
  0xBF, 0xFF, 0xF0, 0x00, 0x0E, 0xFF, 0xFF, 0xFF, 0xFF, 0xEB, 0x71, 0x00, 0x00, 0x0B, 0xFF, 0xFF, 0x00, 0x00, 0xEF, 0xFF,
  0xC0, 0x00, 0x00, 0x00, 0x00, 0x00, 0x00, 0xEF, 0xFF, 0xC0, 0x00, 0x00, 0x00, 0x00, 0x00, 0x00, 0xEF, 0xFF, 0xC0, 0x00,
  0x00, 0x00, 0x00, 0x00, 0x00, 0xEF, 0xFF, 0xC0, 0x00, 0x00, 0x00, 0x00, 0x00, 0x00, 0xEF, 0xFF, 0xC0, 0x00, 0x00, 0x00,
  0x00, 0x00, 0x00, 0xEF, 0xFF, 0xFF, 0xFF, 0xFD, 0xB7, 0x10, 0x00, 0x00, 0xEF, 0xFF, 0xFF, 0xFF, 0xFF, 0xFF, 0xD5, 0x00,
  0x00, 0xEF, 0xFF, 0xFF, 0xFF, 0xFF, 0xFF, 0xFF, 0x40, 0x00, 0xEF, 0xFF, 0xEC, 0xCC, 0xCF, 0xFF, 0xFF, 0xD0, 0x00, 0xEF,
  0xFF, 0xC0, 0x00, 0x02, 0xDF, 0xFF, 0xF5, 0x00, 0xEF, 0xFF, 0xC0, 0x00, 0x00, 0x5F, 0xFF, 0xF8, 0x00, 0xEF, 0xFF, 0xC0,
  0x00, 0x00, 0x2F, 0xFF, 0xF9, 0x00, 0xEF, 0xFF, 0xC0, 0x00, 0x00, 0x5F, 0xFF, 0xF8, 0x00, 0xEF, 0xFF, 0xC0, 0x00, 0x02,
  0xCF, 0xFF, 0xF5, 0x00, 0xEF, 0xFF, 0xEB, 0xBB, 0xCE, 0xFF, 0xFF, 0xD1, 0x00, 0xEF, 0xFF, 0xFF, 0xFF, 0xFF, 0xFF, 0xFF,
  0x50, 0x00, 0xEF, 0xFF, 0xFF, 0xFF, 0xFF, 0xFF, 0xE5, 0x00, 0x00, 0xEF, 0xFF, 0xFF, 0xFF, 0xFE, 0xB7, 0x10, 0x00, 0x00,
  0x00, 0x39, 0xDE, 0xFD, 0xB6, 0x00, 0x00, 0x00, 0x00, 0x8F, 0xFF, 0xFF, 0xFF, 0xFD, 0x30, 0x00, 0x00, 0x9F, 0xFF, 0xFF,
  0xFF, 0xFF, 0xFE, 0x30, 0x00, 0x4F, 0xFF, 0xFF, 0xDD, 0xFF, 0xFF, 0xFC, 0x00, 0x0B, 0xFF, 0xFE, 0x50, 0x02, 0xBF, 0xFF,
  0xF6, 0x00, 0xDF, 0xFF, 0x90, 0x00, 0x02, 0xEF, 0xFF, 0xB0, 0x06, 0x66, 0x63, 0x00, 0x00, 0x0B, 0xFF, 0xFE, 0x00, 0x00,
  0x00, 0x04, 0xFF, 0xFF, 0xFF, 0xFF, 0xF2, 0x00, 0x00, 0x00, 0x4F, 0xFF, 0xFF, 0xFF, 0xFF, 0x30, 0x00, 0x00, 0x03, 0xDD,
  0xDD, 0xEF, 0xFF, 0xF3, 0x00, 0x00, 0x00, 0x00, 0x00, 0x0A, 0xFF, 0xFF, 0x20, 0xBC, 0xCC, 0x60, 0x00, 0x00, 0xDF, 0xFF,
  0xE0, 0x0D, 0xFF, 0xFA, 0x00, 0x00, 0x4F, 0xFF, 0xFB, 0x00, 0xAF, 0xFF, 0xF6, 0x00, 0x2D, 0xFF, 0xFF, 0x60, 0x04, 0xFF,
  0xFF, 0xFD, 0xCF, 0xFF, 0xFF, 0xC0, 0x00, 0x09, 0xFF, 0xFF, 0xFF, 0xFF, 0xFF, 0xE3, 0x00, 0x00, 0x09, 0xFF, 0xFF, 0xFF,
  0xFF, 0xD3, 0x00, 0x00, 0x00, 0x03, 0xAD, 0xEF, 0xEB, 0x60, 0x00, 0x00, 0x00, 0xDF, 0xFF, 0xD0, 0x00, 0x00, 0x04, 0xAD,
  0xEF, 0xEC, 0x82, 0x00, 0x00, 0x00, 0x0D, 0xFF, 0xFD, 0x00, 0x00, 0x2B, 0xFF, 0xFF, 0xFF, 0xFF, 0xE7, 0x00, 0x00, 0x00,
  0xDF, 0xFF, 0xD0, 0x00, 0x2D, 0xFF, 0xFF, 0xFF, 0xFF, 0xFF, 0xF8, 0x00, 0x00, 0x0D, 0xFF, 0xFD, 0x00, 0x0B, 0xFF, 0xFF,
  0xFE, 0xCE, 0xFF, 0xFF, 0xF5, 0x00, 0x00, 0xDF, 0xFF, 0xD0, 0x04, 0xFF, 0xFF, 0xF7, 0x00, 0x08, 0xFF, 0xFF, 0xD0, 0x00,
  0x0D, 0xFF, 0xFD, 0x00, 0x9F, 0xFF, 0xF9, 0x00, 0x00, 0x0B, 0xFF, 0xFF, 0x40, 0x00, 0xDF, 0xFF, 0xFF, 0xFF, 0xFF, 0xFF,
  0x30, 0x00, 0x00, 0x5F, 0xFF, 0xF8, 0x00, 0x0D, 0xFF, 0xFF, 0xFF, 0xFF, 0xFF, 0xF0, 0x00, 0x00, 0x01, 0xFF, 0xFF, 0xA0,
  0x00, 0xDF, 0xFF, 0xFF, 0xFF, 0xFF, 0xFE, 0x00, 0x00, 0x00, 0x0E, 0xFF, 0xFB, 0x00, 0x0D, 0xFF, 0xFE, 0xCC, 0xEF, 0xFF,
  0xD0, 0x00, 0x00, 0x00, 0xFF, 0xFF, 0xB0, 0x00, 0xDF, 0xFF, 0xD0, 0x09, 0xFF, 0xFE, 0x00, 0x00, 0x00, 0x1F, 0xFF, 0xFA,
  0x00, 0x0D, 0xFF, 0xFD, 0x00, 0x7F, 0xFF, 0xF3, 0x00, 0x00, 0x05, 0xFF, 0xFF, 0x80, 0x00, 0xDF, 0xFF, 0xD0, 0x02, 0xFF,
  0xFF, 0x90, 0x00, 0x00, 0xAF, 0xFF, 0xF4, 0x00, 0x0D, 0xFF, 0xFD, 0x00, 0x0A, 0xFF, 0xFF, 0x70, 0x00, 0x7F, 0xFF, 0xFD,
  0x00, 0x00, 0xDF, 0xFF, 0xD0, 0x00, 0x3E, 0xFF, 0xFF, 0xEC, 0xEF, 0xFF, 0xFF, 0x50, 0x00, 0x0D, 0xFF, 0xFD, 0x00, 0x00,
  0x6F, 0xFF, 0xFF, 0xFF, 0xFF, 0xFF, 0x80, 0x00, 0x00, 0xDF, 0xFF, 0xD0, 0x00, 0x00, 0x5E, 0xFF, 0xFF, 0xFF, 0xFE, 0x70,
  0x00, 0x00, 0x0D, 0xFF, 0xFD, 0x00, 0x00, 0x00, 0x18, 0xCE, 0xFE, 0xC8, 0x20, 0x00, 0x00, 0x00, 0x00, 0x39, 0xCE, 0xFF,
  0xFF, 0xFF, 0xFF, 0x60, 0x00, 0x09, 0xFF, 0xFF, 0xFF, 0xFF, 0xFF, 0xFF, 0x60, 0x00, 0xAF, 0xFF, 0xFF, 0xFF, 0xFF, 0xFF,
  0xFF, 0x60, 0x05, 0xFF, 0xFF, 0xFE, 0xCC, 0xCD, 0xFF, 0xFF, 0x60, 0x0A, 0xFF, 0xFF, 0x91, 0x00, 0x06, 0xFF, 0xFF, 0x60,
  0x0C, 0xFF, 0xFE, 0x00, 0x00, 0x06, 0xFF, 0xFF, 0x60, 0x0B, 0xFF, 0xFF, 0x10, 0x00, 0x06, 0xFF, 0xFF, 0x60, 0x08, 0xFF,
  0xFF, 0xC4, 0x00, 0x06, 0xFF, 0xFF, 0x60, 0x01, 0xDF, 0xFF, 0xFF, 0xFF, 0xFF, 0xFF, 0xFF, 0x60, 0x00, 0x3D, 0xFF, 0xFF,
  0xFF, 0xFF, 0xFF, 0xFF, 0x60, 0x00, 0x01, 0xCF, 0xFF, 0xFF, 0xFF, 0xFF, 0xFF, 0x60, 0x00, 0x02, 0xEF, 0xFF, 0xB5, 0x58,
  0xFF, 0xFF, 0x60, 0x00, 0x09, 0xFF, 0xFF, 0x30, 0x06, 0xFF, 0xFF, 0x60, 0x00, 0x2F, 0xFF, 0xFA, 0x00, 0x06, 0xFF, 0xFF,
  0x60, 0x00, 0x9F, 0xFF, 0xF3, 0x00, 0x06, 0xFF, 0xFF, 0x60, 0x02, 0xFF, 0xFF, 0xA0, 0x00, 0x06, 0xFF, 0xFF, 0x60, 0x0A,
  0xFF, 0xFF, 0x30, 0x00, 0x06, 0xFF, 0xFF, 0x60, 0x2F, 0xFF, 0xFA, 0x00, 0x00, 0x06, 0xFF, 0xFF, 0x60,
  0x00 };

inline const GFXglyph aaUI26bGlyphs[] PROGMEM = {
  {      0,   0,   0,   8,    0,    0 },   // 0x20
  {      0,   9,  24,   9,    0,  -24 },   // 0x21
  {    108,  11,  25,  11,    0,  -25 },   // 0x22
  {    246,  20,  24,  20,    0,  -24 },   // 0x23
  {    486,  19,  32,  19,    0,  -28 },   // 0x24
  {    790,  24,  24,  24,    0,  -24 },   // 0x25
  {   1078,  22,  24,  22,    0,  -24 },   // 0x26
  {   1342,   5,  25,   5,    0,  -25 },   // 0x27
  {   1405,  12,  33,  12,    0,  -26 },   // 0x28
  {   1603,  12,  33,  12,    0,  -26 },   // 0x29
  {   1801,  15,  24,  15,    0,  -24 },   // 0x2A
  {   1981,  18,  20,  18,    0,  -20 },   // 0x2B
  {   2161,   8,  10,   8,    0,   -4 },   // 0x2C
  {   2201,  13,  12,  13,    0,  -12 },   // 0x2D
  {   2279,  10,   5,  10,    0,   -5 },   // 0x2E
  {   2304,  13,  26,  12,   -1,  -24 },   // 0x2F
  {   2473,  19,  24,  19,    0,  -24 },   // 0x30
  {   2701,  19,  24,  19,    0,  -24 },   // 0x31
  {   2929,  19,  24,  19,    0,  -24 },   // 0x32
  {   3157,  19,  24,  19,    0,  -24 },   // 0x33
  {   3385,  19,  24,  19,    0,  -24 },   // 0x34
  {   3613,  19,  24,  19,    0,  -24 },   // 0x35
  {   3841,  19,  24,  19,    0,  -24 },   // 0x36
  {   4069,  19,  24,  19,    0,  -24 },   // 0x37
  {   4297,  19,  24,  19,    0,  -24 },   // 0x38
  {   4525,  19,  24,  19,    0,  -24 },   // 0x39
  {   4753,   9,  18,   9,    0,  -18 },   // 0x3A
  {   4834,   9,  24,   9,    0,  -18 },   // 0x3B
  {   4942,  17,  18,  17,    0,  -18 },   // 0x3C
  {   5095,  19,  16,  19,    0,  -16 },   // 0x3D
  {   5247,  17,  18,  17,    0,  -18 },   // 0x3E
  {   5400,  16,  24,  16,    0,  -24 },   // 0x3F
  {   5592,  30,  30,  30,    0,  -23 },   // 0x40
  {   6042,  23,  24,  22,    0,  -24 },   // 0x41
  {   6318,  21,  24,  21,    0,  -24 },   // 0x42
  {   6570,  22,  24,  22,    0,  -24 },   // 0x43
  {   6834,  21,  24,  21,    0,  -24 },   // 0x44
  {   7086,  19,  24,  19,    0,  -24 },   // 0x45
  {   7314,  18,  24,  18,    0,  -24 },   // 0x46
  {   7530,  22,  24,  22,    0,  -24 },   // 0x47
  {   7794,  23,  24,  23,    0,  -24 },   // 0x48
  {   8070,  10,  24,  10,    0,  -24 },   // 0x49
  {   8190,  18,  24,  18,    0,  -24 },   // 0x4A
  {   8406,  22,  24,  21,    0,  -24 },   // 0x4B
  {   8670,  18,  24,  18,    0,  -24 },   // 0x4C
  {   8886,  29,  24,  29,    0,  -24 },   // 0x4D
  {   9234,  23,  24,  23,    0,  -24 },   // 0x4E
  {   9510,  23,  24,  23,    0,  -24 },   // 0x4F
  {   9786,  21,  24,  21,    0,  -24 },   // 0x50
  {  10038,  23,  28,  23,    0,  -24 },   // 0x51
  {  10360,  21,  24,  21,    0,  -24 },   // 0x52
  {  10612,  20,  24,  20,    0,  -24 },   // 0x53
  {  10852,  20,  24,  20,    0,  -24 },   // 0x54
  {  11092,  22,  24,  22,    0,  -24 },   // 0x55
  {  11356,  22,  24,  22,    0,  -24 },   // 0x56
  {  11620,  29,  24,  29,    0,  -24 },   // 0x57
  {  11968,  21,  24,  21,    0,  -24 },   // 0x58
  {  12220,  21,  24,  20,    0,  -24 },   // 0x59
  {  12472,  20,  24,  20,    0,  -24 },   // 0x5A
  {  12712,   9,  32,   9,    0,  -27 },   // 0x5B
  {  12856,  15,  26,  14,    0,  -24 },   // 0x5C
  {  13051,   9,  32,   9,    0,  -27 },   // 0x5D
  {  13195,  14,  24,  14,    0,  -24 },   // 0x5E
  {  13363,  15,   4,  15,    0,    0 },   // 0x5F
  {  13393,  11,  25,  11,    0,  -25 },   // 0x60
  {  13531,  18,  18,  18,    0,  -18 },   // 0x61
  {  13693,  19,  25,  19,    0,  -25 },   // 0x62
  {  13931,  17,  18,  17,    0,  -18 },   // 0x63
  {  14084,  19,  25,  19,    0,  -25 },   // 0x64
  {  14322,  18,  18,  18,    0,  -18 },   // 0x65
  {  14484,  12,  25,  12,    0,  -25 },   // 0x66
  {  14634,  19,  25,  19,    0,  -18 },   // 0x67
  {  14872,  18,  25,  18,    0,  -25 },   // 0x68
  {  15097,   9,  25,   9,    0,  -25 },   // 0x69
  {  15210,  11,  32,   9,   -2,  -25 },   // 0x6A
  {  15386,  18,  25,  18,    0,  -25 },   // 0x6B
  {  15611,   9,  25,   9,    0,  -25 },   // 0x6C
  {  15724,  29,  18,  29,    0,  -18 },   // 0x6D
  {  15985,  18,  18,  18,    0,  -18 },   // 0x6E
  {  16147,  19,  18,  19,    0,  -18 },   // 0x6F
  {  16318,  19,  25,  19,    0,  -18 },   // 0x70
  {  16556,  19,  25,  19,    0,  -18 },   // 0x71
  {  16794,  12,  18,  12,    0,  -18 },   // 0x72
  {  16902,  17,  18,  17,    0,  -18 },   // 0x73
  {  17055,  11,  22,  11,    0,  -22 },   // 0x74
  {  17176,  18,  18,  18,    0,  -18 },   // 0x75
  {  17338,  17,  18,  17,    0,  -18 },   // 0x76
  {  17491,  24,  18,  24,    0,  -18 },   // 0x77
  {  17707,  17,  18,  17,    0,  -18 },   // 0x78
  {  17860,  17,  25,  17,    0,  -18 },   // 0x79
  {  18073,  17,  18,  17,    0,  -18 },   // 0x7A
  {  18226,  11,  32,  11,    0,  -26 },   // 0x7B
  {  18402,   8,  28,   8,    0,  -24 },   // 0x7C
  {  18514,  11,  32,  11,    0,  -26 },   // 0x7D
  {  18690,  21,  13,  21,    0,  -13 },   // 0x7E
  {  18827,  15,  24,  15,    0,  -24 },   // 0x7F
  {  19007,  25,  24,  25,    0,  -24 },   // 0x80
  {  19307,  18,  30,  18,    0,  -30 },   // 0x81
  {  19577,   8,   9,   8,    0,   -4 },   // 0x82
  {  19613,  14,  25,  14,    0,  -25 },   // 0x83
  {  19788,  13,   9,  13,    0,   -4 },   // 0x84
  {  19847,  24,   5,  24,    0,   -5 },   // 0x85
  {  19907,  18,  24,  18,    0,  -24 },   // 0x86
  {  20123,  19,  31,  19,    0,  -24 },   // 0x87
  {  20418,  19,  24,  19,    0,  -24 },   // 0x88
  {  20646,  32,  24,  32,    0,  -24 },   // 0x89
  {  21030,  35,  24,  35,    0,  -24 },   // 0x8A
  {  21450,  10,  15,  10,    0,  -15 },   // 0x8B
  {  21525,  35,  24,  35,    0,  -24 },   // 0x8C
  {  21945,  22,  30,  21,    0,  -30 },   // 0x8D
  {  22275,  25,  24,  25,    0,  -24 },   // 0x8E
  {  22575,  23,  30,  23,    0,  -24 },   // 0x8F
  {  22920,  19,  32,  18,   -1,  -25 },   // 0x90
  {  23224,   8,  25,   8,    0,  -25 },   // 0x91
  {  23324,   8,  25,   8,    0,  -25 },   // 0x92
  {  23424,  13,  25,  13,    0,  -25 },   // 0x93
  {  23587,  13,  25,  13,    0,  -25 },   // 0x94
  {  23750,  12,  16,  12,    0,  -16 },   // 0x95
  {  23846,  21,  13,  21,    0,  -13 },   // 0x96
  {  23983,  25,  13,  25,    0,  -13 },   // 0x97
  {  24146,   0,   0,   8,    0,    0 },   // 0x98
  {  24146,  21,  24,  21,    0,  -24 },   // 0x99
  {  24398,  28,  18,  28,    0,  -18 },   // 0x9A
  {  24650,  10,  15,  10,    0,  -15 },   // 0x9B
  {  24725,  28,  18,  28,    0,  -18 },   // 0x9C
  {  24977,  19,  25,  19,    0,  -25 },   // 0x9D
  {  25215,  20,  25,  19,   -1,  -25 },   // 0x9E
  {  25465,  19,  24,  19,    0,  -18 },   // 0x9F
  {  25693,   0,   0,   8,    0,    0 },   // 0xA0
  {  25693,  21,  30,  21,    0,  -30 },   // 0xA1
  {  26008,  17,  32,  17,    0,  -25 },   // 0xA2
  {  26280,  18,  24,  18,    0,  -24 },   // 0xA3
  {  26496,  23,  22,  23,    0,  -21 },   // 0xA4
  {  26749,  18,  30,  18,    0,  -30 },   // 0xA5
  {  27019,   8,  28,   8,    0,  -24 },   // 0xA6
  {  27131,  21,  31,  21,    0,  -24 },   // 0xA7
  {  27457,  19,  30,  19,    0,  -30 },   // 0xA8
  {  27742,  26,  24,  26,    0,  -24 },   // 0xA9
  {  28054,  22,  24,  22,    0,  -24 },   // 0xAA
  {  28318,  16,  15,  16,    0,  -15 },   // 0xAB
  {  28438,  18,  13,  18,    0,  -13 },   // 0xAC
  {  28555,  13,  12,  13,    0,  -12 },   // 0xAD
  {  28633,  26,  24,  26,    0,  -24 },   // 0xAE
  {  28945,  13,  30,  10,   -2,  -30 },   // 0xAF
  {  29140,  13,  24,  13,    0,  -24 },   // 0xB0
  {  29296,  18,  21,  18,    0,  -21 },   // 0xB1
  {  29485,  10,  24,  10,    0,  -24 },   // 0xB2
  {  29605,   9,  25,   9,    0,  -25 },   // 0xB3
  {  29718,  15,  24,  15,    0,  -24 },   // 0xB4
  {  29898,  20,  25,  20,    0,  -18 },   // 0xB5
  {  30148,  16,  24,  16,    0,  -24 },   // 0xB6
  {  30340,  10,  14,  10,    0,  -14 },   // 0xB7
  {  30410,  18,  25,  18,    0,  -25 },   // 0xB8
  {  30635,  33,  24,  33,    0,  -24 },   // 0xB9
  {  31031,  17,  18,  17,    0,  -18 },   // 0xBA
  {  31184,  16,  15,  16,    0,  -15 },   // 0xBB
  {  31304,  11,  32,   9,   -2,  -25 },   // 0xBC
  {  31480,  20,  24,  20,    0,  -24 },   // 0xBD
  {  31720,  17,  18,  17,    0,  -18 },   // 0xBE
  {  31873,  13,  25,   9,   -2,  -25 },   // 0xBF
  {  32036,  23,  24,  22,    0,  -24 },   // 0xC0
  {  32312,  21,  24,  21,    0,  -24 },   // 0xC1
  {  32564,  21,  24,  21,    0,  -24 },   // 0xC2
  {  32816,  18,  24,  18,    0,  -24 },   // 0xC3
  {  33032,  25,  30,  25,    0,  -24 },   // 0xC4
  {  33407,  19,  24,  19,    0,  -24 },   // 0xC5
  {  33635,  33,  24,  33,    0,  -24 },   // 0xC6
  {  34031,  20,  24,  20,    0,  -24 },   // 0xC7
  {  34271,  23,  24,  23,    0,  -24 },   // 0xC8
  {  34547,  23,  30,  23,    0,  -30 },   // 0xC9
  {  34892,  22,  24,  21,    0,  -24 },   // 0xCA
  {  35156,  23,  24,  23,    0,  -24 },   // 0xCB
  {  35432,  29,  24,  29,    0,  -24 },   // 0xCC
  {  35780,  23,  24,  23,    0,  -24 },   // 0xCD
  {  36056,  23,  24,  23,    0,  -24 },   // 0xCE
  {  36332,  23,  24,  23,    0,  -24 },   // 0xCF
  {  36608,  21,  24,  21,    0,  -24 },   // 0xD0
  {  36860,  22,  24,  22,    0,  -24 },   // 0xD1
  {  37124,  20,  24,  20,    0,  -24 },   // 0xD2
  {  37364,  21,  24,  21,    0,  -24 },   // 0xD3
  {  37616,  27,  25,  27,    0,  -24 },   // 0xD4
  {  37954,  21,  24,  21,    0,  -24 },   // 0xD5
  {  38206,  25,  30,  25,    0,  -24 },   // 0xD6
  {  38581,  23,  24,  23,    0,  -24 },   // 0xD7
  {  38857,  32,  24,  32,    0,  -24 },   // 0xD8
  {  39241,  34,  30,  34,    0,  -24 },   // 0xD9
  {  39751,  25,  24,  25,    0,  -24 },   // 0xDA
  {  40051,  29,  24,  29,    0,  -24 },   // 0xDB
  {  40399,  21,  24,  21,    0,  -24 },   // 0xDC
  {  40651,  21,  24,  21,    0,  -24 },   // 0xDD
  {  40903,  31,  24,  31,    0,  -24 },   // 0xDE
  {  41275,  21,  24,  20,   -1,  -24 },   // 0xDF
  {  41527,  18,  18,  18,    0,  -18 },   // 0xE0
  {  41689,  19,  25,  19,    0,  -25 },   // 0xE1
  {  41927,  19,  18,  19,    0,  -18 },   // 0xE2
  {  42098,  14,  18,  14,    0,  -18 },   // 0xE3
  {  42224,  21,  23,  21,    0,  -18 },   // 0xE4
  {  42466,  18,  18,  18,    0,  -18 },   // 0xE5
  {  42628,  28,  18,  28,    0,  -18 },   // 0xE6
  {  42880,  17,  18,  17,    0,  -18 },   // 0xE7
  {  43033,  19,  18,  19,    0,  -18 },   // 0xE8
  {  43204,  19,  25,  19,    0,  -25 },   // 0xE9
  {  43442,  19,  18,  19,    0,  -18 },   // 0xEA
  {  43613,  19,  18,  19,    0,  -18 },   // 0xEB
  {  43784,  25,  18,  25,    0,  -18 },   // 0xEC
  {  44009,  19,  18,  19,    0,  -18 },   // 0xED
  {  44180,  19,  18,  19,    0,  -18 },   // 0xEE
  {  44351,  19,  18,  19,    0,  -18 },   // 0xEF
  {  44522,  19,  25,  19,    0,  -18 },   // 0xF0
  {  44760,  17,  18,  17,    0,  -18 },   // 0xF1
  {  44913,  17,  18,  17,    0,  -18 },   // 0xF2
  {  45066,  17,  25,  17,    0,  -18 },   // 0xF3
  {  45279,  24,  32,  24,    0,  -25 },   // 0xF4
  {  45663,  17,  18,  17,    0,  -18 },   // 0xF5
  {  45816,  20,  23,  20,    0,  -18 },   // 0xF6
  {  46046,  18,  18,  18,    0,  -18 },   // 0xF7
  {  46208,  27,  18,  27,    0,  -18 },   // 0xF8
  {  46451,  30,  23,  30,    0,  -18 },   // 0xF9
  {  46796,  22,  18,  22,    0,  -18 },   // 0xFA
  {  46994,  27,  18,  27,    0,  -18 },   // 0xFB
  {  47237,  18,  18,  18,    0,  -18 },   // 0xFC
  {  47399,  17,  18,  17,    0,  -18 },   // 0xFD
  {  47552,  27,  18,  27,    0,  -18 },   // 0xFE
  {  47795,  18,  18,  18,    0,  -18 },   // 0xFF
};

inline const GFXfont aaUI26b PROGMEM = { (uint8_t*)aaUI26bBitmaps, (GFXglyph*)aaUI26bGlyphs, 0x20, 0xFF, 40 };
