/* Створює tools/make_aafonts.py — вручну не правити. Oswald-Regular.ttf, «H» 18 px (розмір 21.50), 4 біти на піксель. */
#pragma once
#include <Adafruit_GFX.h>

inline const uint8_t aaUI14bBitmaps[] PROGMEM = {
  0x0E, 0xF5, 0x0D, 0xF4, 0x0D, 0xF3, 0x0C, 0xF2, 0x0B, 0xF1, 0x0A, 0xF0, 0x0A, 0xE0, 0x09, 0xD0, 0x08, 0xD0, 0x07, 0xC0,
  0x06, 0xB0, 0x05, 0xA0, 0x05, 0xA0, 0x00, 0x00, 0x03, 0x31, 0x0E, 0xF6, 0x0E, 0xF6, 0x04, 0xFB, 0x2F, 0xD0, 0x04, 0xF9,
  0x2F, 0xB0, 0x04, 0xF7, 0x2F, 0x90, 0x04, 0xF5, 0x2F, 0x60, 0x04, 0xF2, 0x2F, 0x40, 0x00, 0x00, 0x00, 0x00, 0x00, 0x00,
  0x00, 0x00, 0x00, 0x00, 0x00, 0x00, 0x00, 0x00, 0x00, 0x00, 0x00, 0x00, 0x00, 0x00, 0x00, 0x00, 0x00, 0x00, 0x00, 0x00,
  0x00, 0x00, 0x00, 0x00, 0x00, 0x00, 0x00, 0x00, 0x00, 0x00, 0x00, 0x00, 0x00, 0x00, 0x00, 0x00, 0x00, 0x00, 0x00, 0x00,
  0x00, 0x00, 0x00, 0x0E, 0xF6, 0x0C, 0xF8, 0x00, 0x1F, 0xF4, 0x0E, 0xF6, 0x00, 0x3F, 0xF2, 0x1F, 0xF3, 0x00, 0x6F, 0xE0,
  0x4F, 0xF1, 0x00, 0x8F, 0xD0, 0x6F, 0xE0, 0x00, 0x9F, 0xB0, 0x8F, 0xC0, 0x5F, 0xFF, 0xFF, 0xFF, 0xF9, 0x3A, 0xFF, 0xCA,
  0xEF, 0xC6, 0x01, 0xFF, 0x40, 0xEF, 0x60, 0x4B, 0xFF, 0xBA, 0xFF, 0xB6, 0x6F, 0xFF, 0xFF, 0xFF, 0xF9, 0x09, 0xFC, 0x07,
  0xFD, 0x00, 0x0A, 0xFA, 0x09, 0xFB, 0x00, 0x0C, 0xF8, 0x0B, 0xF9, 0x00, 0x0E, 0xF6, 0x0D, 0xF7, 0x00, 0x2F, 0xF3, 0x0F,
  0xF5, 0x00, 0x4F, 0xF1, 0x2F, 0xF3, 0x00, 0x00, 0x00, 0x34, 0x00, 0x00, 0x00, 0x00, 0x67, 0x00, 0x00, 0x00, 0x7D, 0xFF,
  0xD7, 0x00, 0x08, 0xFE, 0xBC, 0xFF, 0x60, 0x0E, 0xF4, 0x00, 0x8F, 0xC0, 0x3F, 0xF1, 0x00, 0x2F, 0xF1, 0x2F, 0xF4, 0x00,
  0x0A, 0x71, 0x0D, 0xFD, 0x20, 0x00, 0x00, 0x07, 0xFF, 0xD3, 0x00, 0x00, 0x00, 0x8F, 0xFE, 0x40, 0x00, 0x00, 0x07, 0xFF,
  0xF5, 0x00, 0x00, 0x00, 0x5E, 0xFE, 0x30, 0x00, 0x00, 0x04, 0xEF, 0xC0, 0x01, 0x50, 0x00, 0x6F, 0xF3, 0x2F, 0xF1, 0x00,
  0x0E, 0xF6, 0x0E, 0xF5, 0x00, 0x0D, 0xF6, 0x0A, 0xFD, 0x20, 0x4F, 0xF3, 0x02, 0xEF, 0xFD, 0xFF, 0x90, 0x00, 0x3B, 0xEF,
  0xD8, 0x00, 0x00, 0x00, 0x0B, 0x00, 0x00, 0x00, 0x00, 0x06, 0x00, 0x00, 0x02, 0xBE, 0xEB, 0x30, 0x00, 0x7F, 0x90, 0x00,
  0x00, 0x00, 0xBF, 0xCC, 0xFD, 0x00, 0x0B, 0xF5, 0x00, 0x00, 0x00, 0x2F, 0xE1, 0x0D, 0xF4, 0x00, 0xEF, 0x10, 0x00, 0x00,
  0x04, 0xFD, 0x00, 0xBF, 0x60, 0x4F, 0xB0, 0x00, 0x00, 0x00, 0x4F, 0xD0, 0x0B, 0xF6, 0x08, 0xF8, 0x00, 0x00, 0x00, 0x04,
  0xFD, 0x00, 0xBF, 0x60, 0xCF, 0x30, 0x00, 0x00, 0x00, 0x2F, 0xE1, 0x0D, 0xF4, 0x1F, 0xE0, 0x00, 0x00, 0x00, 0x00, 0xBF,
  0xDC, 0xFD, 0x06, 0xFA, 0x00, 0x00, 0x00, 0x00, 0x02, 0xAE, 0xEB, 0x30, 0xAF, 0x60, 0x5C, 0xED, 0x91, 0x00, 0x00, 0x00,
  0x00, 0x0D, 0xF2, 0x3F, 0xFB, 0xEF, 0x80, 0x00, 0x00, 0x00, 0x03, 0xFC, 0x08, 0xFA, 0x05, 0xFC, 0x00, 0x00, 0x00, 0x00,
  0x7F, 0x90, 0xAF, 0x70, 0x2F, 0xE0, 0x00, 0x00, 0x00, 0x0B, 0xF5, 0x0A, 0xF7, 0x02, 0xFE, 0x00, 0x00, 0x00, 0x00, 0xEE,
  0x10, 0x9F, 0x70, 0x2F, 0xE0, 0x00, 0x00, 0x00, 0x4F, 0xB0, 0x08, 0xFA, 0x05, 0xFC, 0x00, 0x00, 0x00, 0x09, 0xF7, 0x00,
  0x2F, 0xFA, 0xDF, 0x70, 0x00, 0x00, 0x00, 0xCF, 0x30, 0x00, 0x5C, 0xED, 0x80, 0x00, 0x00, 0x07, 0xDE, 0xD8, 0x10, 0x00,
  0x00, 0x08, 0xFE, 0xBE, 0xFA, 0x00, 0x00, 0x00, 0xEF, 0x60, 0x5F, 0xF1, 0x00, 0x00, 0x2F, 0xF2, 0x04, 0xFF, 0x10, 0x00,
  0x01, 0xFF, 0x40, 0x7F, 0xD0, 0x00, 0x00, 0x0C, 0xF8, 0x0D, 0xF6, 0x00, 0x00, 0x00, 0x6F, 0xC6, 0xFB, 0x00, 0x00, 0x00,
  0x00, 0xCF, 0xFC, 0x10, 0x00, 0x00, 0x00, 0x09, 0xFF, 0x20, 0x00, 0x00, 0x00, 0x06, 0xFF, 0xF9, 0x00, 0xBE, 0x70, 0x02,
  0xEF, 0x7E, 0xF4, 0x0E, 0xF6, 0x00, 0x8F, 0xD0, 0x7F, 0xD4, 0xFF, 0x20, 0x0B, 0xF9, 0x00, 0xCF, 0xDF, 0xA0, 0x00, 0xCF,
  0x80, 0x03, 0xFF, 0xF3, 0x00, 0x09, 0xFB, 0x00, 0x6F, 0xFF, 0xB4, 0x00, 0x3F, 0xFC, 0xCF, 0xFA, 0xFF, 0x90, 0x00, 0x4C,
  0xFE, 0xC5, 0x05, 0xD9, 0x00, 0x04, 0xFB, 0x00, 0x00, 0x04, 0xF9, 0x00, 0x00, 0x04, 0xF7, 0x00, 0x00, 0x04, 0xF5, 0x00,
  0x00, 0x04, 0xF2, 0x00, 0x00, 0x00, 0x00, 0x00, 0x00, 0x00, 0x00, 0x00, 0x00, 0x00, 0x00, 0x00, 0x00, 0x00, 0x00, 0x00,
  0x00, 0x00, 0x00, 0x00, 0x00, 0x00, 0x00, 0x00, 0x00, 0x00, 0x00, 0x00, 0x00, 0x00, 0x00, 0x00, 0x00, 0x00, 0x00, 0x00,
  0x00, 0x00, 0x00, 0x00, 0x00, 0x00, 0x00, 0x00, 0x00, 0x00, 0x00, 0x00, 0x00, 0x00, 0x04, 0xCA, 0x00, 0x3F, 0xF7, 0x00,
  0xAF, 0x80, 0x00, 0xEF, 0x30, 0x03, 0xFE, 0x00, 0x05, 0xFD, 0x00, 0x06, 0xFC, 0x00, 0x07, 0xFB, 0x00, 0x08, 0xFB, 0x00,
  0x08, 0xFB, 0x00, 0x08, 0xFB, 0x00, 0x08, 0xFB, 0x00, 0x08, 0xFB, 0x00, 0x07, 0xFB, 0x00, 0x07, 0xFC, 0x00, 0x05, 0xFD,
  0x00, 0x03, 0xFE, 0x00, 0x00, 0xEF, 0x30, 0x00, 0xAF, 0x80, 0x00, 0x3F, 0xF7, 0x00, 0x04, 0xCA, 0x7D, 0x60, 0x05, 0xEF,
  0x70, 0x04, 0xFD, 0x00, 0x0E, 0xF3, 0x00, 0xBF, 0x70, 0x09, 0xF9, 0x00, 0x8F, 0xA0, 0x08, 0xFB, 0x00, 0x8F, 0xB0, 0x08,
  0xFB, 0x00, 0x7F, 0xB0, 0x08, 0xFB, 0x00, 0x8F, 0xB0, 0x08, 0xFB, 0x00, 0x8F, 0xA0, 0x09, 0xF9, 0x00, 0xBF, 0x70, 0x0E,
  0xF4, 0x04, 0xFD, 0x05, 0xEF, 0x60, 0x7D, 0x70, 0x00, 0x00, 0x06, 0xF5, 0x00, 0x03, 0x05, 0xF3, 0x13, 0x0D, 0xD9, 0xF8,
  0xEC, 0x04, 0x9E, 0xFE, 0x93, 0x00, 0x2E, 0xDD, 0x10, 0x00, 0xBD, 0x2E, 0xA0, 0x01, 0xA6, 0x07, 0x91, 0x00, 0x00, 0x00,
  0x00, 0x00, 0x00, 0x00, 0x00, 0x00, 0x00, 0x00, 0x00, 0x00, 0x00, 0x00, 0x00, 0x00, 0x00, 0x00, 0x00, 0x00, 0x00, 0x00,
  0x00, 0x00, 0x00, 0x00, 0x00, 0x00, 0x00, 0x00, 0x00, 0x00, 0x00, 0x00, 0x00, 0x00, 0x00, 0x00, 0x00, 0x00, 0x09, 0xF3,
  0x00, 0x00, 0x00, 0x9F, 0x30, 0x00, 0x00, 0x09, 0xF3, 0x00, 0x08, 0xFF, 0xFF, 0xFF, 0xF4, 0x5A, 0xAD, 0xFB, 0xAA, 0x20,
  0x00, 0x9F, 0x30, 0x00, 0x00, 0x09, 0xF3, 0x00, 0x00, 0x00, 0x9F, 0x30, 0x00, 0x00, 0x00, 0x00, 0x00, 0x00, 0x00, 0x00,
  0x00, 0x00, 0x00, 0x00, 0x00, 0x00, 0x00, 0x00, 0x00, 0x00, 0x00, 0x13, 0x31, 0x3F, 0xF3, 0x3F, 0xF3, 0x01, 0xF2, 0x1B,
  0xC0, 0x08, 0x20, 0x0A, 0xAA, 0xA8, 0x00, 0xFF, 0xFF, 0xB0, 0x00, 0x00, 0x00, 0x00, 0x00, 0x00, 0x00, 0x00, 0x00, 0x00,
  0x00, 0x00, 0x00, 0x00, 0x00, 0x00, 0x00, 0x00, 0x03, 0x31, 0x0F, 0xF5, 0x0F, 0xF5, 0x00, 0x00, 0x0E, 0xF1, 0x00, 0x00,
  0x4F, 0xC0, 0x00, 0x00, 0x8F, 0x80, 0x00, 0x00, 0xCF, 0x40, 0x00, 0x01, 0xFE, 0x00, 0x00, 0x05, 0xFA, 0x00, 0x00, 0x09,
  0xF7, 0x00, 0x00, 0x0D, 0xF2, 0x00, 0x00, 0x2F, 0xD0, 0x00, 0x00, 0x6F, 0x90, 0x00, 0x00, 0xAF, 0x50, 0x00, 0x00, 0xEF,
  0x10, 0x00, 0x03, 0xFC, 0x00, 0x00, 0x08, 0xF8, 0x00, 0x00, 0x0B, 0xF4, 0x00, 0x00, 0x1E, 0xE0, 0x00, 0x00, 0x5F, 0xB0,
  0x00, 0x00, 0x00, 0x4B, 0xEF, 0xD7, 0x00, 0x03, 0xEF, 0xCB, 0xFF, 0x70, 0x0A, 0xFB, 0x00, 0x7F, 0xE1, 0x0E, 0xF6, 0x00,
  0x1F, 0xF4, 0x1F, 0xF4, 0x00, 0x0E, 0xF6, 0x1F, 0xF4, 0x00, 0x0E, 0xF7, 0x1F, 0xF4, 0x00, 0x0E, 0xF7, 0x1F, 0xF4, 0x00,
  0x0E, 0xF7, 0x1F, 0xF4, 0x00, 0x0E, 0xF7, 0x1F, 0xF4, 0x00, 0x0E, 0xF7, 0x1F, 0xF4, 0x00, 0x0E, 0xF7, 0x1F, 0xF4, 0x00,
  0x0E, 0xF7, 0x1F, 0xF4, 0x00, 0x0E, 0xF6, 0x0E, 0xF6, 0x00, 0x1F, 0xF4, 0x0A, 0xFB, 0x00, 0x7F, 0xE1, 0x03, 0xEF, 0xCB,
  0xFF, 0x70, 0x00, 0x3B, 0xEF, 0xD6, 0x00, 0x00, 0x00, 0x6F, 0xE0, 0x00, 0x00, 0x5B, 0xFF, 0xE0, 0x00, 0x05, 0xFF, 0xFF,
  0xE0, 0x00, 0x04, 0x96, 0x7F, 0xE0, 0x00, 0x00, 0x00, 0x6F, 0xE0, 0x00, 0x00, 0x00, 0x6F, 0xE0, 0x00, 0x00, 0x00, 0x6F,
  0xE0, 0x00, 0x00, 0x00, 0x6F, 0xE0, 0x00, 0x00, 0x00, 0x6F, 0xE0, 0x00, 0x00, 0x00, 0x6F, 0xE0, 0x00, 0x00, 0x00, 0x6F,
  0xE0, 0x00, 0x00, 0x00, 0x6F, 0xE0, 0x00, 0x00, 0x00, 0x6F, 0xE0, 0x00, 0x00, 0x00, 0x6F, 0xE0, 0x00, 0x00, 0x00, 0x6F,
  0xE0, 0x00, 0x00, 0x00, 0x6F, 0xE0, 0x00, 0x00, 0x00, 0x6F, 0xE0, 0x00, 0x00, 0x4B, 0xEF, 0xD7, 0x00, 0x03, 0xEF, 0xDB,
  0xFF, 0x80, 0x0A, 0xFD, 0x10, 0x6F, 0xE1, 0x0D, 0xF7, 0x00, 0x1F, 0xF4, 0x0E, 0xF6, 0x00, 0x1F, 0xF5, 0x07, 0x72, 0x00,
  0x3F, 0xF3, 0x00, 0x00, 0x00, 0x8F, 0xE0, 0x00, 0x00, 0x02, 0xEF, 0x90, 0x00, 0x00, 0x0B, 0xFE, 0x10, 0x00, 0x00, 0x6F,
  0xF6, 0x00, 0x00, 0x01, 0xEF, 0xB0, 0x00, 0x00, 0x09, 0xFE, 0x20, 0x00, 0x00, 0x4F, 0xF6, 0x00, 0x00, 0x00, 0xDF, 0xB0,
  0x00, 0x00, 0x08, 0xFE, 0x20, 0x00, 0x00, 0x2E, 0xFD, 0xAA, 0xAA, 0x90, 0x3F, 0xFF, 0xFF, 0xFF, 0xD0, 0x00, 0x6C, 0xEF,
  0xC6, 0x00, 0x07, 0xFF, 0xCB, 0xFF, 0x70, 0x0E, 0xF8, 0x00, 0x7F, 0xE0, 0x2F, 0xF3, 0x00, 0x3F, 0xF3, 0x3C, 0xC2, 0x00,
  0x2F, 0xF3, 0x00, 0x00, 0x00, 0x5F, 0xF1, 0x00, 0x00, 0x25, 0xDF, 0xA0, 0x00, 0x00, 0xAF, 0xF9, 0x10, 0x00, 0x00, 0xAF,
  0xFB, 0x10, 0x00, 0x00, 0x03, 0xDF, 0xA0, 0x00, 0x00, 0x00, 0x6F, 0xE1, 0x00, 0x00, 0x00, 0x3F, 0xF3, 0x3D, 0xD2, 0x00,
  0x2F, 0xF3, 0x2F, 0xF4, 0x00, 0x4F, 0xF2, 0x0D, 0xFA, 0x00, 0xAF, 0xD0, 0x07, 0xFF, 0xEE, 0xFF, 0x60, 0x00, 0x6C, 0xFF,
  0xC6, 0x00, 0x00, 0x00, 0x1E, 0xFF, 0x00, 0x00, 0x00, 0x7F, 0xFF, 0x00, 0x00, 0x00, 0xDF, 0xFF, 0x00, 0x00, 0x05, 0xFD,
  0xFF, 0x00, 0x00, 0x0B, 0xF9, 0xFF, 0x00, 0x00, 0x2F, 0xE5, 0xFF, 0x00, 0x00, 0x8F, 0xA5, 0xFF, 0x00, 0x00, 0xEF, 0x55,
  0xFF, 0x00, 0x06, 0xFE, 0x05, 0xFF, 0x00, 0x0B, 0xFA, 0x05, 0xFF, 0x00, 0x2F, 0xF6, 0x26, 0xFF, 0x22, 0x3F, 0xFF, 0xFF,
  0xFF, 0xFE, 0x3F, 0xFF, 0xFF, 0xFF, 0xFE, 0x00, 0x00, 0x05, 0xFF, 0x00, 0x00, 0x00, 0x05, 0xFF, 0x00, 0x00, 0x00, 0x05,
  0xFF, 0x00, 0x00, 0x00, 0x05, 0xFF, 0x00, 0x0A, 0xFF, 0xFF, 0xFF, 0xB0, 0x0A, 0xFC, 0xAA, 0xAA, 0x70, 0x0A, 0xF6, 0x00,
  0x00, 0x00, 0x0A, 0xF6, 0x00, 0x00, 0x00, 0x0A, 0xF6, 0x00, 0x00, 0x00, 0x0A, 0xF5, 0x00, 0x00, 0x00, 0x0A, 0xF9, 0xCE,
  0xE9, 0x10, 0x0A, 0xFF, 0xCB, 0xFF, 0x90, 0x0A, 0xFB, 0x00, 0x6F, 0xE1, 0x00, 0x00, 0x00, 0x1F, 0xF4, 0x00, 0x00, 0x00,
  0x0E, 0xF5, 0x00, 0x00, 0x00, 0x0E, 0xF5, 0x0D, 0xD4, 0x00, 0x0E, 0xF4, 0x0E, 0xF6, 0x00, 0x2F, 0xF1, 0x0B, 0xFC, 0x10,
  0x8F, 0xC0, 0x04, 0xFF, 0xED, 0xFF, 0x50, 0x00, 0x5C, 0xEF, 0xC5, 0x00, 0x00, 0x1A, 0xEF, 0xD9, 0x10, 0x00, 0xCF, 0xDB,
  0xEF, 0xB0, 0x05, 0xFE, 0x20, 0x3F, 0xF4, 0x0A, 0xFA, 0x00, 0x0D, 0xF7, 0x0C, 0xF8, 0x00, 0x05, 0x63, 0x0D, 0xF7, 0x00,
  0x00, 0x00, 0x0D, 0xF7, 0x00, 0x00, 0x00, 0x0D, 0xF8, 0xBF, 0xEA, 0x20, 0x0D, 0xFF, 0xDB, 0xEF, 0xC0, 0x0D, 0xFB, 0x00,
  0x3F, 0xF4, 0x0D, 0xF7, 0x00, 0x0D, 0xF8, 0x0D, 0xF7, 0x00, 0x0C, 0xF8, 0x0C, 0xF7, 0x00, 0x0C, 0xF8, 0x0A, 0xF8, 0x00,
  0x0D, 0xF6, 0x05, 0xFD, 0x10, 0x5F, 0xF1, 0x00, 0xCF, 0xDB, 0xEF, 0x80, 0x00, 0x19, 0xEF, 0xD6, 0x00, 0x7F, 0xFF, 0xFF,
  0xF6, 0x5A, 0xAA, 0xAF, 0xF5, 0x00, 0x00, 0x1F, 0xF2, 0x00, 0x00, 0x5F, 0xD0, 0x00, 0x00, 0x8F, 0xB0, 0x00, 0x00, 0xAF,
  0x80, 0x00, 0x00, 0xDF, 0x50, 0x00, 0x01, 0xFF, 0x20, 0x00, 0x05, 0xFE, 0x00, 0x00, 0x08, 0xFB, 0x00, 0x00, 0x0A, 0xF8,
  0x00, 0x00, 0x0D, 0xF5, 0x00, 0x00, 0x1F, 0xF2, 0x00, 0x00, 0x5F, 0xE0, 0x00, 0x00, 0x8F, 0xB0, 0x00, 0x00, 0xAF, 0x90,
  0x00, 0x00, 0xDF, 0x60, 0x00, 0x00, 0x5C, 0xEF, 0xC5, 0x00, 0x03, 0xFF, 0xCC, 0xFF, 0x40, 0x0A, 0xFB, 0x00, 0xAF, 0xB0,
  0x0D, 0xF6, 0x00, 0x5F, 0xD0, 0x0E, 0xF5, 0x00, 0x4F, 0xE0, 0x0D, 0xF7, 0x00, 0x6F, 0xD0, 0x08, 0xFB, 0x00, 0xBF, 0x80,
  0x01, 0xCF, 0xCC, 0xFC, 0x10, 0x00, 0x9F, 0xFF, 0xF9, 0x00, 0x08, 0xFC, 0x22, 0xCF, 0x80, 0x0E, 0xF4, 0x00, 0x3F, 0xE1,
  0x2F, 0xF1, 0x00, 0x1F, 0xF3, 0x3F, 0xF0, 0x00, 0x0F, 0xF4, 0x2F, 0xF2, 0x00, 0x2F, 0xF2, 0x0D, 0xF8, 0x00, 0x8F, 0xD0,
  0x06, 0xFF, 0xCC, 0xFF, 0x70, 0x00, 0x6C, 0xFF, 0xD6, 0x00, 0x00, 0x3B, 0xEE, 0xC5, 0x00, 0x02, 0xEF, 0xDB, 0xFF, 0x40,
  0x09, 0xFB, 0x00, 0x7F, 0xB0, 0x0D, 0xF6, 0x00, 0x2F, 0xF2, 0x0F, 0xF4, 0x00, 0x0F, 0xF4, 0x1F, 0xF4, 0x00, 0x0E, 0xF6,
  0x0F, 0xF5, 0x00, 0x0E, 0xF6, 0x0C, 0xF9, 0x00, 0x4F, 0xF6, 0x06, 0xFF, 0xCB, 0xFF, 0xF6, 0x00, 0x8D, 0xFE, 0x7E, 0xF6,
  0x00, 0x00, 0x00, 0x0E, 0xF6, 0x00, 0x00, 0x00, 0x0E, 0xF5, 0x06, 0x62, 0x00, 0x0F, 0xF4, 0x0F, 0xF5, 0x00, 0x3F, 0xF1,
  0x0C, 0xFA, 0x00, 0x9F, 0xC0, 0x05, 0xFF, 0xCB, 0xFF, 0x40, 0x00, 0x5C, 0xEF, 0xC5, 0x00, 0x0C, 0xF9, 0x0C, 0xF9, 0x02,
  0x32, 0x00, 0x00, 0x00, 0x00, 0x00, 0x00, 0x02, 0x32, 0x0C, 0xF9, 0x0C, 0xF9, 0x00, 0x00, 0x00, 0x00, 0x0C, 0xF8, 0x00,
  0xCF, 0x80, 0x02, 0x32, 0x00, 0x00, 0x00, 0x00, 0x00, 0x00, 0x00, 0x00, 0x00, 0x00, 0x00, 0x23, 0x20, 0x0C, 0xF9, 0x00,
  0xCF, 0x90, 0x01, 0xC8, 0x00, 0xAC, 0x20, 0x00, 0x00, 0x00, 0x40, 0x00, 0x00, 0x2B, 0xA0, 0x00, 0x05, 0xEF, 0x90, 0x01,
  0xAF, 0xF9, 0x10, 0x3D, 0xFE, 0x50, 0x00, 0x7F, 0xC2, 0x00, 0x00, 0x7F, 0xE5, 0x00, 0x00, 0x1A, 0xFF, 0x91, 0x00, 0x00,
  0x6E, 0xFC, 0x30, 0x00, 0x02, 0xCF, 0xA0, 0x00, 0x00, 0x08, 0xA0, 0x00, 0x00, 0x00, 0x10, 0x0D, 0xFF, 0xFF, 0xF9, 0x00,
  0x9A, 0xAA, 0xAA, 0x60, 0x00, 0x00, 0x00, 0x00, 0x00, 0x9A, 0xAA, 0xAA, 0x60, 0x0D, 0xFF, 0xFF, 0xF9, 0x00, 0x00, 0x00,
  0x00, 0x00, 0x00, 0x00, 0x00, 0x00, 0x00, 0x00, 0x00, 0x00, 0x00, 0x00, 0x00, 0x00, 0x00, 0x00, 0x00, 0x00, 0x00, 0x00,
  0x00, 0x00, 0x00, 0x00, 0x00, 0x04, 0x00, 0x00, 0x00, 0x0C, 0xA1, 0x00, 0x00, 0x0C, 0xFD, 0x40, 0x00, 0x01, 0xBF, 0xF8,
  0x00, 0x00, 0x07, 0xEF, 0xC2, 0x00, 0x00, 0x3D, 0xF4, 0x00, 0x00, 0x7F, 0xF4, 0x00, 0x1B, 0xFF, 0x80, 0x04, 0xDF, 0xD4,
  0x00, 0x0C, 0xFA, 0x10, 0x00, 0x0B, 0x60, 0x00, 0x00, 0x01, 0x00, 0x00, 0x00, 0x00, 0x5C, 0xEF, 0xD7, 0x00, 0x05, 0xFF,
  0xCB, 0xFF, 0x80, 0x0C, 0xF9, 0x00, 0x6F, 0xF2, 0x0D, 0xF6, 0x00, 0x0E, 0xF5, 0x0A, 0xB5, 0x00, 0x0D, 0xF6, 0x00, 0x00,
  0x00, 0x2F, 0xF4, 0x00, 0x00, 0x00, 0x8F, 0xE1, 0x00, 0x00, 0x03, 0xEF, 0x70, 0x00, 0x00, 0x2D, 0xFA, 0x00, 0x00, 0x02,
  0xCF, 0xB1, 0x00, 0x00, 0x0A, 0xFB, 0x10, 0x00, 0x00, 0x0A, 0xF7, 0x00, 0x00, 0x00, 0x09, 0xD6, 0x00, 0x00, 0x00, 0x00,
  0x00, 0x00, 0x00, 0x00, 0x02, 0x32, 0x00, 0x00, 0x00, 0x0B, 0xF9, 0x00, 0x00, 0x00, 0x0B, 0xF9, 0x00, 0x00, 0x00, 0x00,
  0x00, 0x38, 0xCE, 0xFE, 0xC8, 0x20, 0x00, 0x00, 0x00, 0x01, 0x9F, 0xFE, 0xCA, 0xBE, 0xFE, 0x60, 0x00, 0x00, 0x01, 0xCF,
  0xE6, 0x10, 0x00, 0x06, 0xEF, 0x50, 0x00, 0x00, 0xBF, 0xD2, 0x00, 0x00, 0x00, 0x04, 0xFE, 0x10, 0x00, 0x6F, 0xF3, 0x00,
  0x00, 0x00, 0x00, 0x08, 0xF7, 0x00, 0x0C, 0xF8, 0x00, 0x04, 0xBE, 0xCD, 0xE0, 0x1E, 0xC0, 0x03, 0xFF, 0x20, 0x05, 0xFF,
  0xCC, 0xFC, 0x00, 0xCE, 0x00, 0x7F, 0xB0, 0x01, 0xEF, 0x80, 0x6F, 0xA0, 0x0A, 0xF1, 0x09, 0xF9, 0x00, 0x8F, 0xC0, 0x08,
  0xF8, 0x00, 0xAF, 0x10, 0xBF, 0x70, 0x0D, 0xF6, 0x00, 0xBF, 0x50, 0x0A, 0xF0, 0x0C, 0xF6, 0x02, 0xFF, 0x10, 0x0D, 0xF3,
  0x00, 0xDC, 0x00, 0xCF, 0x60, 0x3F, 0xE0, 0x00, 0xEF, 0x00, 0x2F, 0x90, 0x0B, 0xF7, 0x02, 0xFF, 0x00, 0x4F, 0xD0, 0x0A,
  0xF2, 0x00, 0x9F, 0x90, 0x0C, 0xF8, 0x3B, 0xFC, 0x28, 0xF7, 0x00, 0x05, 0xFD, 0x00, 0x3E, 0xFF, 0x69, 0xFF, 0xE6, 0x00,
  0x00, 0x0E, 0xF6, 0x00, 0x14, 0x20, 0x02, 0x30, 0x00, 0x00, 0x00, 0x7F, 0xE4, 0x00, 0x00, 0x00, 0x00, 0x00, 0x00, 0x00,
  0x00, 0xAF, 0xF8, 0x10, 0x00, 0x00, 0x20, 0x00, 0x00, 0x00, 0x00, 0x8E, 0xFF, 0xCB, 0xBC, 0xEF, 0x10, 0x00, 0x00, 0x00,
  0x00, 0x28, 0xCE, 0xFE, 0xDC, 0x92, 0x00, 0x00, 0x00, 0x02, 0xFF, 0x70, 0x00, 0x00, 0x05, 0xFF, 0xA0, 0x00, 0x00, 0x09,
  0xFF, 0xD0, 0x00, 0x00, 0x0C, 0xFE, 0xF1, 0x00, 0x00, 0x0E, 0xEA, 0xF5, 0x00, 0x00, 0x3F, 0xC8, 0xF8, 0x00, 0x00, 0x6F,
  0xA5, 0xFB, 0x00, 0x00, 0xAF, 0x72, 0xFE, 0x00, 0x00, 0xCF, 0x40, 0xDF, 0x30, 0x01, 0xFF, 0x10, 0xBF, 0x60, 0x04, 0xFD,
  0x00, 0x8F, 0x90, 0x07, 0xFF, 0xFF, 0xFF, 0xC0, 0x0A, 0xFC, 0xBB, 0xBF, 0xF0, 0x0D, 0xF5, 0x00, 0x0E, 0xF4, 0x2F, 0xF2,
  0x00, 0x0C, 0xF7, 0x5F, 0xE0, 0x00, 0x0A, 0xFA, 0x8F, 0xC0, 0x00, 0x07, 0xFD, 0x0B, 0xFF, 0xFF, 0xDA, 0x20, 0x00, 0xBF,
  0xEA, 0xAD, 0xFE, 0x20, 0x0B, 0xFB, 0x00, 0x0B, 0xF8, 0x00, 0xBF, 0xB0, 0x00, 0x7F, 0xB0, 0x0B, 0xFB, 0x00, 0x06, 0xFC,
  0x00, 0xBF, 0xB0, 0x00, 0x7F, 0xA0, 0x0B, 0xFB, 0x00, 0x1D, 0xF6, 0x00, 0xBF, 0xEA, 0xBE, 0xE9, 0x00, 0x0B, 0xFF, 0xFF,
  0xFD, 0x80, 0x00, 0xBF, 0xB0, 0x16, 0xEF, 0x80, 0x0B, 0xFB, 0x00, 0x06, 0xFE, 0x10, 0xBF, 0xB0, 0x00, 0x3F, 0xF3, 0x0B,
  0xFB, 0x00, 0x01, 0xFF, 0x40, 0xBF, 0xB0, 0x00, 0x3F, 0xF2, 0x0B, 0xFB, 0x00, 0x0A, 0xFD, 0x00, 0xBF, 0xEA, 0xBD, 0xFF,
  0x50, 0x0B, 0xFF, 0xFF, 0xEC, 0x50, 0x00, 0x00, 0x3A, 0xEF, 0xEB, 0x30, 0x00, 0x1D, 0xFD, 0xBC, 0xFE, 0x20, 0x08, 0xFD,
  0x10, 0x0B, 0xF9, 0x00, 0xCF, 0x80, 0x00, 0x7F, 0xC0, 0x0E, 0xF7, 0x00, 0x07, 0xFD, 0x00, 0xFF, 0x70, 0x00, 0x7F, 0xD0,
  0x0F, 0xF7, 0x00, 0x01, 0x11, 0x00, 0xFF, 0x70, 0x00, 0x00, 0x00, 0x0F, 0xF7, 0x00, 0x00, 0x00, 0x00, 0xFF, 0x70, 0x00,
  0x00, 0x00, 0x0F, 0xF7, 0x00, 0x02, 0x54, 0x00, 0xFF, 0x70, 0x00, 0x7F, 0xD0, 0x0E, 0xF7, 0x00, 0x07, 0xFD, 0x00, 0xCF,
  0x90, 0x00, 0x8F, 0xB0, 0x08, 0xFD, 0x10, 0x0C, 0xF8, 0x00, 0x1D, 0xFD, 0xBD, 0xFE, 0x20, 0x00, 0x2A, 0xEF, 0xDB, 0x30,
  0x00, 0x0B, 0xFF, 0xFF, 0xDA, 0x30, 0x00, 0xBF, 0xEA, 0xBE, 0xFE, 0x30, 0x0B, 0xFB, 0x00, 0x1D, 0xFA, 0x00, 0xBF, 0xB0,
  0x00, 0x8F, 0xE0, 0x0B, 0xFB, 0x00, 0x06, 0xFF, 0x00, 0xBF, 0xB0, 0x00, 0x6F, 0xF1, 0x0B, 0xFB, 0x00, 0x06, 0xFF, 0x10,
  0xBF, 0xB0, 0x00, 0x6F, 0xF1, 0x0B, 0xFB, 0x00, 0x06, 0xFF, 0x10, 0xBF, 0xB0, 0x00, 0x6F, 0xF1, 0x0B, 0xFB, 0x00, 0x06,
  0xFF, 0x10, 0xBF, 0xB0, 0x00, 0x6F, 0xF1, 0x0B, 0xFB, 0x00, 0x07, 0xFF, 0x00, 0xBF, 0xB0, 0x00, 0x8F, 0xD0, 0x0B, 0xFB,
  0x00, 0x1D, 0xF9, 0x00, 0xBF, 0xEA, 0xBE, 0xFE, 0x20, 0x0B, 0xFF, 0xFF, 0xDA, 0x20, 0x00, 0x0B, 0xFF, 0xFF, 0xFE, 0x00,
  0xBF, 0xEA, 0xAA, 0x90, 0x0B, 0xFB, 0x00, 0x00, 0x00, 0xBF, 0xB0, 0x00, 0x00, 0x0B, 0xFB, 0x00, 0x00, 0x00, 0xBF, 0xB0,
  0x00, 0x00, 0x0B, 0xFB, 0x00, 0x00, 0x00, 0xBF, 0xEA, 0xAA, 0x20, 0x0B, 0xFF, 0xFF, 0xF3, 0x00, 0xBF, 0xB0, 0x00, 0x00,
  0x0B, 0xFB, 0x00, 0x00, 0x00, 0xBF, 0xB0, 0x00, 0x00, 0x0B, 0xFB, 0x00, 0x00, 0x00, 0xBF, 0xB0, 0x00, 0x00, 0x0B, 0xFB,
  0x00, 0x00, 0x00, 0xBF, 0xEA, 0xAA, 0xA0, 0x0B, 0xFF, 0xFF, 0xFF, 0x00, 0x0B, 0xFF, 0xFF, 0xFE, 0x0B, 0xFE, 0xAA, 0xA9,
  0x0B, 0xFB, 0x00, 0x00, 0x0B, 0xFB, 0x00, 0x00, 0x0B, 0xFB, 0x00, 0x00, 0x0B, 0xFB, 0x00, 0x00, 0x0B, 0xFB, 0x00, 0x00,
  0x0B, 0xFE, 0xAA, 0xA0, 0x0B, 0xFF, 0xFF, 0xE0, 0x0B, 0xFB, 0x00, 0x00, 0x0B, 0xFB, 0x00, 0x00, 0x0B, 0xFB, 0x00, 0x00,
  0x0B, 0xFB, 0x00, 0x00, 0x0B, 0xFB, 0x00, 0x00, 0x0B, 0xFB, 0x00, 0x00, 0x0B, 0xFB, 0x00, 0x00, 0x0B, 0xFB, 0x00, 0x00,
  0x00, 0x3A, 0xEF, 0xEB, 0x40, 0x00, 0x2E, 0xFD, 0xBC, 0xFF, 0x40, 0x08, 0xFD, 0x10, 0x0A, 0xFB, 0x00, 0xCF, 0x80, 0x00,
  0x6F, 0xE0, 0x0E, 0xF7, 0x00, 0x05, 0xFF, 0x00, 0xFF, 0x70, 0x00, 0x26, 0x60, 0x0F, 0xF7, 0x00, 0x00, 0x00, 0x00, 0xFF,
  0x70, 0x00, 0x00, 0x00, 0x0F, 0xF7, 0x02, 0xAA, 0xAA, 0x20, 0xFF, 0x70, 0x3F, 0xFF, 0xF3, 0x0F, 0xF7, 0x00, 0x00, 0xFF,
  0x30, 0xFF, 0x70, 0x00, 0x1F, 0xF3, 0x0E, 0xF7, 0x00, 0x02, 0xFF, 0x30, 0xCF, 0x90, 0x00, 0x4F, 0xF3, 0x08, 0xFD, 0x10,
  0x0A, 0xFF, 0x30, 0x2E, 0xFE, 0xBD, 0xFC, 0xF3, 0x00, 0x3B, 0xEF, 0xD5, 0x7F, 0x30, 0x0B, 0xFB, 0x00, 0x00, 0xEF, 0x70,
  0x0B, 0xFB, 0x00, 0x00, 0xEF, 0x70, 0x0B, 0xFB, 0x00, 0x00, 0xEF, 0x70, 0x0B, 0xFB, 0x00, 0x00, 0xEF, 0x70, 0x0B, 0xFB,
  0x00, 0x00, 0xEF, 0x70, 0x0B, 0xFB, 0x00, 0x00, 0xEF, 0x70, 0x0B, 0xFB, 0x00, 0x00, 0xEF, 0x70, 0x0B, 0xFE, 0xAA, 0xAA,
  0xFF, 0x70, 0x0B, 0xFF, 0xFF, 0xFF, 0xFF, 0x70, 0x0B, 0xFB, 0x00, 0x00, 0xEF, 0x70, 0x0B, 0xFB, 0x00, 0x00, 0xEF, 0x70,
  0x0B, 0xFB, 0x00, 0x00, 0xEF, 0x70, 0x0B, 0xFB, 0x00, 0x00, 0xEF, 0x70, 0x0B, 0xFB, 0x00, 0x00, 0xEF, 0x70, 0x0B, 0xFB,
  0x00, 0x00, 0xEF, 0x70, 0x0B, 0xFB, 0x00, 0x00, 0xEF, 0x70, 0x0B, 0xFB, 0x00, 0x00, 0xEF, 0x70, 0x09, 0xFC, 0x00, 0x9F,
  0xC0, 0x09, 0xFC, 0x00, 0x9F, 0xC0, 0x09, 0xFC, 0x00, 0x9F, 0xC0, 0x09, 0xFC, 0x00, 0x9F, 0xC0, 0x09, 0xFC, 0x00, 0x9F,
  0xC0, 0x09, 0xFC, 0x00, 0x9F, 0xC0, 0x09, 0xFC, 0x00, 0x9F, 0xC0, 0x09, 0xFC, 0x00, 0x9F, 0xC0, 0x09, 0xFC, 0x00, 0x00,
  0x7F, 0xF0, 0x00, 0x7F, 0xF0, 0x00, 0x7F, 0xF0, 0x00, 0x7F, 0xF0, 0x00, 0x7F, 0xF0, 0x00, 0x7F, 0xF0, 0x00, 0x7F, 0xF0,
  0x00, 0x7F, 0xF0, 0x00, 0x7F, 0xF0, 0x00, 0x7F, 0xF0, 0x00, 0x7F, 0xF0, 0x00, 0x7F, 0xF0, 0x00, 0x7F, 0xF0, 0x00, 0x7F,
  0xE0, 0x00, 0xBF, 0xD0, 0x9C, 0xFF, 0x80, 0xDF, 0xE9, 0x00, 0x0B, 0xFB, 0x00, 0x0A, 0xF9, 0x00, 0xBF, 0xB0, 0x03, 0xFF,
  0x30, 0x0B, 0xFB, 0x00, 0xAF, 0xB0, 0x00, 0xBF, 0xB0, 0x2F, 0xF5, 0x00, 0x0B, 0xFB, 0x09, 0xFC, 0x00, 0x00, 0xBF, 0xB2,
  0xFF, 0x60, 0x00, 0x0B, 0xFB, 0x9F, 0xE1, 0x00, 0x00, 0xBF, 0xCE, 0xF9, 0x00, 0x00, 0x0B, 0xFF, 0xEF, 0xD0, 0x00, 0x00,
  0xBF, 0xF4, 0xFF, 0x40, 0x00, 0x0B, 0xFC, 0x0A, 0xFA, 0x00, 0x00, 0xBF, 0xB0, 0x4F, 0xF2, 0x00, 0x0B, 0xFB, 0x00, 0xCF,
  0x80, 0x00, 0xBF, 0xB0, 0x07, 0xFD, 0x00, 0x0B, 0xFB, 0x00, 0x1E, 0xF5, 0x00, 0xBF, 0xB0, 0x00, 0x9F, 0xB0, 0x0B, 0xFB,
  0x00, 0x03, 0xFF, 0x30, 0x0B, 0xFB, 0x00, 0x00, 0x00, 0xBF, 0xB0, 0x00, 0x00, 0x0B, 0xFB, 0x00, 0x00, 0x00, 0xBF, 0xB0,
  0x00, 0x00, 0x0B, 0xFB, 0x00, 0x00, 0x00, 0xBF, 0xB0, 0x00, 0x00, 0x0B, 0xFB, 0x00, 0x00, 0x00, 0xBF, 0xB0, 0x00, 0x00,
  0x0B, 0xFB, 0x00, 0x00, 0x00, 0xBF, 0xB0, 0x00, 0x00, 0x0B, 0xFB, 0x00, 0x00, 0x00, 0xBF, 0xB0, 0x00, 0x00, 0x0B, 0xFB,
  0x00, 0x00, 0x00, 0xBF, 0xB0, 0x00, 0x00, 0x0B, 0xFB, 0x00, 0x00, 0x00, 0xBF, 0xEB, 0xBB, 0xB1, 0x0B, 0xFF, 0xFF, 0xFF,
  0x10, 0x07, 0xFF, 0x10, 0x00, 0x03, 0xFF, 0x50, 0x07, 0xFF, 0x50, 0x00, 0x07, 0xFF, 0x50, 0x08, 0xFF, 0x80, 0x00, 0x0A,
  0xFF, 0x60, 0x08, 0xFF, 0xB0, 0x00, 0x0D, 0xFF, 0x60, 0x08, 0xFF, 0xE0, 0x00, 0x1F, 0xFF, 0x60, 0x08, 0xFD, 0xF2, 0x00,
  0x5F, 0xDF, 0x60, 0x09, 0xF9, 0xF6, 0x00, 0x8F, 0x9F, 0x70, 0x09, 0xF6, 0xE9, 0x00, 0xBD, 0x8F, 0x70, 0x09, 0xF6, 0xBC,
  0x00, 0xEA, 0x8F, 0x70, 0x0A, 0xF6, 0x8F, 0x03, 0xF6, 0x8F, 0x70, 0x0A, 0xF6, 0x5F, 0x46, 0xF3, 0x7F, 0x80, 0x0A, 0xF5,
  0x1F, 0x79, 0xE0, 0x7F, 0x80, 0x0A, 0xF5, 0x0C, 0xAC, 0xA0, 0x7F, 0x80, 0x0B, 0xF5, 0x09, 0xDF, 0x70, 0x7F, 0x90, 0x0B,
  0xF5, 0x06, 0xFF, 0x30, 0x6F, 0x90, 0x0B, 0xF4, 0x02, 0xFE, 0x00, 0x6F, 0x90, 0x0B, 0xF4, 0x00, 0xDB, 0x00, 0x6F, 0x90,
  0x0B, 0xF3, 0x00, 0x04, 0xFC, 0x00, 0xBF, 0x90, 0x00, 0x4F, 0xC0, 0x0B, 0xFE, 0x10, 0x04, 0xFC, 0x00, 0xBF, 0xF7, 0x00,
  0x4F, 0xC0, 0x0B, 0xFF, 0xD0, 0x04, 0xFC, 0x00, 0xBF, 0xEF, 0x50, 0x4F, 0xC0, 0x0B, 0xF9, 0xFB, 0x04, 0xFC, 0x00, 0xBF,
  0x6D, 0xF3, 0x4F, 0xC0, 0x0B, 0xF6, 0x7F, 0x94, 0xFC, 0x00, 0xBF, 0x61, 0xEE, 0x5F, 0xC0, 0x0B, 0xF6, 0x09, 0xFA, 0xFC,
  0x00, 0xBF, 0x60, 0x3F, 0xFF, 0xC0, 0x0B, 0xF6, 0x00, 0xBF, 0xFC, 0x00, 0xBF, 0x60, 0x05, 0xFF, 0xC0, 0x0B, 0xF6, 0x00,
  0x0D, 0xFC, 0x00, 0xBF, 0x60, 0x00, 0x7F, 0xC0, 0x0B, 0xF6, 0x00, 0x01, 0xEC, 0x00, 0x00, 0x2A, 0xEF, 0xEB, 0x50, 0x00,
  0x2E, 0xFD, 0xBC, 0xFF, 0x50, 0x09, 0xFD, 0x10, 0x09, 0xFD, 0x00, 0xDF, 0x80, 0x00, 0x3F, 0xF3, 0x0E, 0xF7, 0x00, 0x02,
  0xFF, 0x50, 0xFF, 0x70, 0x00, 0x2F, 0xF6, 0x0F, 0xF7, 0x00, 0x02, 0xFF, 0x60, 0xFF, 0x70, 0x00, 0x2F, 0xF6, 0x0F, 0xF7,
  0x00, 0x02, 0xFF, 0x60, 0xFF, 0x70, 0x00, 0x2F, 0xF6, 0x0F, 0xF7, 0x00, 0x02, 0xFF, 0x60, 0xFF, 0x70, 0x00, 0x2F, 0xF5,
  0x0E, 0xF7, 0x00, 0x02, 0xFF, 0x50, 0xDF, 0x90, 0x00, 0x4F, 0xF2, 0x08, 0xFD, 0x10, 0x0A, 0xFD, 0x00, 0x2D, 0xFE, 0xBC,
  0xFF, 0x50, 0x00, 0x2A, 0xEF, 0xEB, 0x50, 0x00, 0x0B, 0xFF, 0xFF, 0xEA, 0x30, 0x0B, 0xFE, 0xAB, 0xDF, 0xE1, 0x0B, 0xFB,
  0x00, 0x1D, 0xF7, 0x0B, 0xFB, 0x00, 0x09, 0xFB, 0x0B, 0xFB, 0x00, 0x08, 0xFC, 0x0B, 0xFB, 0x00, 0x09, 0xFB, 0x0B, 0xFB,
  0x00, 0x1D, 0xF8, 0x0B, 0xFE, 0xAB, 0xEF, 0xD1, 0x0B, 0xFF, 0xFF, 0xEA, 0x20, 0x0B, 0xFB, 0x00, 0x00, 0x00, 0x0B, 0xFB,
  0x00, 0x00, 0x00, 0x0B, 0xFB, 0x00, 0x00, 0x00, 0x0B, 0xFB, 0x00, 0x00, 0x00, 0x0B, 0xFB, 0x00, 0x00, 0x00, 0x0B, 0xFB,
  0x00, 0x00, 0x00, 0x0B, 0xFB, 0x00, 0x00, 0x00, 0x0B, 0xFB, 0x00, 0x00, 0x00, 0x00, 0x2A, 0xEF, 0xEC, 0x50, 0x00, 0x2E,
  0xFD, 0xBC, 0xFF, 0x50, 0x09, 0xFD, 0x10, 0x09, 0xFD, 0x00, 0xDF, 0x80, 0x00, 0x3F, 0xF3, 0x0E, 0xF7, 0x00, 0x02, 0xFF,
  0x50, 0xFF, 0x70, 0x00, 0x1F, 0xF6, 0x0F, 0xF7, 0x00, 0x01, 0xFF, 0x60, 0xFF, 0x70, 0x00, 0x1F, 0xF6, 0x0F, 0xF7, 0x00,
  0x01, 0xFF, 0x60, 0xFF, 0x70, 0x00, 0x1F, 0xF6, 0x0F, 0xF7, 0x00, 0x01, 0xFF, 0x60, 0xFF, 0x70, 0x00, 0x1F, 0xF6, 0x0E,
  0xF7, 0x00, 0x02, 0xFF, 0x50, 0xCF, 0x90, 0x00, 0x4F, 0xF3, 0x08, 0xFD, 0x10, 0x09, 0xFD, 0x00, 0x1D, 0xFE, 0xBC, 0xFF,
  0x50, 0x00, 0x2A, 0xEF, 0xFF, 0x50, 0x00, 0x00, 0x00, 0x09, 0xF9, 0x00, 0x00, 0x00, 0x00, 0x1C, 0xF7, 0x00, 0x00, 0x00,
  0x00, 0x1C, 0x50, 0x00, 0x00, 0x00, 0x00, 0x01, 0x00, 0x0B, 0xFF, 0xFE, 0xD9, 0x10, 0x00, 0xBF, 0xEA, 0xBE, 0xFD, 0x10,
  0x0B, 0xFB, 0x00, 0x2E, 0xF7, 0x00, 0xBF, 0xB0, 0x00, 0xAF, 0xA0, 0x0B, 0xFB, 0x00, 0x09, 0xFB, 0x00, 0xBF, 0xB0, 0x00,
  0xAF, 0xA0, 0x0B, 0xFB, 0x00, 0x3E, 0xF7, 0x00, 0xBF, 0xEA, 0xCF, 0xFD, 0x10, 0x0B, 0xFF, 0xFF, 0xFD, 0x20, 0x00, 0xBF,
  0xB0, 0x6F, 0xE0, 0x00, 0x0B, 0xFB, 0x01, 0xFF, 0x40, 0x00, 0xBF, 0xB0, 0x0C, 0xF8, 0x00, 0x0B, 0xFB, 0x00, 0x8F, 0xC0,
  0x00, 0xBF, 0xB0, 0x04, 0xFF, 0x20, 0x0B, 0xFB, 0x00, 0x0E, 0xF6, 0x00, 0xBF, 0xB0, 0x00, 0xBF, 0xA0, 0x0B, 0xFB, 0x00,
  0x07, 0xFE, 0x00, 0x00, 0x7D, 0xFE, 0xC5, 0x00, 0x08, 0xFE, 0xBC, 0xFF, 0x50, 0x0E, 0xF4, 0x00, 0x8F, 0xC0, 0x3F, 0xF1,
  0x00, 0x2F, 0xF1, 0x2F, 0xF4, 0x00, 0x0A, 0x71, 0x0E, 0xFD, 0x20, 0x00, 0x00, 0x08, 0xFF, 0xD3, 0x00, 0x00, 0x00, 0xAF,
  0xFE, 0x50, 0x00, 0x00, 0x08, 0xFF, 0xF5, 0x00, 0x00, 0x00, 0x7F, 0xFF, 0x30, 0x00, 0x00, 0x05, 0xFF, 0xC0, 0x00, 0x30,
  0x00, 0x7F, 0xF3, 0x2E, 0xF1, 0x00, 0x1E, 0xF6, 0x0E, 0xF4, 0x00, 0x0D, 0xF6, 0x0A, 0xFB, 0x00, 0x2F, 0xF3, 0x02, 0xEF,
  0xDB, 0xEF, 0xA0, 0x00, 0x3B, 0xEF, 0xD8, 0x00, 0x1F, 0xFF, 0xFF, 0xFF, 0xF7, 0x1A, 0xAA, 0xFF, 0xCA, 0xA5, 0x00, 0x00,
  0xEF, 0x70, 0x00, 0x00, 0x00, 0xEF, 0x70, 0x00, 0x00, 0x00, 0xEF, 0x70, 0x00, 0x00, 0x00, 0xEF, 0x70, 0x00, 0x00, 0x00,
  0xEF, 0x70, 0x00, 0x00, 0x00, 0xEF, 0x70, 0x00, 0x00, 0x00, 0xEF, 0x70, 0x00, 0x00, 0x00, 0xEF, 0x70, 0x00, 0x00, 0x00,
  0xEF, 0x70, 0x00, 0x00, 0x00, 0xEF, 0x70, 0x00, 0x00, 0x00, 0xEF, 0x70, 0x00, 0x00, 0x00, 0xEF, 0x70, 0x00, 0x00, 0x00,
  0xEF, 0x70, 0x00, 0x00, 0x00, 0xEF, 0x70, 0x00, 0x00, 0x00, 0xEF, 0x70, 0x00, 0x0D, 0xF7, 0x00, 0x00, 0xFF, 0x40, 0xDF,
  0x70, 0x00, 0x0F, 0xF4, 0x0D, 0xF7, 0x00, 0x00, 0xFF, 0x40, 0xDF, 0x70, 0x00, 0x0F, 0xF4, 0x0D, 0xF7, 0x00, 0x00, 0xFF,
  0x40, 0xDF, 0x70, 0x00, 0x0F, 0xF4, 0x0D, 0xF7, 0x00, 0x00, 0xFF, 0x40, 0xDF, 0x70, 0x00, 0x0F, 0xF4, 0x0D, 0xF7, 0x00,
  0x00, 0xFF, 0x40, 0xDF, 0x70, 0x00, 0x0F, 0xF4, 0x0D, 0xF7, 0x00, 0x00, 0xFF, 0x40, 0xDF, 0x70, 0x00, 0x1F, 0xF4, 0x0C,
  0xF8, 0x00, 0x01, 0xFF, 0x30, 0xAF, 0xA0, 0x00, 0x4F, 0xF1, 0x06, 0xFE, 0x20, 0x0A, 0xFC, 0x00, 0x1D, 0xFE, 0xBD, 0xFF,
  0x50, 0x00, 0x29, 0xDF, 0xEB, 0x50, 0x00, 0x7F, 0xD0, 0x00, 0x03, 0xFF, 0x13, 0xFF, 0x10, 0x00, 0x6F, 0xC0, 0x0E, 0xF4,
  0x00, 0x09, 0xF9, 0x00, 0xBF, 0x80, 0x00, 0xCF, 0x60, 0x08, 0xFB, 0x00, 0x0E, 0xF3, 0x00, 0x5F, 0xD0, 0x03, 0xFE, 0x00,
  0x01, 0xFF, 0x20, 0x7F, 0xB0, 0x00, 0x0D, 0xF5, 0x09, 0xF8, 0x00, 0x00, 0xAF, 0x90, 0xCF, 0x40, 0x00, 0x07, 0xFC, 0x0F,
  0xF1, 0x00, 0x00, 0x3F, 0xE4, 0xFC, 0x00, 0x00, 0x00, 0xEF, 0x9F, 0x90, 0x00, 0x00, 0x0B, 0xFE, 0xF6, 0x00, 0x00, 0x00,
  0x8F, 0xFF, 0x30, 0x00, 0x00, 0x05, 0xFF, 0xE0, 0x00, 0x00, 0x00, 0x1F, 0xFB, 0x00, 0x00, 0x00, 0x00, 0xDF, 0x80, 0x00,
  0x00, 0x3F, 0xD0, 0x00, 0x5F, 0xA0, 0x00, 0x8F, 0x81, 0xFE, 0x00, 0x08, 0xFD, 0x00, 0x0A, 0xF5, 0x0D, 0xF2, 0x00, 0xAF,
  0xF1, 0x00, 0xCF, 0x30, 0xBF, 0x50, 0x0D, 0xFF, 0x40, 0x0E, 0xF0, 0x09, 0xF7, 0x01, 0xFE, 0xF7, 0x01, 0xFD, 0x00, 0x6F,
  0x90, 0x4F, 0xAF, 0x90, 0x3F, 0xB0, 0x04, 0xFB, 0x07, 0xF6, 0xEC, 0x06, 0xF8, 0x00, 0x1F, 0xD0, 0x9F, 0x3B, 0xE0, 0x8F,
  0x60, 0x00, 0xDF, 0x0C, 0xE0, 0x9F, 0x3A, 0xF4, 0x00, 0x0B, 0xF3, 0xEC, 0x06, 0xF6, 0xCF, 0x10, 0x00, 0x9F, 0x7F, 0x90,
  0x3F, 0x8E, 0xD0, 0x00, 0x06, 0xFC, 0xF7, 0x00, 0xEC, 0xFB, 0x00, 0x00, 0x4F, 0xFF, 0x40, 0x0C, 0xFF, 0x90, 0x00, 0x01,
  0xFF, 0xF1, 0x00, 0x9F, 0xF7, 0x00, 0x00, 0x0D, 0xFD, 0x00, 0x07, 0xFF, 0x40, 0x00, 0x00, 0xBF, 0xA0, 0x00, 0x4F, 0xF2,
  0x00, 0x00, 0x09, 0xF7, 0x00, 0x01, 0xFE, 0x00, 0x00, 0x8F, 0xC0, 0x00, 0x0B, 0xF8, 0x2F, 0xF3, 0x00, 0x3F, 0xF2, 0x0A,
  0xFA, 0x00, 0x8F, 0xA0, 0x03, 0xFE, 0x10, 0xDF, 0x40, 0x00, 0xCF, 0x75, 0xFC, 0x00, 0x00, 0x6F, 0xDB, 0xF6, 0x00, 0x00,
  0x0E, 0xFF, 0xE0, 0x00, 0x00, 0x08, 0xFF, 0x80, 0x00, 0x00, 0x06, 0xFF, 0x40, 0x00, 0x00, 0x0B, 0xFF, 0x90, 0x00, 0x00,
  0x3F, 0xEF, 0xE1, 0x00, 0x00, 0x9F, 0x9C, 0xF8, 0x00, 0x00, 0xEF, 0x36, 0xFD, 0x00, 0x06, 0xFC, 0x00, 0xDF, 0x60, 0x0B,
  0xF7, 0x00, 0x8F, 0xC0, 0x3F, 0xF2, 0x00, 0x1E, 0xF4, 0x9F, 0xB0, 0x00, 0x09, 0xFA, 0xAF, 0xA0, 0x00, 0x09, 0xFB, 0x5F,
  0xE0, 0x00, 0x0D, 0xF6, 0x0E, 0xF5, 0x00, 0x3F, 0xF1, 0x0A, 0xF9, 0x00, 0x8F, 0xB0, 0x05, 0xFD, 0x00, 0xCF, 0x60, 0x00,
  0xEF, 0x42, 0xFF, 0x10, 0x00, 0xAF, 0x87, 0xFB, 0x00, 0x00, 0x5F, 0xDB, 0xF6, 0x00, 0x00, 0x0E, 0xFF, 0xF1, 0x00, 0x00,
  0x0A, 0xFF, 0xB0, 0x00, 0x00, 0x05, 0xFF, 0x60, 0x00, 0x00, 0x02, 0xFF, 0x40, 0x00, 0x00, 0x02, 0xFF, 0x40, 0x00, 0x00,
  0x02, 0xFF, 0x40, 0x00, 0x00, 0x02, 0xFF, 0x40, 0x00, 0x00, 0x02, 0xFF, 0x40, 0x00, 0x00, 0x02, 0xFF, 0x40, 0x00, 0x0E,
  0xFF, 0xFF, 0xFF, 0x60, 0x9A, 0xAA, 0xBF, 0xF3, 0x00, 0x00, 0x09, 0xFC, 0x00, 0x00, 0x00, 0xDF, 0x70, 0x00, 0x00, 0x5F,
  0xF1, 0x00, 0x00, 0x0A, 0xFB, 0x00, 0x00, 0x01, 0xEF, 0x50, 0x00, 0x00, 0x6F, 0xE0, 0x00, 0x00, 0x0B, 0xF9, 0x00, 0x00,
  0x02, 0xFF, 0x40, 0x00, 0x00, 0x7F, 0xD0, 0x00, 0x00, 0x0C, 0xF8, 0x00, 0x00, 0x03, 0xFF, 0x20, 0x00, 0x00, 0x9F, 0xC0,
  0x00, 0x00, 0x0D, 0xF6, 0x00, 0x00, 0x03, 0xFF, 0xBA, 0xAA, 0xA4, 0x4F, 0xFF, 0xFF, 0xFF, 0x60, 0x0B, 0xFF, 0xFE, 0x00,
  0xBF, 0xDA, 0xA0, 0x0B, 0xF9, 0x00, 0x00, 0xBF, 0x90, 0x00, 0x0B, 0xF9, 0x00, 0x00, 0xBF, 0x90, 0x00, 0x0B, 0xF9, 0x00,
  0x00, 0xBF, 0x90, 0x00, 0x0B, 0xF9, 0x00, 0x00, 0xBF, 0x90, 0x00, 0x0B, 0xF9, 0x00, 0x00, 0xBF, 0x90, 0x00, 0x0B, 0xF9,
  0x00, 0x00, 0xBF, 0x90, 0x00, 0x0B, 0xF9, 0x00, 0x00, 0xBF, 0x90, 0x00, 0x0B, 0xF9, 0x00, 0x00, 0xBF, 0x90, 0x00, 0x0B,
  0xFD, 0xAA, 0x00, 0xBF, 0xFF, 0xE0, 0x5F, 0xB0, 0x00, 0x00, 0x1E, 0xE0, 0x00, 0x00, 0x0B, 0xF4, 0x00, 0x00, 0x08, 0xF8,
  0x00, 0x00, 0x03, 0xFC, 0x00, 0x00, 0x00, 0xEF, 0x10, 0x00, 0x00, 0xAF, 0x50, 0x00, 0x00, 0x6F, 0x90, 0x00, 0x00, 0x2F,
  0xD0, 0x00, 0x00, 0x0D, 0xF2, 0x00, 0x00, 0x09, 0xF7, 0x00, 0x00, 0x05, 0xFA, 0x00, 0x00, 0x01, 0xFE, 0x00, 0x00, 0x00,
  0xCF, 0x40, 0x00, 0x00, 0x8F, 0x80, 0x00, 0x00, 0x4F, 0xC0, 0x00, 0x00, 0x0E, 0xF1, 0x8F, 0xFF, 0xF3, 0x05, 0xAA, 0xFF,
  0x30, 0x00, 0x2F, 0xF3, 0x00, 0x02, 0xFF, 0x30, 0x00, 0x2F, 0xF3, 0x00, 0x02, 0xFF, 0x30, 0x00, 0x2F, 0xF3, 0x00, 0x02,
  0xFF, 0x30, 0x00, 0x2F, 0xF3, 0x00, 0x02, 0xFF, 0x30, 0x00, 0x2F, 0xF3, 0x00, 0x02, 0xFF, 0x30, 0x00, 0x2F, 0xF3, 0x00,
  0x02, 0xFF, 0x30, 0x00, 0x2F, 0xF3, 0x00, 0x02, 0xFF, 0x30, 0x00, 0x2F, 0xF3, 0x00, 0x02, 0xFF, 0x30, 0x5A, 0xAF, 0xF3,
  0x08, 0xFF, 0xFF, 0x30, 0x00, 0x0B, 0xFE, 0x10, 0x00, 0x03, 0xFE, 0xF8, 0x00, 0x00, 0x9F, 0x7F, 0xD0, 0x00, 0x1E, 0xE1,
  0xAF, 0x60, 0x07, 0xFA, 0x05, 0xFC, 0x00, 0xDF, 0x40, 0x0E, 0xF3, 0x28, 0x80, 0x00, 0x68, 0x50, 0x00, 0x00, 0x00, 0x00,
  0x00, 0x00, 0x00, 0x00, 0x00, 0x00, 0x00, 0x00, 0x00, 0x00, 0x00, 0x00, 0x00, 0x00, 0x00, 0x00, 0x00, 0x00, 0x00, 0x00,
  0x00, 0x00, 0x00, 0x00, 0x00, 0x00, 0x00, 0x00, 0x00, 0x00, 0x00, 0x00, 0x00, 0x00, 0x00, 0x00, 0x00, 0x00, 0x00, 0x00,
  0x00, 0x00, 0x00, 0x00, 0x00, 0xAA, 0xAA, 0xAA, 0xA3, 0xFF, 0xFF, 0xFF, 0xF4, 0x09, 0xFA, 0x00, 0x01, 0xEE, 0x00, 0x00,
  0x6F, 0x40, 0x00, 0x0C, 0x80, 0x00, 0x00, 0x00, 0x00, 0x00, 0x00, 0x00, 0x00, 0x00, 0x00, 0x00, 0x00, 0x00, 0x00, 0x00,
  0x00, 0x00, 0x00, 0x00, 0x00, 0x00, 0x00, 0x00, 0x00, 0x00, 0x00, 0x00, 0x00, 0x00, 0x00, 0x00, 0x00, 0x00, 0x00, 0x00,
  0x00, 0x00, 0x00, 0x00, 0x00, 0x8D, 0xFD, 0x80, 0x00, 0x8F, 0xEB, 0xEF, 0x70, 0x0D, 0xF6, 0x08, 0xFC, 0x01, 0xEE, 0x30,
  0x6F, 0xE0, 0x00, 0x00, 0x07, 0xFE, 0x00, 0x00, 0x6C, 0xFF, 0xE0, 0x02, 0xCF, 0xC8, 0xFE, 0x00, 0xAF, 0xB0, 0x6F, 0xE0,
  0x1F, 0xF4, 0x06, 0xFE, 0x02, 0xFF, 0x40, 0x8F, 0xE0, 0x0D, 0xFD, 0xBD, 0xFF, 0x00, 0x3C, 0xEB, 0x3F, 0xF2, 0x0D, 0xF7,
  0x00, 0x00, 0x00, 0xDF, 0x70, 0x00, 0x00, 0x0D, 0xF7, 0x00, 0x00, 0x00, 0xDF, 0x70, 0x00, 0x00, 0x0D, 0xF7, 0x00, 0x00,
  0x00, 0xDF, 0x9B, 0xFD, 0x40, 0x0D, 0xFF, 0xBD, 0xFE, 0x10, 0xDF, 0x80, 0x1E, 0xF5, 0x0D, 0xF7, 0x00, 0xDF, 0x70, 0xDF,
  0x70, 0x0C, 0xF8, 0x0D, 0xF7, 0x00, 0xCF, 0x80, 0xDF, 0x70, 0x0C, 0xF8, 0x0D, 0xF7, 0x00, 0xCF, 0x80, 0xDF, 0x70, 0x0D,
  0xF7, 0x0D, 0xF8, 0x01, 0xEF, 0x40, 0xDF, 0xFB, 0xCF, 0xD0, 0x0D, 0xF9, 0xCE, 0xC3, 0x00, 0x01, 0x9E, 0xFE, 0x90, 0x00,
  0x8F, 0xEB, 0xEF, 0x60, 0x0D, 0xF6, 0x07, 0xFB, 0x01, 0xFF, 0x40, 0x5F, 0xC0, 0x2F, 0xF3, 0x02, 0x75, 0x02, 0xFF, 0x30,
  0x00, 0x00, 0x2F, 0xF3, 0x00, 0x00, 0x02, 0xFF, 0x30, 0x39, 0x80, 0x1F, 0xF4, 0x05, 0xFC, 0x00, 0xDF, 0x60, 0x7F, 0xB0,
  0x08, 0xFE, 0xBE, 0xF5, 0x00, 0x19, 0xEF, 0xE8, 0x00, 0x00, 0x00, 0x02, 0xFF, 0x30, 0x00, 0x00, 0x2F, 0xF3, 0x00, 0x00,
  0x02, 0xFF, 0x30, 0x00, 0x00, 0x2F, 0xF3, 0x00, 0x00, 0x02, 0xFF, 0x30, 0x1A, 0xED, 0x8F, 0xF3, 0x08, 0xFE, 0xBE, 0xFF,
  0x30, 0xDF, 0x70, 0x3F, 0xF3, 0x1F, 0xF4, 0x02, 0xFF, 0x32, 0xFF, 0x30, 0x2F, 0xF3, 0x2F, 0xF3, 0x02, 0xFF, 0x32, 0xFF,
  0x30, 0x2F, 0xF3, 0x2F, 0xF3, 0x02, 0xFF, 0x31, 0xFF, 0x40, 0x2F, 0xF3, 0x0D, 0xF7, 0x02, 0xFF, 0x30, 0x9F, 0xEB, 0xDF,
  0xF3, 0x01, 0xAE, 0xE9, 0xFF, 0x30, 0x00, 0x9E, 0xFD, 0x80, 0x00, 0x8F, 0xEB, 0xEF, 0x70, 0x0D, 0xF5, 0x07, 0xFC, 0x01,
  0xFF, 0x30, 0x5F, 0xE0, 0x2F, 0xFB, 0xAB, 0xFE, 0x02, 0xFF, 0xFF, 0xFF, 0xE0, 0x2F, 0xF3, 0x00, 0x00, 0x02, 0xFF, 0x30,
  0x25, 0x50, 0x1F, 0xF3, 0x05, 0xFD, 0x00, 0xDF, 0x60, 0x7F, 0xC0, 0x08, 0xFE, 0xBE, 0xF6, 0x00, 0x19, 0xEF, 0xD7, 0x00,
  0x00, 0x5D, 0xFD, 0x00, 0xEF, 0xDA, 0x02, 0xFF, 0x30, 0x03, 0xFF, 0x20, 0xAF, 0xFF, 0xFE, 0x7B, 0xFF, 0xBA, 0x03, 0xFF,
  0x20, 0x03, 0xFF, 0x20, 0x03, 0xFF, 0x20, 0x03, 0xFF, 0x20, 0x03, 0xFF, 0x20, 0x03, 0xFF, 0x20, 0x03, 0xFF, 0x20, 0x03,
  0xFF, 0x20, 0x03, 0xFF, 0x20, 0x03, 0xFF, 0x20, 0x00, 0x00, 0x00, 0x00, 0x00, 0x01, 0x8D, 0xFC, 0x45, 0xD1, 0x08, 0xFD,
  0xBE, 0xEE, 0xB3, 0x0E, 0xF2, 0x07, 0xF8, 0x00, 0x1F, 0xE0, 0x04, 0xFA, 0x00, 0x0F, 0xE0, 0x05, 0xFA, 0x00, 0x0C, 0xF6,
  0x1A, 0xF8, 0x00, 0x04, 0xEF, 0xFF, 0xE2, 0x00, 0x04, 0xE9, 0xA8, 0x20, 0x00, 0x0D, 0xE2, 0x00, 0x00, 0x00, 0x0E, 0xFF,
  0xFD, 0xB4, 0x00, 0x05, 0xFD, 0xEF, 0xFF, 0x30, 0x2D, 0xA0, 0x01, 0x9F, 0x70, 0x8F, 0x70, 0x00, 0x6F, 0x70, 0x9F, 0xEB,
  0xAB, 0xEF, 0x30, 0x1A, 0xEF, 0xFE, 0xC6, 0x00, 0x0D, 0xF7, 0x00, 0x00, 0x00, 0xDF, 0x70, 0x00, 0x00, 0x0D, 0xF7, 0x00,
  0x00, 0x00, 0xDF, 0x70, 0x00, 0x00, 0x0D, 0xF7, 0x00, 0x00, 0x00, 0xDF, 0x87, 0xDE, 0x90, 0x0D, 0xFE, 0xDC, 0xFF, 0x30,
  0xDF, 0xA0, 0x1F, 0xF5, 0x0D, 0xF7, 0x00, 0xEF, 0x50, 0xDF, 0x70, 0x0E, 0xF5, 0x0D, 0xF7, 0x00, 0xEF, 0x50, 0xDF, 0x70,
  0x0E, 0xF5, 0x0D, 0xF7, 0x00, 0xEF, 0x50, 0xDF, 0x70, 0x0E, 0xF5, 0x0D, 0xF7, 0x00, 0xEF, 0x50, 0xDF, 0x70, 0x0E, 0xF5,
  0x0D, 0xF7, 0x00, 0xEF, 0x50, 0x0B, 0xF9, 0x00, 0xBF, 0x90, 0x02, 0x32, 0x00, 0x00, 0x00, 0x0B, 0xF9, 0x00, 0xBF, 0x90,
  0x0B, 0xF9, 0x00, 0xBF, 0x90, 0x0B, 0xF9, 0x00, 0xBF, 0x90, 0x0B, 0xF9, 0x00, 0xBF, 0x90, 0x0B, 0xF9, 0x00, 0xBF, 0x90,
  0x0B, 0xF9, 0x00, 0xBF, 0x90, 0x00, 0x9F, 0xB0, 0x00, 0x9F, 0xB0, 0x00, 0x23, 0x20, 0x00, 0x00, 0x00, 0x00, 0x9F, 0xB0,
  0x00, 0x9F, 0xB0, 0x00, 0x9F, 0xB0, 0x00, 0x9F, 0xB0, 0x00, 0x9F, 0xB0, 0x00, 0x9F, 0xB0, 0x00, 0x9F, 0xB0, 0x00, 0x9F,
  0xB0, 0x00, 0x9F, 0xB0, 0x00, 0x9F, 0xB0, 0x00, 0x9F, 0xB0, 0x00, 0x9F, 0xB0, 0x00, 0xBF, 0xA0, 0x5C, 0xFF, 0x70, 0x6F,
  0xE8, 0x00, 0x0D, 0xF7, 0x00, 0x00, 0x00, 0x0D, 0xF7, 0x00, 0x00, 0x00, 0x0D, 0xF7, 0x00, 0x00, 0x00, 0x0D, 0xF7, 0x00,
  0x00, 0x00, 0x0D, 0xF7, 0x00, 0x00, 0x00, 0x0D, 0xF7, 0x00, 0xAF, 0xC0, 0x0D, 0xF7, 0x04, 0xFF, 0x30, 0x0D, 0xF7, 0x1D,
  0xF9, 0x00, 0x0D, 0xF7, 0x8F, 0xE1, 0x00, 0x0D, 0xF9, 0xEF, 0x70, 0x00, 0x0D, 0xFF, 0xFF, 0x80, 0x00, 0x0D, 0xFE, 0x8F,
  0xD0, 0x00, 0x0D, 0xF8, 0x1E, 0xF4, 0x00, 0x0D, 0xF7, 0x0A, 0xFA, 0x00, 0x0D, 0xF7, 0x04, 0xFE, 0x10, 0x0D, 0xF7, 0x00,
  0xDF, 0x70, 0x0D, 0xF7, 0x00, 0x8F, 0xC0, 0x0B, 0xFA, 0x00, 0xBF, 0xA0, 0x0B, 0xFA, 0x00, 0xBF, 0xA0, 0x0B, 0xFA, 0x00,
  0xBF, 0xA0, 0x0B, 0xFA, 0x00, 0xBF, 0xA0, 0x0B, 0xFA, 0x00, 0xBF, 0xA0, 0x0B, 0xFA, 0x00, 0xBF, 0xA0, 0x0B, 0xFA, 0x00,
  0xBF, 0xA0, 0x0B, 0xFA, 0x00, 0xBF, 0xA0, 0x0B, 0xFA, 0x00, 0x0D, 0xF7, 0xBE, 0xE9, 0x4B, 0xEE, 0x60, 0x0D, 0xFC, 0x33,
  0xFF, 0xC3, 0x3F, 0xE1, 0x0D, 0xF4, 0x00, 0xDF, 0x40, 0x0D, 0xF3, 0x0D, 0xF4, 0x00, 0xDF, 0x40, 0x0D, 0xF4, 0x0D, 0xF4,
  0x00, 0xDF, 0x40, 0x0D, 0xF4, 0x0D, 0xF4, 0x00, 0xDF, 0x40, 0x0D, 0xF4, 0x0D, 0xF4, 0x00, 0xDF, 0x40, 0x0D, 0xF4, 0x0D,
  0xF4, 0x00, 0xDF, 0x40, 0x0D, 0xF4, 0x0D, 0xF4, 0x00, 0xDF, 0x40, 0x0D, 0xF4, 0x0D, 0xF4, 0x00, 0xDF, 0x40, 0x0D, 0xF4,
  0x0D, 0xF4, 0x00, 0xDF, 0x40, 0x0D, 0xF4, 0x0D, 0xF4, 0x00, 0xDF, 0x40, 0x0D, 0xF4, 0x0D, 0xF7, 0x9D, 0xE8, 0x00, 0xDF,
  0xFC, 0xDF, 0xF1, 0x0D, 0xF9, 0x03, 0xFF, 0x30, 0xDF, 0x70, 0x2F, 0xF3, 0x0D, 0xF7, 0x02, 0xFF, 0x30, 0xDF, 0x70, 0x2F,
  0xF3, 0x0D, 0xF7, 0x02, 0xFF, 0x30, 0xDF, 0x70, 0x2F, 0xF3, 0x0D, 0xF7, 0x02, 0xFF, 0x30, 0xDF, 0x70, 0x2F, 0xF3, 0x0D,
  0xF7, 0x02, 0xFF, 0x30, 0xDF, 0x70, 0x2F, 0xF3, 0x00, 0x9E, 0xFD, 0x80, 0x00, 0x8F, 0xEB, 0xEF, 0x70, 0x0D, 0xF6, 0x07,
  0xFC, 0x01, 0xFF, 0x30, 0x5F, 0xE0, 0x2F, 0xF3, 0x05, 0xFF, 0x02, 0xFF, 0x30, 0x5F, 0xF0, 0x2F, 0xF3, 0x05, 0xFF, 0x02,
  0xFF, 0x30, 0x5F, 0xF0, 0x1F, 0xF3, 0x05, 0xFE, 0x00, 0xDF, 0x60, 0x8F, 0xC0, 0x08, 0xFE, 0xBE, 0xF6, 0x00, 0x09, 0xEF,
  0xD8, 0x00, 0x0D, 0xF9, 0xBE, 0xD4, 0x00, 0xDF, 0xFB, 0xDF, 0xD1, 0x0D, 0xF8, 0x01, 0xFF, 0x50, 0xDF, 0x70, 0x0D, 0xF7,
  0x0D, 0xF7, 0x00, 0xCF, 0x80, 0xDF, 0x70, 0x0C, 0xF8, 0x0D, 0xF7, 0x00, 0xCF, 0x80, 0xDF, 0x70, 0x0C, 0xF7, 0x0D, 0xF7,
  0x00, 0xDF, 0x60, 0xDF, 0x70, 0x1F, 0xF4, 0x0D, 0xFF, 0xBC, 0xFD, 0x00, 0xDF, 0x9C, 0xFC, 0x30, 0x0D, 0xF7, 0x00, 0x00,
  0x00, 0xDF, 0x70, 0x00, 0x00, 0x0D, 0xF7, 0x00, 0x00, 0x00, 0x01, 0xAE, 0xD8, 0xFF, 0x30, 0x8F, 0xEB, 0xEF, 0xF3, 0x0C,
  0xF7, 0x02, 0xFF, 0x30, 0xFF, 0x40, 0x2F, 0xF3, 0x1F, 0xF3, 0x02, 0xFF, 0x31, 0xFF, 0x30, 0x2F, 0xF3, 0x1F, 0xF3, 0x02,
  0xFF, 0x31, 0xFF, 0x30, 0x2F, 0xF3, 0x0F, 0xF4, 0x02, 0xFF, 0x30, 0xDF, 0x70, 0x2F, 0xF3, 0x09, 0xFE, 0xBD, 0xFF, 0x30,
  0x1A, 0xEE, 0x8F, 0xF3, 0x00, 0x00, 0x02, 0xFF, 0x30, 0x00, 0x00, 0x2F, 0xF3, 0x00, 0x00, 0x02, 0xFF, 0x30, 0x00, 0x00,
  0x00, 0x10, 0xDF, 0x89, 0xE8, 0x0D, 0xFE, 0xDB, 0x70, 0xDF, 0xB0, 0x00, 0x0D, 0xF7, 0x00, 0x00, 0xDF, 0x70, 0x00, 0x0D,
  0xF7, 0x00, 0x00, 0xDF, 0x70, 0x00, 0x0D, 0xF7, 0x00, 0x00, 0xDF, 0x70, 0x00, 0x0D, 0xF7, 0x00, 0x00, 0xDF, 0x70, 0x00,
  0x0D, 0xF7, 0x00, 0x00, 0x03, 0xBE, 0xE9, 0x10, 0x0D, 0xFC, 0xCF, 0x80, 0x2F, 0xE0, 0x0C, 0xE0, 0x2F, 0xF2, 0x06, 0x60,
  0x0C, 0xFD, 0x30, 0x00, 0x02, 0xDF, 0xE4, 0x00, 0x00, 0x1B, 0xFF, 0x50, 0x00, 0x00, 0x9F, 0xE1, 0x39, 0x60, 0x0D, 0xF5,
  0x5F, 0xC0, 0x0C, 0xF4, 0x1D, 0xFC, 0xCF, 0xD1, 0x02, 0xBE, 0xEB, 0x30, 0x03, 0x88, 0x00, 0x05, 0xFF, 0x00, 0x05, 0xFF,
  0x00, 0x05, 0xFF, 0x00, 0x9F, 0xFF, 0xFE, 0x6B, 0xFF, 0xAA, 0x05, 0xFF, 0x00, 0x05, 0xFF, 0x00, 0x05, 0xFF, 0x00, 0x05,
  0xFF, 0x00, 0x05, 0xFF, 0x00, 0x05, 0xFF, 0x00, 0x05, 0xFF, 0x00, 0x04, 0xFF, 0x10, 0x01, 0xEF, 0xDB, 0x00, 0x6D, 0xFD,
  0x0E, 0xF5, 0x03, 0xFF, 0x20, 0xEF, 0x50, 0x3F, 0xF2, 0x0E, 0xF5, 0x03, 0xFF, 0x20, 0xEF, 0x50, 0x3F, 0xF2, 0x0E, 0xF5,
  0x03, 0xFF, 0x20, 0xEF, 0x50, 0x3F, 0xF2, 0x0E, 0xF5, 0x03, 0xFF, 0x20, 0xEF, 0x50, 0x3F, 0xF2, 0x0E, 0xF5, 0x03, 0xFF,
  0x20, 0xEF, 0x70, 0x6F, 0xF2, 0x0D, 0xFE, 0xDE, 0xFF, 0x20, 0x6E, 0xE9, 0x4F, 0xF2, 0xAF, 0xA0, 0x08, 0xFB, 0x7F, 0xD0,
  0x0B, 0xF8, 0x4F, 0xE0, 0x0D, 0xF5, 0x0F, 0xF2, 0x0E, 0xF2, 0x0C, 0xF5, 0x3F, 0xE0, 0x0A, 0xF7, 0x5F, 0xB0, 0x07, 0xFA,
  0x7F, 0x90, 0x04, 0xFC, 0xAF, 0x60, 0x00, 0xFE, 0xCF, 0x30, 0x00, 0xCF, 0xEE, 0x00, 0x00, 0xAF, 0xFC, 0x00, 0x00, 0x7F,
  0xF9, 0x00, 0x6F, 0x80, 0x0C, 0xF2, 0x03, 0xFB, 0x3F, 0xA0, 0x0E, 0xF5, 0x05, 0xF8, 0x1F, 0xC0, 0x3F, 0xF8, 0x08, 0xF6,
  0x0D, 0xE0, 0x6F, 0xFB, 0x0A, 0xF3, 0x0B, 0xF2, 0x8F, 0xBD, 0x0C, 0xF1, 0x09, 0xF4, 0xBD, 0x7F, 0x1D, 0xD0, 0x06, 0xF6,
  0xDA, 0x4F, 0x5F, 0xB0, 0x04, 0xF9, 0xF8, 0x1F, 0x9F, 0x80, 0x01, 0xFD, 0xF5, 0x0D, 0xEF, 0x60, 0x00, 0xDF, 0xF1, 0x0A,
  0xFF, 0x30, 0x00, 0xBF, 0xD0, 0x08, 0xFF, 0x10, 0x00, 0x9F, 0xB0, 0x05, 0xFD, 0x00, 0x9F, 0xA0, 0x08, 0xFB, 0x02, 0xFF,
  0x20, 0xDF, 0x50, 0x0A, 0xF9, 0x5F, 0xD0, 0x00, 0x3F, 0xEB, 0xF6, 0x00, 0x00, 0xBF, 0xFD, 0x00, 0x00, 0x05, 0xFF, 0x70,
  0x00, 0x00, 0x7F, 0xF7, 0x00, 0x00, 0x0D, 0xFF, 0xD0, 0x00, 0x05, 0xFC, 0xCF, 0x60, 0x00, 0xBF, 0x66, 0xFD, 0x00, 0x3F,
  0xE1, 0x0D, 0xF5, 0x0A, 0xF9, 0x00, 0x7F, 0xC0, 0xAF, 0xA0, 0x06, 0xFE, 0x07, 0xFC, 0x00, 0x9F, 0xB0, 0x3F, 0xE0, 0x0B,
  0xF7, 0x00, 0xEF, 0x30, 0xDF, 0x40, 0x0B, 0xF6, 0x1F, 0xE0, 0x00, 0x7F, 0x94, 0xFC, 0x00, 0x04, 0xFB, 0x7F, 0x90, 0x00,
  0x0E, 0xD9, 0xF5, 0x00, 0x00, 0xBF, 0xDF, 0x10, 0x00, 0x08, 0xFF, 0xD0, 0x00, 0x00, 0x5F, 0xFA, 0x00, 0x00, 0x01, 0xFF,
  0x60, 0x00, 0x00, 0x0E, 0xF2, 0x00, 0x01, 0xBD, 0xFB, 0x00, 0x00, 0x1F, 0xDA, 0x20, 0x00, 0x00, 0x0E, 0xFF, 0xFF, 0xC0,
  0xAA, 0xAE, 0xFB, 0x00, 0x01, 0xEF, 0x50, 0x00, 0x7F, 0xD0, 0x00, 0x0C, 0xF8, 0x00, 0x04, 0xFF, 0x20, 0x00, 0xAF, 0xA0,
  0x00, 0x2F, 0xF4, 0x00, 0x08, 0xFD, 0x00, 0x00, 0xDF, 0x70, 0x00, 0x5F, 0xFB, 0xAA, 0x86, 0xFF, 0xFF, 0xFB, 0x00, 0x4D,
  0xFD, 0x00, 0xCF, 0xE9, 0x00, 0xEF, 0x80, 0x00, 0xEF, 0x70, 0x00, 0xEF, 0x70, 0x00, 0xEF, 0x70, 0x00, 0xEF, 0x70, 0x00,
  0xFF, 0x70, 0x04, 0xFF, 0x40, 0x3F, 0xFA, 0x00, 0x2C, 0xFD, 0x10, 0x02, 0xFF, 0x50, 0x00, 0xFF, 0x70, 0x00, 0xEF, 0x70,
  0x00, 0xEF, 0x70, 0x00, 0xEF, 0x70, 0x00, 0xEF, 0x70, 0x00, 0xEF, 0x80, 0x00, 0xCF, 0xE9, 0x00, 0x4D, 0xFD, 0x09, 0xF9,
  0x00, 0x9F, 0x90, 0x09, 0xF9, 0x00, 0x9F, 0x90, 0x09, 0xF9, 0x00, 0x9F, 0x90, 0x09, 0xF9, 0x00, 0x9F, 0x90, 0x09, 0xF9,
  0x00, 0x9F, 0x90, 0x09, 0xF9, 0x00, 0x9F, 0x90, 0x09, 0xF9, 0x00, 0x9F, 0x90, 0x09, 0xF9, 0x00, 0x9F, 0x90, 0x09, 0xF9,
  0x00, 0x9F, 0x90, 0x09, 0xF9, 0x00, 0x9F, 0x90, 0x2F, 0xEC, 0x20, 0x01, 0xBF, 0xF8, 0x00, 0x00, 0xCF, 0xA0, 0x00, 0x0B,
  0xFB, 0x00, 0x00, 0xBF, 0xB0, 0x00, 0x0B, 0xFB, 0x00, 0x00, 0xBF, 0xB0, 0x00, 0x0A, 0xFB, 0x00, 0x00, 0x8F, 0xE2, 0x00,
  0x01, 0xCF, 0xE0, 0x00, 0x3E, 0xFA, 0x00, 0x09, 0xFD, 0x00, 0x00, 0xAF, 0xB0, 0x00, 0x0B, 0xFB, 0x00, 0x00, 0xBF, 0xB0,
  0x00, 0x0B, 0xFB, 0x00, 0x00, 0xBF, 0xB0, 0x00, 0x0C, 0xFA, 0x00, 0x1B, 0xFF, 0x80, 0x02, 0xFE, 0xB2, 0x00, 0x03, 0xCE,
  0x81, 0x05, 0x12, 0xED, 0xCF, 0xEB, 0xF7, 0x05, 0x10, 0x5C, 0xE8, 0x00, 0x00, 0x00, 0x00, 0x00, 0x00, 0x00, 0x00, 0x00,
  0x00, 0x00, 0x00, 0x00, 0x00, 0x00, 0x00, 0x00, 0x00, 0x00, 0x00, 0x00, 0x00, 0x00, 0x00, 0x00, 0x00, 0x00, 0x00, 0x00,
  0x00, 0x00, 0x00, 0x5D, 0xBB, 0xBD, 0x50, 0x57, 0x00, 0x07, 0x50, 0x57, 0x00, 0x07, 0x50, 0x57, 0x00, 0x07, 0x50, 0x57,
  0x00, 0x07, 0x50, 0x57, 0x00, 0x07, 0x50, 0x57, 0x00, 0x07, 0x50, 0x57, 0x00, 0x07, 0x50, 0x57, 0x00, 0x07, 0x50, 0x57,
  0x00, 0x07, 0x50, 0x57, 0x00, 0x07, 0x50, 0x57, 0x00, 0x07, 0x50, 0x57, 0x00, 0x07, 0x50, 0x5D, 0xBB, 0xBD, 0x50, 0xCF,
  0xFF, 0xFF, 0xFB, 0x00, 0x08, 0xAC, 0xFF, 0xAA, 0x70, 0x00, 0x00, 0x6F, 0xF0, 0x00, 0x00, 0x00, 0x06, 0xFF, 0x00, 0x00,
  0x00, 0x00, 0x6F, 0xF0, 0x00, 0x00, 0x00, 0x06, 0xFF, 0x00, 0x00, 0x00, 0x00, 0x6F, 0xF0, 0x00, 0x00, 0x00, 0x06, 0xFF,
  0x49, 0x96, 0x00, 0x00, 0x6F, 0xFF, 0xFF, 0xFC, 0x00, 0x06, 0xFF, 0x41, 0x5F, 0xF6, 0x00, 0x6F, 0xF0, 0x00, 0xBF, 0x90,
  0x06, 0xFF, 0x00, 0x0B, 0xF9, 0x00, 0x6F, 0xF0, 0x00, 0xBF, 0x90, 0x06, 0xFF, 0x00, 0x0C, 0xF9, 0x00, 0x6F, 0xF0, 0x02,
  0xEF, 0x60, 0x06, 0xFF, 0x08, 0xEF, 0xD1, 0x00, 0x6F, 0xF0, 0xBE, 0xB2, 0x00, 0x00, 0x00, 0x0E, 0xF4, 0x00, 0x00, 0x5F,
  0xA0, 0x00, 0x00, 0x9E, 0x20, 0x00, 0x00, 0xD7, 0x00, 0x00, 0x00, 0x00, 0x00, 0x00, 0x00, 0x00, 0x00, 0x0B, 0xFF, 0xFF,
  0xFC, 0x0B, 0xFE, 0xAA, 0xA8, 0x0B, 0xFB, 0x00, 0x00, 0x0B, 0xFB, 0x00, 0x00, 0x0B, 0xFB, 0x00, 0x00, 0x0B, 0xFB, 0x00,
  0x00, 0x0B, 0xFB, 0x00, 0x00, 0x0B, 0xFB, 0x00, 0x00, 0x0B, 0xFB, 0x00, 0x00, 0x0B, 0xFB, 0x00, 0x00, 0x0B, 0xFB, 0x00,
  0x00, 0x0B, 0xFB, 0x00, 0x00, 0x0B, 0xFB, 0x00, 0x00, 0x0B, 0xFB, 0x00, 0x00, 0x0B, 0xFB, 0x00, 0x00, 0x0B, 0xFB, 0x00,
  0x00, 0x0B, 0xFB, 0x00, 0x00, 0x00, 0x33, 0x20, 0x00, 0xDF, 0x90, 0x00, 0xDF, 0x90, 0x00, 0x0C, 0x90, 0x00, 0x3F, 0x60,
  0x00, 0xBB, 0x10, 0x00, 0x00, 0xEF, 0x40, 0x00, 0x4F, 0xA0, 0x00, 0x09, 0xE2, 0x00, 0x00, 0xD8, 0x00, 0x00, 0x00, 0x00,
  0x00, 0x00, 0x00, 0x00, 0x0D, 0xFF, 0xFF, 0x00, 0xDF, 0xCA, 0xA0, 0x0D, 0xF7, 0x00, 0x00, 0xDF, 0x70, 0x00, 0x0D, 0xF7,
  0x00, 0x00, 0xDF, 0x70, 0x00, 0x0D, 0xF7, 0x00, 0x00, 0xDF, 0x70, 0x00, 0x0D, 0xF7, 0x00, 0x00, 0xDF, 0x70, 0x00, 0x0D,
  0xF7, 0x00, 0x00, 0xDF, 0x70, 0x00, 0x00, 0x33, 0x20, 0x23, 0x20, 0x00, 0xFF, 0x80, 0xBF, 0xC0, 0x00, 0xFF, 0x80, 0xBF,
  0xC0, 0x00, 0x0E, 0x70, 0x0A, 0xB0, 0x00, 0x2F, 0x40, 0x0D, 0x80, 0x00, 0xCA, 0x00, 0x8C, 0x20, 0x13, 0x30, 0x13, 0x30,
  0x13, 0x30, 0x4F, 0xF1, 0x5F, 0xF0, 0x7F, 0xD0, 0x4F, 0xF1, 0x5F, 0xF0, 0x7F, 0xD0, 0x00, 0x3F, 0xF1, 0x00, 0x00, 0x3F,
  0xF1, 0x00, 0x00, 0x3F, 0xF1, 0x00, 0x00, 0x3F, 0xF1, 0x00, 0x2A, 0xBF, 0xFA, 0xA1, 0x3F, 0xFF, 0xFF, 0xF1, 0x00, 0x3F,
  0xF1, 0x00, 0x00, 0x3F, 0xF1, 0x00, 0x00, 0x3F, 0xF1, 0x00, 0x00, 0x3F, 0xF1, 0x00, 0x00, 0x3F, 0xF1, 0x00, 0x00, 0x3F,
  0xF1, 0x00, 0x00, 0x3F, 0xF1, 0x00, 0x00, 0x3F, 0xF1, 0x00, 0x00, 0x3F, 0xF1, 0x00, 0x00, 0x3F, 0xF1, 0x00, 0x00, 0x3F,
  0xF1, 0x00, 0x00, 0x1F, 0xF2, 0x00, 0x00, 0x1F, 0xF2, 0x00, 0x00, 0x1F, 0xF2, 0x00, 0x00, 0x1F, 0xF2, 0x00, 0x00, 0x1F,
  0xF2, 0x00, 0x5F, 0xFF, 0xFF, 0xF5, 0x3A, 0xAF, 0xFA, 0xA4, 0x00, 0x1F, 0xF2, 0x00, 0x00, 0x1F, 0xF2, 0x00, 0x00, 0x1F,
  0xF2, 0x00, 0x3A, 0xAF, 0xFA, 0xA4, 0x5F, 0xFF, 0xFF, 0xF5, 0x00, 0x1F, 0xF2, 0x00, 0x00, 0x1F, 0xF2, 0x00, 0x00, 0x1F,
  0xF2, 0x00, 0x00, 0x1F, 0xF2, 0x00, 0x00, 0x1F, 0xF2, 0x00, 0x00, 0x03, 0xAE, 0xFE, 0xB3, 0x00, 0x02, 0xEF, 0xDB, 0xCF,
  0xE2, 0x00, 0x9F, 0xD1, 0x00, 0xBF, 0x90, 0x0D, 0xF8, 0x00, 0x07, 0xFC, 0x00, 0xEF, 0x70, 0x00, 0x7F, 0xD0, 0x0F, 0xF7,
  0x00, 0x04, 0x98, 0x4F, 0xFF, 0xFF, 0x80, 0x00, 0x03, 0xAF, 0xFC, 0xA6, 0x00, 0x00, 0x00, 0xFF, 0x70, 0x00, 0x00, 0x03,
  0xAF, 0xFC, 0xA6, 0x00, 0x00, 0x4F, 0xFF, 0xFF, 0x80, 0x00, 0x00, 0x0F, 0xF7, 0x00, 0x04, 0x98, 0x00, 0xEF, 0x70, 0x00,
  0x7F, 0xD0, 0x0D, 0xF8, 0x00, 0x07, 0xFC, 0x00, 0x9F, 0xD1, 0x00, 0xBF, 0x90, 0x02, 0xEF, 0xDB, 0xCF, 0xE2, 0x00, 0x03,
  0xAE, 0xFD, 0xB3, 0x00, 0x02, 0xBE, 0xEB, 0x30, 0x00, 0x7F, 0x90, 0x00, 0x00, 0x00, 0x00, 0x00, 0x00, 0x0B, 0xFD, 0xCF,
  0xD0, 0x00, 0xAF, 0x50, 0x00, 0x00, 0x00, 0x00, 0x00, 0x00, 0x1F, 0xE1, 0x0D, 0xF4, 0x00, 0xEF, 0x10, 0x00, 0x00, 0x00,
  0x00, 0x00, 0x00, 0x3F, 0xD0, 0x0B, 0xF6, 0x04, 0xFC, 0x00, 0x00, 0x00, 0x00, 0x00, 0x00, 0x00, 0x4F, 0xD0, 0x0B, 0xF7,
  0x08, 0xF8, 0x00, 0x00, 0x00, 0x00, 0x00, 0x00, 0x00, 0x3F, 0xD0, 0x0B, 0xF6, 0x0C, 0xF4, 0x00, 0x00, 0x00, 0x00, 0x00,
  0x00, 0x00, 0x1F, 0xF1, 0x0D, 0xF4, 0x1F, 0xE0, 0x00, 0x00, 0x00, 0x00, 0x00, 0x00, 0x00, 0x0B, 0xFD, 0xCF, 0xD0, 0x5F,
  0xA0, 0x00, 0x00, 0x00, 0x00, 0x00, 0x00, 0x00, 0x02, 0xAE, 0xEB, 0x30, 0x9F, 0x60, 0x5C, 0xED, 0x91, 0x00, 0x8D, 0xED,
  0x60, 0x00, 0x00, 0x00, 0x00, 0xDF, 0x22, 0xFF, 0xBE, 0xF8, 0x07, 0xFE, 0xBF, 0xF4, 0x00, 0x00, 0x00, 0x02, 0xFD, 0x08,
  0xFA, 0x04, 0xFD, 0x0C, 0xF5, 0x09, 0xF9, 0x00, 0x00, 0x00, 0x07, 0xF9, 0x09, 0xF8, 0x02, 0xFE, 0x0D, 0xF3, 0x06, 0xFA,
  0x00, 0x00, 0x00, 0x0B, 0xF5, 0x0A, 0xF7, 0x01, 0xFF, 0x0E, 0xF3, 0x06, 0xFB, 0x00, 0x00, 0x00, 0x0E, 0xF1, 0x09, 0xF8,
  0x02, 0xFE, 0x0D, 0xF3, 0x07, 0xFA, 0x00, 0x00, 0x00, 0x4F, 0xC0, 0x07, 0xFA, 0x04, 0xFC, 0x0C, 0xF6, 0x09, 0xF9, 0x00,
  0x00, 0x00, 0x8F, 0x80, 0x02, 0xFF, 0xAD, 0xF7, 0x06, 0xFE, 0xAF, 0xF3, 0x00, 0x00, 0x00, 0xCF, 0x40, 0x00, 0x5C, 0xED,
  0x80, 0x00, 0x8D, 0xED, 0x50, 0x00, 0x08, 0xFF, 0xFF, 0xFF, 0xF2, 0x00, 0x00, 0x00, 0x00, 0x08, 0xFD, 0xAA, 0xCF, 0xF2,
  0x00, 0x00, 0x00, 0x00, 0x09, 0xFA, 0x00, 0x5F, 0xF2, 0x00, 0x00, 0x00, 0x00, 0x0A, 0xF9, 0x00, 0x5F, 0xF2, 0x00, 0x00,
  0x00, 0x00, 0x0B, 0xF8, 0x00, 0x5F, 0xF2, 0x00, 0x00, 0x00, 0x00, 0x0C, 0xF7, 0x00, 0x5F, 0xF2, 0x00, 0x00, 0x00, 0x00,
  0x0C, 0xF6, 0x00, 0x5F, 0xF2, 0x00, 0x00, 0x00, 0x00, 0x0D, 0xF6, 0x00, 0x5F, 0xFA, 0x98, 0x30, 0x00, 0x00, 0x0E, 0xF5,
  0x00, 0x5F, 0xFF, 0xFF, 0xFA, 0x00, 0x00, 0x0F, 0xF4, 0x00, 0x5F, 0xF2, 0x27, 0xFF, 0x70, 0x00, 0x1F, 0xF2, 0x00, 0x5F,
  0xF2, 0x00, 0xAF, 0xB0, 0x00, 0x3F, 0xF1, 0x00, 0x5F, 0xF2, 0x00, 0x7F, 0xD0, 0x00, 0x5F, 0xD0, 0x00, 0x5F, 0xF2, 0x00,
  0x7F, 0xD0, 0x00, 0x9F, 0xA0, 0x00, 0x5F, 0xF2, 0x00, 0x8F, 0xC0, 0x02, 0xEF, 0x60, 0x00, 0x5F, 0xF2, 0x02, 0xDF, 0x80,
  0x9E, 0xFD, 0x00, 0x00, 0x5F, 0xFB, 0xBE, 0xFD, 0x10, 0xBE, 0xA2, 0x00, 0x00, 0x5F, 0xFF, 0xEC, 0x81, 0x00, 0x00, 0x00,
  0x21, 0x00, 0x01, 0xC2, 0x00, 0x0B, 0xF2, 0x00, 0x9F, 0xC1, 0x08, 0xFD, 0x20, 0x2F, 0xD2, 0x00, 0x1D, 0xF5, 0x00, 0x03,
  0xEF, 0x50, 0x00, 0x5F, 0xF1, 0x00, 0x06, 0xF2, 0x00, 0x00, 0x82, 0x00, 0x00, 0x00, 0x0B, 0xFB, 0x00, 0x06, 0xFF, 0x10,
  0x00, 0x00, 0x0B, 0xFB, 0x00, 0x06, 0xFF, 0x10, 0x00, 0x00, 0x0B, 0xFB, 0x00, 0x06, 0xFF, 0x10, 0x00, 0x00, 0x0B, 0xFB,
  0x00, 0x06, 0xFF, 0x10, 0x00, 0x00, 0x0B, 0xFB, 0x00, 0x06, 0xFF, 0x10, 0x00, 0x00, 0x0B, 0xFB, 0x00, 0x06, 0xFF, 0x10,
  0x00, 0x00, 0x0B, 0xFB, 0x00, 0x06, 0xFF, 0x10, 0x00, 0x00, 0x0B, 0xFE, 0xAA, 0xAC, 0xFF, 0xA9, 0x83, 0x00, 0x0B, 0xFF,
  0xFF, 0xFF, 0xFF, 0xFF, 0xFF, 0x90, 0x0B, 0xFB, 0x00, 0x06, 0xFF, 0x12, 0x8F, 0xF6, 0x0B, 0xFB, 0x00, 0x06, 0xFF, 0x10,
  0x0B, 0xFB, 0x0B, 0xFB, 0x00, 0x06, 0xFF, 0x10, 0x08, 0xFC, 0x0B, 0xFB, 0x00, 0x06, 0xFF, 0x10, 0x07, 0xFD, 0x0B, 0xFB,
  0x00, 0x06, 0xFF, 0x10, 0x09, 0xFB, 0x0B, 0xFB, 0x00, 0x06, 0xFF, 0x10, 0x3E, 0xF7, 0x0B, 0xFB, 0x00, 0x06, 0xFF, 0xBC,
  0xFF, 0xC1, 0x0B, 0xFB, 0x00, 0x06, 0xFF, 0xFE, 0xC8, 0x10, 0x00, 0x00, 0x00, 0xAF, 0x80, 0x00, 0x00, 0x00, 0x0E, 0xD1,
  0x00, 0x00, 0x00, 0x04, 0xF6, 0x00, 0x00, 0x00, 0x00, 0x9C, 0x00, 0x00, 0x00, 0x00, 0x00, 0x00, 0x00, 0x00, 0x00, 0x00,
  0x00, 0x00, 0x00, 0x0B, 0xFB, 0x00, 0x0A, 0xFC, 0x00, 0xBF, 0xB0, 0x01, 0xEF, 0x70, 0x0B, 0xFB, 0x00, 0x7F, 0xE1, 0x00,
  0xBF, 0xB0, 0x0D, 0xF9, 0x00, 0x0B, 0xFB, 0x04, 0xFF, 0x30, 0x00, 0xBF, 0xB0, 0xAF, 0xB0, 0x00, 0x0B, 0xFB, 0x2F, 0xF6,
  0x00, 0x00, 0xBF, 0xEC, 0xFE, 0x00, 0x00, 0x0B, 0xFF, 0xFF, 0xD0, 0x00, 0x00, 0xBF, 0xB4, 0xFF, 0x40, 0x00, 0x0B, 0xFB,
  0x0C, 0xFA, 0x00, 0x00, 0xBF, 0xB0, 0x6F, 0xF2, 0x00, 0x0B, 0xFB, 0x00, 0xEF, 0x80, 0x00, 0xBF, 0xB0, 0x08, 0xFE, 0x10,
  0x0B, 0xFB, 0x00, 0x2F, 0xF6, 0x00, 0xBF, 0xB0, 0x00, 0xAF, 0xC0, 0x0B, 0xFB, 0x00, 0x03, 0xFF, 0x40, 0x2F, 0xFF, 0xFF,
  0xFF, 0x70, 0x02, 0xAA, 0xDF, 0xEA, 0xA5, 0x00, 0x00, 0x0A, 0xFB, 0x00, 0x00, 0x00, 0x00, 0xAF, 0xB0, 0x00, 0x00, 0x00,
  0x0A, 0xFB, 0x00, 0x00, 0x00, 0x00, 0xAF, 0xB0, 0x00, 0x00, 0x00, 0x0A, 0xFB, 0x00, 0x00, 0x00, 0x00, 0xAF, 0xB6, 0x99,
  0x40, 0x00, 0x0A, 0xFF, 0xFF, 0xFF, 0x40, 0x00, 0xAF, 0xD3, 0x2E, 0xF7, 0x00, 0x0A, 0xFB, 0x00, 0xCF, 0x70, 0x00, 0xAF,
  0xB0, 0x0C, 0xF7, 0x00, 0x0A, 0xFB, 0x00, 0xCF, 0x70, 0x00, 0xAF, 0xB0, 0x0C, 0xF7, 0x00, 0x0A, 0xFB, 0x00, 0xCF, 0x70,
  0x00, 0xAF, 0xB0, 0x0C, 0xF7, 0x00, 0x0A, 0xFB, 0x00, 0xCF, 0x70, 0x0B, 0xFB, 0x00, 0x04, 0xFF, 0x30, 0xBF, 0xB0, 0x00,
  0x4F, 0xF3, 0x0B, 0xFB, 0x00, 0x04, 0xFF, 0x30, 0xBF, 0xB0, 0x00, 0x4F, 0xF3, 0x0B, 0xFB, 0x00, 0x04, 0xFF, 0x30, 0xBF,
  0xB0, 0x00, 0x4F, 0xF3, 0x0B, 0xFB, 0x00, 0x04, 0xFF, 0x30, 0xBF, 0xB0, 0x00, 0x4F, 0xF3, 0x0B, 0xFB, 0x00, 0x04, 0xFF,
  0x30, 0xBF, 0xB0, 0x00, 0x4F, 0xF3, 0x0B, 0xFB, 0x00, 0x04, 0xFF, 0x30, 0xBF, 0xB0, 0x00, 0x4F, 0xF3, 0x0B, 0xFB, 0x00,
  0x04, 0xFF, 0x30, 0xBF, 0xB0, 0x00, 0x4F, 0xF3, 0x0B, 0xFB, 0x00, 0x04, 0xFF, 0x30, 0xBF, 0xEB, 0xBB, 0xCF, 0xF3, 0x0B,
  0xFF, 0xFF, 0xFF, 0xFF, 0x30, 0x00, 0x04, 0xFC, 0x00, 0x00, 0x00, 0x00, 0x3F, 0xC0, 0x00, 0x00, 0x00, 0x03, 0xFB, 0x00,
  0x00, 0x00, 0xBF, 0x90, 0x00, 0x00, 0x00, 0x0B, 0xF9, 0x00, 0x00, 0x00, 0x00, 0xBF, 0x90, 0x00, 0x00, 0x04, 0xFF, 0xFF,
  0xFF, 0x90, 0x00, 0x3A, 0xDF, 0xDA, 0xA6, 0x00, 0x00, 0x0B, 0xF9, 0x00, 0x00, 0x00, 0x00, 0xBF, 0x90, 0x00, 0x00, 0x00,
  0x0B, 0xFB, 0x9D, 0xDA, 0x10, 0x00, 0xBF, 0xFB, 0x9F, 0xF7, 0x00, 0x0B, 0xFA, 0x00, 0xCF, 0x90, 0x00, 0xBF, 0x90, 0x0B,
  0xF9, 0x00, 0x0B, 0xF9, 0x00, 0xBF, 0x90, 0x00, 0xBF, 0x90, 0x0B, 0xF9, 0x00, 0x0B, 0xF9, 0x00, 0xBF, 0x90, 0x00, 0xBF,
  0x90, 0x0B, 0xF9, 0x00, 0x0B, 0xF9, 0x00, 0xBF, 0x90, 0x00, 0xBF, 0x90, 0x0C, 0xF8, 0x00, 0x00, 0x00, 0x01, 0xEF, 0x60,
  0x00, 0x00, 0x0A, 0xDF, 0xF2, 0x00, 0x00, 0x00, 0xFF, 0xD6, 0x00, 0x00, 0x63, 0x00, 0x00, 0x08, 0xE4, 0x00, 0x00, 0x0C,
  0x90, 0x00, 0x00, 0x0E, 0x92, 0x00, 0x00, 0x0E, 0xF9, 0x00, 0x00, 0x0E, 0xF9, 0x00, 0x00, 0x00, 0x00, 0x00, 0x00, 0x00,
  0x00, 0x00, 0x00, 0x00, 0x00, 0x00, 0x00, 0x00, 0x00, 0x00, 0x00, 0x00, 0x00, 0x00, 0x00, 0x00, 0x00, 0x00, 0x00, 0x00,
  0x00, 0x00, 0x00, 0x00, 0x00, 0x00, 0x00, 0x00, 0x00, 0x00, 0x00, 0x00, 0x00, 0x00, 0x00, 0x00, 0x00, 0x00, 0x00, 0x00,
  0x00, 0x00, 0x00, 0x0C, 0xFB, 0x0C, 0xFB, 0x02, 0xBB, 0x00, 0xC9, 0x08, 0xE3, 0x01, 0x00, 0x00, 0x00, 0x00, 0x00, 0x00,
  0x00, 0x00, 0x00, 0x00, 0x00, 0x00, 0x00, 0x00, 0x00, 0x00, 0x00, 0x00, 0x00, 0x00, 0x00, 0x00, 0x00, 0x00, 0x63, 0x00,
  0x45, 0x00, 0x07, 0xE4, 0x03, 0xF8, 0x00, 0x0C, 0x90, 0x08, 0xD0, 0x00, 0x0D, 0x92, 0x09, 0xC3, 0x00, 0x0E, 0xF9, 0x0A,
  0xFD, 0x00, 0x0E, 0xF9, 0x0A, 0xFD, 0x00, 0x00, 0x00, 0x00, 0x00, 0x00, 0x00, 0x00, 0x00, 0x00, 0x00, 0x00, 0x00, 0x00,
  0x00, 0x00, 0x00, 0x00, 0x00, 0x00, 0x00, 0x00, 0x00, 0x00, 0x00, 0x00, 0x00, 0x00, 0x00, 0x00, 0x00, 0x00, 0x00, 0x00,
  0x00, 0x00, 0x00, 0x00, 0x00, 0x00, 0x00, 0x00, 0x00, 0x00, 0x00, 0x00, 0x00, 0x00, 0x00, 0x00, 0x00, 0x00, 0x00, 0x00,
  0x00, 0x00, 0x00, 0x00, 0x00, 0x00, 0x00, 0x00, 0xDF, 0xA2, 0xFF, 0x60, 0x00, 0xDF, 0xA2, 0xFF, 0x60, 0x00, 0x3C, 0x90,
  0x3F, 0x50, 0x00, 0x0E, 0x70, 0x3F, 0x30, 0x00, 0xAD, 0x20, 0xDA, 0x00, 0x00, 0x10, 0x00, 0x10, 0x00, 0x00, 0x00, 0x00,
  0x00, 0x00, 0x00, 0x00, 0x00, 0x00, 0x00, 0x00, 0x00, 0x00, 0x00, 0x00, 0x00, 0x00, 0x00, 0x00, 0x00, 0x00, 0x00, 0x00,
  0x00, 0x00, 0x00, 0x00, 0x00, 0x00, 0x00, 0x00, 0x00, 0x00, 0x00, 0x00, 0x00, 0x00, 0x00, 0x00, 0x00, 0x00, 0x00, 0x00,
  0x00, 0x00, 0x00, 0x00, 0x00, 0x00, 0x00, 0x00, 0x00, 0x00, 0x00, 0x00, 0x00, 0xAE, 0xD6, 0x00, 0x07, 0xFF, 0xFE, 0x10,
  0x09, 0xFF, 0xFF, 0x30, 0x07, 0xFF, 0xFE, 0x10, 0x00, 0xAE, 0xD6, 0x00, 0x00, 0x00, 0x00, 0x00, 0x00, 0x00, 0x00, 0x00,
  0x00, 0x00, 0x00, 0x00, 0x00, 0x00, 0x00, 0x00, 0x00, 0x00, 0x00, 0x00, 0x00, 0x00, 0x00, 0x00, 0x9A, 0xAA, 0xAA, 0xAA,
  0xAA, 0x3D, 0xFF, 0xFF, 0xFF, 0xFF, 0xF4, 0x00, 0x00, 0x00, 0x00, 0x00, 0x00, 0x00, 0x00, 0x00, 0x00, 0x00, 0x00, 0x00,
  0x00, 0x00, 0x00, 0x00, 0x00, 0x00, 0x00, 0x00, 0x00, 0x9A, 0xAA, 0xAA, 0xAA, 0xAA, 0xAA, 0xAA, 0xAA, 0xAA, 0xAA, 0x2D,
  0xFF, 0xFF, 0xFF, 0xFF, 0xFF, 0xFF, 0xFF, 0xFF, 0xFF, 0xF3, 0x00, 0x00, 0x00, 0x00, 0x00, 0x00, 0x00, 0x00, 0x00, 0x00,
  0x00, 0x00, 0x00, 0x00, 0x00, 0x00, 0x00, 0x00, 0x00, 0x00, 0x00, 0x00, 0x00, 0x00, 0x00, 0x00, 0x00, 0x00, 0x00, 0x00,
  0x00, 0x00, 0x00, 0x00, 0x00, 0x00, 0x00, 0x00, 0x00, 0x00, 0x00, 0x00, 0x00, 0x00, 0x00, 0x00, 0x00, 0x00, 0x00, 0x00,
  0x00, 0x00, 0x00, 0x00, 0x00, 0x00, 0x00, 0x00, 0x00, 0x00, 0x00, 0x00, 0x00, 0x0D, 0xFF, 0xFF, 0x3D, 0xD0, 0x00, 0x5F,
  0x50, 0x68, 0xFB, 0x71, 0xDF, 0x30, 0x0A, 0xF5, 0x00, 0x3F, 0x90, 0x0D, 0xF8, 0x01, 0xEF, 0x50, 0x03, 0xF9, 0x00, 0xDF,
  0xC0, 0x6F, 0xF5, 0x00, 0x3F, 0x90, 0x0D, 0xBF, 0x2A, 0xBF, 0x50, 0x03, 0xF9, 0x00, 0xD8, 0xD8, 0xE6, 0xF5, 0x00, 0x3F,
  0x90, 0x0D, 0x89, 0xEF, 0x2F, 0x50, 0x03, 0xF9, 0x00, 0xD8, 0x4F, 0xB1, 0xF5, 0x00, 0x3F, 0x90, 0x0D, 0x80, 0xD6, 0x1F,
  0x50, 0x01, 0x53, 0x00, 0x43, 0x03, 0x10, 0x52, 0x00, 0x00, 0x00, 0x00, 0x00, 0x00, 0x00, 0x00, 0x00, 0x00, 0x00, 0x00,
  0x00, 0x00, 0x00, 0x00, 0x00, 0x00, 0x00, 0x00, 0x00, 0x00, 0x00, 0x00, 0x00, 0x00, 0x00, 0x00, 0x00, 0x00, 0x00, 0x00,
  0x00, 0x00, 0x00, 0x00, 0x00, 0x00, 0x00, 0x00, 0x00, 0x00, 0x00, 0x00, 0x00, 0x00, 0x00, 0x00, 0x00, 0x00, 0x00, 0x00,
  0x00, 0x00, 0x9F, 0xFF, 0xFF, 0xC0, 0x00, 0x00, 0x00, 0xAF, 0xCA, 0xCF, 0xC0, 0x00, 0x00, 0x00, 0xBF, 0x60, 0x7F, 0xC0,
  0x00, 0x00, 0x00, 0xCF, 0x50, 0x7F, 0xC0, 0x00, 0x00, 0x00, 0xCF, 0x50, 0x7F, 0xC0, 0x00, 0x00, 0x00, 0xDF, 0x40, 0x7F,
  0xFF, 0xEB, 0x30, 0x00, 0xEF, 0x30, 0x7F, 0xEB, 0xEF, 0xE1, 0x00, 0xFF, 0x10, 0x7F, 0xC0, 0x1E, 0xF4, 0x03, 0xFE, 0x00,
  0x7F, 0xC0, 0x0C, 0xF5, 0x07, 0xFB, 0x00, 0x7F, 0xC0, 0x1E, 0xF4, 0xAF, 0xF6, 0x00, 0x7F, 0xEB, 0xEF, 0xD0, 0xDE, 0x80,
  0x00, 0x7F, 0xFF, 0xDA, 0x20, 0x03, 0x00, 0x00, 0x0B, 0x50, 0x00, 0x0C, 0xE3, 0x00, 0x07, 0xFD, 0x20, 0x00, 0x8F, 0xC1,
  0x00, 0x09, 0xF7, 0x00, 0x3E, 0xF4, 0x03, 0xEF, 0x60, 0x0B, 0xF8, 0x00, 0x0C, 0xA0, 0x00, 0x08, 0x00, 0x00, 0x00, 0x00,
  0x00, 0x00, 0x00, 0x00, 0x0D, 0xF7, 0x01, 0xFF, 0x40, 0x00, 0x00, 0xDF, 0x70, 0x1F, 0xF4, 0x00, 0x00, 0x0D, 0xF7, 0x01,
  0xFF, 0x40, 0x00, 0x00, 0xDF, 0x70, 0x1F, 0xF4, 0x00, 0x00, 0x0D, 0xF7, 0x01, 0xFF, 0x40, 0x00, 0x00, 0xDF, 0xFF, 0xFF,
  0xFF, 0xEC, 0x70, 0x0D, 0xFC, 0xAA, 0xFF, 0xBC, 0xFF, 0x70, 0xDF, 0x70, 0x1F, 0xF4, 0x08, 0xFB, 0x0D, 0xF7, 0x01, 0xFF,
  0x40, 0x5F, 0xC0, 0xDF, 0x70, 0x1F, 0xF4, 0x06, 0xFB, 0x0D, 0xF7, 0x01, 0xFF, 0x87, 0xEF, 0x60, 0xDF, 0x70, 0x1F, 0xFF,
  0xEC, 0x70, 0x00, 0x00, 0x0A, 0xF9, 0x00, 0x00, 0x00, 0xEE, 0x10, 0x00, 0x00, 0x4F, 0x60, 0x00, 0x00, 0x09, 0xC0, 0x00,
  0x00, 0x00, 0x00, 0x00, 0x00, 0x00, 0x00, 0x00, 0x00, 0x0D, 0xF7, 0x01, 0xEF, 0x70, 0xDF, 0x70, 0x7F, 0xE1, 0x0D, 0xF7,
  0x0D, 0xF9, 0x00, 0xDF, 0x75, 0xFF, 0x20, 0x0D, 0xF7, 0xCF, 0xB0, 0x00, 0xDF, 0xFF, 0xF5, 0x00, 0x0D, 0xFC, 0xFF, 0x50,
  0x00, 0xDF, 0x7A, 0xFC, 0x00, 0x0D, 0xF7, 0x4F, 0xF3, 0x00, 0xDF, 0x70, 0xCF, 0x90, 0x0D, 0xF7, 0x06, 0xFE, 0x10, 0xDF,
  0x70, 0x0E, 0xF7, 0x00, 0xBF, 0x90, 0x00, 0x00, 0x00, 0x0B, 0xF9, 0x00, 0x00, 0x00, 0x00, 0xBF, 0x90, 0x00, 0x00, 0x04,
  0xFF, 0xFF, 0xFF, 0x90, 0x00, 0x3A, 0xDF, 0xDA, 0xA6, 0x00, 0x00, 0x0B, 0xF9, 0x00, 0x00, 0x00, 0x00, 0xBF, 0x90, 0x00,
  0x00, 0x00, 0x0B, 0xFB, 0xAE, 0xEB, 0x10, 0x00, 0xBF, 0xEA, 0x8E, 0xF7, 0x00, 0x0B, 0xF9, 0x00, 0xCF, 0x90, 0x00, 0xBF,
  0x90, 0x0B, 0xF9, 0x00, 0x0B, 0xF9, 0x00, 0xBF, 0x90, 0x00, 0xBF, 0x90, 0x0B, 0xF9, 0x00, 0x0B, 0xF9, 0x00, 0xBF, 0x90,
  0x00, 0xBF, 0x90, 0x0B, 0xF9, 0x00, 0x0B, 0xF9, 0x00, 0xBF, 0x90, 0x00, 0xBF, 0x90, 0x0B, 0xF9, 0x00, 0x0D, 0xF7, 0x00,
  0xFF, 0x40, 0xDF, 0x70, 0x0F, 0xF4, 0x0D, 0xF7, 0x00, 0xFF, 0x40, 0xDF, 0x70, 0x0F, 0xF4, 0x0D, 0xF7, 0x00, 0xFF, 0x40,
  0xDF, 0x70, 0x0F, 0xF4, 0x0D, 0xF7, 0x00, 0xFF, 0x40, 0xDF, 0x70, 0x0F, 0xF4, 0x0D, 0xF7, 0x00, 0xFF, 0x40, 0xDF, 0x70,
  0x0F, 0xF4, 0x0D, 0xFC, 0x99, 0xFF, 0x40, 0xDF, 0xFF, 0xFF, 0xF4, 0x00, 0x03, 0xFA, 0x00, 0x00, 0x00, 0x2F, 0x90, 0x00,
  0x00, 0x01, 0xF9, 0x00, 0x00, 0x01, 0xF5, 0x00, 0xAB, 0x00, 0x00, 0xDB, 0x24, 0xE8, 0x00, 0x00, 0x5E, 0xFF, 0xC1, 0x00,
  0x00, 0x00, 0x32, 0x00, 0x00, 0x00, 0x00, 0x00, 0x00, 0x00, 0x8F, 0xC0, 0x00, 0x3F, 0xF3, 0x5F, 0xE0, 0x00, 0x5F, 0xE0,
  0x1F, 0xF3, 0x00, 0x8F, 0xB0, 0x0C, 0xF6, 0x00, 0xBF, 0x90, 0x09, 0xF9, 0x00, 0xDF, 0x60, 0x06, 0xFC, 0x01, 0xFF, 0x20,
  0x02, 0xFE, 0x04, 0xFE, 0x00, 0x00, 0xEF, 0x37, 0xFB, 0x00, 0x00, 0xAF, 0x69, 0xF8, 0x00, 0x00, 0x7F, 0x8B, 0xF5, 0x00,
  0x00, 0x4F, 0xAD, 0xF1, 0x00, 0x00, 0x0E, 0xDE, 0xD0, 0x00, 0x00, 0x0C, 0xFF, 0xA0, 0x00, 0x00, 0x09, 0xFF, 0x70, 0x00,
  0x00, 0x05, 0xFF, 0x40, 0x00, 0x00, 0x03, 0xFF, 0x10, 0x00, 0x00, 0x05, 0xFD, 0x00, 0x00, 0x0B, 0xCF, 0xF8, 0x00, 0x00,
  0x0D, 0xFE, 0x91, 0x00, 0x00, 0x0C, 0x90, 0x05, 0xF1, 0x09, 0xE3, 0x2B, 0xC0, 0x02, 0xCF, 0xFE, 0x40, 0x00, 0x02, 0x30,
  0x00, 0x00, 0x00, 0x00, 0x00, 0x9F, 0x90, 0x06, 0xFD, 0x6F, 0xB0, 0x08, 0xFA, 0x2F, 0xE0, 0x0B, 0xF6, 0x0D, 0xF2, 0x0D,
  0xF3, 0x0A, 0xF5, 0x0F, 0xE0, 0x07, 0xF8, 0x3F, 0xB0, 0x04, 0xFA, 0x5F, 0x80, 0x00, 0xED, 0x7F, 0x50, 0x00, 0xBF, 0x9F,
  0x10, 0x00, 0x8F, 0xDD, 0x00, 0x00, 0x5F, 0xFA, 0x00, 0x00, 0x2F, 0xF7, 0x00, 0x00, 0x4F, 0xF2, 0x00, 0x0D, 0xFF, 0xB0,
  0x00, 0x0E, 0xD9, 0x10, 0x00, 0x00, 0x7F, 0xF0, 0x00, 0x7F, 0xF0, 0x00, 0x7F, 0xF0, 0x00, 0x7F, 0xF0, 0x00, 0x7F, 0xF0,
  0x00, 0x7F, 0xF0, 0x00, 0x7F, 0xF0, 0x00, 0x7F, 0xF0, 0x00, 0x7F, 0xF0, 0x00, 0x7F, 0xF0, 0x00, 0x7F, 0xF0, 0x00, 0x7F,
  0xF0, 0x00, 0x7F, 0xF0, 0x00, 0x7F, 0xE0, 0x00, 0xBF, 0xD0, 0x9C, 0xFF, 0x80, 0xDF, 0xE9, 0x00, 0x13, 0x00, 0x00, 0x00,
  0x00, 0x40, 0x08, 0x35, 0xCF, 0xEA, 0x27, 0x40, 0x00, 0xBD, 0x51, 0x28, 0xE5, 0x00, 0x03, 0xE2, 0x00, 0x00, 0x7B, 0x00,
  0x09, 0x80, 0x00, 0x00, 0x0E, 0x20, 0x0A, 0x60, 0x00, 0x00, 0x0C, 0x40, 0x09, 0x80, 0x00, 0x00, 0x0E, 0x20, 0x03, 0xE2,
  0x00, 0x00, 0x7B, 0x00, 0x00, 0xBD, 0x51, 0x28, 0xE5, 0x00, 0x08, 0x36, 0xCF, 0xEA, 0x27, 0x40, 0x13, 0x00, 0x00, 0x00,
  0x00, 0x30, 0x00, 0x00, 0x00, 0x00, 0x00, 0x00, 0x00, 0x00, 0x00, 0x00, 0x00, 0x00, 0x00, 0x00, 0x00, 0x00, 0x00, 0x00,
  0x00, 0x00, 0x00, 0xBC, 0x00, 0x00, 0x00, 0xBC, 0x0B, 0xFF, 0xFF, 0xFC, 0x0B, 0xFE, 0xAA, 0xA8, 0x0B, 0xFB, 0x00, 0x00,
  0x0B, 0xFB, 0x00, 0x00, 0x0B, 0xFB, 0x00, 0x00, 0x0B, 0xFB, 0x00, 0x00, 0x0B, 0xFB, 0x00, 0x00, 0x0B, 0xFB, 0x00, 0x00,
  0x0B, 0xFB, 0x00, 0x00, 0x0B, 0xFB, 0x00, 0x00, 0x0B, 0xFB, 0x00, 0x00, 0x0B, 0xFB, 0x00, 0x00, 0x0B, 0xFB, 0x00, 0x00,
  0x0B, 0xFB, 0x00, 0x00, 0x0B, 0xFB, 0x00, 0x00, 0x0B, 0xFB, 0x00, 0x00, 0x0B, 0xFB, 0x00, 0x00, 0x0B, 0xF3, 0x0B, 0xF3,
  0x0B, 0xF3, 0x0B, 0xF3, 0x0B, 0xF3, 0x0B, 0xF3, 0x0B, 0xF3, 0x0B, 0xF3, 0x00, 0x00, 0x00, 0x00, 0x00, 0x00, 0x00, 0x00,
  0x0B, 0xF3, 0x0B, 0xF3, 0x0B, 0xF3, 0x0B, 0xF3, 0x0B, 0xF3, 0x0B, 0xF3, 0x0B, 0xF3, 0x0B, 0xF3, 0x01, 0x9D, 0xFD, 0x60,
  0x00, 0xBF, 0xEB, 0xEF, 0x60, 0x0F, 0xF5, 0x04, 0xFD, 0x00, 0xEF, 0x70, 0x06, 0x30, 0x06, 0xFF, 0x91, 0x00, 0x00, 0x1B,
  0xFF, 0xD4, 0x00, 0x0B, 0xFE, 0xCF, 0xF5, 0x01, 0xFF, 0x50, 0x9F, 0xD0, 0x1F, 0xF5, 0x01, 0xFF, 0x20, 0xCF, 0xD4, 0x4F,
  0xF1, 0x02, 0xCF, 0xFE, 0xFA, 0x00, 0x00, 0x8F, 0xFD, 0x10, 0x00, 0x00, 0x3D, 0xF9, 0x00, 0x46, 0x00, 0x4F, 0xF0, 0x0E,
  0xF3, 0x04, 0xFE, 0x00, 0x7F, 0xEB, 0xEF, 0xA0, 0x00, 0x7D, 0xFD, 0x91, 0x00, 0x05, 0xFF, 0x0B, 0xF9, 0x00, 0x5F, 0xF0,
  0xBF, 0x90, 0x01, 0x33, 0x02, 0x32, 0x00, 0x00, 0x00, 0x00, 0x00, 0x0B, 0xFF, 0xFF, 0xFE, 0x00, 0xBF, 0xEA, 0xAA, 0x90,
  0x0B, 0xFB, 0x00, 0x00, 0x00, 0xBF, 0xB0, 0x00, 0x00, 0x0B, 0xFB, 0x00, 0x00, 0x00, 0xBF, 0xB0, 0x00, 0x00, 0x0B, 0xFB,
  0x00, 0x00, 0x00, 0xBF, 0xEA, 0xAA, 0x20, 0x0B, 0xFF, 0xFF, 0xF3, 0x00, 0xBF, 0xB0, 0x00, 0x00, 0x0B, 0xFB, 0x00, 0x00,
  0x00, 0xBF, 0xB0, 0x00, 0x00, 0x0B, 0xFB, 0x00, 0x00, 0x00, 0xBF, 0xB0, 0x00, 0x00, 0x0B, 0xFB, 0x00, 0x00, 0x00, 0xBF,
  0xEA, 0xAA, 0xA0, 0x0B, 0xFF, 0xFF, 0xFF, 0x00, 0x00, 0x00, 0x06, 0xAD, 0xEF, 0xEB, 0x71, 0x00, 0x00, 0x00, 0x04, 0xDC,
  0x73, 0x11, 0x26, 0xBD, 0x40, 0x00, 0x00, 0x4E, 0x70, 0x17, 0xAA, 0x82, 0x05, 0xE5, 0x00, 0x01, 0xE8, 0x01, 0xDF, 0xFF,
  0xFE, 0x20, 0x4E, 0x30, 0x09, 0xB0, 0x08, 0xFE, 0x32, 0xCF, 0x90, 0x08, 0xA0, 0x0E, 0x40, 0x0C, 0xFA, 0x00, 0x8F, 0xB0,
  0x01, 0xE1, 0x3E, 0x00, 0x0D, 0xF9, 0x00, 0x5A, 0x80, 0x00, 0xB5, 0x6C, 0x00, 0x0D, 0xF9, 0x00, 0x00, 0x00, 0x00, 0x97,
  0x6B, 0x00, 0x0D, 0xF9, 0x00, 0x00, 0x00, 0x00, 0x88, 0x6C, 0x00, 0x0D, 0xF9, 0x00, 0x36, 0x50, 0x00, 0x97, 0x3E, 0x00,
  0x0C, 0xFA, 0x00, 0x8F, 0xC0, 0x00, 0xB5, 0x0E, 0x40, 0x0A, 0xFC, 0x00, 0xAF, 0xA0, 0x01, 0xE1, 0x08, 0xB0, 0x04, 0xFF,
  0xCB, 0xFF, 0x50, 0x08, 0xA0, 0x01, 0xE8, 0x00, 0x6C, 0xFF, 0xD7, 0x00, 0x4E, 0x20, 0x00, 0x4E, 0x70, 0x00, 0x00, 0x00,
  0x05, 0xE5, 0x00, 0x00, 0x04, 0xDC, 0x73, 0x11, 0x26, 0xBD, 0x40, 0x00, 0x00, 0x00, 0x16, 0xBD, 0xEE, 0xDB, 0x71, 0x00,
  0x00, 0x00, 0x3A, 0xEF, 0xEB, 0x30, 0x00, 0x1D, 0xFD, 0xBC, 0xFE, 0x20, 0x08, 0xFD, 0x10, 0x0B, 0xF9, 0x00, 0xCF, 0x80,
  0x00, 0x7F, 0xC0, 0x0E, 0xF7, 0x00, 0x07, 0xFD, 0x00, 0xFF, 0x70, 0x00, 0x36, 0x50, 0x0F, 0xF7, 0x00, 0x00, 0x00, 0x00,
  0xFF, 0xCA, 0xAA, 0x70, 0x00, 0x0F, 0xFF, 0xFF, 0xFA, 0x00, 0x00, 0xFF, 0x70, 0x00, 0x00, 0x00, 0x0F, 0xF7, 0x00, 0x00,
  0x00, 0x00, 0xFF, 0x70, 0x00, 0x5B, 0xA0, 0x0E, 0xF7, 0x00, 0x07, 0xFD, 0x00, 0xCF, 0x90, 0x00, 0x8F, 0xB0, 0x08, 0xFD,
  0x10, 0x0C, 0xF8, 0x00, 0x1D, 0xFD, 0xBD, 0xFE, 0x20, 0x00, 0x2A, 0xEF, 0xDB, 0x30, 0x00, 0x00, 0x01, 0x10, 0x01, 0x20,
  0x00, 0x0B, 0x20, 0x09, 0x30, 0x00, 0x7F, 0x20, 0x5F, 0x30, 0x03, 0xED, 0x12, 0xEE, 0x20, 0x1C, 0xF5, 0x0C, 0xF6, 0x00,
  0x6F, 0xA0, 0x5F, 0xB0, 0x00, 0x4F, 0xD1, 0x3F, 0xD1, 0x00, 0x09, 0xF8, 0x08, 0xFA, 0x00, 0x01, 0xCF, 0x10, 0xCF, 0x30,
  0x00, 0x3E, 0x20, 0x2E, 0x30, 0x00, 0x07, 0x20, 0x05, 0x30, 0x00, 0x00, 0x00, 0x00, 0x00, 0x2A, 0xAA, 0xAA, 0xA6, 0x3F,
  0xFF, 0xFF, 0xF9, 0x00, 0x00, 0x00, 0xA9, 0x00, 0x00, 0x00, 0xA9, 0x00, 0x00, 0x00, 0x55, 0x00, 0x00, 0x00, 0x00, 0x00,
  0x00, 0x00, 0x00, 0x00, 0x00, 0x00, 0x00, 0x00, 0x00, 0x00, 0x00, 0x00, 0x00, 0x00, 0x00, 0x08, 0xAA, 0xAA, 0x10, 0xCF,
  0xFF, 0xF1, 0x00, 0x00, 0x00, 0x00, 0x00, 0x00, 0x00, 0x00, 0x00, 0x00, 0x00, 0x00, 0x00, 0x00, 0x00, 0x00, 0x00, 0x00,
  0x00, 0x00, 0x00, 0x00, 0x00, 0x00, 0x00, 0x00, 0x00, 0x00, 0x00, 0x00, 0x00, 0x00, 0x00, 0x00, 0x00, 0x00, 0x00, 0x04,
  0x9D, 0xEF, 0xEC, 0x82, 0x00, 0x00, 0x00, 0x00, 0x1B, 0xE8, 0x41, 0x12, 0x6B, 0xE6, 0x00, 0x00, 0x00, 0x1C, 0xB1, 0x00,
  0x00, 0x00, 0x04, 0xE8, 0x00, 0x00, 0x0A, 0xC0, 0x0D, 0xFF, 0xFD, 0x81, 0x04, 0xF5, 0x00, 0x04, 0xF3, 0x00, 0xDF, 0xBB,
  0xEF, 0x80, 0x08, 0xC0, 0x00, 0x9B, 0x00, 0x0D, 0xF2, 0x04, 0xFD, 0x00, 0x2F, 0x30, 0x0D, 0x70, 0x00, 0xDF, 0x20, 0x2F,
  0xE0, 0x00, 0xC8, 0x00, 0xF4, 0x00, 0x0D, 0xF2, 0x29, 0xFB, 0x00, 0x0A, 0xA0, 0x0F, 0x30, 0x00, 0xDF, 0xFF, 0xFD, 0x30,
  0x00, 0x9A, 0x00, 0xF4, 0x00, 0x0D, 0xFB, 0xDF, 0x60, 0x00, 0x0A, 0xA0, 0x0D, 0x70, 0x00, 0xDF, 0x25, 0xFC, 0x00, 0x00,
  0xC8, 0x00, 0x9B, 0x00, 0x0D, 0xF2, 0x0D, 0xF3, 0x00, 0x2F, 0x40, 0x03, 0xF3, 0x00, 0xDF, 0x20, 0x8F, 0xA0, 0x09, 0xC0,
  0x00, 0x0A, 0xD1, 0x0D, 0xF2, 0x02, 0xEE, 0x14, 0xF5, 0x00, 0x00, 0x1C, 0xB1, 0x00, 0x00, 0x00, 0x05, 0xE8, 0x00, 0x00,
  0x00, 0x1B, 0xE8, 0x41, 0x12, 0x5B, 0xE7, 0x00, 0x00, 0x00, 0x00, 0x04, 0x9D, 0xEF, 0xDC, 0x82, 0x00, 0x00, 0x00, 0x6F,
  0xE0, 0xBF, 0x96, 0xFE, 0x0B, 0xF9, 0x13, 0x30, 0x23, 0x20, 0x00, 0x00, 0x00, 0x00, 0x9F, 0xC0, 0x00, 0x09, 0xFC, 0x00,
  0x00, 0x9F, 0xC0, 0x00, 0x09, 0xFC, 0x00, 0x00, 0x9F, 0xC0, 0x00, 0x09, 0xFC, 0x00, 0x00, 0x9F, 0xC0, 0x00, 0x09, 0xFC,
  0x00, 0x00, 0x9F, 0xC0, 0x00, 0x09, 0xFC, 0x00, 0x00, 0x9F, 0xC0, 0x00, 0x09, 0xFC, 0x00, 0x00, 0x9F, 0xC0, 0x00, 0x09,
  0xFC, 0x00, 0x00, 0x9F, 0xC0, 0x00, 0x09, 0xFC, 0x00, 0x00, 0x9F, 0xC0, 0x00, 0x00, 0x5C, 0xED, 0x91, 0x00, 0x04, 0xFE,
  0xBD, 0xFB, 0x00, 0x0A, 0xF4, 0x00, 0xBF, 0x20, 0x0C, 0xF0, 0x00, 0x8F, 0x40, 0x0A, 0xF4, 0x00, 0xBF, 0x20, 0x04, 0xFE,
  0xBD, 0xFB, 0x00, 0x00, 0x5C, 0xED, 0x91, 0x00, 0x00, 0x00, 0x00, 0x00, 0x00, 0x00, 0x00, 0x00, 0x00, 0x00, 0x00, 0x00,
  0x00, 0x00, 0x00, 0x00, 0x00, 0x00, 0x00, 0x00, 0x00, 0x00, 0x00, 0x00, 0x00, 0x00, 0x00, 0x00, 0x00, 0x00, 0x00, 0x00,
  0x00, 0x00, 0x00, 0x00, 0x00, 0x00, 0x00, 0x00, 0x00, 0x00, 0x00, 0x00, 0x00, 0x00, 0x00, 0x00, 0x00, 0x00, 0x00, 0x0F,
  0xC0, 0x00, 0x00, 0x0F, 0xC0, 0x00, 0x0D, 0xFF, 0xFF, 0x90, 0x08, 0xAF, 0xEA, 0x60, 0x00, 0x0F, 0xC0, 0x00, 0x00, 0x00,
  0x00, 0x00, 0x00, 0x00, 0x00, 0x00, 0x08, 0xAA, 0xAA, 0x60, 0x0D, 0xFF, 0xFF, 0x90, 0x09, 0xFC, 0x00, 0x9F, 0xC0, 0x09,
  0xFC, 0x00, 0x9F, 0xC0, 0x09, 0xFC, 0x00, 0x9F, 0xC0, 0x09, 0xFC, 0x00, 0x9F, 0xC0, 0x09, 0xFC, 0x00, 0x9F, 0xC0, 0x09,
  0xFC, 0x00, 0x9F, 0xC0, 0x09, 0xFC, 0x00, 0x9F, 0xC0, 0x09, 0xFC, 0x00, 0x9F, 0xC0, 0x09, 0xFC, 0x00, 0x0B, 0xFA, 0x00,
  0xBF, 0xA0, 0x02, 0x32, 0x00, 0x00, 0x00, 0x0B, 0xF9, 0x00, 0xBF, 0x90, 0x0B, 0xF9, 0x00, 0xBF, 0x90, 0x0B, 0xF9, 0x00,
  0xBF, 0x90, 0x0B, 0xF9, 0x00, 0xBF, 0x90, 0x0B, 0xF9, 0x00, 0xBF, 0x90, 0x0B, 0xF9, 0x00, 0xBF, 0x90, 0x00, 0x00, 0x4F,
  0x10, 0x00, 0x04, 0xF1, 0x0D, 0xFF, 0xFF, 0x10, 0xDF, 0xCA, 0xA1, 0x0D, 0xF7, 0x00, 0x00, 0xDF, 0x70, 0x00, 0x0D, 0xF7,
  0x00, 0x00, 0xDF, 0x70, 0x00, 0x0D, 0xF7, 0x00, 0x00, 0xDF, 0x70, 0x00, 0x0D, 0xF7, 0x00, 0x00, 0xDF, 0x70, 0x00, 0x0D,
  0xF7, 0x00, 0x00, 0xDF, 0x70, 0x00, 0x0E, 0xF5, 0x03, 0xFF, 0x20, 0xEF, 0x50, 0x3F, 0xF2, 0x0E, 0xF5, 0x03, 0xFF, 0x20,
  0xEF, 0x50, 0x3F, 0xF2, 0x0E, 0xF5, 0x03, 0xFF, 0x20, 0xEF, 0x50, 0x3F, 0xF2, 0x0E, 0xF5, 0x03, 0xFF, 0x20, 0xEF, 0x50,
  0x3F, 0xF2, 0x0E, 0xF5, 0x03, 0xFF, 0x20, 0xEF, 0x60, 0x5F, 0xF2, 0x0E, 0xFD, 0xAE, 0xFF, 0x20, 0xEF, 0xFB, 0x5F, 0xF2,
  0x0E, 0xF6, 0x00, 0x00, 0x00, 0xEF, 0x60, 0x00, 0x00, 0x0E, 0xF6, 0x00, 0x00, 0x00, 0x03, 0xAD, 0xFF, 0xFF, 0xF0, 0x1D,
  0xFF, 0xFC, 0x0A, 0xF0, 0x4F, 0xFF, 0xFC, 0x0A, 0xF0, 0x4F, 0xFF, 0xFC, 0x0A, 0xF0, 0x1D, 0xFF, 0xFC, 0x0A, 0xF0, 0x03,
  0xAE, 0xFC, 0x0A, 0xF0, 0x00, 0x00, 0xDC, 0x0A, 0xF0, 0x00, 0x00, 0xDC, 0x0A, 0xF0, 0x00, 0x00, 0xDC, 0x0A, 0xF0, 0x00,
  0x00, 0xDC, 0x0A, 0xF0, 0x00, 0x00, 0xDC, 0x0A, 0xF0, 0x00, 0x00, 0xDC, 0x0A, 0xF0, 0x00, 0x00, 0xDC, 0x0A, 0xF0, 0x00,
  0x00, 0xDC, 0x0A, 0xF0, 0x00, 0x00, 0xDC, 0x0A, 0xF0, 0x00, 0x00, 0xDC, 0x0A, 0xF0, 0x00, 0x00, 0xDC, 0x0A, 0xF0, 0x00,
  0x00, 0xDC, 0x0A, 0xF0, 0x00, 0x00, 0x77, 0x05, 0x80, 0x13, 0x30, 0x4F, 0xF0, 0x4F, 0xF0, 0x00, 0x00, 0x00, 0x00, 0x00,
  0x00, 0x00, 0x00, 0x00, 0x00, 0x00, 0x00, 0x00, 0x00, 0x08, 0xFC, 0x0E, 0xF6, 0x00, 0x8F, 0xC0, 0xEF, 0x60, 0x02, 0x32,
  0x03, 0x31, 0x00, 0x00, 0x00, 0x00, 0x00, 0x00, 0x9E, 0xFD, 0x80, 0x00, 0x8F, 0xEB, 0xEF, 0x70, 0x0D, 0xF5, 0x07, 0xFC,
  0x01, 0xFF, 0x30, 0x5F, 0xE0, 0x2F, 0xFB, 0xAB, 0xFE, 0x02, 0xFF, 0xFF, 0xFF, 0xE0, 0x2F, 0xF3, 0x00, 0x00, 0x02, 0xFF,
  0x30, 0x25, 0x50, 0x1F, 0xF3, 0x05, 0xFD, 0x00, 0xDF, 0x60, 0x7F, 0xC0, 0x08, 0xFE, 0xBE, 0xF6, 0x00, 0x19, 0xEF, 0xD7,
  0x00, 0x0B, 0xF3, 0x00, 0x04, 0xFC, 0x00, 0x00, 0x00, 0x00, 0x00, 0x0B, 0xF9, 0x00, 0x04, 0xFC, 0x00, 0x00, 0x00, 0x00,
  0x00, 0x0B, 0xFE, 0x10, 0x04, 0xFC, 0x00, 0x00, 0x00, 0x00, 0x00, 0x0B, 0xFF, 0x70, 0x04, 0xFC, 0x00, 0x00, 0x00, 0x00,
  0x00, 0x0B, 0xFF, 0xD0, 0x04, 0xFC, 0x00, 0x00, 0x00, 0x00, 0x00, 0x0B, 0xFE, 0xF5, 0x04, 0xFC, 0x00, 0x08, 0xDF, 0xE9,
  0x00, 0x0B, 0xF9, 0xFB, 0x04, 0xFC, 0x00, 0x7F, 0xEB, 0xEF, 0x80, 0x0B, 0xF6, 0xDF, 0x34, 0xFC, 0x00, 0xCF, 0x70, 0x6F,
  0xD0, 0x0B, 0xF6, 0x7F, 0x94, 0xFC, 0x00, 0xFF, 0x50, 0x4F, 0xF0, 0x0B, 0xF6, 0x1E, 0xE5, 0xFC, 0x00, 0xFF, 0x40, 0x4F,
  0xF1, 0x0B, 0xF6, 0x09, 0xFA, 0xFC, 0x00, 0xFF, 0x40, 0x4F, 0xF1, 0x0B, 0xF6, 0x03, 0xFF, 0xFC, 0x00, 0xFF, 0x40, 0x4F,
  0xF1, 0x0B, 0xF6, 0x00, 0xBF, 0xFC, 0x00, 0xFF, 0x40, 0x4F, 0xF1, 0x0B, 0xF6, 0x00, 0x5F, 0xFC, 0x00, 0xFF, 0x50, 0x4F,
  0xF0, 0x0B, 0xF6, 0x00, 0x0D, 0xFC, 0x00, 0xCF, 0x70, 0x6F, 0xD0, 0x0B, 0xF6, 0x00, 0x07, 0xFC, 0x00, 0x7F, 0xEB, 0xEF,
  0x70, 0x0B, 0xF6, 0x00, 0x01, 0xEC, 0x00, 0x08, 0xDF, 0xE9, 0x00, 0x01, 0x9D, 0xFE, 0x90, 0x08, 0xFE, 0xBE, 0xF7, 0x0D,
  0xF6, 0x07, 0xFB, 0x0F, 0xF4, 0x04, 0xDB, 0x1F, 0xF3, 0x00, 0x00, 0x1F, 0xFF, 0xFF, 0x30, 0x1F, 0xFB, 0xAA, 0x20, 0x1F,
  0xF3, 0x01, 0x33, 0x0F, 0xF4, 0x05, 0xFC, 0x0D, 0xF6, 0x06, 0xFA, 0x08, 0xFE, 0xBE, 0xF6, 0x01, 0x9D, 0xFE, 0x80, 0x02,
  0x00, 0x02, 0x00, 0x00, 0x0B, 0x20, 0x0A, 0x30, 0x00, 0x0C, 0xC0, 0x0B, 0xC1, 0x00, 0x0A, 0xF8, 0x08, 0xFA, 0x00, 0x01,
  0xDF, 0x50, 0xCF, 0x60, 0x00, 0x3F, 0xD0, 0x2E, 0xD0, 0x00, 0x7F, 0xB0, 0x6F, 0xC0, 0x04, 0xFE, 0x23, 0xEE, 0x20, 0x0C,
  0xF4, 0x0B, 0xF5, 0x00, 0x0C, 0x80, 0x0B, 0x90, 0x00, 0x08, 0x00, 0x08, 0x00, 0x00, 0x00, 0x00, 0x00, 0x00, 0x00, 0x00,
  0x9F, 0xB0, 0x00, 0x9F, 0xB0, 0x00, 0x23, 0x20, 0x00, 0x00, 0x00, 0x00, 0x9F, 0xB0, 0x00, 0x9F, 0xB0, 0x00, 0x9F, 0xB0,
  0x00, 0x9F, 0xB0, 0x00, 0x9F, 0xB0, 0x00, 0x9F, 0xB0, 0x00, 0x9F, 0xB0, 0x00, 0x9F, 0xB0, 0x00, 0x9F, 0xB0, 0x00, 0x9F,
  0xB0, 0x00, 0x9F, 0xB0, 0x00, 0x9F, 0xB0, 0x00, 0xBF, 0xA0, 0x5C, 0xFF, 0x70, 0x6F, 0xE8, 0x00, 0x00, 0x7D, 0xFE, 0xC5,
  0x00, 0x08, 0xFE, 0xBC, 0xFF, 0x50, 0x0E, 0xF4, 0x00, 0x8F, 0xC0, 0x3F, 0xF1, 0x00, 0x2F, 0xF1, 0x2F, 0xF4, 0x00, 0x0A,
  0x71, 0x0E, 0xFD, 0x20, 0x00, 0x00, 0x08, 0xFF, 0xD3, 0x00, 0x00, 0x00, 0xAF, 0xFE, 0x50, 0x00, 0x00, 0x08, 0xFF, 0xF5,
  0x00, 0x00, 0x00, 0x7F, 0xFF, 0x30, 0x00, 0x00, 0x05, 0xFF, 0xC0, 0x00, 0x30, 0x00, 0x7F, 0xF3, 0x2E, 0xF1, 0x00, 0x1E,
  0xF6, 0x0E, 0xF4, 0x00, 0x0D, 0xF6, 0x0A, 0xFB, 0x00, 0x2F, 0xF3, 0x02, 0xEF, 0xDB, 0xEF, 0xA0, 0x00, 0x3B, 0xEF, 0xD8,
  0x00, 0x03, 0xBE, 0xE9, 0x10, 0x0D, 0xFC, 0xCF, 0x80, 0x2F, 0xE0, 0x0C, 0xE0, 0x2F, 0xF2, 0x06, 0x60, 0x0C, 0xFD, 0x30,
  0x00, 0x02, 0xDF, 0xE4, 0x00, 0x00, 0x1B, 0xFF, 0x50, 0x00, 0x00, 0x9F, 0xE1, 0x39, 0x60, 0x0D, 0xF5, 0x5F, 0xC0, 0x0C,
  0xF4, 0x1D, 0xFC, 0xCF, 0xD1, 0x02, 0xBE, 0xEB, 0x30, 0x9F, 0xB0, 0xEF, 0x69, 0xFB, 0x0E, 0xF6, 0x23, 0x20, 0x33, 0x10,
  0x00, 0x00, 0x00, 0x00, 0xBF, 0x90, 0x00, 0x0B, 0xF9, 0x00, 0x00, 0xBF, 0x90, 0x00, 0x0B, 0xF9, 0x00, 0x00, 0xBF, 0x90,
  0x00, 0x0B, 0xF9, 0x00, 0x00, 0xBF, 0x90, 0x00, 0x0B, 0xF9, 0x00, 0x00, 0xBF, 0x90, 0x00, 0x0B, 0xF9, 0x00, 0x00, 0xBF,
  0x90, 0x00, 0x0B, 0xF9, 0x00, 0x00, 0x02, 0xFF, 0x70, 0x00, 0x00, 0x05, 0xFF, 0xA0, 0x00, 0x00, 0x09, 0xFF, 0xD0, 0x00,
  0x00, 0x0C, 0xFE, 0xF1, 0x00, 0x00, 0x0E, 0xEA, 0xF5, 0x00, 0x00, 0x3F, 0xC8, 0xF8, 0x00, 0x00, 0x6F, 0xA5, 0xFB, 0x00,
  0x00, 0xAF, 0x72, 0xFE, 0x00, 0x00, 0xCF, 0x40, 0xDF, 0x30, 0x01, 0xFF, 0x10, 0xBF, 0x60, 0x04, 0xFD, 0x00, 0x8F, 0x90,
  0x07, 0xFF, 0xFF, 0xFF, 0xC0, 0x0A, 0xFC, 0xBB, 0xBF, 0xF0, 0x0D, 0xF5, 0x00, 0x0E, 0xF4, 0x2F, 0xF2, 0x00, 0x0C, 0xF7,
  0x5F, 0xE0, 0x00, 0x0A, 0xFA, 0x8F, 0xC0, 0x00, 0x07, 0xFD, 0x0B, 0xFF, 0xFF, 0xFF, 0xA0, 0x0B, 0xFE, 0xAA, 0xAA, 0x70,
  0x0B, 0xFB, 0x00, 0x00, 0x00, 0x0B, 0xFB, 0x00, 0x00, 0x00, 0x0B, 0xFB, 0x00, 0x00, 0x00, 0x0B, 0xFB, 0x00, 0x00, 0x00,
  0x0B, 0xFB, 0x00, 0x00, 0x00, 0x0B, 0xFE, 0xA9, 0x72, 0x00, 0x0B, 0xFF, 0xFF, 0xFF, 0x70, 0x0B, 0xFB, 0x03, 0x9F, 0xF4,
  0x0B, 0xFB, 0x00, 0x0D, 0xF9, 0x0B, 0xFB, 0x00, 0x0A, 0xFA, 0x0B, 0xFB, 0x00, 0x0A, 0xFB, 0x0B, 0xFB, 0x00, 0x0B, 0xF9,
  0x0B, 0xFB, 0x00, 0x3F, 0xF5, 0x0B, 0xFE, 0xAB, 0xFF, 0xB0, 0x0B, 0xFF, 0xFE, 0xC7, 0x00, 0x0B, 0xFF, 0xFF, 0xDA, 0x20,
  0x00, 0xBF, 0xEA, 0xAD, 0xFE, 0x20, 0x0B, 0xFB, 0x00, 0x0B, 0xF8, 0x00, 0xBF, 0xB0, 0x00, 0x7F, 0xB0, 0x0B, 0xFB, 0x00,
  0x06, 0xFC, 0x00, 0xBF, 0xB0, 0x00, 0x7F, 0xA0, 0x0B, 0xFB, 0x00, 0x1D, 0xF6, 0x00, 0xBF, 0xEA, 0xBE, 0xE9, 0x00, 0x0B,
  0xFF, 0xFF, 0xFD, 0x80, 0x00, 0xBF, 0xB0, 0x16, 0xEF, 0x80, 0x0B, 0xFB, 0x00, 0x06, 0xFE, 0x10, 0xBF, 0xB0, 0x00, 0x3F,
  0xF3, 0x0B, 0xFB, 0x00, 0x01, 0xFF, 0x40, 0xBF, 0xB0, 0x00, 0x3F, 0xF2, 0x0B, 0xFB, 0x00, 0x0A, 0xFD, 0x00, 0xBF, 0xEA,
  0xBD, 0xFF, 0x50, 0x0B, 0xFF, 0xFF, 0xEC, 0x50, 0x00, 0x0B, 0xFF, 0xFF, 0xFC, 0x0B, 0xFE, 0xAA, 0xA8, 0x0B, 0xFB, 0x00,
  0x00, 0x0B, 0xFB, 0x00, 0x00, 0x0B, 0xFB, 0x00, 0x00, 0x0B, 0xFB, 0x00, 0x00, 0x0B, 0xFB, 0x00, 0x00, 0x0B, 0xFB, 0x00,
  0x00, 0x0B, 0xFB, 0x00, 0x00, 0x0B, 0xFB, 0x00, 0x00, 0x0B, 0xFB, 0x00, 0x00, 0x0B, 0xFB, 0x00, 0x00, 0x0B, 0xFB, 0x00,
  0x00, 0x0B, 0xFB, 0x00, 0x00, 0x0B, 0xFB, 0x00, 0x00, 0x0B, 0xFB, 0x00, 0x00, 0x0B, 0xFB, 0x00, 0x00, 0x00, 0x02, 0xFF,
  0xFF, 0xFF, 0xF2, 0x00, 0x00, 0x3F, 0xFA, 0xAC, 0xFF, 0x20, 0x00, 0x04, 0xFE, 0x00, 0x5F, 0xF2, 0x00, 0x00, 0x4F, 0xD0,
  0x05, 0xFF, 0x20, 0x00, 0x05, 0xFD, 0x00, 0x5F, 0xF2, 0x00, 0x00, 0x6F, 0xC0, 0x05, 0xFF, 0x20, 0x00, 0x07, 0xFC, 0x00,
  0x5F, 0xF2, 0x00, 0x00, 0x8F, 0xB0, 0x05, 0xFF, 0x20, 0x00, 0x0A, 0xFA, 0x00, 0x5F, 0xF2, 0x00, 0x00, 0xBF, 0x90, 0x05,
  0xFF, 0x20, 0x00, 0x0D, 0xF7, 0x00, 0x5F, 0xF2, 0x00, 0x01, 0xFF, 0x40, 0x05, 0xFF, 0x20, 0x00, 0x5F, 0xE0, 0x00, 0x5F,
  0xF2, 0x00, 0x0A, 0xFA, 0x00, 0x05, 0xFF, 0x20, 0x04, 0xFE, 0x20, 0x00, 0x5F, 0xF2, 0x08, 0xEF, 0xCA, 0xAA, 0xAC, 0xFF,
  0xA8, 0xCF, 0xFF, 0xFF, 0xFF, 0xFF, 0xFF, 0xBC, 0xF4, 0x00, 0x00, 0x00, 0x05, 0xFB, 0xCF, 0x30, 0x00, 0x00, 0x00, 0x4F,
  0xBC, 0xF2, 0x00, 0x00, 0x00, 0x03, 0xFB, 0x0B, 0xFF, 0xFF, 0xFE, 0x00, 0xBF, 0xEA, 0xAA, 0x90, 0x0B, 0xFB, 0x00, 0x00,
  0x00, 0xBF, 0xB0, 0x00, 0x00, 0x0B, 0xFB, 0x00, 0x00, 0x00, 0xBF, 0xB0, 0x00, 0x00, 0x0B, 0xFB, 0x00, 0x00, 0x00, 0xBF,
  0xEA, 0xAA, 0x20, 0x0B, 0xFF, 0xFF, 0xF3, 0x00, 0xBF, 0xB0, 0x00, 0x00, 0x0B, 0xFB, 0x00, 0x00, 0x00, 0xBF, 0xB0, 0x00,
  0x00, 0x0B, 0xFB, 0x00, 0x00, 0x00, 0xBF, 0xB0, 0x00, 0x00, 0x0B, 0xFB, 0x00, 0x00, 0x00, 0xBF, 0xEA, 0xAA, 0xA0, 0x0B,
  0xFF, 0xFF, 0xFF, 0x00, 0x5F, 0xE1, 0x00, 0xEF, 0x20, 0x0C, 0xF9, 0x00, 0xDF, 0x60, 0x0E, 0xF2, 0x03, 0xFF, 0x20, 0x08,
  0xFC, 0x00, 0xEF, 0x20, 0x9F, 0xB0, 0x00, 0x2F, 0xF3, 0x0E, 0xF2, 0x1E, 0xF5, 0x00, 0x00, 0xAF, 0x90, 0xEF, 0x26, 0xFD,
  0x00, 0x00, 0x04, 0xFE, 0x1E, 0xF2, 0xCF, 0x70, 0x00, 0x00, 0x0C, 0xF6, 0xEF, 0x5F, 0xE1, 0x00, 0x00, 0x00, 0x6F, 0xBE,
  0xFA, 0xF9, 0x00, 0x00, 0x00, 0x02, 0xFF, 0xFF, 0xFF, 0x50, 0x00, 0x00, 0x00, 0x8F, 0xBE, 0xFA, 0xFB, 0x00, 0x00, 0x00,
  0x1E, 0xF5, 0xEF, 0x4F, 0xF3, 0x00, 0x00, 0x07, 0xFD, 0x0E, 0xF2, 0xAF, 0xA0, 0x00, 0x00, 0xDF, 0x70, 0xEF, 0x23, 0xFF,
  0x20, 0x00, 0x6F, 0xE1, 0x0E, 0xF2, 0x0C, 0xF8, 0x00, 0x0C, 0xF8, 0x00, 0xEF, 0x20, 0x5F, 0xE1, 0x04, 0xFF, 0x20, 0x0E,
  0xF2, 0x00, 0xDF, 0x70, 0xBF, 0xA0, 0x00, 0xEF, 0x20, 0x07, 0xFD, 0x00, 0x00, 0x8D, 0xFE, 0xC5, 0x00, 0x0A, 0xFF, 0xBC,
  0xFF, 0x60, 0x3F, 0xF6, 0x00, 0x8F, 0xE0, 0x7F, 0xE0, 0x00, 0x2F, 0xF3, 0x7D, 0xB0, 0x00, 0x1F, 0xF4, 0x00, 0x00, 0x00,
  0x3F, 0xF2, 0x00, 0x00, 0x01, 0xBF, 0xB0, 0x00, 0x05, 0xBD, 0xFC, 0x20, 0x00, 0x08, 0xFF, 0xF8, 0x00, 0x00, 0x00, 0x26,
  0xEF, 0x90, 0x00, 0x00, 0x00, 0x6F, 0xE1, 0x00, 0x00, 0x00, 0x2F, 0xF3, 0x2D, 0xD2, 0x00, 0x1F, 0xF4, 0x1F, 0xF4, 0x00,
  0x3F, 0xF3, 0x0D, 0xFA, 0x00, 0x9F, 0xD0, 0x06, 0xFF, 0xEE, 0xFF, 0x60, 0x00, 0x6C, 0xFF, 0xC6, 0x00, 0x0B, 0xF7, 0x00,
  0x00, 0xDF, 0x20, 0xBF, 0x70, 0x00, 0x5F, 0xF2, 0x0B, 0xF7, 0x00, 0x0B, 0xFF, 0x20, 0xBF, 0x70, 0x02, 0xFF, 0xF2, 0x0B,
  0xF7, 0x00, 0x8F, 0xFF, 0x20, 0xBF, 0x70, 0x1E, 0xDF, 0xF2, 0x0B, 0xF7, 0x06, 0xF8, 0xFF, 0x20, 0xBF, 0x70, 0xCF, 0x2F,
  0xF2, 0x0B, 0xF7, 0x4F, 0xA0, 0xFF, 0x20, 0xBF, 0x7A, 0xF4, 0x0F, 0xF2, 0x0B, 0xF8, 0xEC, 0x00, 0xFF, 0x20, 0xBF, 0xDF,
  0x70, 0x0F, 0xF2, 0x0B, 0xFF, 0xE1, 0x00, 0xFF, 0x20, 0xBF, 0xF9, 0x00, 0x0F, 0xF2, 0x0B, 0xFF, 0x30, 0x00, 0xFF, 0x20,
  0xBF, 0xB0, 0x00, 0x0F, 0xF2, 0x0B, 0xF5, 0x00, 0x00, 0xFF, 0x20, 0x00, 0x3F, 0x30, 0x0B, 0xA0, 0x00, 0x01, 0xE9, 0x25,
  0xF7, 0x00, 0x00, 0x06, 0xEF, 0xFB, 0x00, 0x00, 0x00, 0x01, 0x32, 0x00, 0x00, 0x00, 0x00, 0x00, 0x00, 0x00, 0x00, 0xBF,
  0x70, 0x00, 0x0D, 0xF2, 0x0B, 0xF7, 0x00, 0x05, 0xFF, 0x20, 0xBF, 0x70, 0x00, 0xBF, 0xF2, 0x0B, 0xF7, 0x00, 0x2F, 0xFF,
  0x20, 0xBF, 0x70, 0x08, 0xFF, 0xF2, 0x0B, 0xF7, 0x01, 0xED, 0xFF, 0x20, 0xBF, 0x70, 0x6F, 0x8F, 0xF2, 0x0B, 0xF7, 0x0C,
  0xF2, 0xFF, 0x20, 0xBF, 0x74, 0xFA, 0x0F, 0xF2, 0x0B, 0xF7, 0xAF, 0x40, 0xFF, 0x20, 0xBF, 0x8E, 0xC0, 0x0F, 0xF2, 0x0B,
  0xFD, 0xF7, 0x00, 0xFF, 0x20, 0xBF, 0xFE, 0x10, 0x0F, 0xF2, 0x0B, 0xFF, 0x90, 0x00, 0xFF, 0x20, 0xBF, 0xF3, 0x00, 0x0F,
  0xF2, 0x0B, 0xFB, 0x00, 0x00, 0xFF, 0x20, 0xBF, 0x50, 0x00, 0x0F, 0xF2, 0x0B, 0xFB, 0x00, 0x0A, 0xFC, 0x00, 0xBF, 0xB0,
  0x01, 0xEF, 0x70, 0x0B, 0xFB, 0x00, 0x7F, 0xE1, 0x00, 0xBF, 0xB0, 0x0D, 0xF9, 0x00, 0x0B, 0xFB, 0x04, 0xFF, 0x30, 0x00,
  0xBF, 0xB0, 0xAF, 0xB0, 0x00, 0x0B, 0xFB, 0x2F, 0xF6, 0x00, 0x00, 0xBF, 0xEC, 0xFE, 0x00, 0x00, 0x0B, 0xFF, 0xFF, 0xD0,
  0x00, 0x00, 0xBF, 0xB4, 0xFF, 0x40, 0x00, 0x0B, 0xFB, 0x0C, 0xFA, 0x00, 0x00, 0xBF, 0xB0, 0x6F, 0xF2, 0x00, 0x0B, 0xFB,
  0x00, 0xEF, 0x80, 0x00, 0xBF, 0xB0, 0x08, 0xFE, 0x10, 0x0B, 0xFB, 0x00, 0x2F, 0xF6, 0x00, 0xBF, 0xB0, 0x00, 0xAF, 0xC0,
  0x0B, 0xFB, 0x00, 0x03, 0xFF, 0x40, 0x00, 0x0B, 0xFF, 0xFF, 0xFF, 0xD0, 0x00, 0x0B, 0xFC, 0xAA, 0xDF, 0xD0, 0x00, 0x0C,
  0xF6, 0x00, 0x9F, 0xD0, 0x00, 0x0D, 0xF6, 0x00, 0x9F, 0xD0, 0x00, 0x0E, 0xF5, 0x00, 0x9F, 0xD0, 0x00, 0x0F, 0xF4, 0x00,
  0x9F, 0xD0, 0x00, 0x1F, 0xF3, 0x00, 0x9F, 0xD0, 0x00, 0x2F, 0xF2, 0x00, 0x9F, 0xD0, 0x00, 0x3F, 0xF1, 0x00, 0x9F, 0xD0,
  0x00, 0x4F, 0xF0, 0x00, 0x9F, 0xD0, 0x00, 0x6F, 0xE0, 0x00, 0x9F, 0xD0, 0x00, 0x7F, 0xC0, 0x00, 0x9F, 0xD0, 0x00, 0x9F,
  0xA0, 0x00, 0x9F, 0xD0, 0x00, 0xDF, 0x70, 0x00, 0x9F, 0xD0, 0x05, 0xFF, 0x30, 0x00, 0x9F, 0xD0, 0xCF, 0xFA, 0x00, 0x00,
  0x9F, 0xD0, 0xEE, 0x91, 0x00, 0x00, 0x9F, 0xD0, 0x00, 0x00, 0x00, 0x00, 0x00, 0x00, 0x07, 0xFD, 0x00, 0x00, 0x01, 0xFF,
  0x50, 0x07, 0xFF, 0x20, 0x00, 0x05, 0xFF, 0x50, 0x08, 0xFF, 0x60, 0x00, 0x08, 0xFF, 0x60, 0x08, 0xFF, 0xA0, 0x00, 0x0C,
  0xFF, 0x60, 0x08, 0xFF, 0xD0, 0x00, 0x0E, 0xFF, 0x60, 0x08, 0xFF, 0xF2, 0x00, 0x4F, 0xFF, 0x60, 0x09, 0xFC, 0xF6, 0x00,
  0x8F, 0xCF, 0x70, 0x09, 0xF8, 0xF9, 0x00, 0xBF, 0x8F, 0x70, 0x09, 0xF5, 0xEC, 0x00, 0xED, 0x7F, 0x70, 0x0A, 0xF5, 0xBF,
  0x14, 0xF9, 0x7F, 0x70, 0x0A, 0xF4, 0x7F, 0x57, 0xF5, 0x6F, 0x80, 0x0A, 0xF4, 0x3F, 0x9B, 0xF1, 0x6F, 0x80, 0x0A, 0xF4,
  0x0E, 0xCE, 0xC0, 0x6F, 0x80, 0x0B, 0xF4, 0x0A, 0xFF, 0x90, 0x6F, 0x90, 0x0B, 0xF4, 0x07, 0xFF, 0x50, 0x6F, 0x90, 0x0B,
  0xF4, 0x03, 0xFE, 0x10, 0x6F, 0x90, 0x0B, 0xF3, 0x00, 0xDB, 0x00, 0x5F, 0x90, 0x0B, 0xFB, 0x00, 0x00, 0xEF, 0x70, 0x0B,
  0xFB, 0x00, 0x00, 0xEF, 0x70, 0x0B, 0xFB, 0x00, 0x00, 0xEF, 0x70, 0x0B, 0xFB, 0x00, 0x00, 0xEF, 0x70, 0x0B, 0xFB, 0x00,
  0x00, 0xEF, 0x70, 0x0B, 0xFB, 0x00, 0x00, 0xEF, 0x70, 0x0B, 0xFB, 0x00, 0x00, 0xEF, 0x70, 0x0B, 0xFE, 0xAA, 0xAA, 0xFF,
  0x70, 0x0B, 0xFF, 0xFF, 0xFF, 0xFF, 0x70, 0x0B, 0xFB, 0x00, 0x00, 0xEF, 0x70, 0x0B, 0xFB, 0x00, 0x00, 0xEF, 0x70, 0x0B,
  0xFB, 0x00, 0x00, 0xEF, 0x70, 0x0B, 0xFB, 0x00, 0x00, 0xEF, 0x70, 0x0B, 0xFB, 0x00, 0x00, 0xEF, 0x70, 0x0B, 0xFB, 0x00,
  0x00, 0xEF, 0x70, 0x0B, 0xFB, 0x00, 0x00, 0xEF, 0x70, 0x0B, 0xFB, 0x00, 0x00, 0xEF, 0x70, 0x00, 0x2A, 0xEF, 0xEB, 0x50,
  0x00, 0x2E, 0xFD, 0xBC, 0xFF, 0x50, 0x09, 0xFD, 0x10, 0x09, 0xFD, 0x00, 0xDF, 0x80, 0x00, 0x3F, 0xF3, 0x0E, 0xF7, 0x00,
  0x02, 0xFF, 0x50, 0xFF, 0x70, 0x00, 0x2F, 0xF6, 0x0F, 0xF7, 0x00, 0x02, 0xFF, 0x60, 0xFF, 0x70, 0x00, 0x2F, 0xF6, 0x0F,
  0xF7, 0x00, 0x02, 0xFF, 0x60, 0xFF, 0x70, 0x00, 0x2F, 0xF6, 0x0F, 0xF7, 0x00, 0x02, 0xFF, 0x60, 0xFF, 0x70, 0x00, 0x2F,
  0xF5, 0x0E, 0xF7, 0x00, 0x02, 0xFF, 0x50, 0xDF, 0x90, 0x00, 0x4F, 0xF2, 0x08, 0xFD, 0x10, 0x0A, 0xFD, 0x00, 0x2D, 0xFE,
  0xBC, 0xFF, 0x50, 0x00, 0x2A, 0xEF, 0xEB, 0x50, 0x00, 0x0B, 0xFF, 0xFF, 0xFF, 0xFF, 0xB0, 0x0B, 0xFE, 0xAA, 0xAA, 0xEF,
  0xB0, 0x0B, 0xFB, 0x00, 0x00, 0xBF, 0xB0, 0x0B, 0xFB, 0x00, 0x00, 0xBF, 0xB0, 0x0B, 0xFB, 0x00, 0x00, 0xBF, 0xB0, 0x0B,
  0xFB, 0x00, 0x00, 0xBF, 0xB0, 0x0B, 0xFB, 0x00, 0x00, 0xBF, 0xB0, 0x0B, 0xFB, 0x00, 0x00, 0xBF, 0xB0, 0x0B, 0xFB, 0x00,
  0x00, 0xBF, 0xB0, 0x0B, 0xFB, 0x00, 0x00, 0xBF, 0xB0, 0x0B, 0xFB, 0x00, 0x00, 0xBF, 0xB0, 0x0B, 0xFB, 0x00, 0x00, 0xBF,
  0xB0, 0x0B, 0xFB, 0x00, 0x00, 0xBF, 0xB0, 0x0B, 0xFB, 0x00, 0x00, 0xBF, 0xB0, 0x0B, 0xFB, 0x00, 0x00, 0xBF, 0xB0, 0x0B,
  0xFB, 0x00, 0x00, 0xBF, 0xB0, 0x0B, 0xFB, 0x00, 0x00, 0xBF, 0xB0, 0x0B, 0xFF, 0xFF, 0xEA, 0x30, 0x0B, 0xFE, 0xAB, 0xDF,
  0xE1, 0x0B, 0xFB, 0x00, 0x1D, 0xF7, 0x0B, 0xFB, 0x00, 0x09, 0xFB, 0x0B, 0xFB, 0x00, 0x08, 0xFC, 0x0B, 0xFB, 0x00, 0x09,
  0xFB, 0x0B, 0xFB, 0x00, 0x1D, 0xF8, 0x0B, 0xFE, 0xAB, 0xEF, 0xD1, 0x0B, 0xFF, 0xFF, 0xEA, 0x20, 0x0B, 0xFB, 0x00, 0x00,
  0x00, 0x0B, 0xFB, 0x00, 0x00, 0x00, 0x0B, 0xFB, 0x00, 0x00, 0x00, 0x0B, 0xFB, 0x00, 0x00, 0x00, 0x0B, 0xFB, 0x00, 0x00,
  0x00, 0x0B, 0xFB, 0x00, 0x00, 0x00, 0x0B, 0xFB, 0x00, 0x00, 0x00, 0x0B, 0xFB, 0x00, 0x00, 0x00, 0x00, 0x3A, 0xEF, 0xEB,
  0x30, 0x00, 0x1D, 0xFD, 0xBC, 0xFE, 0x20, 0x08, 0xFD, 0x10, 0x0B, 0xF9, 0x00, 0xCF, 0x80, 0x00, 0x7F, 0xC0, 0x0E, 0xF7,
  0x00, 0x07, 0xFD, 0x00, 0xFF, 0x70, 0x00, 0x7F, 0xD0, 0x0F, 0xF7, 0x00, 0x01, 0x11, 0x00, 0xFF, 0x70, 0x00, 0x00, 0x00,
  0x0F, 0xF7, 0x00, 0x00, 0x00, 0x00, 0xFF, 0x70, 0x00, 0x00, 0x00, 0x0F, 0xF7, 0x00, 0x02, 0x54, 0x00, 0xFF, 0x70, 0x00,
  0x7F, 0xD0, 0x0E, 0xF7, 0x00, 0x07, 0xFD, 0x00, 0xCF, 0x90, 0x00, 0x8F, 0xB0, 0x08, 0xFD, 0x10, 0x0C, 0xF8, 0x00, 0x1D,
  0xFD, 0xBD, 0xFE, 0x20, 0x00, 0x2A, 0xEF, 0xDB, 0x30, 0x00, 0x1F, 0xFF, 0xFF, 0xFF, 0xF7, 0x1A, 0xAA, 0xFF, 0xCA, 0xA5,
  0x00, 0x00, 0xEF, 0x70, 0x00, 0x00, 0x00, 0xEF, 0x70, 0x00, 0x00, 0x00, 0xEF, 0x70, 0x00, 0x00, 0x00, 0xEF, 0x70, 0x00,
  0x00, 0x00, 0xEF, 0x70, 0x00, 0x00, 0x00, 0xEF, 0x70, 0x00, 0x00, 0x00, 0xEF, 0x70, 0x00, 0x00, 0x00, 0xEF, 0x70, 0x00,
  0x00, 0x00, 0xEF, 0x70, 0x00, 0x00, 0x00, 0xEF, 0x70, 0x00, 0x00, 0x00, 0xEF, 0x70, 0x00, 0x00, 0x00, 0xEF, 0x70, 0x00,
  0x00, 0x00, 0xEF, 0x70, 0x00, 0x00, 0x00, 0xEF, 0x70, 0x00, 0x00, 0x00, 0xEF, 0x70, 0x00, 0x8F, 0xC0, 0x00, 0x3F, 0xF3,
  0x5F, 0xE0, 0x00, 0x5F, 0xE0, 0x1F, 0xF3, 0x00, 0x8F, 0xB0, 0x0C, 0xF6, 0x00, 0xBF, 0x90, 0x09, 0xF9, 0x00, 0xDF, 0x60,
  0x06, 0xFC, 0x01, 0xFF, 0x20, 0x02, 0xFE, 0x04, 0xFE, 0x00, 0x00, 0xEF, 0x37, 0xFB, 0x00, 0x00, 0xAF, 0x69, 0xF8, 0x00,
  0x00, 0x7F, 0x8B, 0xF5, 0x00, 0x00, 0x4F, 0xAD, 0xF1, 0x00, 0x00, 0x0E, 0xDE, 0xD0, 0x00, 0x00, 0x0C, 0xFF, 0xA0, 0x00,
  0x00, 0x09, 0xFF, 0x70, 0x00, 0x00, 0x05, 0xFF, 0x40, 0x00, 0x00, 0x03, 0xFF, 0x10, 0x00, 0x00, 0x05, 0xFD, 0x00, 0x00,
  0x0B, 0xCF, 0xF8, 0x00, 0x00, 0x0D, 0xFE, 0x91, 0x00, 0x00, 0x00, 0x00, 0x05, 0xFF, 0x20, 0x00, 0x00, 0x00, 0x00, 0x05,
  0xFF, 0x20, 0x00, 0x00, 0x00, 0x00, 0x05, 0xFF, 0x20, 0x00, 0x00, 0x00, 0x17, 0xAB, 0xFF, 0xB9, 0x71, 0x00, 0x02, 0xDF,
  0xFF, 0xFF, 0xFF, 0xFD, 0x10, 0x0A, 0xFB, 0x25, 0xFF, 0x22, 0xCF, 0x80, 0x0D, 0xF5, 0x05, 0xFF, 0x20, 0x6F, 0xC0, 0x0E,
  0xF4, 0x05, 0xFF, 0x20, 0x5F, 0xD0, 0x0F, 0xF3, 0x05, 0xFF, 0x20, 0x5F, 0xE0, 0x0F, 0xF3, 0x05, 0xFF, 0x20, 0x5F, 0xE0,
  0x0F, 0xF3, 0x05, 0xFF, 0x20, 0x5F, 0xE0, 0x0F, 0xF3, 0x05, 0xFF, 0x20, 0x5F, 0xE0, 0x0F, 0xF3, 0x05, 0xFF, 0x20, 0x5F,
  0xD0, 0x0E, 0xF5, 0x05, 0xFF, 0x20, 0x7F, 0xC0, 0x0A, 0xFB, 0x25, 0xFF, 0x22, 0xCF, 0x90, 0x04, 0xEF, 0xFF, 0xFF, 0xFF,
  0xFE, 0x20, 0x00, 0x39, 0xAB, 0xFF, 0xBA, 0x82, 0x00, 0x00, 0x00, 0x05, 0xFF, 0x20, 0x00, 0x00, 0x00, 0x00, 0x05, 0xFF,
  0x20, 0x00, 0x00, 0x8F, 0xC0, 0x00, 0x0B, 0xF8, 0x2F, 0xF3, 0x00, 0x3F, 0xF2, 0x0A, 0xFA, 0x00, 0x8F, 0xA0, 0x03, 0xFE,
  0x10, 0xDF, 0x40, 0x00, 0xCF, 0x75, 0xFC, 0x00, 0x00, 0x6F, 0xDB, 0xF6, 0x00, 0x00, 0x0E, 0xFF, 0xE0, 0x00, 0x00, 0x08,
  0xFF, 0x80, 0x00, 0x00, 0x06, 0xFF, 0x40, 0x00, 0x00, 0x0B, 0xFF, 0x90, 0x00, 0x00, 0x3F, 0xEF, 0xE1, 0x00, 0x00, 0x9F,
  0x9C, 0xF8, 0x00, 0x00, 0xEF, 0x36, 0xFD, 0x00, 0x06, 0xFC, 0x00, 0xDF, 0x60, 0x0B, 0xF7, 0x00, 0x8F, 0xC0, 0x3F, 0xF2,
  0x00, 0x1E, 0xF4, 0x9F, 0xB0, 0x00, 0x09, 0xFA, 0x0B, 0xFB, 0x00, 0x00, 0x8F, 0xE0, 0x00, 0xBF, 0xB0, 0x00, 0x08, 0xFE,
  0x00, 0x0B, 0xFB, 0x00, 0x00, 0x8F, 0xE0, 0x00, 0xBF, 0xB0, 0x00, 0x08, 0xFE, 0x00, 0x0B, 0xFB, 0x00, 0x00, 0x8F, 0xE0,
  0x00, 0xBF, 0xB0, 0x00, 0x08, 0xFE, 0x00, 0x0B, 0xFB, 0x00, 0x00, 0x8F, 0xE0, 0x00, 0xBF, 0xB0, 0x00, 0x08, 0xFE, 0x00,
  0x0B, 0xFB, 0x00, 0x00, 0x8F, 0xE0, 0x00, 0xBF, 0xB0, 0x00, 0x08, 0xFE, 0x00, 0x0B, 0xFB, 0x00, 0x00, 0x8F, 0xE0, 0x00,
  0xBF, 0xB0, 0x00, 0x08, 0xFE, 0x00, 0x0B, 0xFB, 0x00, 0x00, 0x8F, 0xE0, 0x00, 0xBF, 0xB0, 0x00, 0x08, 0xFE, 0x00, 0x0B,
  0xFB, 0x00, 0x00, 0x8F, 0xE0, 0x00, 0xBF, 0xEB, 0xBB, 0xBD, 0xFF, 0xB6, 0x0B, 0xFF, 0xFF, 0xFF, 0xFF, 0xFF, 0x90, 0x00,
  0x00, 0x00, 0x00, 0x08, 0xF9, 0x00, 0x00, 0x00, 0x00, 0x00, 0x7F, 0x90, 0x00, 0x00, 0x00, 0x00, 0x06, 0xF9, 0x0F, 0xF3,
  0x00, 0x07, 0xFF, 0x00, 0xFF, 0x30, 0x00, 0x7F, 0xF0, 0x0F, 0xF3, 0x00, 0x07, 0xFF, 0x00, 0xFF, 0x30, 0x00, 0x7F, 0xF0,
  0x0F, 0xF3, 0x00, 0x07, 0xFF, 0x00, 0xFF, 0x30, 0x00, 0x7F, 0xF0, 0x0E, 0xF6, 0x00, 0x07, 0xFF, 0x00, 0xAF, 0xD4, 0x12,
  0x9F, 0xF0, 0x02, 0xDF, 0xFF, 0xFF, 0xFF, 0x00, 0x01, 0x58, 0x87, 0x9F, 0xF0, 0x00, 0x00, 0x00, 0x07, 0xFF, 0x00, 0x00,
  0x00, 0x00, 0x7F, 0xF0, 0x00, 0x00, 0x00, 0x07, 0xFF, 0x00, 0x00, 0x00, 0x00, 0x7F, 0xF0, 0x00, 0x00, 0x00, 0x07, 0xFF,
  0x00, 0x00, 0x00, 0x00, 0x7F, 0xF0, 0x00, 0x00, 0x00, 0x07, 0xFF, 0x00, 0x0B, 0xFB, 0x00, 0x4F, 0xF3, 0x00, 0xEF, 0x70,
  0x0B, 0xFB, 0x00, 0x4F, 0xF3, 0x00, 0xEF, 0x70, 0x0B, 0xFB, 0x00, 0x4F, 0xF3, 0x00, 0xEF, 0x70, 0x0B, 0xFB, 0x00, 0x4F,
  0xF3, 0x00, 0xEF, 0x70, 0x0B, 0xFB, 0x00, 0x4F, 0xF3, 0x00, 0xEF, 0x70, 0x0B, 0xFB, 0x00, 0x4F, 0xF3, 0x00, 0xEF, 0x70,
  0x0B, 0xFB, 0x00, 0x4F, 0xF3, 0x00, 0xEF, 0x70, 0x0B, 0xFB, 0x00, 0x4F, 0xF3, 0x00, 0xEF, 0x70, 0x0B, 0xFB, 0x00, 0x4F,
  0xF3, 0x00, 0xEF, 0x70, 0x0B, 0xFB, 0x00, 0x4F, 0xF3, 0x00, 0xEF, 0x70, 0x0B, 0xFB, 0x00, 0x4F, 0xF3, 0x00, 0xEF, 0x70,
  0x0B, 0xFB, 0x00, 0x4F, 0xF3, 0x00, 0xEF, 0x70, 0x0B, 0xFB, 0x00, 0x4F, 0xF3, 0x00, 0xEF, 0x70, 0x0B, 0xFB, 0x00, 0x4F,
  0xF3, 0x00, 0xEF, 0x70, 0x0B, 0xFB, 0x00, 0x4F, 0xF3, 0x00, 0xEF, 0x70, 0x0B, 0xFE, 0xBB, 0xCF, 0xFC, 0xBB, 0xFF, 0x70,
  0x0B, 0xFF, 0xFF, 0xFF, 0xFF, 0xFF, 0xFF, 0x70, 0x0B, 0xFB, 0x00, 0x4F, 0xF3, 0x00, 0xEF, 0x70, 0x00, 0xBF, 0xB0, 0x04,
  0xFF, 0x30, 0x0E, 0xF7, 0x00, 0x0B, 0xFB, 0x00, 0x4F, 0xF3, 0x00, 0xEF, 0x70, 0x00, 0xBF, 0xB0, 0x04, 0xFF, 0x30, 0x0E,
  0xF7, 0x00, 0x0B, 0xFB, 0x00, 0x4F, 0xF3, 0x00, 0xEF, 0x70, 0x00, 0xBF, 0xB0, 0x04, 0xFF, 0x30, 0x0E, 0xF7, 0x00, 0x0B,
  0xFB, 0x00, 0x4F, 0xF3, 0x00, 0xEF, 0x70, 0x00, 0xBF, 0xB0, 0x04, 0xFF, 0x30, 0x0E, 0xF7, 0x00, 0x0B, 0xFB, 0x00, 0x4F,
  0xF3, 0x00, 0xEF, 0x70, 0x00, 0xBF, 0xB0, 0x04, 0xFF, 0x30, 0x0E, 0xF7, 0x00, 0x0B, 0xFB, 0x00, 0x4F, 0xF3, 0x00, 0xEF,
  0x70, 0x00, 0xBF, 0xB0, 0x04, 0xFF, 0x30, 0x0E, 0xF7, 0x00, 0x0B, 0xFB, 0x00, 0x4F, 0xF3, 0x00, 0xEF, 0x70, 0x00, 0xBF,
  0xB0, 0x04, 0xFF, 0x30, 0x0E, 0xF7, 0x00, 0x0B, 0xFB, 0x00, 0x4F, 0xF3, 0x00, 0xEF, 0x70, 0x00, 0xBF, 0xEB, 0xBC, 0xFF,
  0xBB, 0xBF, 0xFD, 0xB1, 0x0B, 0xFF, 0xFF, 0xFF, 0xFF, 0xFF, 0xFF, 0xFF, 0x10, 0x00, 0x00, 0x00, 0x00, 0x00, 0x00, 0x0E,
  0xF1, 0x00, 0x00, 0x00, 0x00, 0x00, 0x00, 0x00, 0xDF, 0x10, 0x00, 0x00, 0x00, 0x00, 0x00, 0x00, 0x0D, 0xF1, 0xEF, 0xFF,
  0xF4, 0x00, 0x00, 0x00, 0x9A, 0xBF, 0xF4, 0x00, 0x00, 0x00, 0x00, 0x3F, 0xF4, 0x00, 0x00, 0x00, 0x00, 0x3F, 0xF4, 0x00,
  0x00, 0x00, 0x00, 0x3F, 0xF4, 0x00, 0x00, 0x00, 0x00, 0x3F, 0xF4, 0x00, 0x00, 0x00, 0x00, 0x3F, 0xF4, 0x00, 0x00, 0x00,
  0x00, 0x3F, 0xFB, 0xA9, 0x61, 0x00, 0x00, 0x3F, 0xFF, 0xFF, 0xFE, 0x40, 0x00, 0x3F, 0xF4, 0x14, 0xCF, 0xD0, 0x00, 0x3F,
  0xF4, 0x00, 0x3F, 0xF3, 0x00, 0x3F, 0xF4, 0x00, 0x0E, 0xF5, 0x00, 0x3F, 0xF4, 0x00, 0x0E, 0xF6, 0x00, 0x3F, 0xF4, 0x00,
  0x1F, 0xF4, 0x00, 0x3F, 0xF4, 0x00, 0x8F, 0xE1, 0x00, 0x3F, 0xFB, 0xAD, 0xFF, 0x60, 0x00, 0x3F, 0xFF, 0xFE, 0xB4, 0x00,
  0x0B, 0xFB, 0x00, 0x00, 0x00, 0x07, 0xFE, 0x00, 0xBF, 0xB0, 0x00, 0x00, 0x00, 0x7F, 0xE0, 0x0B, 0xFB, 0x00, 0x00, 0x00,
  0x07, 0xFE, 0x00, 0xBF, 0xB0, 0x00, 0x00, 0x00, 0x7F, 0xE0, 0x0B, 0xFB, 0x00, 0x00, 0x00, 0x07, 0xFE, 0x00, 0xBF, 0xB0,
  0x00, 0x00, 0x00, 0x7F, 0xE0, 0x0B, 0xFB, 0x00, 0x00, 0x00, 0x07, 0xFE, 0x00, 0xBF, 0xEA, 0x97, 0x30, 0x00, 0x7F, 0xE0,
  0x0B, 0xFF, 0xFF, 0xFF, 0x90, 0x07, 0xFE, 0x00, 0xBF, 0xB0, 0x28, 0xFF, 0x60, 0x7F, 0xE0, 0x0B, 0xFB, 0x00, 0x0B, 0xFA,
  0x07, 0xFE, 0x00, 0xBF, 0xB0, 0x00, 0x8F, 0xC0, 0x7F, 0xE0, 0x0B, 0xFB, 0x00, 0x08, 0xFC, 0x07, 0xFE, 0x00, 0xBF, 0xB0,
  0x00, 0x9F, 0xB0, 0x7F, 0xE0, 0x0B, 0xFB, 0x00, 0x3E, 0xF7, 0x07, 0xFE, 0x00, 0xBF, 0xEB, 0xCF, 0xFC, 0x10, 0x7F, 0xE0,
  0x0B, 0xFF, 0xFE, 0xC8, 0x10, 0x07, 0xFE, 0x00, 0x0B, 0xFB, 0x00, 0x00, 0x00, 0x0B, 0xFB, 0x00, 0x00, 0x00, 0x0B, 0xFB,
  0x00, 0x00, 0x00, 0x0B, 0xFB, 0x00, 0x00, 0x00, 0x0B, 0xFB, 0x00, 0x00, 0x00, 0x0B, 0xFB, 0x00, 0x00, 0x00, 0x0B, 0xFB,
  0x00, 0x00, 0x00, 0x0B, 0xFE, 0xA9, 0x73, 0x00, 0x0B, 0xFF, 0xFF, 0xFF, 0x90, 0x0B, 0xFB, 0x02, 0x8F, 0xF6, 0x0B, 0xFB,
  0x00, 0x0B, 0xFA, 0x0B, 0xFB, 0x00, 0x08, 0xFC, 0x0B, 0xFB, 0x00, 0x08, 0xFC, 0x0B, 0xFB, 0x00, 0x09, 0xFB, 0x0B, 0xFB,
  0x00, 0x3E, 0xF7, 0x0B, 0xFE, 0xBC, 0xFF, 0xC1, 0x0B, 0xFF, 0xFE, 0xC8, 0x10, 0x00, 0x4B, 0xEF, 0xD9, 0x20, 0x00, 0x3E,
  0xFC, 0xBE, 0xFC, 0x00, 0x0A, 0xFA, 0x00, 0x2E, 0xF6, 0x00, 0xDF, 0x60, 0x00, 0xAF, 0xB0, 0x0E, 0xF5, 0x00, 0x09, 0xFD,
  0x00, 0xAA, 0x30, 0x00, 0x8F, 0xD0, 0x00, 0x00, 0x00, 0x08, 0xFE, 0x00, 0x00, 0x05, 0xAA, 0xDF, 0xE0, 0x00, 0x00, 0x8F,
  0xFF, 0xFE, 0x00, 0x00, 0x00, 0x00, 0x8F, 0xE0, 0x00, 0x00, 0x00, 0x08, 0xFE, 0x00, 0xBB, 0x40, 0x00, 0x8F, 0xD0, 0x0E,
  0xF5, 0x00, 0x09, 0xFD, 0x00, 0xDF, 0x60, 0x00, 0xAF, 0xB0, 0x0A, 0xFB, 0x00, 0x3E, 0xF7, 0x00, 0x3F, 0xFE, 0xDF, 0xFD,
  0x10, 0x00, 0x4B, 0xEF, 0xEA, 0x20, 0x00, 0x0B, 0xF9, 0x00, 0x18, 0xDF, 0xEB, 0x40, 0x00, 0xBF, 0x90, 0x0A, 0xFE, 0xBC,
  0xFE, 0x30, 0x0B, 0xF9, 0x03, 0xFE, 0x20, 0x09, 0xFA, 0x00, 0xBF, 0x90, 0x7F, 0xB0, 0x00, 0x3F, 0xE0, 0x0B, 0xF9, 0x08,
  0xFA, 0x00, 0x01, 0xFF, 0x10, 0xBF, 0x90, 0x9F, 0xA0, 0x00, 0x1F, 0xF2, 0x0B, 0xF9, 0x09, 0xFA, 0x00, 0x01, 0xFF, 0x20,
  0xBF, 0xDA, 0xDF, 0xA0, 0x00, 0x1F, 0xF2, 0x0B, 0xFF, 0xFF, 0xFA, 0x00, 0x01, 0xFF, 0x20, 0xBF, 0x90, 0x9F, 0xA0, 0x00,
  0x1F, 0xF2, 0x0B, 0xF9, 0x09, 0xFA, 0x00, 0x01, 0xFF, 0x20, 0xBF, 0x90, 0x9F, 0xA0, 0x00, 0x1F, 0xF2, 0x0B, 0xF9, 0x08,
  0xFA, 0x00, 0x02, 0xFF, 0x10, 0xBF, 0x90, 0x6F, 0xB0, 0x00, 0x3F, 0xE0, 0x0B, 0xF9, 0x02, 0xFE, 0x30, 0x09, 0xFA, 0x00,
  0xBF, 0x90, 0x09, 0xFE, 0xBC, 0xFE, 0x30, 0x0B, 0xF9, 0x00, 0x08, 0xDF, 0xEB, 0x40, 0x00, 0x00, 0x06, 0xBE, 0xFF, 0xFF,
  0x30, 0x09, 0xFF, 0xDB, 0xBF, 0xF3, 0x04, 0xFF, 0x60, 0x05, 0xFF, 0x30, 0x9F, 0xC0, 0x00, 0x5F, 0xF3, 0x0A, 0xFA, 0x00,
  0x05, 0xFF, 0x30, 0x9F, 0xA0, 0x00, 0x5F, 0xF3, 0x07, 0xFD, 0x00, 0x05, 0xFF, 0x30, 0x2F, 0xF7, 0x00, 0x5F, 0xF3, 0x00,
  0x7F, 0xFD, 0xAB, 0xFF, 0x30, 0x00, 0x7F, 0xFF, 0xFF, 0xF3, 0x00, 0x0B, 0xFA, 0x05, 0xFF, 0x30, 0x03, 0xFF, 0x40, 0x5F,
  0xF3, 0x00, 0xAF, 0xC0, 0x05, 0xFF, 0x30, 0x2F, 0xF7, 0x00, 0x5F, 0xF3, 0x09, 0xFE, 0x10, 0x05, 0xFF, 0x32, 0xEF, 0x90,
  0x00, 0x5F, 0xF3, 0x8F, 0xF3, 0x00, 0x05, 0xFF, 0x30, 0x00, 0x8D, 0xFD, 0x80, 0x00, 0x8F, 0xEB, 0xEF, 0x70, 0x0D, 0xF6,
  0x08, 0xFC, 0x01, 0xEE, 0x30, 0x6F, 0xE0, 0x00, 0x00, 0x07, 0xFE, 0x00, 0x00, 0x6C, 0xFF, 0xE0, 0x02, 0xCF, 0xC8, 0xFE,
  0x00, 0xAF, 0xB0, 0x6F, 0xE0, 0x1F, 0xF4, 0x06, 0xFE, 0x02, 0xFF, 0x40, 0x8F, 0xE0, 0x0D, 0xFD, 0xBD, 0xFF, 0x00, 0x3C,
  0xEB, 0x3F, 0xF2, 0x00, 0x00, 0x00, 0x21, 0x00, 0x00, 0x59, 0xCF, 0x70, 0x01, 0xDF, 0xFF, 0xE7, 0x00, 0x8F, 0xE6, 0x30,
  0x00, 0x0B, 0xF8, 0x00, 0x00, 0x00, 0xDF, 0x60, 0x00, 0x00, 0x0E, 0xF6, 0x00, 0x00, 0x00, 0xEF, 0xAC, 0xEC, 0x30, 0x0E,
  0xFF, 0xCD, 0xFC, 0x00, 0xEF, 0x70, 0x2F, 0xF2, 0x0E, 0xF6, 0x00, 0xFF, 0x40, 0xEF, 0x60, 0x0F, 0xF5, 0x0E, 0xF6, 0x00,
  0xFF, 0x50, 0xEF, 0x60, 0x0F, 0xF5, 0x0D, 0xF6, 0x00, 0xFF, 0x40, 0xBF, 0x90, 0x3F, 0xF1, 0x05, 0xFF, 0xBD, 0xFA, 0x00,
  0x07, 0xDF, 0xE9, 0x10, 0x0D, 0xFF, 0xFD, 0x90, 0x00, 0xDF, 0xCB, 0xEF, 0x70, 0x0D, 0xF6, 0x06, 0xFB, 0x00, 0xDF, 0x60,
  0x4F, 0xC0, 0x0D, 0xF6, 0x19, 0xF8, 0x00, 0xDF, 0xFF, 0xFB, 0x10, 0x0D, 0xFC, 0xAE, 0xF9, 0x00, 0xDF, 0x60, 0x5F, 0xE0,
  0x0D, 0xF6, 0x03, 0xFF, 0x10, 0xDF, 0x60, 0x6F, 0xF0, 0x0D, 0xFC, 0xBE, 0xFB, 0x00, 0xDF, 0xFF, 0xEB, 0x20, 0x0D, 0xFF,
  0xFF, 0x00, 0xDF, 0xCA, 0xA0, 0x0D, 0xF7, 0x00, 0x00, 0xDF, 0x70, 0x00, 0x0D, 0xF7, 0x00, 0x00, 0xDF, 0x70, 0x00, 0x0D,
  0xF7, 0x00, 0x00, 0xDF, 0x70, 0x00, 0x0D, 0xF7, 0x00, 0x00, 0xDF, 0x70, 0x00, 0x0D, 0xF7, 0x00, 0x00, 0xDF, 0x70, 0x00,
  0x00, 0x0F, 0xFF, 0xFF, 0x90, 0x00, 0x0F, 0xEA, 0xDF, 0x90, 0x00, 0x1F, 0xC0, 0xAF, 0x90, 0x00, 0x2F, 0xB0, 0xAF, 0x90,
  0x00, 0x4F, 0xA0, 0xAF, 0x90, 0x00, 0x6F, 0x90, 0xAF, 0x90, 0x00, 0x9F, 0x70, 0xAF, 0x90, 0x00, 0xDF, 0x30, 0xAF, 0x90,
  0x05, 0xFC, 0x00, 0xAF, 0x90, 0x2D, 0xE4, 0x00, 0xAF, 0x90, 0xDF, 0xCA, 0xAA, 0xDF, 0xDA, 0xEF, 0xFF, 0xFF, 0xFF, 0xFF,
  0xED, 0x00, 0x00, 0x00, 0xCF, 0xEC, 0x00, 0x00, 0x00, 0xBF, 0xEB, 0x00, 0x00, 0x00, 0xBF, 0x00, 0x9E, 0xFD, 0x80, 0x00,
  0x8F, 0xEB, 0xEF, 0x70, 0x0D, 0xF5, 0x07, 0xFC, 0x01, 0xFF, 0x30, 0x5F, 0xE0, 0x2F, 0xFB, 0xAB, 0xFE, 0x02, 0xFF, 0xFF,
  0xFF, 0xE0, 0x2F, 0xF3, 0x00, 0x00, 0x02, 0xFF, 0x30, 0x25, 0x50, 0x1F, 0xF3, 0x05, 0xFD, 0x00, 0xDF, 0x60, 0x7F, 0xC0,
  0x08, 0xFE, 0xBE, 0xF6, 0x00, 0x19, 0xEF, 0xD7, 0x00, 0x9F, 0xA0, 0x0D, 0xF0, 0x08, 0xFB, 0x02, 0xFF, 0x20, 0xDF, 0x00,
  0xEF, 0x40, 0x0A, 0xF8, 0x0D, 0xF0, 0x6F, 0xC0, 0x00, 0x3F, 0xE0, 0xDF, 0x0C, 0xF6, 0x00, 0x00, 0xBF, 0x6D, 0xF4, 0xFD,
  0x00, 0x00, 0x05, 0xFC, 0xDF, 0xAF, 0x70, 0x00, 0x00, 0x1E, 0xFF, 0xFF, 0xF3, 0x00, 0x00, 0x08, 0xFB, 0xDF, 0x9F, 0xA0,
  0x00, 0x02, 0xEF, 0x3D, 0xF1, 0xEF, 0x40, 0x00, 0x9F, 0x90, 0xDF, 0x07, 0xFB, 0x00, 0x3F, 0xE2, 0x0D, 0xF0, 0x0D, 0xF5,
  0x0A, 0xF7, 0x00, 0xDF, 0x00, 0x5F, 0xC0, 0x04, 0xBE, 0xEB, 0x20, 0x1E, 0xFB, 0xDF, 0xB0, 0x5F, 0xB0, 0x1E, 0xF2, 0x48,
  0x50, 0x0D, 0xF3, 0x00, 0x01, 0x6F, 0xD0, 0x00, 0x4F, 0xFD, 0x30, 0x00, 0x3B, 0xDF, 0x90, 0x00, 0x00, 0x1E, 0xF1, 0x3C,
  0x90, 0x0C, 0xF3, 0x2F, 0xD0, 0x0E, 0xF2, 0x0C, 0xFC, 0xBF, 0xC0, 0x02, 0xBE, 0xEB, 0x20, 0x0D, 0xF1, 0x00, 0x9F, 0x80,
  0x0D, 0xF1, 0x01, 0xEF, 0x80, 0x0D, 0xF1, 0x08, 0xFF, 0x80, 0x0D, 0xF1, 0x0D, 0xFF, 0x80, 0x0D, 0xF1, 0x6F, 0xCF, 0x80,
  0x0D, 0xF1, 0xCD, 0x7F, 0x80, 0x0D, 0xF5, 0xF8, 0x7F, 0x80, 0x0D, 0xFB, 0xE1, 0x7F, 0x80, 0x0D, 0xFF, 0x90, 0x7F, 0x80,
  0x0D, 0xFF, 0x20, 0x7F, 0x80, 0x0D, 0xFA, 0x00, 0x7F, 0x80, 0x0D, 0xF3, 0x00, 0x7F, 0x80, 0x02, 0xF4, 0x00, 0xAB, 0x00,
  0x00, 0xDA, 0x24, 0xE8, 0x00, 0x00, 0x5E, 0xFF, 0xB1, 0x00, 0x00, 0x01, 0x32, 0x00, 0x00, 0x00, 0x00, 0x00, 0x00, 0x00,
  0x0D, 0xF1, 0x00, 0x9F, 0x80, 0x0D, 0xF1, 0x01, 0xEF, 0x80, 0x0D, 0xF1, 0x08, 0xFF, 0x80, 0x0D, 0xF1, 0x0D, 0xFF, 0x80,
  0x0D, 0xF1, 0x6F, 0xCF, 0x80, 0x0D, 0xF1, 0xCD, 0x7F, 0x80, 0x0D, 0xF5, 0xF8, 0x7F, 0x80, 0x0D, 0xFB, 0xE1, 0x7F, 0x80,
  0x0D, 0xFF, 0x90, 0x7F, 0x80, 0x0D, 0xFF, 0x20, 0x7F, 0x80, 0x0D, 0xFA, 0x00, 0x7F, 0x80, 0x0D, 0xF3, 0x00, 0x7F, 0x80,
  0x0D, 0xF7, 0x01, 0xEF, 0x70, 0xDF, 0x70, 0x7F, 0xE1, 0x0D, 0xF7, 0x0D, 0xF9, 0x00, 0xDF, 0x75, 0xFF, 0x20, 0x0D, 0xF7,
  0xCF, 0xB0, 0x00, 0xDF, 0xFF, 0xF5, 0x00, 0x0D, 0xFC, 0xFF, 0x50, 0x00, 0xDF, 0x7A, 0xFC, 0x00, 0x0D, 0xF7, 0x4F, 0xF3,
  0x00, 0xDF, 0x70, 0xCF, 0x90, 0x0D, 0xF7, 0x06, 0xFE, 0x10, 0xDF, 0x70, 0x0E, 0xF7, 0x00, 0x6F, 0xFF, 0xFF, 0xF1, 0x00,
  0x7F, 0xDA, 0xBF, 0xF1, 0x00, 0x7F, 0xA0, 0x4F, 0xF1, 0x00, 0x8F, 0x90, 0x4F, 0xF1, 0x00, 0x9F, 0x80, 0x4F, 0xF1, 0x00,
  0xAF, 0x80, 0x4F, 0xF1, 0x00, 0xBF, 0x70, 0x4F, 0xF1, 0x00, 0xCF, 0x50, 0x4F, 0xF1, 0x00, 0xDF, 0x30, 0x4F, 0xF1, 0x04,
  0xFE, 0x00, 0x4F, 0xF1, 0x7E, 0xF9, 0x00, 0x4F, 0xF1, 0xAE, 0xA1, 0x00, 0x4F, 0xF1, 0x0D, 0xF1, 0x00, 0x00, 0xEE, 0x00,
  0xDF, 0x70, 0x00, 0x5F, 0xE0, 0x0D, 0xFC, 0x00, 0x0B, 0xFE, 0x00, 0xDF, 0xF3, 0x01, 0xFF, 0xE0, 0x0D, 0xFF, 0x80, 0x7F,
  0xFE, 0x00, 0xDE, 0xDD, 0x0C, 0xED, 0xF0, 0x0D, 0xE8, 0xF6, 0xF9, 0xDF, 0x00, 0xEE, 0x2F, 0xEF, 0x3D, 0xF0, 0x0E, 0xE0,
  0xBF, 0xC0, 0xDF, 0x00, 0xEE, 0x06, 0xF7, 0x0D, 0xF0, 0x0E, 0xE0, 0x0C, 0x10, 0xDF, 0x00, 0xEE, 0x00, 0x00, 0x0D, 0xF1,
  0x0D, 0xF7, 0x00, 0xCF, 0x80, 0x0D, 0xF7, 0x00, 0xCF, 0x80, 0x0D, 0xF7, 0x00, 0xCF, 0x80, 0x0D, 0xF7, 0x00, 0xCF, 0x80,
  0x0D, 0xF7, 0x00, 0xCF, 0x80, 0x0D, 0xFF, 0xFF, 0xFF, 0x80, 0x0D, 0xFC, 0xAA, 0xEF, 0x80, 0x0D, 0xF7, 0x00, 0xCF, 0x80,
  0x0D, 0xF7, 0x00, 0xCF, 0x80, 0x0D, 0xF7, 0x00, 0xCF, 0x80, 0x0D, 0xF7, 0x00, 0xCF, 0x80, 0x0D, 0xF7, 0x00, 0xCF, 0x80,
  0x00, 0x9E, 0xFD, 0x80, 0x00, 0x8F, 0xEB, 0xEF, 0x70, 0x0D, 0xF6, 0x07, 0xFC, 0x01, 0xFF, 0x30, 0x5F, 0xE0, 0x2F, 0xF3,
  0x05, 0xFF, 0x02, 0xFF, 0x30, 0x5F, 0xF0, 0x2F, 0xF3, 0x05, 0xFF, 0x02, 0xFF, 0x30, 0x5F, 0xF0, 0x1F, 0xF3, 0x05, 0xFE,
  0x00, 0xDF, 0x60, 0x8F, 0xC0, 0x08, 0xFE, 0xBE, 0xF6, 0x00, 0x09, 0xEF, 0xD8, 0x00, 0x0D, 0xFF, 0xFF, 0xFF, 0x40, 0xDF,
  0xCA, 0xAF, 0xF4, 0x0D, 0xF7, 0x01, 0xFF, 0x40, 0xDF, 0x70, 0x1F, 0xF4, 0x0D, 0xF7, 0x01, 0xFF, 0x40, 0xDF, 0x70, 0x1F,
  0xF4, 0x0D, 0xF7, 0x01, 0xFF, 0x40, 0xDF, 0x70, 0x1F, 0xF4, 0x0D, 0xF7, 0x01, 0xFF, 0x40, 0xDF, 0x70, 0x1F, 0xF4, 0x0D,
  0xF7, 0x01, 0xFF, 0x40, 0xDF, 0x70, 0x1F, 0xF4, 0x0D, 0xF9, 0xBE, 0xD4, 0x00, 0xDF, 0xFB, 0xDF, 0xD1, 0x0D, 0xF8, 0x01,
  0xFF, 0x50, 0xDF, 0x70, 0x0D, 0xF7, 0x0D, 0xF7, 0x00, 0xCF, 0x80, 0xDF, 0x70, 0x0C, 0xF8, 0x0D, 0xF7, 0x00, 0xCF, 0x80,
  0xDF, 0x70, 0x0C, 0xF7, 0x0D, 0xF7, 0x00, 0xDF, 0x60, 0xDF, 0x70, 0x1F, 0xF4, 0x0D, 0xFF, 0xBC, 0xFD, 0x00, 0xDF, 0x9C,
  0xFC, 0x30, 0x0D, 0xF7, 0x00, 0x00, 0x00, 0xDF, 0x70, 0x00, 0x00, 0x0D, 0xF7, 0x00, 0x00, 0x00, 0x01, 0x9E, 0xFE, 0x90,
  0x00, 0x8F, 0xEB, 0xEF, 0x60, 0x0D, 0xF6, 0x07, 0xFB, 0x01, 0xFF, 0x40, 0x5F, 0xC0, 0x2F, 0xF3, 0x02, 0x75, 0x02, 0xFF,
  0x30, 0x00, 0x00, 0x2F, 0xF3, 0x00, 0x00, 0x02, 0xFF, 0x30, 0x39, 0x80, 0x1F, 0xF4, 0x05, 0xFC, 0x00, 0xDF, 0x60, 0x7F,
  0xB0, 0x08, 0xFE, 0xBE, 0xF5, 0x00, 0x19, 0xEF, 0xE8, 0x00, 0xCF, 0xFF, 0xFF, 0xF1, 0x8A, 0xDF, 0xEA, 0xA1, 0x00, 0x9F,
  0xC0, 0x00, 0x00, 0x9F, 0xC0, 0x00, 0x00, 0x9F, 0xC0, 0x00, 0x00, 0x9F, 0xC0, 0x00, 0x00, 0x9F, 0xC0, 0x00, 0x00, 0x9F,
  0xC0, 0x00, 0x00, 0x9F, 0xC0, 0x00, 0x00, 0x9F, 0xC0, 0x00, 0x00, 0x9F, 0xC0, 0x00, 0x00, 0x9F, 0xC0, 0x00, 0x9F, 0x90,
  0x06, 0xFD, 0x6F, 0xB0, 0x08, 0xFA, 0x2F, 0xE0, 0x0B, 0xF6, 0x0D, 0xF2, 0x0D, 0xF3, 0x0A, 0xF5, 0x0F, 0xE0, 0x07, 0xF8,
  0x3F, 0xB0, 0x04, 0xFA, 0x5F, 0x80, 0x00, 0xED, 0x7F, 0x50, 0x00, 0xBF, 0x9F, 0x10, 0x00, 0x8F, 0xDD, 0x00, 0x00, 0x5F,
  0xFA, 0x00, 0x00, 0x2F, 0xF7, 0x00, 0x00, 0x4F, 0xF2, 0x00, 0x0D, 0xFF, 0xB0, 0x00, 0x0E, 0xD9, 0x10, 0x00, 0x00, 0x00,
  0x0B, 0xF7, 0x00, 0x00, 0x00, 0x00, 0x00, 0xBF, 0x70, 0x00, 0x00, 0x00, 0x00, 0x0B, 0xF7, 0x00, 0x00, 0x00, 0x00, 0x00,
  0xBF, 0x70, 0x00, 0x00, 0x00, 0x00, 0x0B, 0xF7, 0x00, 0x00, 0x00, 0x05, 0xCE, 0xFF, 0xFE, 0xB3, 0x00, 0x05, 0xFF, 0xBE,
  0xFC, 0xCF, 0xE2, 0x00, 0xDF, 0x50, 0xBF, 0x70, 0x9F, 0x90, 0x1F, 0xF0, 0x0B, 0xF7, 0x05, 0xFC, 0x02, 0xFE, 0x00, 0xBF,
  0x70, 0x4F, 0xD0, 0x2F, 0xE0, 0x0B, 0xF7, 0x04, 0xFD, 0x01, 0xFF, 0x00, 0xBF, 0x70, 0x4F, 0xC0, 0x0E, 0xF2, 0x0B, 0xF7,
  0x07, 0xFB, 0x00, 0xAF, 0xA2, 0xBF, 0x74, 0xDF, 0x70, 0x02, 0xDF, 0xFF, 0xFF, 0xFF, 0xB0, 0x00, 0x01, 0x7A, 0xDF, 0xC9,
  0x60, 0x00, 0x00, 0x00, 0x0B, 0xF7, 0x00, 0x00, 0x00, 0x00, 0x00, 0xBF, 0x70, 0x00, 0x00, 0x00, 0x00, 0x0B, 0xF7, 0x00,
  0x00, 0x00, 0x00, 0x00, 0xBF, 0x70, 0x00, 0x00, 0x9F, 0xA0, 0x08, 0xFB, 0x02, 0xFF, 0x20, 0xDF, 0x50, 0x0A, 0xF9, 0x5F,
  0xD0, 0x00, 0x3F, 0xEB, 0xF6, 0x00, 0x00, 0xBF, 0xFD, 0x00, 0x00, 0x05, 0xFF, 0x70, 0x00, 0x00, 0x7F, 0xF7, 0x00, 0x00,
  0x0D, 0xFF, 0xD0, 0x00, 0x05, 0xFC, 0xCF, 0x60, 0x00, 0xBF, 0x66, 0xFD, 0x00, 0x3F, 0xE1, 0x0D, 0xF5, 0x0A, 0xF9, 0x00,
  0x7F, 0xC0, 0x0D, 0xF7, 0x00, 0xBF, 0x90, 0x00, 0xDF, 0x70, 0x0B, 0xF9, 0x00, 0x0D, 0xF7, 0x00, 0xBF, 0x90, 0x00, 0xDF,
  0x70, 0x0B, 0xF9, 0x00, 0x0D, 0xF7, 0x00, 0xBF, 0x90, 0x00, 0xDF, 0x70, 0x0B, 0xF9, 0x00, 0x0D, 0xF7, 0x00, 0xBF, 0x90,
  0x00, 0xDF, 0x70, 0x0B, 0xF9, 0x00, 0x0D, 0xF7, 0x00, 0xBF, 0x90, 0x00, 0xDF, 0x70, 0x0B, 0xF9, 0x00, 0x0D, 0xFC, 0x99,
  0xDF, 0xC9, 0x00, 0xDF, 0xFF, 0xFF, 0xFF, 0xF0, 0x00, 0x00, 0x00, 0x00, 0xCF, 0x00, 0x00, 0x00, 0x00, 0x0B, 0xF0, 0x00,
  0x00, 0x00, 0x00, 0xBF, 0x00, 0x4F, 0xF1, 0x05, 0xFE, 0x04, 0xFF, 0x10, 0x5F, 0xE0, 0x4F, 0xF1, 0x05, 0xFE, 0x04, 0xFF,
  0x10, 0x5F, 0xE0, 0x4F, 0xF1, 0x05, 0xFE, 0x02, 0xFF, 0x71, 0x6F, 0xE0, 0x0B, 0xFF, 0xFF, 0xFE, 0x00, 0x06, 0x9A, 0xBF,
  0xE0, 0x00, 0x00, 0x05, 0xFE, 0x00, 0x00, 0x00, 0x5F, 0xE0, 0x00, 0x00, 0x05, 0xFE, 0x00, 0x00, 0x00, 0x5F, 0xE0, 0x0D,
  0xF5, 0x09, 0xFA, 0x04, 0xFF, 0x00, 0xDF, 0x50, 0x9F, 0xA0, 0x4F, 0xF0, 0x0D, 0xF5, 0x09, 0xFA, 0x04, 0xFF, 0x00, 0xDF,
  0x50, 0x9F, 0xA0, 0x4F, 0xF0, 0x0D, 0xF5, 0x09, 0xFA, 0x04, 0xFF, 0x00, 0xDF, 0x50, 0x9F, 0xA0, 0x4F, 0xF0, 0x0D, 0xF5,
  0x09, 0xFA, 0x04, 0xFF, 0x00, 0xDF, 0x50, 0x9F, 0xA0, 0x4F, 0xF0, 0x0D, 0xF5, 0x09, 0xFA, 0x04, 0xFF, 0x00, 0xDF, 0x50,
  0x9F, 0xA0, 0x4F, 0xF0, 0x0D, 0xFB, 0x9D, 0xFD, 0x9A, 0xFF, 0x00, 0xDF, 0xFF, 0xFF, 0xFF, 0xFF, 0xF0, 0x0D, 0xF5, 0x09,
  0xFA, 0x03, 0xFF, 0x00, 0x0D, 0xF5, 0x09, 0xFA, 0x03, 0xFF, 0x00, 0x0D, 0xF5, 0x09, 0xFA, 0x03, 0xFF, 0x00, 0x0D, 0xF5,
  0x09, 0xFA, 0x03, 0xFF, 0x00, 0x0D, 0xF5, 0x09, 0xFA, 0x03, 0xFF, 0x00, 0x0D, 0xF5, 0x09, 0xFA, 0x03, 0xFF, 0x00, 0x0D,
  0xF5, 0x09, 0xFA, 0x03, 0xFF, 0x00, 0x0D, 0xF5, 0x09, 0xFA, 0x03, 0xFF, 0x00, 0x0D, 0xF5, 0x09, 0xFA, 0x03, 0xFF, 0x00,
  0x0D, 0xF5, 0x09, 0xFA, 0x03, 0xFF, 0x00, 0x0D, 0xFB, 0x9D, 0xFD, 0x9A, 0xFF, 0x95, 0x0D, 0xFF, 0xFF, 0xFF, 0xFF, 0xFF,
  0xF8, 0x00, 0x00, 0x00, 0x00, 0x00, 0x06, 0xF8, 0x00, 0x00, 0x00, 0x00, 0x00, 0x05, 0xF8, 0x00, 0x00, 0x00, 0x00, 0x00,
  0x04, 0xF8, 0x2F, 0xFF, 0xFB, 0x00, 0x00, 0x01, 0xAA, 0xDF, 0xB0, 0x00, 0x00, 0x00, 0x09, 0xFB, 0x00, 0x00, 0x00, 0x00,
  0x9F, 0xB0, 0x00, 0x00, 0x00, 0x09, 0xFB, 0x00, 0x00, 0x00, 0x00, 0x9F, 0xFF, 0xEB, 0x50, 0x00, 0x09, 0xFD, 0xBD, 0xFF,
  0x30, 0x00, 0x9F, 0xB0, 0x0A, 0xF8, 0x00, 0x09, 0xFB, 0x00, 0x7F, 0xA0, 0x00, 0x9F, 0xB0, 0x0B, 0xF8, 0x00, 0x09, 0xFD,
  0xAD, 0xFF, 0x30, 0x00, 0x9F, 0xFF, 0xEB, 0x40, 0x0D, 0xF7, 0x00, 0x00, 0x05, 0xFE, 0x00, 0xDF, 0x70, 0x00, 0x00, 0x5F,
  0xE0, 0x0D, 0xF7, 0x00, 0x00, 0x05, 0xFE, 0x00, 0xDF, 0x70, 0x00, 0x00, 0x5F, 0xE0, 0x0D, 0xF7, 0x00, 0x00, 0x05, 0xFE,
  0x00, 0xDF, 0xFF, 0xEA, 0x30, 0x5F, 0xE0, 0x0D, 0xFC, 0xBE, 0xFE, 0x15, 0xFE, 0x00, 0xDF, 0x70, 0x1E, 0xF4, 0x5F, 0xE0,
  0x0D, 0xF7, 0x00, 0xCF, 0x55, 0xFE, 0x00, 0xDF, 0x70, 0x0D, 0xF4, 0x5F, 0xE0, 0x0D, 0xF9, 0x6B, 0xFD, 0x05, 0xFE, 0x00,
  0xDF, 0xFE, 0xD9, 0x20, 0x5F, 0xE0, 0x0D, 0xF7, 0x00, 0x00, 0x00, 0xDF, 0x70, 0x00, 0x00, 0x0D, 0xF7, 0x00, 0x00, 0x00,
  0xDF, 0x70, 0x00, 0x00, 0x0D, 0xF7, 0x00, 0x00, 0x00, 0xDF, 0xFF, 0xEA, 0x30, 0x0D, 0xFC, 0xBE, 0xFE, 0x10, 0xDF, 0x70,
  0x1E, 0xF4, 0x0D, 0xF7, 0x00, 0xCF, 0x50, 0xDF, 0x70, 0x0D, 0xF4, 0x0D, 0xF9, 0x6B, 0xFD, 0x00, 0xDF, 0xFE, 0xD9, 0x20,
  0x02, 0xBE, 0xEC, 0x60, 0x00, 0xBF, 0xDB, 0xFF, 0x30, 0x0F, 0xF1, 0x0B, 0xF9, 0x02, 0xED, 0x00, 0x9F, 0xB0, 0x00, 0x00,
  0x08, 0xFB, 0x00, 0x07, 0xFF, 0xFF, 0xC0, 0x00, 0x5A, 0xAD, 0xFC, 0x00, 0x00, 0x00, 0x8F, 0xB0, 0x2E, 0xE0, 0x09, 0xFB,
  0x01, 0xFF, 0x20, 0xBF, 0x80, 0x0B, 0xFD, 0xBF, 0xF3, 0x00, 0x3B, 0xEE, 0xC6, 0x00, 0x0D, 0xF3, 0x02, 0xBF, 0xEA, 0x10,
  0x0D, 0xF3, 0x0B, 0xFC, 0xDF, 0x90, 0x0D, 0xF3, 0x1F, 0xE0, 0x1F, 0xE0, 0x0D, 0xF3, 0x3F, 0xC0, 0x0E, 0xF1, 0x0D, 0xF3,
  0x4F, 0xC0, 0x0E, 0xF2, 0x0D, 0xFF, 0xFF, 0xC0, 0x0E, 0xF2, 0x0D, 0xFB, 0xBF, 0xC0, 0x0E, 0xF2, 0x0D, 0xF3, 0x4F, 0xC0,
  0x0E, 0xF2, 0x0D, 0xF3, 0x3F, 0xC0, 0x0E, 0xF1, 0x0D, 0xF3, 0x1F, 0xE0, 0x1F, 0xE0, 0x0D, 0xF3, 0x0B, 0xFC, 0xDF, 0x90,
  0x0D, 0xF3, 0x02, 0xBE, 0xEA, 0x10, 0x01, 0x8C, 0xEF, 0xFE, 0x00, 0xAF, 0xFB, 0xCF, 0xE0, 0x1F, 0xF4, 0x06, 0xFE, 0x03,
  0xFE, 0x00, 0x6F, 0xE0, 0x2F, 0xE0, 0x06, 0xFE, 0x00, 0xEF, 0x92, 0x6F, 0xE0, 0x07, 0xFF, 0xFF, 0xFE, 0x00, 0x0B, 0xFD,
  0xCF, 0xE0, 0x03, 0xFF, 0x46, 0xFE, 0x00, 0xAF, 0xC0, 0x6F, 0xE0, 0x2F, 0xF5, 0x06, 0xFE, 0x09, 0xFD, 0x00, 0x6F, 0xE0,
  0x00 };

inline const GFXglyph aaUI14bGlyphs[] PROGMEM = {
  {      0,   0,   0,   5,    0,    0 },   // 0x20
  {      0,   4,  17,   4,    0,  -17 },   // 0x21
  {     34,   8,  17,   8,    0,  -17 },   // 0x22
  {    102,  10,  17,  10,    0,  -17 },   // 0x23
  {    187,  10,  21,  10,    0,  -19 },   // 0x24
  {    292,  19,  17,  19,    0,  -17 },   // 0x25
  {    454,  13,  17,  13,    0,  -17 },   // 0x26
  {    565,   8,  17,   8,    0,  -17 },   // 0x27
  {    633,   6,  21,   6,    0,  -17 },   // 0x28
  {    696,   5,  21,   5,    0,  -17 },   // 0x29
  {    749,   8,  17,   8,    0,  -17 },   // 0x2A
  {    817,   9,  12,   9,    0,  -12 },   // 0x2B
  {    871,   4,   6,   4,    0,   -3 },   // 0x2C
  {    883,   7,   7,   7,    0,   -7 },   // 0x2D
  {    908,   4,   3,   4,    0,   -3 },   // 0x2E
  {    914,   8,  17,   8,    0,  -17 },   // 0x2F
  {    982,  10,  17,  10,    0,  -17 },   // 0x30
  {   1067,  10,  17,  10,    0,  -17 },   // 0x31
  {   1152,  10,  17,  10,    0,  -17 },   // 0x32
  {   1237,  10,  17,  10,    0,  -17 },   // 0x33
  {   1322,  10,  17,  10,    0,  -17 },   // 0x34
  {   1407,  10,  17,  10,    0,  -17 },   // 0x35
  {   1492,  10,  17,  10,    0,  -17 },   // 0x36
  {   1577,   8,  17,   8,    0,  -17 },   // 0x37
  {   1645,  10,  17,  10,    0,  -17 },   // 0x38
  {   1730,  10,  17,  10,    0,  -17 },   // 0x39
  {   1815,   4,  11,   4,    0,  -11 },   // 0x3A
  {   1837,   5,  12,   5,    0,  -12 },   // 0x3B
  {   1867,   8,  12,   8,    0,  -12 },   // 0x3C
  {   1915,   9,  11,   9,    0,  -11 },   // 0x3D
  {   1965,   8,  12,   8,    0,  -12 },   // 0x3E
  {   2013,  10,  17,  10,    0,  -17 },   // 0x3F
  {   2098,  19,  20,  19,    0,  -17 },   // 0x40
  {   2288,  10,  17,  10,    0,  -17 },   // 0x41
  {   2373,  11,  17,  11,    0,  -17 },   // 0x42
  {   2467,  11,  17,  11,    0,  -17 },   // 0x43
  {   2561,  11,  17,  11,    0,  -17 },   // 0x44
  {   2655,   9,  17,   9,    0,  -17 },   // 0x45
  {   2732,   8,  17,   8,    0,  -17 },   // 0x46
  {   2800,  11,  17,  11,    0,  -17 },   // 0x47
  {   2894,  12,  17,  12,    0,  -17 },   // 0x48
  {   2996,   5,  17,   5,    0,  -17 },   // 0x49
  {   3039,   6,  17,   6,    0,  -17 },   // 0x4A
  {   3090,  11,  17,  10,    0,  -17 },   // 0x4B
  {   3184,   9,  17,   8,    0,  -17 },   // 0x4C
  {   3261,  14,  17,  14,    0,  -17 },   // 0x4D
  {   3380,  11,  17,  11,    0,  -17 },   // 0x4E
  {   3474,  11,  17,  11,    0,  -17 },   // 0x4F
  {   3568,  10,  17,  10,    0,  -17 },   // 0x50
  {   3653,  11,  21,  11,    0,  -17 },   // 0x51
  {   3769,  11,  17,  11,    0,  -17 },   // 0x52
  {   3863,  10,  17,  10,    0,  -17 },   // 0x53
  {   3948,  10,  17,   8,   -1,  -17 },   // 0x54
  {   4033,  11,  17,  11,    0,  -17 },   // 0x55
  {   4127,  11,  17,  11,    0,  -17 },   // 0x56
  {   4221,  15,  17,  15,    0,  -17 },   // 0x57
  {   4349,  10,  17,  10,    0,  -17 },   // 0x58
  {   4434,  10,  17,  10,    0,  -17 },   // 0x59
  {   4519,   9,  17,   9,    0,  -17 },   // 0x5A
  {   4596,   7,  20,   7,    0,  -17 },   // 0x5B
  {   4666,   8,  17,   8,    0,  -17 },   // 0x5C
  {   4734,   7,  20,   7,    0,  -17 },   // 0x5D
  {   4804,   9,  17,   9,    0,  -17 },   // 0x5E
  {   4881,   8,   3,   7,    0,    0 },   // 0x5F
  {   4893,   6,  17,   6,    0,  -17 },   // 0x60
  {   4944,   9,  12,   9,    0,  -12 },   // 0x61
  {   4998,   9,  17,   9,    0,  -17 },   // 0x62
  {   5075,   9,  12,   9,    0,  -12 },   // 0x63
  {   5129,   9,  17,   9,    0,  -17 },   // 0x64
  {   5206,   9,  12,   9,    0,  -12 },   // 0x65
  {   5260,   6,  16,   6,    0,  -16 },   // 0x66
  {   5308,  10,  16,   9,    0,  -13 },   // 0x67
  {   5388,   9,  17,   9,    0,  -17 },   // 0x68
  {   5465,   5,  16,   5,    0,  -16 },   // 0x69
  {   5505,   6,  19,   5,   -1,  -16 },   // 0x6A
  {   5562,  10,  17,   9,    0,  -17 },   // 0x6B
  {   5647,   5,  17,   5,    0,  -17 },   // 0x6C
  {   5690,  14,  12,  14,    0,  -12 },   // 0x6D
  {   5774,   9,  12,   9,    0,  -12 },   // 0x6E
  {   5828,   9,  12,   9,    0,  -12 },   // 0x6F
  {   5882,   9,  15,   9,    0,  -12 },   // 0x70
  {   5950,   9,  15,   9,    0,  -12 },   // 0x71
  {   6018,   7,  13,   7,    0,  -13 },   // 0x72
  {   6064,   8,  12,   8,    0,  -12 },   // 0x73
  {   6112,   6,  16,   6,    0,  -16 },   // 0x74
  {   6160,   9,  12,   9,    0,  -12 },   // 0x75
  {   6214,   8,  12,   8,    0,  -12 },   // 0x76
  {   6262,  12,  12,  12,    0,  -12 },   // 0x77
  {   6334,   9,  12,   8,    0,  -12 },   // 0x78
  {   6388,   9,  15,   8,    0,  -12 },   // 0x79
  {   6456,   7,  12,   7,    0,  -12 },   // 0x7A
  {   6498,   6,  20,   6,    0,  -17 },   // 0x7B
  {   6558,   5,  20,   5,    0,  -17 },   // 0x7C
  {   6608,   7,  20,   7,    0,  -17 },   // 0x7D
  {   6678,   9,  10,   9,    0,  -10 },   // 0x7E
  {   6723,   8,  14,   8,    0,  -14 },   // 0x7F
  {   6779,  11,  17,  11,    0,  -17 },   // 0x80
  {   6873,   8,  23,   8,    0,  -23 },   // 0x81
  {   6965,   6,   6,   6,    0,   -3 },   // 0x82
  {   6983,   7,  18,   6,    0,  -18 },   // 0x83
  {   7046,  10,   6,  10,    0,   -3 },   // 0x84
  {   7076,  12,   3,  12,    0,   -3 },   // 0x85
  {   7094,   8,  17,   8,    0,  -17 },   // 0x86
  {   7162,   8,  17,   8,    0,  -17 },   // 0x87
  {   7230,  11,  17,  10,   -1,  -17 },   // 0x88
  {   7324,  26,  17,  26,    0,  -17 },   // 0x89
  {   7545,  18,  17,  18,    0,  -17 },   // 0x8A
  {   7698,   6,  12,   6,    0,  -12 },   // 0x8B
  {   7734,  16,  17,  16,    0,  -17 },   // 0x8C
  {   7870,  11,  23,  11,    0,  -23 },   // 0x8D
  {   7997,  11,  17,  10,   -1,  -17 },   // 0x8E
  {   8091,  11,  20,  11,    0,  -17 },   // 0x8F
  {   8201,  11,  20,  10,   -1,  -17 },   // 0x90
  {   8311,   8,  18,   8,    0,  -18 },   // 0x91
  {   8383,   4,  17,   4,    0,  -17 },   // 0x92
  {   8417,  10,  18,  10,    0,  -18 },   // 0x93
  {   8507,  10,  17,  10,    0,  -17 },   // 0x94
  {   8592,   8,  11,   8,    0,  -11 },   // 0x95
  {   8636,  11,   6,  10,    0,   -6 },   // 0x96
  {   8669,  21,   8,  20,    0,   -8 },   // 0x97
  {   8753,   0,   0,   5,    0,    0 },   // 0x98
  {   8753,  15,  17,  15,    0,  -17 },   // 0x99
  {   8881,  14,  12,  14,    0,  -12 },   // 0x9A
  {   8965,   6,  13,   6,    0,  -13 },   // 0x9B
  {   9004,  13,  12,  13,    0,  -12 },   // 0x9C
  {   9082,   9,  18,   9,    0,  -18 },   // 0x9D
  {   9163,  11,  17,  10,   -1,  -17 },   // 0x9E
  {   9257,   9,  15,   9,    0,  -12 },   // 0x9F
  {   9325,   0,   0,   5,    0,    0 },   // 0xA0
  {   9325,  10,  24,   9,    0,  -22 },   // 0xA1
  {   9445,   8,  20,   8,    0,  -17 },   // 0xA2
  {   9525,   6,  17,   6,    0,  -17 },   // 0xA3
  {   9576,  12,  14,  12,    0,  -14 },   // 0xA4
  {   9660,   8,  19,   8,    0,  -19 },   // 0xA5
  {   9736,   4,  20,   4,    0,  -17 },   // 0xA6
  {   9776,   9,  17,   9,    0,  -17 },   // 0xA7
  {   9853,   9,  21,   9,    0,  -21 },   // 0xA8
  {   9948,  18,  17,  18,    0,  -17 },   // 0xA9
  {  10101,  11,  17,  11,    0,  -17 },   // 0xAA
  {  10195,  10,  12,  10,    0,  -12 },   // 0xAB
  {  10255,   8,  10,   8,    0,  -10 },   // 0xAC
  {  10295,   7,  12,   7,    0,  -12 },   // 0xAD
  {  10337,  19,  17,  19,    0,  -17 },   // 0xAE
  {  10499,   7,  21,   5,   -1,  -21 },   // 0xAF
  {  10573,  10,  17,  10,    0,  -17 },   // 0xB0
  {  10658,   8,   9,   8,    0,   -9 },   // 0xB1
  {  10694,   5,  17,   5,    0,  -17 },   // 0xB2
  {  10737,   5,  16,   5,    0,  -16 },   // 0xB3
  {  10777,   7,  14,   6,    0,  -14 },   // 0xB4
  {  10826,   9,  15,   9,    0,  -12 },   // 0xB5
  {  10894,  10,  19,  10,    0,  -17 },   // 0xB6
  {  10989,   4,  10,   4,    0,  -10 },   // 0xB7
  {  11009,   9,  16,   9,    0,  -16 },   // 0xB8
  {  11081,  20,  17,  20,    0,  -17 },   // 0xB9
  {  11251,   8,  12,   8,    0,  -12 },   // 0xBA
  {  11299,  10,  12,  10,    0,  -12 },   // 0xBB
  {  11359,   6,  19,   5,   -1,  -16 },   // 0xBC
  {  11416,  10,  17,  10,    0,  -17 },   // 0xBD
  {  11501,   8,  12,   8,    0,  -12 },   // 0xBE
  {  11549,   7,  16,   5,   -1,  -16 },   // 0xBF
  {  11605,  10,  17,  10,    0,  -17 },   // 0xC0
  {  11690,  10,  17,  10,    0,  -17 },   // 0xC1
  {  11775,  11,  17,  11,    0,  -17 },   // 0xC2
  {  11869,   8,  17,   8,    0,  -17 },   // 0xC3
  {  11937,  13,  20,  13,    0,  -17 },   // 0xC4
  {  12067,   9,  17,   9,    0,  -17 },   // 0xC5
  {  12144,  15,  17,  14,    0,  -17 },   // 0xC6
  {  12272,  10,  17,  10,    0,  -17 },   // 0xC7
  {  12357,  11,  17,  11,    0,  -17 },   // 0xC8
  {  12451,  11,  22,  11,    0,  -22 },   // 0xC9
  {  12572,  11,  17,  11,    0,  -17 },   // 0xCA
  {  12666,  12,  18,  12,    0,  -17 },   // 0xCB
  {  12774,  14,  17,  14,    0,  -17 },   // 0xCC
  {  12893,  12,  17,  12,    0,  -17 },   // 0xCD
  {  12995,  11,  17,  11,    0,  -17 },   // 0xCE
  {  13089,  12,  17,  12,    0,  -17 },   // 0xCF
  {  13191,  10,  17,  10,    0,  -17 },   // 0xD0
  {  13276,  11,  17,  11,    0,  -17 },   // 0xD1
  {  13370,  10,  17,   8,   -1,  -17 },   // 0xD2
  {  13455,  10,  19,   9,    0,  -17 },   // 0xD3
  {  13550,  14,  19,  14,    0,  -18 },   // 0xD4
  {  13683,  10,  17,  10,    0,  -17 },   // 0xD5
  {  13768,  13,  20,  13,    0,  -17 },   // 0xD6
  {  13898,  11,  17,  11,    0,  -17 },   // 0xD7
  {  13992,  16,  17,  16,    0,  -17 },   // 0xD8
  {  14128,  17,  20,  17,    0,  -17 },   // 0xD9
  {  14298,  12,  17,  12,    0,  -17 },   // 0xDA
  {  14400,  15,  17,  15,    0,  -17 },   // 0xDB
  {  14528,  10,  17,  10,    0,  -17 },   // 0xDC
  {  14613,  11,  17,  11,    0,  -17 },   // 0xDD
  {  14707,  15,  17,  15,    0,  -17 },   // 0xDE
  {  14835,  11,  17,  11,    0,  -17 },   // 0xDF
  {  14929,   9,  12,   9,    0,  -12 },   // 0xE0
  {  14983,   9,  18,   9,    0,  -18 },   // 0xE1
  {  15064,   9,  12,   9,    0,  -12 },   // 0xE2
  {  15118,   7,  12,   6,    0,  -12 },   // 0xE3
  {  15160,  10,  15,  10,    0,  -12 },   // 0xE4
  {  15235,   9,  12,   9,    0,  -12 },   // 0xE5
  {  15289,  13,  12,  12,    0,  -12 },   // 0xE6
  {  15367,   8,  12,   8,    0,  -12 },   // 0xE7
  {  15415,  10,  12,  10,    0,  -12 },   // 0xE8
  {  15475,  10,  17,  10,    0,  -17 },   // 0xE9
  {  15560,   9,  12,   9,    0,  -12 },   // 0xEA
  {  15614,  10,  12,  10,    0,  -12 },   // 0xEB
  {  15674,  11,  12,  11,    0,  -12 },   // 0xEC
  {  15740,  10,  12,  10,    0,  -12 },   // 0xED
  {  15800,   9,  12,   9,    0,  -12 },   // 0xEE
  {  15854,   9,  12,   9,    0,  -12 },   // 0xEF
  {  15908,   9,  15,   9,    0,  -12 },   // 0xF0
  {  15976,   9,  12,   9,    0,  -12 },   // 0xF1
  {  16030,   8,  12,   7,    0,  -12 },   // 0xF2
  {  16078,   8,  15,   8,    0,  -12 },   // 0xF3
  {  16138,  13,  20,  13,    0,  -17 },   // 0xF4
  {  16268,   9,  12,   8,    0,  -12 },   // 0xF5
  {  16322,  11,  15,  10,    0,  -12 },   // 0xF6
  {  16405,   9,  12,   9,    0,  -12 },   // 0xF7
  {  16459,  13,  12,  13,    0,  -12 },   // 0xF8
  {  16537,  14,  15,  14,    0,  -12 },   // 0xF9
  {  16642,  11,  12,  10,   -1,  -12 },   // 0xFA
  {  16708,  13,  12,  13,    0,  -12 },   // 0xFB
  {  16786,   9,  12,   9,    0,  -12 },   // 0xFC
  {  16840,   9,  12,   9,    0,  -12 },   // 0xFD
  {  16894,  12,  12,  12,    0,  -12 },   // 0xFE
  {  16966,   9,  12,   9,    0,  -12 },   // 0xFF
};

inline const GFXfont aaUI14b PROGMEM = { (uint8_t*)aaUI14bBitmaps, (GFXglyph*)aaUI14bGlyphs, 0x20, 0xFF, 33 };
