/* Створює tools/make_aafonts.py — вручну не правити. Roboto-Bold.ttf, «H» 16 px (розмір 21.50), 4 біти на піксель. */
#pragma once
#include <Adafruit_GFX.h>

inline const uint8_t aaUI12bBitmaps[] PROGMEM = {
  0x0A, 0xFF, 0x80, 0x0A, 0xFF, 0x80, 0x09, 0xFF, 0x70, 0x09, 0xFF, 0x70, 0x08, 0xFF, 0x60, 0x08, 0xFF, 0x60, 0x07, 0xFF,
  0x50, 0x07, 0xFF, 0x40, 0x06, 0xFF, 0x40, 0x06, 0xFF, 0x30, 0x00, 0x00, 0x00, 0x00, 0x11, 0x00, 0x06, 0xFE, 0x50, 0x0B,
  0xFF, 0x90, 0x05, 0xED, 0x30, 0x6F, 0xC0, 0xFF, 0x16, 0xFB, 0x0F, 0xF1, 0x6F, 0xA0, 0xFF, 0x06, 0xF9, 0x0F, 0xD0, 0x6F,
  0x80, 0xFC, 0x06, 0xF6, 0x0F, 0xB0, 0x00, 0x00, 0x00, 0x00, 0x00, 0x00, 0x00, 0x00, 0x00, 0x00, 0x00, 0x00, 0x00, 0x00,
  0x00, 0x00, 0x00, 0x00, 0x00, 0x00, 0x00, 0x00, 0x00, 0x00, 0x00, 0x00, 0x00, 0x00, 0x00, 0x00, 0x00, 0x00, 0x00, 0x00,
  0x00, 0x00, 0x00, 0x4F, 0xA0, 0x7F, 0x90, 0x00, 0x00, 0x07, 0xF8, 0x09, 0xF6, 0x00, 0x00, 0x00, 0xAF, 0x50, 0xCF, 0x30,
  0x00, 0x00, 0x0C, 0xF2, 0x0E, 0xE0, 0x00, 0x09, 0xFF, 0xFF, 0xFF, 0xFF, 0xFF, 0x20, 0x8C, 0xDF, 0xEC, 0xDF, 0xEC, 0xC2,
  0x00, 0x06, 0xF9, 0x08, 0xF7, 0x00, 0x00, 0x00, 0x8F, 0x70, 0xAF, 0x50, 0x00, 0x00, 0x0A, 0xF5, 0x0C, 0xF2, 0x00, 0x06,
  0xFF, 0xFF, 0xFF, 0xFF, 0xFF, 0x60, 0x5C, 0xCF, 0xFC, 0xDF, 0xEC, 0xC5, 0x00, 0x03, 0xFC, 0x05, 0xFA, 0x00, 0x00, 0x00,
  0x6F, 0x90, 0x8F, 0x70, 0x00, 0x00, 0x08, 0xF7, 0x0A, 0xF5, 0x00, 0x00, 0x00, 0xBF, 0x40, 0xDF, 0x20, 0x00, 0x00, 0x00,
  0x00, 0x02, 0x41, 0x00, 0x00, 0x00, 0x00, 0x07, 0xF4, 0x00, 0x00, 0x00, 0x00, 0x07, 0xF4, 0x00, 0x00, 0x00, 0x06, 0xCE,
  0xFD, 0x91, 0x00, 0x00, 0x9F, 0xFF, 0xFF, 0xFD, 0x20, 0x04, 0xFF, 0xF9, 0x7D, 0xFF, 0xA0, 0x08, 0xFF, 0xA0, 0x03, 0xFF,
  0xE0, 0x08, 0xFF, 0x90, 0x00, 0xBB, 0xB1, 0x05, 0xFF, 0xE6, 0x00, 0x00, 0x00, 0x00, 0xAF, 0xFF, 0xD7, 0x10, 0x00, 0x00,
  0x19, 0xFF, 0xFF, 0xE5, 0x00, 0x00, 0x00, 0x39, 0xEF, 0xFF, 0x50, 0x00, 0x00, 0x00, 0x1A, 0xFF, 0xC0, 0x1C, 0xCC, 0x00,
  0x01, 0xFF, 0xF1, 0x0E, 0xFF, 0x40, 0x01, 0xFF, 0xF0, 0x0A, 0xFF, 0xE8, 0x7C, 0xFF, 0xC0, 0x02, 0xDF, 0xFF, 0xFF, 0xFE,
  0x40, 0x00, 0x19, 0xDF, 0xFD, 0xA2, 0x00, 0x00, 0x00, 0x0A, 0xF0, 0x00, 0x00, 0x00, 0x00, 0x0A, 0xF0, 0x00, 0x00, 0x00,
  0x00, 0x01, 0x10, 0x00, 0x00, 0x01, 0x9D, 0xEC, 0x30, 0x00, 0x00, 0x00, 0x00, 0x09, 0xFE, 0xCF, 0xE2, 0x00, 0xA9, 0x00,
  0x00, 0x0E, 0xF2, 0x0B, 0xF6, 0x05, 0xFB, 0x00, 0x00, 0x1F, 0xE0, 0x09, 0xF8, 0x0D, 0xF3, 0x00, 0x00, 0x0E, 0xF2, 0x0B,
  0xF6, 0x8F, 0x80, 0x00, 0x00, 0x09, 0xFE, 0xCF, 0xE3, 0xED, 0x10, 0x00, 0x00, 0x01, 0x9E, 0xEC, 0x4A, 0xF5, 0x00, 0x00,
  0x00, 0x00, 0x00, 0x00, 0x4F, 0xB0, 0x00, 0x00, 0x00, 0x00, 0x00, 0x00, 0xDF, 0x37, 0xDE, 0xC5, 0x00, 0x00, 0x00, 0x07,
  0xF8, 0x7F, 0xEC, 0xFF, 0x30, 0x00, 0x00, 0x2E, 0xD1, 0xCF, 0x50, 0x9F, 0x80, 0x00, 0x00, 0xAF, 0x50, 0xEF, 0x20, 0x7F,
  0xA0, 0x00, 0x04, 0xFB, 0x00, 0xCF, 0x50, 0x8F, 0x80, 0x00, 0x04, 0xC3, 0x00, 0x7F, 0xEC, 0xFF, 0x30, 0x00, 0x00, 0x00,
  0x00, 0x08, 0xDE, 0xC5, 0x00, 0x00, 0x04, 0xCE, 0xEC, 0x40, 0x00, 0x00, 0x00, 0x5F, 0xFF, 0xFF, 0xF5, 0x00, 0x00, 0x00,
  0xCF, 0xF9, 0x8F, 0xFC, 0x00, 0x00, 0x00, 0xEF, 0xC0, 0x0A, 0xFD, 0x00, 0x00, 0x00, 0xEF, 0xD0, 0x1D, 0xFB, 0x00, 0x00,
  0x00, 0x9F, 0xF9, 0xDF, 0xF4, 0x00, 0x00, 0x00, 0x2E, 0xFF, 0xFE, 0x40, 0x00, 0x00, 0x00, 0x4E, 0xFF, 0xF4, 0x00, 0x56,
  0x40, 0x05, 0xFF, 0xFF, 0xFD, 0x10, 0xFF, 0xA0, 0x1E, 0xFF, 0x4A, 0xFF, 0xC4, 0xFF, 0x80, 0x4F, 0xFC, 0x00, 0xBF, 0xFE,
  0xFF, 0x40, 0x4F, 0xFD, 0x10, 0x1B, 0xFF, 0xFD, 0x00, 0x0E, 0xFF, 0xC7, 0x8D, 0xFF, 0xF8, 0x00, 0x05, 0xFF, 0xFF, 0xFF,
  0xFF, 0xFF, 0x50, 0x00, 0x3A, 0xEF, 0xEC, 0x86, 0xFF, 0xE3, 0x6F, 0xD6, 0xFD, 0x6F, 0xC6, 0xFB, 0x6F, 0xA6, 0xF9, 0x00,
  0x00, 0x00, 0x00, 0x00, 0x00, 0x00, 0x00, 0x00, 0x00, 0x00, 0x00, 0x00, 0x00, 0x00, 0x00, 0x00, 0x08, 0x90, 0x00, 0x09,
  0xFD, 0x00, 0x06, 0xFE, 0x30, 0x01, 0xEF, 0x70, 0x00, 0x8F, 0xE0, 0x00, 0x0D, 0xF9, 0x00, 0x03, 0xFF, 0x60, 0x00, 0x6F,
  0xF2, 0x00, 0x09, 0xFE, 0x00, 0x00, 0xAF, 0xD0, 0x00, 0x0B, 0xFC, 0x00, 0x00, 0xBF, 0xD0, 0x00, 0x0A, 0xFD, 0x00, 0x00,
  0x9F, 0xE0, 0x00, 0x07, 0xFF, 0x20, 0x00, 0x3F, 0xF5, 0x00, 0x00, 0xDF, 0x90, 0x00, 0x08, 0xFE, 0x00, 0x00, 0x1E, 0xF7,
  0x00, 0x00, 0x6F, 0xE3, 0x00, 0x00, 0x9F, 0xD0, 0x00, 0x00, 0x79, 0x4B, 0x20, 0x00, 0x08, 0xFD, 0x20, 0x00, 0x1C, 0xFC,
  0x00, 0x00, 0x2F, 0xF6, 0x00, 0x00, 0x9F, 0xD0, 0x00, 0x04, 0xFF, 0x50, 0x00, 0x0E, 0xFA, 0x00, 0x00, 0xBF, 0xD0, 0x00,
  0x0A, 0xFF, 0x10, 0x00, 0x9F, 0xF3, 0x00, 0x08, 0xFF, 0x40, 0x00, 0x7F, 0xF4, 0x00, 0x08, 0xFF, 0x30, 0x00, 0xAF, 0xF1,
  0x00, 0x0B, 0xFD, 0x00, 0x00, 0xEF, 0xA0, 0x00, 0x4F, 0xF5, 0x00, 0x09, 0xFD, 0x00, 0x02, 0xEF, 0x60, 0x00, 0xBF, 0xC0,
  0x00, 0x8F, 0xD2, 0x00, 0x04, 0xB2, 0x00, 0x00, 0x00, 0x02, 0xFD, 0x00, 0x00, 0x00, 0x01, 0xFC, 0x00, 0x00, 0x24, 0x00,
  0xFC, 0x01, 0x50, 0x7F, 0xC6, 0xEC, 0x8E, 0xF2, 0x7E, 0xFF, 0xFF, 0xFF, 0xC3, 0x00, 0x4D, 0xFF, 0x92, 0x00, 0x00, 0x6F,
  0xCF, 0xD1, 0x00, 0x04, 0xEE, 0x29, 0xFB, 0x00, 0x05, 0xE7, 0x01, 0xDC, 0x10, 0x00, 0x20, 0x00, 0x30, 0x00, 0x00, 0x00,
  0x00, 0x00, 0x00, 0x00, 0x00, 0x00, 0x00, 0x00, 0x00, 0x00, 0x00, 0x00, 0x00, 0x00, 0x00, 0x00, 0x00, 0x00, 0x00, 0x00,
  0x00, 0x00, 0x00, 0x00, 0x00, 0xBF, 0xF2, 0x00, 0x00, 0x00, 0x0B, 0xFF, 0x20, 0x00, 0x00, 0x00, 0xBF, 0xF2, 0x00, 0x00,
  0x00, 0x0B, 0xFF, 0x20, 0x00, 0x7F, 0xFF, 0xFF, 0xFF, 0xFF, 0xD7, 0xFF, 0xFF, 0xFF, 0xFF, 0xFD, 0x5B, 0xBB, 0xEF, 0xFB,
  0xBB, 0x90, 0x00, 0x0B, 0xFF, 0x20, 0x00, 0x00, 0x00, 0xBF, 0xF2, 0x00, 0x00, 0x00, 0x0B, 0xFF, 0x20, 0x00, 0x00, 0x00,
  0xAD, 0xD2, 0x00, 0x00, 0x00, 0x00, 0x00, 0x00, 0x00, 0x05, 0x98, 0x00, 0x9F, 0xE0, 0x09, 0xFE, 0x00, 0xAF, 0xD0, 0x0D,
  0xF9, 0x05, 0xFE, 0x20, 0x4C, 0x60, 0x00, 0x0D, 0xFF, 0xFF, 0xE0, 0x0D, 0xFF, 0xFF, 0xE0, 0x06, 0x77, 0x77, 0x60, 0x00,
  0x00, 0x00, 0x00, 0x00, 0x00, 0x00, 0x00, 0x00, 0x00, 0x00, 0x00, 0x00, 0x00, 0x00, 0x00, 0x00, 0x00, 0x00, 0x00, 0x00,
  0x21, 0x00, 0x06, 0xFF, 0x50, 0x0B, 0xFF, 0xA0, 0x05, 0xEE, 0x40, 0x00, 0x00, 0x00, 0xDF, 0x70, 0x00, 0x00, 0x3F, 0xF2,
  0x00, 0x00, 0x08, 0xFB, 0x00, 0x00, 0x00, 0xDF, 0x60, 0x00, 0x00, 0x4F, 0xF1, 0x00, 0x00, 0x09, 0xFB, 0x00, 0x00, 0x00,
  0xDF, 0x60, 0x00, 0x00, 0x4F, 0xE1, 0x00, 0x00, 0x09, 0xFA, 0x00, 0x00, 0x00, 0xEF, 0x50, 0x00, 0x00, 0x5F, 0xE1, 0x00,
  0x00, 0x0A, 0xFA, 0x00, 0x00, 0x00, 0xEF, 0x50, 0x00, 0x00, 0x5F, 0xE0, 0x00, 0x00, 0x0A, 0xFA, 0x00, 0x00, 0x01, 0xEF,
  0x50, 0x00, 0x00, 0x00, 0x07, 0xCE, 0xEC, 0x70, 0x00, 0x00, 0xAF, 0xFF, 0xFF, 0xFA, 0x00, 0x05, 0xFF, 0xE9, 0x9E, 0xFF,
  0x50, 0x0B, 0xFF, 0x60, 0x06, 0xFF, 0xB0, 0x0E, 0xFF, 0x10, 0x01, 0xFF, 0xE0, 0x0F, 0xFE, 0x00, 0x00, 0xEF, 0xF1, 0x1F,
  0xFE, 0x00, 0x00, 0xEF, 0xF1, 0x1F, 0xFE, 0x00, 0x00, 0xEF, 0xF1, 0x1F, 0xFE, 0x00, 0x00, 0xEF, 0xF1, 0x0F, 0xFF, 0x00,
  0x00, 0xEF, 0xF1, 0x0E, 0xFF, 0x10, 0x01, 0xFF, 0xE0, 0x0B, 0xFF, 0x60, 0x06, 0xFF, 0xB0, 0x05, 0xFF, 0xE9, 0x8E, 0xFF,
  0x60, 0x00, 0xAF, 0xFF, 0xFF, 0xFA, 0x00, 0x00, 0x07, 0xCE, 0xFD, 0x70, 0x00, 0x00, 0x00, 0x04, 0x9D, 0x40, 0x00, 0x00,
  0x59, 0xEF, 0xFF, 0x40, 0x00, 0x05, 0xFF, 0xFF, 0xFF, 0x40, 0x00, 0x05, 0xFD, 0xAD, 0xFF, 0x40, 0x00, 0x02, 0x30, 0x0C,
  0xFF, 0x40, 0x00, 0x00, 0x00, 0x0C, 0xFF, 0x40, 0x00, 0x00, 0x00, 0x0C, 0xFF, 0x40, 0x00, 0x00, 0x00, 0x0C, 0xFF, 0x40,
  0x00, 0x00, 0x00, 0x0C, 0xFF, 0x40, 0x00, 0x00, 0x00, 0x0C, 0xFF, 0x40, 0x00, 0x00, 0x00, 0x0C, 0xFF, 0x40, 0x00, 0x00,
  0x00, 0x0C, 0xFF, 0x40, 0x00, 0x00, 0x00, 0x0C, 0xFF, 0x40, 0x00, 0x00, 0x00, 0x0C, 0xFF, 0x40, 0x00, 0x00, 0x00, 0x0C,
  0xFF, 0x40, 0x00, 0x00, 0x18, 0xDE, 0xED, 0x81, 0x00, 0x02, 0xDF, 0xFF, 0xFF, 0xFC, 0x10, 0x0B, 0xFF, 0xD8, 0x9E, 0xFF,
  0x70, 0x2F, 0xFE, 0x20, 0x07, 0xFF, 0xB0, 0x4D, 0xDA, 0x00, 0x05, 0xFF, 0xB0, 0x00, 0x00, 0x00, 0x08, 0xFF, 0x90, 0x00,
  0x00, 0x00, 0x2E, 0xFF, 0x30, 0x00, 0x00, 0x01, 0xCF, 0xF8, 0x00, 0x00, 0x00, 0x1B, 0xFF, 0xB0, 0x00, 0x00, 0x00, 0xBF,
  0xFC, 0x10, 0x00, 0x00, 0x0A, 0xFF, 0xC1, 0x00, 0x00, 0x00, 0xAF, 0xFD, 0x20, 0x00, 0x00, 0x09, 0xFF, 0xF8, 0x77, 0x77,
  0x72, 0x0F, 0xFF, 0xFF, 0xFF, 0xFF, 0xF5, 0x0F, 0xFF, 0xFF, 0xFF, 0xFF, 0xF5, 0x00, 0x29, 0xDF, 0xEC, 0x81, 0x00, 0x04,
  0xEF, 0xFF, 0xFF, 0xFC, 0x10, 0x0C, 0xFF, 0xC7, 0x8E, 0xFF, 0x80, 0x2F, 0xFE, 0x10, 0x06, 0xFF, 0xB0, 0x00, 0x00, 0x00,
  0x05, 0xFF, 0xB0, 0x00, 0x00, 0x00, 0x3C, 0xFF, 0x60, 0x00, 0x00, 0xFF, 0xFF, 0xF8, 0x00, 0x00, 0x00, 0xFF, 0xFF, 0xE6,
  0x00, 0x00, 0x00, 0x56, 0x8E, 0xFF, 0x60, 0x00, 0x00, 0x00, 0x04, 0xFF, 0xD0, 0x24, 0x43, 0x00, 0x00, 0xFF, 0xF0, 0x5F,
  0xFD, 0x00, 0x04, 0xFF, 0xE0, 0x1E, 0xFF, 0xC7, 0x8E, 0xFF, 0x90, 0x05, 0xFF, 0xFF, 0xFF, 0xFC, 0x10, 0x00, 0x3A, 0xEF,
  0xEC, 0x71, 0x00, 0x00, 0x00, 0x00, 0x9F, 0xFC, 0x00, 0x00, 0x00, 0x04, 0xFF, 0xFC, 0x00, 0x00, 0x00, 0x1D, 0xFF, 0xFC,
  0x00, 0x00, 0x00, 0x8F, 0xFF, 0xFC, 0x00, 0x00, 0x03, 0xFF, 0xBF, 0xFC, 0x00, 0x00, 0x0C, 0xFD, 0x4F, 0xFC, 0x00, 0x00,
  0x8F, 0xF4, 0x4F, 0xFC, 0x00, 0x03, 0xFF, 0x90, 0x4F, 0xFC, 0x00, 0x0C, 0xFD, 0x10, 0x4F, 0xFC, 0x00, 0x6F, 0xFF, 0xFF,
  0xFF, 0xFF, 0xF8, 0x6F, 0xFF, 0xFF, 0xFF, 0xFF, 0xF8, 0x37, 0x77, 0x77, 0x8F, 0xFD, 0x73, 0x00, 0x00, 0x00, 0x4F, 0xFC,
  0x00, 0x00, 0x00, 0x00, 0x4F, 0xFC, 0x00, 0x00, 0x00, 0x00, 0x4F, 0xFC, 0x00, 0x00, 0xCF, 0xFF, 0xFF, 0xFF, 0xB0, 0x00,
  0xDF, 0xFF, 0xFF, 0xFF, 0xB0, 0x00, 0xFF, 0xD8, 0x88, 0x88, 0x60, 0x02, 0xFF, 0xA0, 0x00, 0x00, 0x00, 0x04, 0xFF, 0x80,
  0x00, 0x00, 0x00, 0x06, 0xFF, 0xCD, 0xFE, 0xA3, 0x00, 0x07, 0xFF, 0xFF, 0xFF, 0xFE, 0x30, 0x05, 0xBE, 0x95, 0x6D, 0xFF,
  0xB0, 0x00, 0x00, 0x00, 0x02, 0xFF, 0xF1, 0x00, 0x00, 0x00, 0x00, 0xDF, 0xF3, 0x06, 0x66, 0x10, 0x00, 0xDF, 0xF2, 0x0C,
  0xFF, 0x50, 0x03, 0xFF, 0xE0, 0x07, 0xFF, 0xE8, 0x8D, 0xFF, 0x90, 0x00, 0xAF, 0xFF, 0xFF, 0xFD, 0x10, 0x00, 0x06, 0xCE,
  0xED, 0x81, 0x00, 0x00, 0x00, 0x17, 0xCE, 0xF1, 0x00, 0x00, 0x03, 0xDF, 0xFF, 0xF1, 0x00, 0x00, 0x3E, 0xFF, 0xEA, 0x81,
  0x00, 0x00, 0xCF, 0xF9, 0x10, 0x00, 0x00, 0x05, 0xFF, 0xB0, 0x00, 0x00, 0x00, 0x0A, 0xFF, 0x8B, 0xEE, 0xC4, 0x00, 0x0D,
  0xFF, 0xFF, 0xFF, 0xFF, 0x50, 0x0E, 0xFF, 0xE8, 0x8D, 0xFF, 0xD0, 0x0F, 0xFF, 0x30, 0x02, 0xEF, 0xF3, 0x0E, 0xFF, 0x00,
  0x00, 0xBF, 0xF5, 0x0D, 0xFF, 0x20, 0x00, 0xBF, 0xF5, 0x0A, 0xFF, 0x80, 0x02, 0xEF, 0xF2, 0x03, 0xFF, 0xF9, 0x8D, 0xFF,
  0xB0, 0x00, 0x7F, 0xFF, 0xFF, 0xFD, 0x20, 0x00, 0x04, 0xBE, 0xFD, 0x81, 0x00, 0x7F, 0xFF, 0xFF, 0xFF, 0xFF, 0xF3, 0x7F,
  0xFF, 0xFF, 0xFF, 0xFF, 0xF3, 0x37, 0x77, 0x77, 0x78, 0xFF, 0xD0, 0x00, 0x00, 0x00, 0x08, 0xFF, 0x70, 0x00, 0x00, 0x00,
  0x1E, 0xFE, 0x10, 0x00, 0x00, 0x00, 0x7F, 0xF8, 0x00, 0x00, 0x00, 0x00, 0xDF, 0xF2, 0x00, 0x00, 0x00, 0x05, 0xFF, 0xA0,
  0x00, 0x00, 0x00, 0x0C, 0xFF, 0x40, 0x00, 0x00, 0x00, 0x4F, 0xFC, 0x00, 0x00, 0x00, 0x00, 0xBF, 0xF6, 0x00, 0x00, 0x00,
  0x03, 0xFF, 0xE0, 0x00, 0x00, 0x00, 0x0A, 0xFF, 0x80, 0x00, 0x00, 0x00, 0x2F, 0xFF, 0x20, 0x00, 0x00, 0x00, 0x8F, 0xFA,
  0x00, 0x00, 0x00, 0x00, 0x18, 0xDF, 0xFD, 0x81, 0x00, 0x01, 0xCF, 0xFF, 0xFF, 0xFC, 0x10, 0x07, 0xFF, 0xE8, 0x8E, 0xFF,
  0x80, 0x0A, 0xFF, 0x70, 0x06, 0xFF, 0xB0, 0x0A, 0xFF, 0x60, 0x05, 0xFF, 0xB0, 0x06, 0xFF, 0xC2, 0x2B, 0xFF, 0x70, 0x00,
  0x9F, 0xFF, 0xFF, 0xFA, 0x00, 0x00, 0x5E, 0xFF, 0xFF, 0xE6, 0x00, 0x05, 0xFF, 0xE8, 0x8E, 0xFF, 0x60, 0x0C, 0xFF, 0x40,
  0x03, 0xFF, 0xD0, 0x0F, 0xFF, 0x00, 0x00, 0xEF, 0xF1, 0x0E, 0xFF, 0x40, 0x03, 0xFF, 0xF0, 0x0B, 0xFF, 0xE8, 0x8D, 0xFF,
  0xB0, 0x02, 0xEF, 0xFF, 0xFF, 0xFE, 0x30, 0x00, 0x29, 0xDF, 0xFD, 0x92, 0x00, 0x00, 0x18, 0xDE, 0xEB, 0x40, 0x00, 0x01,
  0xCF, 0xFF, 0xFF, 0xF7, 0x00, 0x09, 0xFF, 0xE8, 0x9F, 0xFF, 0x30, 0x0E, 0xFF, 0x30, 0x06, 0xFF, 0x90, 0x2F, 0xFD, 0x00,
  0x02, 0xFF, 0xC0, 0x1F, 0xFE, 0x10, 0x00, 0xFF, 0xE0, 0x0D, 0xFF, 0xA2, 0x2A, 0xFF, 0xE0, 0x06, 0xFF, 0xFF, 0xFF, 0xFF,
  0xE0, 0x00, 0x7E, 0xFF, 0xFA, 0xFF, 0xD0, 0x00, 0x01, 0x44, 0x16, 0xFF, 0xB0, 0x00, 0x00, 0x00, 0x0C, 0xFF, 0x70, 0x00,
  0x00, 0x01, 0x9F, 0xFE, 0x10, 0x00, 0x07, 0xAD, 0xFF, 0xF5, 0x00, 0x00, 0x0E, 0xFF, 0xFE, 0x50, 0x00, 0x00, 0x0E, 0xEC,
  0x82, 0x00, 0x00, 0x05, 0xED, 0x40, 0x0B, 0xFF, 0x90, 0x06, 0xFF, 0x50, 0x00, 0x21, 0x00, 0x00, 0x00, 0x00, 0x00, 0x00,
  0x00, 0x00, 0x00, 0x00, 0x00, 0x21, 0x00, 0x06, 0xFF, 0x50, 0x0B, 0xFF, 0x90, 0x05, 0xED, 0x40, 0x07, 0xED, 0x20, 0x0D,
  0xFF, 0x70, 0x09, 0xFE, 0x30, 0x00, 0x21, 0x00, 0x00, 0x00, 0x00, 0x00, 0x00, 0x00, 0x00, 0x00, 0x00, 0x00, 0x00, 0x00,
  0x03, 0x99, 0x20, 0x06, 0xFF, 0x30, 0x06, 0xFF, 0x30, 0x07, 0xFF, 0x10, 0x0B, 0xFC, 0x00, 0x2F, 0xF5, 0x00, 0x2B, 0x90,
  0x00, 0x00, 0x00, 0x00, 0x04, 0xA6, 0x00, 0x00, 0x00, 0x6C, 0xFF, 0x70, 0x00, 0x28, 0xEF, 0xFF, 0xF6, 0x03, 0xAF, 0xFF,
  0xFE, 0xA4, 0x00, 0x8F, 0xFF, 0xB5, 0x10, 0x00, 0x08, 0xFF, 0xEA, 0x50, 0x00, 0x00, 0x3A, 0xFF, 0xFF, 0xE9, 0x40, 0x00,
  0x02, 0x8E, 0xFF, 0xFF, 0x60, 0x00, 0x00, 0x06, 0xCF, 0xF7, 0x00, 0x00, 0x00, 0x00, 0x4A, 0x60, 0x00, 0x00, 0x00, 0x00,
  0x00, 0x00, 0x0A, 0xFF, 0xFF, 0xFF, 0xFF, 0x90, 0x0A, 0xFF, 0xFF, 0xFF, 0xFF, 0x90, 0x05, 0x77, 0x77, 0x77, 0x77, 0x40,
  0x00, 0x00, 0x00, 0x00, 0x00, 0x00, 0x0A, 0xFF, 0xFF, 0xFF, 0xFF, 0x90, 0x0A, 0xFF, 0xFF, 0xFF, 0xFF, 0x90, 0x05, 0x77,
  0x77, 0x77, 0x77, 0x40, 0x00, 0x00, 0x00, 0x00, 0x00, 0x00, 0x00, 0x00, 0x00, 0x00, 0x00, 0x00, 0x00, 0x00, 0x00, 0x00,
  0x00, 0x00, 0x0A, 0x82, 0x00, 0x00, 0x00, 0x00, 0xCF, 0xFA, 0x40, 0x00, 0x00, 0x0C, 0xFF, 0xFF, 0xC6, 0x10, 0x00, 0x16,
  0xBF, 0xFF, 0xFE, 0x81, 0x00, 0x00, 0x17, 0xCF, 0xFF, 0x30, 0x00, 0x02, 0x7C, 0xFF, 0xF3, 0x01, 0x6B, 0xFF, 0xFF, 0xE8,
  0x10, 0xCF, 0xFF, 0xFC, 0x61, 0x00, 0x0C, 0xFF, 0xA4, 0x00, 0x00, 0x00, 0xA8, 0x20, 0x00, 0x00, 0x00, 0x00, 0x00, 0x00,
  0x00, 0x00, 0x00, 0x00, 0x7C, 0xEE, 0xD9, 0x10, 0x0B, 0xFF, 0xFF, 0xFF, 0xD2, 0x5F, 0xFF, 0x98, 0xEF, 0xF8, 0x8E, 0xE9,
  0x00, 0x6F, 0xFB, 0x00, 0x00, 0x00, 0x7F, 0xFA, 0x00, 0x00, 0x03, 0xEF, 0xF4, 0x00, 0x00, 0x3E, 0xFF, 0x70, 0x00, 0x01,
  0xDF, 0xF7, 0x00, 0x00, 0x05, 0xFF, 0x90, 0x00, 0x00, 0x07, 0xFF, 0x40, 0x00, 0x00, 0x00, 0x00, 0x00, 0x00, 0x00, 0x00,
  0x21, 0x00, 0x00, 0x00, 0x06, 0xFE, 0x40, 0x00, 0x00, 0x0B, 0xFF, 0x90, 0x00, 0x00, 0x05, 0xED, 0x30, 0x00, 0x00, 0x00,
  0x01, 0x6B, 0xEF, 0xFD, 0xB6, 0x00, 0x00, 0x00, 0x00, 0x04, 0xDF, 0xFD, 0xBB, 0xDF, 0xFC, 0x30, 0x00, 0x00, 0x06, 0xFF,
  0x93, 0x00, 0x00, 0x29, 0xFE, 0x30, 0x00, 0x03, 0xFF, 0x50, 0x00, 0x00, 0x00, 0x07, 0xFC, 0x00, 0x00, 0xDF, 0x70, 0x02,
  0xAE, 0xEC, 0x70, 0x0B, 0xF5, 0x00, 0x6F, 0xD0, 0x02, 0xDF, 0xFD, 0xFF, 0x40, 0x5F, 0xA0, 0x0B, 0xF7, 0x00, 0xBF, 0xC1,
  0x0E, 0xF3, 0x01, 0xFD, 0x00, 0xEF, 0x30, 0x3F, 0xF3, 0x01, 0xFF, 0x10, 0x0E, 0xE0, 0x1F, 0xF1, 0x07, 0xFD, 0x00, 0x3F,
  0xE0, 0x00, 0xEE, 0x02, 0xFE, 0x00, 0xAF, 0xA0, 0x04, 0xFD, 0x00, 0x1F, 0xD0, 0x2F, 0xE0, 0x0B, 0xFA, 0x00, 0x6F, 0xC0,
  0x05, 0xFA, 0x00, 0xFF, 0x10, 0x9F, 0xD1, 0x1D, 0xFC, 0x00, 0xBF, 0x50, 0x0C, 0xF6, 0x04, 0xFF, 0xEE, 0xEE, 0xFB, 0xCF,
  0xA0, 0x00, 0x8F, 0xC0, 0x06, 0xDF, 0xC3, 0x5D, 0xFE, 0x81, 0x00, 0x01, 0xDF, 0x90, 0x00, 0x00, 0x00, 0x00, 0x00, 0x00,
  0x00, 0x05, 0xFF, 0xB4, 0x00, 0x00, 0x35, 0x00, 0x00, 0x00, 0x00, 0x04, 0xDF, 0xFE, 0xDD, 0xEF, 0xD0, 0x00, 0x00, 0x00,
  0x00, 0x01, 0x7B, 0xDF, 0xED, 0xB6, 0x00, 0x00, 0x00, 0x00, 0x00, 0x09, 0xFF, 0xB0, 0x00, 0x00, 0x00, 0x00, 0x00, 0xEF,
  0xFF, 0x20, 0x00, 0x00, 0x00, 0x00, 0x5F, 0xFF, 0xF7, 0x00, 0x00, 0x00, 0x00, 0x0B, 0xFF, 0xFF, 0xC0, 0x00, 0x00, 0x00,
  0x02, 0xFF, 0xDB, 0xFF, 0x30, 0x00, 0x00, 0x00, 0x7F, 0xF8, 0x6F, 0xF9, 0x00, 0x00, 0x00, 0x0C, 0xFF, 0x21, 0xEF, 0xE0,
  0x00, 0x00, 0x03, 0xFF, 0xC0, 0x0A, 0xFF, 0x50, 0x00, 0x00, 0x9F, 0xF7, 0x00, 0x5F, 0xFA, 0x00, 0x00, 0x0D, 0xFF, 0xFF,
  0xFF, 0xFF, 0xE1, 0x00, 0x05, 0xFF, 0xFF, 0xFF, 0xFF, 0xFF, 0x70, 0x00, 0xAF, 0xFA, 0x88, 0x88, 0x9F, 0xFC, 0x00, 0x1E,
  0xFF, 0x20, 0x00, 0x00, 0xEF, 0xF3, 0x06, 0xFF, 0xC0, 0x00, 0x00, 0x0A, 0xFF, 0x80, 0xCF, 0xF8, 0x00, 0x00, 0x00, 0x6F,
  0xFD, 0x00, 0x0B, 0xFF, 0xFF, 0xFE, 0xD9, 0x20, 0x00, 0xBF, 0xFF, 0xFF, 0xFF, 0xFE, 0x40, 0x0B, 0xFF, 0xB8, 0x8A, 0xEF,
  0xFD, 0x00, 0xBF, 0xF7, 0x00, 0x04, 0xFF, 0xF1, 0x0B, 0xFF, 0x70, 0x00, 0x1F, 0xFF, 0x10, 0xBF, 0xF7, 0x00, 0x2A, 0xFF,
  0xB0, 0x0B, 0xFF, 0xFF, 0xFF, 0xFF, 0xB2, 0x00, 0xBF, 0xFF, 0xFF, 0xFF, 0xFC, 0x30, 0x0B, 0xFF, 0x83, 0x34, 0x9F, 0xFD,
  0x10, 0xBF, 0xF7, 0x00, 0x00, 0xDF, 0xF5, 0x0B, 0xFF, 0x70, 0x00, 0x0B, 0xFF, 0x70, 0xBF, 0xF7, 0x00, 0x01, 0xEF, 0xF5,
  0x0B, 0xFF, 0xB8, 0x89, 0xDF, 0xFE, 0x10, 0xBF, 0xFF, 0xFF, 0xFF, 0xFF, 0x60, 0x0B, 0xFF, 0xFF, 0xFF, 0xDA, 0x40, 0x00,
  0x00, 0x01, 0x7C, 0xEF, 0xDA, 0x30, 0x00, 0x00, 0x3D, 0xFF, 0xFF, 0xFF, 0xF6, 0x00, 0x00, 0xCF, 0xFE, 0xA9, 0xCF, 0xFF,
  0x30, 0x07, 0xFF, 0xD1, 0x00, 0x0A, 0xFF, 0xB0, 0x0C, 0xFF, 0x60, 0x00, 0x03, 0xFF, 0xE0, 0x0F, 0xFF, 0x20, 0x00, 0x00,
  0x55, 0x50, 0x2F, 0xFF, 0x00, 0x00, 0x00, 0x00, 0x00, 0x3F, 0xFF, 0x00, 0x00, 0x00, 0x00, 0x00, 0x2F, 0xFF, 0x10, 0x00,
  0x00, 0x00, 0x00, 0x1F, 0xFF, 0x20, 0x00, 0x00, 0x33, 0x30, 0x0C, 0xFF, 0x60, 0x00, 0x03, 0xFF, 0xE0, 0x08, 0xFF, 0xD1,
  0x00, 0x0A, 0xFF, 0xB0, 0x01, 0xDF, 0xFD, 0x99, 0xCF, 0xFF, 0x40, 0x00, 0x3E, 0xFF, 0xFF, 0xFF, 0xF6, 0x00, 0x00, 0x01,
  0x8D, 0xEF, 0xDA, 0x30, 0x00, 0x0B, 0xFF, 0xFF, 0xEC, 0x82, 0x00, 0x00, 0x0B, 0xFF, 0xFF, 0xFF, 0xFE, 0x50, 0x00, 0x0B,
  0xFF, 0xB8, 0x9D, 0xFF, 0xF4, 0x00, 0x0B, 0xFF, 0x70, 0x00, 0x9F, 0xFD, 0x00, 0x0B, 0xFF, 0x70, 0x00, 0x0D, 0xFF, 0x50,
  0x0B, 0xFF, 0x70, 0x00, 0x09, 0xFF, 0x90, 0x0B, 0xFF, 0x70, 0x00, 0x07, 0xFF, 0xB0, 0x0B, 0xFF, 0x70, 0x00, 0x07, 0xFF,
  0xC0, 0x0B, 0xFF, 0x70, 0x00, 0x07, 0xFF, 0xB0, 0x0B, 0xFF, 0x70, 0x00, 0x09, 0xFF, 0x90, 0x0B, 0xFF, 0x70, 0x00, 0x0D,
  0xFF, 0x50, 0x0B, 0xFF, 0x70, 0x00, 0x9F, 0xFD, 0x00, 0x0B, 0xFF, 0xB8, 0x9C, 0xFF, 0xF4, 0x00, 0x0B, 0xFF, 0xFF, 0xFF,
  0xFE, 0x50, 0x00, 0x0B, 0xFF, 0xFF, 0xEC, 0x82, 0x00, 0x00, 0x0B, 0xFF, 0xFF, 0xFF, 0xFF, 0xF6, 0x0B, 0xFF, 0xFF, 0xFF,
  0xFF, 0xF6, 0x0B, 0xFF, 0xB8, 0x88, 0x88, 0x83, 0x0B, 0xFF, 0x70, 0x00, 0x00, 0x00, 0x0B, 0xFF, 0x70, 0x00, 0x00, 0x00,
  0x0B, 0xFF, 0x70, 0x00, 0x00, 0x00, 0x0B, 0xFF, 0xFF, 0xFF, 0xFF, 0x60, 0x0B, 0xFF, 0xFF, 0xFF, 0xFF, 0x60, 0x0B, 0xFF,
  0xA7, 0x77, 0x77, 0x30, 0x0B, 0xFF, 0x70, 0x00, 0x00, 0x00, 0x0B, 0xFF, 0x70, 0x00, 0x00, 0x00, 0x0B, 0xFF, 0x70, 0x00,
  0x00, 0x00, 0x0B, 0xFF, 0xB8, 0x88, 0x88, 0x83, 0x0B, 0xFF, 0xFF, 0xFF, 0xFF, 0xF6, 0x0B, 0xFF, 0xFF, 0xFF, 0xFF, 0xF6,
  0x0B, 0xFF, 0xFF, 0xFF, 0xFF, 0xF1, 0x0B, 0xFF, 0xFF, 0xFF, 0xFF, 0xF1, 0x0B, 0xFF, 0xB8, 0x88, 0x88, 0x81, 0x0B, 0xFF,
  0x70, 0x00, 0x00, 0x00, 0x0B, 0xFF, 0x70, 0x00, 0x00, 0x00, 0x0B, 0xFF, 0x70, 0x00, 0x00, 0x00, 0x0B, 0xFF, 0xFF, 0xFF,
  0xFF, 0x60, 0x0B, 0xFF, 0xFF, 0xFF, 0xFF, 0x60, 0x0B, 0xFF, 0xB8, 0x88, 0x88, 0x30, 0x0B, 0xFF, 0x70, 0x00, 0x00, 0x00,
  0x0B, 0xFF, 0x70, 0x00, 0x00, 0x00, 0x0B, 0xFF, 0x70, 0x00, 0x00, 0x00, 0x0B, 0xFF, 0x70, 0x00, 0x00, 0x00, 0x0B, 0xFF,
  0x70, 0x00, 0x00, 0x00, 0x0B, 0xFF, 0x70, 0x00, 0x00, 0x00, 0x00, 0x01, 0x7C, 0xEF, 0xEB, 0x50, 0x00, 0x00, 0x2C, 0xFF,
  0xFF, 0xFF, 0xFA, 0x00, 0x00, 0xCF, 0xFE, 0xA9, 0xBF, 0xFF, 0x70, 0x06, 0xFF, 0xE3, 0x00, 0x07, 0xFF, 0xD0, 0x0B, 0xFF,
  0x80, 0x00, 0x00, 0xBC, 0xC1, 0x0E, 0xFF, 0x40, 0x00, 0x00, 0x00, 0x00, 0x0F, 0xFF, 0x20, 0x00, 0x00, 0x00, 0x00, 0x1F,
  0xFF, 0x20, 0x0C, 0xFF, 0xFF, 0xF3, 0x0F, 0xFF, 0x20, 0x0C, 0xFF, 0xFF, 0xF3, 0x0D, 0xFF, 0x40, 0x04, 0x55, 0xEF, 0xF3,
  0x0B, 0xFF, 0x90, 0x00, 0x00, 0xEF, 0xF3, 0x06, 0xFF, 0xE4, 0x00, 0x01, 0xEF, 0xF3, 0x00, 0xBF, 0xFF, 0xA8, 0x9D, 0xFF,
  0xF3, 0x00, 0x2C, 0xFF, 0xFF, 0xFF, 0xFF, 0x80, 0x00, 0x00, 0x6B, 0xEF, 0xEC, 0x93, 0x00, 0x0B, 0xFF, 0x70, 0x00, 0x00,
  0xAF, 0xF8, 0x00, 0xBF, 0xF7, 0x00, 0x00, 0x0A, 0xFF, 0x80, 0x0B, 0xFF, 0x70, 0x00, 0x00, 0xAF, 0xF8, 0x00, 0xBF, 0xF7,
  0x00, 0x00, 0x0A, 0xFF, 0x80, 0x0B, 0xFF, 0x70, 0x00, 0x00, 0xAF, 0xF8, 0x00, 0xBF, 0xF7, 0x00, 0x00, 0x0A, 0xFF, 0x80,
  0x0B, 0xFF, 0xFF, 0xFF, 0xFF, 0xFF, 0xF8, 0x00, 0xBF, 0xFF, 0xFF, 0xFF, 0xFF, 0xFF, 0x80, 0x0B, 0xFF, 0xB8, 0x88, 0x88,
  0xCF, 0xF8, 0x00, 0xBF, 0xF7, 0x00, 0x00, 0x0A, 0xFF, 0x80, 0x0B, 0xFF, 0x70, 0x00, 0x00, 0xAF, 0xF8, 0x00, 0xBF, 0xF7,
  0x00, 0x00, 0x0A, 0xFF, 0x80, 0x0B, 0xFF, 0x70, 0x00, 0x00, 0xAF, 0xF8, 0x00, 0xBF, 0xF7, 0x00, 0x00, 0x0A, 0xFF, 0x80,
  0x0B, 0xFF, 0x70, 0x00, 0x00, 0xAF, 0xF8, 0x00, 0x08, 0xFF, 0xA0, 0x08, 0xFF, 0xA0, 0x08, 0xFF, 0xA0, 0x08, 0xFF, 0xA0,
  0x08, 0xFF, 0xA0, 0x08, 0xFF, 0xA0, 0x08, 0xFF, 0xA0, 0x08, 0xFF, 0xA0, 0x08, 0xFF, 0xA0, 0x08, 0xFF, 0xA0, 0x08, 0xFF,
  0xA0, 0x08, 0xFF, 0xA0, 0x08, 0xFF, 0xA0, 0x08, 0xFF, 0xA0, 0x08, 0xFF, 0xA0, 0x00, 0x00, 0x00, 0x0A, 0xFF, 0x70, 0x00,
  0x00, 0x00, 0x0A, 0xFF, 0x70, 0x00, 0x00, 0x00, 0x0A, 0xFF, 0x70, 0x00, 0x00, 0x00, 0x0A, 0xFF, 0x70, 0x00, 0x00, 0x00,
  0x0A, 0xFF, 0x70, 0x00, 0x00, 0x00, 0x0A, 0xFF, 0x70, 0x00, 0x00, 0x00, 0x0A, 0xFF, 0x70, 0x00, 0x00, 0x00, 0x0A, 0xFF,
  0x70, 0x00, 0x00, 0x00, 0x0A, 0xFF, 0x70, 0x00, 0x00, 0x00, 0x0A, 0xFF, 0x70, 0x6A, 0xA6, 0x00, 0x0B, 0xFF, 0x70, 0x8F,
  0xFB, 0x00, 0x1E, 0xFF, 0x50, 0x3F, 0xFF, 0xB9, 0xDF, 0xFD, 0x00, 0x09, 0xFF, 0xFF, 0xFF, 0xE4, 0x00, 0x00, 0x6C, 0xEF,
  0xDA, 0x30, 0x00, 0x0B, 0xFF, 0x70, 0x00, 0x1C, 0xFF, 0xD2, 0x0B, 0xFF, 0x70, 0x00, 0xAF, 0xFF, 0x40, 0x0B, 0xFF, 0x70,
  0x06, 0xFF, 0xF6, 0x00, 0x0B, 0xFF, 0x70, 0x3E, 0xFF, 0x90, 0x00, 0x0B, 0xFF, 0x71, 0xDF, 0xFC, 0x00, 0x00, 0x0B, 0xFF,
  0x7A, 0xFF, 0xE2, 0x00, 0x00, 0x0B, 0xFF, 0xCF, 0xFF, 0x50, 0x00, 0x00, 0x0B, 0xFF, 0xFF, 0xFF, 0xA0, 0x00, 0x00, 0x0B,
  0xFF, 0xFF, 0xFF, 0xF5, 0x00, 0x00, 0x0B, 0xFF, 0xF9, 0xBF, 0xFD, 0x10, 0x00, 0x0B, 0xFF, 0xA0, 0x2E, 0xFF, 0x90, 0x00,
  0x0B, 0xFF, 0x70, 0x07, 0xFF, 0xF4, 0x00, 0x0B, 0xFF, 0x70, 0x00, 0xCF, 0xFD, 0x10, 0x0B, 0xFF, 0x70, 0x00, 0x3F, 0xFF,
  0x90, 0x0B, 0xFF, 0x70, 0x00, 0x08, 0xFF, 0xF4, 0x0B, 0xFF, 0x70, 0x00, 0x00, 0x00, 0xBF, 0xF7, 0x00, 0x00, 0x00, 0x0B,
  0xFF, 0x70, 0x00, 0x00, 0x00, 0xBF, 0xF7, 0x00, 0x00, 0x00, 0x0B, 0xFF, 0x70, 0x00, 0x00, 0x00, 0xBF, 0xF7, 0x00, 0x00,
  0x00, 0x0B, 0xFF, 0x70, 0x00, 0x00, 0x00, 0xBF, 0xF7, 0x00, 0x00, 0x00, 0x0B, 0xFF, 0x70, 0x00, 0x00, 0x00, 0xBF, 0xF7,
  0x00, 0x00, 0x00, 0x0B, 0xFF, 0x70, 0x00, 0x00, 0x00, 0xBF, 0xF7, 0x00, 0x00, 0x00, 0x0B, 0xFF, 0xB8, 0x88, 0x88, 0x70,
  0xBF, 0xFF, 0xFF, 0xFF, 0xFE, 0x0B, 0xFF, 0xFF, 0xFF, 0xFF, 0xE0, 0x0B, 0xFF, 0xF9, 0x00, 0x00, 0x00, 0x3F, 0xFF, 0xF1,
  0x0B, 0xFF, 0xFD, 0x00, 0x00, 0x00, 0x9F, 0xFF, 0xF1, 0x0B, 0xFF, 0xFF, 0x40, 0x00, 0x00, 0xDF, 0xFF, 0xF1, 0x0B, 0xFF,
  0xFF, 0xA0, 0x00, 0x04, 0xFF, 0xFF, 0xF1, 0x0B, 0xFF, 0xCF, 0xE1, 0x00, 0x09, 0xFF, 0xDF, 0xF1, 0x0B, 0xFF, 0x8F, 0xF5,
  0x00, 0x0E, 0xFB, 0xDF, 0xF1, 0x0B, 0xFF, 0x4E, 0xFA, 0x00, 0x5F, 0xF5, 0xDF, 0xF1, 0x0B, 0xFF, 0x59, 0xFE, 0x10, 0xAF,
  0xE1, 0xEF, 0xF1, 0x0B, 0xFF, 0x54, 0xFF, 0x61, 0xEF, 0x90, 0xEF, 0xF1, 0x0B, 0xFF, 0x60, 0xDF, 0xB6, 0xFF, 0x40, 0xFF,
  0xF1, 0x0B, 0xFF, 0x70, 0x8F, 0xFC, 0xFD, 0x01, 0xFF, 0xF1, 0x0B, 0xFF, 0x70, 0x3F, 0xFF, 0xF8, 0x01, 0xFF, 0xF1, 0x0B,
  0xFF, 0x70, 0x0C, 0xFF, 0xF3, 0x01, 0xFF, 0xF1, 0x0B, 0xFF, 0x70, 0x07, 0xFF, 0xC0, 0x01, 0xFF, 0xF1, 0x0B, 0xFF, 0x70,
  0x02, 0xFF, 0x70, 0x01, 0xFF, 0xF1, 0x0B, 0xFF, 0xB0, 0x00, 0x00, 0xAF, 0xF8, 0x00, 0xBF, 0xFF, 0x60, 0x00, 0x0A, 0xFF,
  0x80, 0x0B, 0xFF, 0xFD, 0x10, 0x00, 0xAF, 0xF8, 0x00, 0xBF, 0xFF, 0xF9, 0x00, 0x0A, 0xFF, 0x80, 0x0B, 0xFF, 0xFF, 0xF3,
  0x00, 0xAF, 0xF8, 0x00, 0xBF, 0xFC, 0xFF, 0xC0, 0x0A, 0xFF, 0x80, 0x0B, 0xFF, 0x7C, 0xFF, 0x60, 0xAF, 0xF8, 0x00, 0xBF,
  0xF7, 0x3F, 0xFE, 0x1A, 0xFF, 0x80, 0x0B, 0xFF, 0x70, 0x9F, 0xF9, 0xAF, 0xF8, 0x00, 0xBF, 0xF7, 0x01, 0xEF, 0xFC, 0xFF,
  0x80, 0x0B, 0xFF, 0x70, 0x06, 0xFF, 0xFF, 0xF8, 0x00, 0xBF, 0xF7, 0x00, 0x0C, 0xFF, 0xFF, 0x80, 0x0B, 0xFF, 0x70, 0x00,
  0x3F, 0xFF, 0xF8, 0x00, 0xBF, 0xF7, 0x00, 0x00, 0x9F, 0xFF, 0x80, 0x0B, 0xFF, 0x70, 0x00, 0x01, 0xDF, 0xF8, 0x00, 0x00,
  0x01, 0x6C, 0xEE, 0xD9, 0x30, 0x00, 0x00, 0x02, 0xCF, 0xFF, 0xFF, 0xFF, 0x60, 0x00, 0x00, 0xCF, 0xFE, 0xA9, 0xDF, 0xFF,
  0x40, 0x00, 0x6F, 0xFE, 0x30, 0x00, 0xAF, 0xFD, 0x00, 0x0B, 0xFF, 0x80, 0x00, 0x01, 0xEF, 0xF3, 0x00, 0xEF, 0xF3, 0x00,
  0x00, 0x0B, 0xFF, 0x70, 0x1F, 0xFF, 0x10, 0x00, 0x00, 0x9F, 0xF9, 0x03, 0xFF, 0xF0, 0x00, 0x00, 0x09, 0xFF, 0xA0, 0x1F,
  0xFF, 0x20, 0x00, 0x00, 0x9F, 0xF9, 0x00, 0xEF, 0xF4, 0x00, 0x00, 0x0B, 0xFF, 0x70, 0x0B, 0xFF, 0x90, 0x00, 0x01, 0xEF,
  0xF3, 0x00, 0x6F, 0xFE, 0x30, 0x00, 0x9F, 0xFD, 0x00, 0x00, 0xCF, 0xFE, 0xA9, 0xCF, 0xFF, 0x40, 0x00, 0x02, 0xCF, 0xFF,
  0xFF, 0xFF, 0x60, 0x00, 0x00, 0x00, 0x6C, 0xEF, 0xDA, 0x30, 0x00, 0x00, 0x0B, 0xFF, 0xFF, 0xFF, 0xDA, 0x30, 0x00, 0x0B,
  0xFF, 0xFF, 0xFF, 0xFF, 0xF6, 0x00, 0x0B, 0xFF, 0xB8, 0x89, 0xDF, 0xFF, 0x30, 0x0B, 0xFF, 0x70, 0x00, 0x0C, 0xFF, 0x90,
  0x0B, 0xFF, 0x70, 0x00, 0x07, 0xFF, 0xB0, 0x0B, 0xFF, 0x70, 0x00, 0x08, 0xFF, 0xB0, 0x0B, 0xFF, 0x70, 0x01, 0x5E, 0xFF,
  0x80, 0x0B, 0xFF, 0xFF, 0xFF, 0xFF, 0xFD, 0x10, 0x0B, 0xFF, 0xFF, 0xFF, 0xFF, 0xB2, 0x00, 0x0B, 0xFF, 0xB8, 0x88, 0x63,
  0x00, 0x00, 0x0B, 0xFF, 0x70, 0x00, 0x00, 0x00, 0x00, 0x0B, 0xFF, 0x70, 0x00, 0x00, 0x00, 0x00, 0x0B, 0xFF, 0x70, 0x00,
  0x00, 0x00, 0x00, 0x0B, 0xFF, 0x70, 0x00, 0x00, 0x00, 0x00, 0x0B, 0xFF, 0x70, 0x00, 0x00, 0x00, 0x00, 0x00, 0x01, 0x7C,
  0xEE, 0xD9, 0x30, 0x00, 0x00, 0x02, 0xCF, 0xFF, 0xFF, 0xFE, 0x60, 0x00, 0x00, 0xCF, 0xFE, 0xA9, 0xDF, 0xFF, 0x40, 0x00,
  0x6F, 0xFE, 0x30, 0x00, 0xAF, 0xFC, 0x00, 0x0B, 0xFF, 0x70, 0x00, 0x01, 0xEF, 0xF3, 0x00, 0xFF, 0xF3, 0x00, 0x00, 0x0B,
  0xFF, 0x70, 0x2F, 0xFF, 0x00, 0x00, 0x00, 0xAF, 0xF8, 0x03, 0xFF, 0xF0, 0x00, 0x00, 0x09, 0xFF, 0x90, 0x2F, 0xFF, 0x10,
  0x00, 0x00, 0x9F, 0xF9, 0x00, 0xFF, 0xF3, 0x00, 0x00, 0x0B, 0xFF, 0x70, 0x0B, 0xFF, 0x80, 0x00, 0x01, 0xEF, 0xF3, 0x00,
  0x6F, 0xFE, 0x30, 0x00, 0x9F, 0xFC, 0x00, 0x00, 0xCF, 0xFE, 0xA9, 0xCF, 0xFF, 0x40, 0x00, 0x02, 0xCF, 0xFF, 0xFF, 0xFF,
  0x60, 0x00, 0x00, 0x01, 0x6C, 0xEF, 0xFF, 0xFC, 0x20, 0x00, 0x00, 0x00, 0x00, 0x02, 0xCF, 0xFE, 0x40, 0x00, 0x00, 0x00,
  0x00, 0x01, 0xAF, 0xA0, 0x00, 0x00, 0x00, 0x00, 0x00, 0x00, 0x50, 0x00, 0x0B, 0xFF, 0xFF, 0xFF, 0xDA, 0x30, 0x00, 0xBF,
  0xFF, 0xFF, 0xFF, 0xFF, 0x50, 0x0B, 0xFF, 0xB8, 0x89, 0xEF, 0xFE, 0x10, 0xBF, 0xF7, 0x00, 0x02, 0xEF, 0xF5, 0x0B, 0xFF,
  0x70, 0x00, 0x0B, 0xFF, 0x60, 0xBF, 0xF7, 0x00, 0x00, 0xDF, 0xF5, 0x0B, 0xFF, 0x70, 0x02, 0x9F, 0xFE, 0x10, 0xBF, 0xFF,
  0xFF, 0xFF, 0xFF, 0x60, 0x0B, 0xFF, 0xFF, 0xFF, 0xFE, 0x40, 0x00, 0xBF, 0xFB, 0x88, 0xFF, 0xF3, 0x00, 0x0B, 0xFF, 0x70,
  0x0A, 0xFF, 0xB0, 0x00, 0xBF, 0xF7, 0x00, 0x3F, 0xFF, 0x40, 0x0B, 0xFF, 0x70, 0x00, 0xAF, 0xFB, 0x00, 0xBF, 0xF7, 0x00,
  0x03, 0xFF, 0xF5, 0x0B, 0xFF, 0x70, 0x00, 0x0A, 0xFF, 0xC0, 0x00, 0x05, 0xBE, 0xFE, 0xC7, 0x00, 0x00, 0x0A, 0xFF, 0xFF,
  0xFF, 0xFC, 0x10, 0x07, 0xFF, 0xFA, 0x8A, 0xEF, 0xFA, 0x00, 0xCF, 0xF8, 0x00, 0x04, 0xFF, 0xF1, 0x0C, 0xFF, 0x70, 0x00,
  0x08, 0x99, 0x10, 0x8F, 0xFF, 0x82, 0x00, 0x00, 0x00, 0x01, 0xCF, 0xFF, 0xFC, 0x71, 0x00, 0x00, 0x01, 0x9F, 0xFF, 0xFF,
  0xE5, 0x00, 0x00, 0x00, 0x27, 0xCF, 0xFF, 0xF6, 0x00, 0x00, 0x00, 0x00, 0x3B, 0xFF, 0xD0, 0x4C, 0xCB, 0x00, 0x00, 0x1F,
  0xFF, 0x22, 0xFF, 0xF4, 0x00, 0x02, 0xFF, 0xF2, 0x0A, 0xFF, 0xEA, 0x89, 0xDF, 0xFD, 0x00, 0x1B, 0xFF, 0xFF, 0xFF, 0xFE,
  0x40, 0x00, 0x05, 0xBE, 0xFE, 0xD9, 0x20, 0x00, 0xAF, 0xFF, 0xFF, 0xFF, 0xFF, 0xFF, 0x9A, 0xFF, 0xFF, 0xFF, 0xFF, 0xFF,
  0xF9, 0x58, 0x88, 0x9F, 0xFF, 0x88, 0x88, 0x50, 0x00, 0x02, 0xFF, 0xF0, 0x00, 0x00, 0x00, 0x00, 0x2F, 0xFF, 0x00, 0x00,
  0x00, 0x00, 0x02, 0xFF, 0xF0, 0x00, 0x00, 0x00, 0x00, 0x2F, 0xFF, 0x00, 0x00, 0x00, 0x00, 0x02, 0xFF, 0xF0, 0x00, 0x00,
  0x00, 0x00, 0x2F, 0xFF, 0x00, 0x00, 0x00, 0x00, 0x02, 0xFF, 0xF0, 0x00, 0x00, 0x00, 0x00, 0x2F, 0xFF, 0x00, 0x00, 0x00,
  0x00, 0x02, 0xFF, 0xF0, 0x00, 0x00, 0x00, 0x00, 0x2F, 0xFF, 0x00, 0x00, 0x00, 0x00, 0x02, 0xFF, 0xF0, 0x00, 0x00, 0x00,
  0x00, 0x2F, 0xFF, 0x00, 0x00, 0x00, 0x0D, 0xFF, 0x50, 0x00, 0x08, 0xFF, 0xA0, 0x0D, 0xFF, 0x50, 0x00, 0x08, 0xFF, 0xA0,
  0x0D, 0xFF, 0x50, 0x00, 0x08, 0xFF, 0xA0, 0x0D, 0xFF, 0x50, 0x00, 0x08, 0xFF, 0xA0, 0x0D, 0xFF, 0x50, 0x00, 0x08, 0xFF,
  0xA0, 0x0D, 0xFF, 0x50, 0x00, 0x08, 0xFF, 0xA0, 0x0D, 0xFF, 0x50, 0x00, 0x08, 0xFF, 0xA0, 0x0D, 0xFF, 0x50, 0x00, 0x08,
  0xFF, 0xA0, 0x0D, 0xFF, 0x50, 0x00, 0x08, 0xFF, 0xA0, 0x0D, 0xFF, 0x50, 0x00, 0x08, 0xFF, 0xA0, 0x0C, 0xFF, 0x60, 0x00,
  0x09, 0xFF, 0x90, 0x09, 0xFF, 0xC0, 0x00, 0x1E, 0xFF, 0x60, 0x03, 0xFF, 0xFD, 0x99, 0xDF, 0xFE, 0x10, 0x00, 0x6F, 0xFF,
  0xFF, 0xFF, 0xE4, 0x00, 0x00, 0x03, 0xAD, 0xFF, 0xD9, 0x20, 0x00, 0xCF, 0xFA, 0x00, 0x00, 0x00, 0xEF, 0xF8, 0x7F, 0xFE,
  0x00, 0x00, 0x04, 0xFF, 0xF3, 0x2F, 0xFF, 0x40, 0x00, 0x09, 0xFF, 0xC0, 0x0B, 0xFF, 0x90, 0x00, 0x0D, 0xFF, 0x70, 0x06,
  0xFF, 0xD0, 0x00, 0x2F, 0xFF, 0x20, 0x01, 0xFF, 0xF3, 0x00, 0x7F, 0xFC, 0x00, 0x00, 0xBF, 0xF7, 0x00, 0xBF, 0xF7, 0x00,
  0x00, 0x6F, 0xFB, 0x01, 0xFF, 0xF2, 0x00, 0x00, 0x1E, 0xFF, 0x16, 0xFF, 0xB0, 0x00, 0x00, 0x0A, 0xFF, 0x6A, 0xFF, 0x60,
  0x00, 0x00, 0x05, 0xFF, 0xAE, 0xFF, 0x10, 0x00, 0x00, 0x01, 0xEF, 0xFF, 0xFB, 0x00, 0x00, 0x00, 0x00, 0xAF, 0xFF, 0xF6,
  0x00, 0x00, 0x00, 0x00, 0x5F, 0xFF, 0xE1, 0x00, 0x00, 0x00, 0x00, 0x0E, 0xFF, 0xA0, 0x00, 0x00, 0x9F, 0xF9, 0x00, 0x04,
  0xFF, 0xA0, 0x00, 0x3F, 0xFE, 0x06, 0xFF, 0xB0, 0x00, 0x8F, 0xFD, 0x00, 0x06, 0xFF, 0xB0, 0x2F, 0xFE, 0x00, 0x0B, 0xFF,
  0xF2, 0x00, 0x8F, 0xF8, 0x00, 0xDF, 0xF2, 0x00, 0xEF, 0xFF, 0x60, 0x0B, 0xFF, 0x50, 0x0A, 0xFF, 0x50, 0x3F, 0xFF, 0xF9,
  0x00, 0xDF, 0xF1, 0x00, 0x7F, 0xF8, 0x06, 0xFF, 0xCF, 0xC0, 0x1F, 0xFD, 0x00, 0x04, 0xFF, 0xA0, 0xAF, 0xD7, 0xFF, 0x15,
  0xFF, 0xA0, 0x00, 0x1F, 0xFD, 0x0D, 0xFA, 0x4F, 0xF4, 0x7F, 0xF6, 0x00, 0x00, 0xCF, 0xF2, 0xFF, 0x60, 0xEF, 0x8A, 0xFF,
  0x30, 0x00, 0x09, 0xFF, 0x9F, 0xF2, 0x0B, 0xFB, 0xDF, 0xE0, 0x00, 0x00, 0x6F, 0xFE, 0xFD, 0x00, 0x8F, 0xEF, 0xFB, 0x00,
  0x00, 0x02, 0xFF, 0xFF, 0xA0, 0x04, 0xFF, 0xFF, 0x80, 0x00, 0x00, 0x0E, 0xFF, 0xF6, 0x00, 0x1E, 0xFF, 0xF5, 0x00, 0x00,
  0x00, 0xBF, 0xFF, 0x30, 0x00, 0xCF, 0xFF, 0x10, 0x00, 0x00, 0x07, 0xFF, 0xE0, 0x00, 0x08, 0xFF, 0xD0, 0x00, 0x00, 0x6F,
  0xFF, 0x30, 0x00, 0x0C, 0xFF, 0xB0, 0x0C, 0xFF, 0xB0, 0x00, 0x6F, 0xFF, 0x30, 0x04, 0xFF, 0xF4, 0x01, 0xDF, 0xF9, 0x00,
  0x00, 0xAF, 0xFC, 0x07, 0xFF, 0xE1, 0x00, 0x00, 0x2E, 0xFF, 0x6E, 0xFF, 0x70, 0x00, 0x00, 0x08, 0xFF, 0xFF, 0xFC, 0x00,
  0x00, 0x00, 0x01, 0xDF, 0xFF, 0xF4, 0x00, 0x00, 0x00, 0x00, 0x8F, 0xFF, 0xD0, 0x00, 0x00, 0x00, 0x01, 0xEF, 0xFF, 0xF5,
  0x00, 0x00, 0x00, 0x09, 0xFF, 0xFF, 0xFD, 0x10, 0x00, 0x00, 0x3F, 0xFF, 0x5E, 0xFF, 0x80, 0x00, 0x00, 0xBF, 0xFB, 0x06,
  0xFF, 0xE2, 0x00, 0x05, 0xFF, 0xF3, 0x00, 0xDF, 0xFA, 0x00, 0x1D, 0xFF, 0xA0, 0x00, 0x5F, 0xFF, 0x50, 0x8F, 0xFF, 0x20,
  0x00, 0x0B, 0xFF, 0xD0, 0xCF, 0xFA, 0x00, 0x00, 0x0A, 0xFF, 0xB4, 0xFF, 0xF2, 0x00, 0x02, 0xFF, 0xF4, 0x0B, 0xFF, 0x90,
  0x00, 0x9F, 0xFB, 0x00, 0x4F, 0xFE, 0x10, 0x1E, 0xFF, 0x30, 0x00, 0xBF, 0xF8, 0x08, 0xFF, 0xA0, 0x00, 0x03, 0xFF, 0xE1,
  0xEF, 0xF3, 0x00, 0x00, 0x0A, 0xFF, 0xCF, 0xFA, 0x00, 0x00, 0x00, 0x3F, 0xFF, 0xFF, 0x30, 0x00, 0x00, 0x00, 0xAF, 0xFF,
  0xA0, 0x00, 0x00, 0x00, 0x03, 0xFF, 0xF3, 0x00, 0x00, 0x00, 0x00, 0x2F, 0xFF, 0x10, 0x00, 0x00, 0x00, 0x02, 0xFF, 0xF1,
  0x00, 0x00, 0x00, 0x00, 0x2F, 0xFF, 0x10, 0x00, 0x00, 0x00, 0x02, 0xFF, 0xF1, 0x00, 0x00, 0x00, 0x00, 0x2F, 0xFF, 0x10,
  0x00, 0x00, 0x4F, 0xFF, 0xFF, 0xFF, 0xFF, 0xFE, 0x04, 0xFF, 0xFF, 0xFF, 0xFF, 0xFF, 0xE0, 0x28, 0x88, 0x88, 0x89, 0xFF,
  0xF8, 0x00, 0x00, 0x00, 0x00, 0x9F, 0xFC, 0x00, 0x00, 0x00, 0x00, 0x5F, 0xFE, 0x30, 0x00, 0x00, 0x00, 0x1E, 0xFF, 0x70,
  0x00, 0x00, 0x00, 0x0A, 0xFF, 0xB0, 0x00, 0x00, 0x00, 0x06, 0xFF, 0xE2, 0x00, 0x00, 0x00, 0x02, 0xEF, 0xF6, 0x00, 0x00,
  0x00, 0x00, 0xBF, 0xFB, 0x00, 0x00, 0x00, 0x00, 0x7F, 0xFE, 0x20, 0x00, 0x00, 0x00, 0x3E, 0xFF, 0x50, 0x00, 0x00, 0x00,
  0x0C, 0xFF, 0xD8, 0x88, 0x88, 0x88, 0x14, 0xFF, 0xFF, 0xFF, 0xFF, 0xFF, 0xF3, 0x5F, 0xFF, 0xFF, 0xFF, 0xFF, 0xFF, 0x30,
  0x0C, 0xFF, 0xFB, 0x0C, 0xFF, 0xFB, 0x0C, 0xFF, 0x74, 0x0C, 0xFF, 0x40, 0x0C, 0xFF, 0x40, 0x0C, 0xFF, 0x40, 0x0C, 0xFF,
  0x40, 0x0C, 0xFF, 0x40, 0x0C, 0xFF, 0x40, 0x0C, 0xFF, 0x40, 0x0C, 0xFF, 0x40, 0x0C, 0xFF, 0x40, 0x0C, 0xFF, 0x40, 0x0C,
  0xFF, 0x40, 0x0C, 0xFF, 0x40, 0x0C, 0xFF, 0x40, 0x0C, 0xFF, 0x40, 0x0C, 0xFF, 0x74, 0x0C, 0xFF, 0xFB, 0x0C, 0xFF, 0xFB,
  0xDF, 0xF4, 0x00, 0x00, 0x00, 0x7F, 0xFA, 0x00, 0x00, 0x00, 0x1F, 0xFE, 0x10, 0x00, 0x00, 0x0A, 0xFF, 0x70, 0x00, 0x00,
  0x05, 0xFF, 0xC0, 0x00, 0x00, 0x00, 0xDF, 0xF3, 0x00, 0x00, 0x00, 0x8F, 0xF9, 0x00, 0x00, 0x00, 0x2F, 0xFE, 0x10, 0x00,
  0x00, 0x0B, 0xFF, 0x60, 0x00, 0x00, 0x06, 0xFF, 0xC0, 0x00, 0x00, 0x00, 0xEF, 0xF3, 0x00, 0x00, 0x00, 0x9F, 0xF8, 0x00,
  0x00, 0x00, 0x3F, 0xFE, 0x00, 0x00, 0x00, 0x0C, 0xFF, 0x50, 0x00, 0x00, 0x06, 0xFF, 0xB0, 0x00, 0x00, 0x01, 0xEF, 0xF2,
  0xDF, 0xFF, 0x90, 0xDF, 0xFF, 0x90, 0x49, 0xFF, 0x90, 0x07, 0xFF, 0x90, 0x07, 0xFF, 0x90, 0x07, 0xFF, 0x90, 0x07, 0xFF,
  0x90, 0x07, 0xFF, 0x90, 0x07, 0xFF, 0x90, 0x07, 0xFF, 0x90, 0x07, 0xFF, 0x90, 0x07, 0xFF, 0x90, 0x07, 0xFF, 0x90, 0x07,
  0xFF, 0x90, 0x07, 0xFF, 0x90, 0x07, 0xFF, 0x90, 0x07, 0xFF, 0x90, 0x49, 0xFF, 0x90, 0xDF, 0xFF, 0x90, 0xDF, 0xFF, 0x90,
  0x00, 0x0B, 0xFD, 0x00, 0x00, 0x03, 0xFF, 0xF6, 0x00, 0x00, 0xAF, 0xFF, 0xC0, 0x00, 0x1E, 0xF7, 0xFF, 0x40, 0x08, 0xFD,
  0x0B, 0xFA, 0x00, 0xDF, 0x80, 0x5F, 0xF2, 0x6F, 0xE1, 0x00, 0xDF, 0x90, 0x00, 0x00, 0x00, 0x00, 0x00, 0x00, 0x00, 0x00,
  0x00, 0x00, 0x00, 0x00, 0x00, 0x00, 0x00, 0x00, 0x00, 0x00, 0x00, 0x00, 0x00, 0x00, 0x00, 0x00, 0x00, 0x00, 0x00, 0x00,
  0x00, 0x00, 0x00, 0x00, 0x00, 0x00, 0x00, 0x00, 0xFF, 0xFF, 0xFF, 0xFF, 0xF6, 0xFF, 0xFF, 0xFF, 0xFF, 0xF6, 0x56, 0x66,
  0x66, 0x66, 0x62, 0x2D, 0xFE, 0x30, 0x00, 0x3E, 0xFC, 0x00, 0x00, 0x3E, 0xF8, 0x00, 0x00, 0x00, 0x00, 0x00, 0x00, 0x00,
  0x00, 0x00, 0x00, 0x00, 0x00, 0x00, 0x00, 0x00, 0x00, 0x00, 0x00, 0x00, 0x00, 0x00, 0x00, 0x00, 0x00, 0x00, 0x00, 0x00,
  0x00, 0x00, 0x00, 0x00, 0x00, 0x00, 0x00, 0x00, 0x00, 0x00, 0x00, 0x00, 0x00, 0x00, 0x00, 0x00, 0x00, 0x00, 0x00, 0x00,
  0x4B, 0xEF, 0xEB, 0x40, 0x00, 0x7F, 0xFF, 0xFF, 0xFF, 0x60, 0x0E, 0xFF, 0x74, 0x8F, 0xFE, 0x00, 0x00, 0x00, 0x00, 0xEF,
  0xF2, 0x00, 0x6B, 0xEF, 0xFF, 0xFF, 0x30, 0x9F, 0xFF, 0xCC, 0xFF, 0xF3, 0x2F, 0xFE, 0x20, 0x0D, 0xFF, 0x35, 0xFF, 0xB0,
  0x00, 0xEF, 0xF3, 0x3F, 0xFF, 0x76, 0xBF, 0xFF, 0x30, 0xBF, 0xFF, 0xFF, 0xFF, 0xF4, 0x01, 0x8D, 0xFD, 0x89, 0xFF, 0x80,
  0x0D, 0xFF, 0x20, 0x00, 0x00, 0x00, 0x0D, 0xFF, 0x20, 0x00, 0x00, 0x00, 0x0D, 0xFF, 0x20, 0x00, 0x00, 0x00, 0x0D, 0xFF,
  0x20, 0x00, 0x00, 0x00, 0x0D, 0xFF, 0x20, 0x00, 0x00, 0x00, 0x0D, 0xFF, 0x6C, 0xFE, 0xA3, 0x00, 0x0D, 0xFF, 0xFF, 0xFF,
  0xFE, 0x20, 0x0D, 0xFF, 0xE8, 0x8E, 0xFF, 0xA0, 0x0D, 0xFF, 0x40, 0x04, 0xFF, 0xE0, 0x0D, 0xFF, 0x20, 0x00, 0xEF, 0xF2,
  0x0D, 0xFF, 0x20, 0x00, 0xDF, 0xF3, 0x0D, 0xFF, 0x20, 0x00, 0xEF, 0xF2, 0x0D, 0xFF, 0x30, 0x03, 0xFF, 0xE0, 0x0D, 0xFF,
  0xD8, 0x8D, 0xFF, 0xA0, 0x0D, 0xFF, 0xFF, 0xFF, 0xFE, 0x20, 0x0D, 0xFD, 0x6C, 0xFE, 0xB3, 0x00, 0x00, 0x29, 0xDF, 0xEC,
  0x50, 0x00, 0x2D, 0xFF, 0xFF, 0xFF, 0x70, 0x0B, 0xFF, 0xD8, 0xAF, 0xFF, 0x22, 0xFF, 0xE1, 0x00, 0x9F, 0xF6, 0x5F, 0xFB,
  0x00, 0x01, 0x33, 0x16, 0xFF, 0xA0, 0x00, 0x00, 0x00, 0x5F, 0xFB, 0x00, 0x00, 0x00, 0x02, 0xFF, 0xE1, 0x00, 0x7D, 0xD5,
  0x0B, 0xFF, 0xC8, 0x9F, 0xFF, 0x20, 0x2D, 0xFF, 0xFF, 0xFF, 0x70, 0x00, 0x29, 0xDF, 0xEB, 0x50, 0x00, 0x00, 0x00, 0x00,
  0x05, 0xFF, 0xB0, 0x00, 0x00, 0x00, 0x05, 0xFF, 0xB0, 0x00, 0x00, 0x00, 0x05, 0xFF, 0xB0, 0x00, 0x00, 0x00, 0x05, 0xFF,
  0xB0, 0x00, 0x00, 0x00, 0x05, 0xFF, 0xB0, 0x00, 0x4B, 0xEE, 0xB7, 0xFF, 0xB0, 0x04, 0xEF, 0xFF, 0xFF, 0xFF, 0xB0, 0x0C,
  0xFF, 0xD8, 0x9E, 0xFF, 0xB0, 0x2F, 0xFF, 0x20, 0x07, 0xFF, 0xB0, 0x5F, 0xFC, 0x00, 0x05, 0xFF, 0xB0, 0x6F, 0xFB, 0x00,
  0x05, 0xFF, 0xB0, 0x5F, 0xFC, 0x00, 0x05, 0xFF, 0xB0, 0x2F, 0xFF, 0x20, 0x07, 0xFF, 0xB0, 0x0C, 0xFF, 0xD8, 0x9E, 0xFF,
  0xB0, 0x03, 0xEF, 0xFF, 0xFF, 0xFF, 0xB0, 0x00, 0x3B, 0xEE, 0xB5, 0xFF, 0xB0, 0x00, 0x07, 0xCE, 0xEC, 0x70, 0x00, 0x1C,
  0xFF, 0xFF, 0xFF, 0xA0, 0x09, 0xFF, 0xD8, 0x8D, 0xFF, 0x60, 0xEF, 0xE1, 0x00, 0x4F, 0xFA, 0x3F, 0xFF, 0xFF, 0xFF, 0xFF,
  0xC5, 0xFF, 0xFF, 0xFF, 0xFF, 0xFD, 0x4F, 0xFE, 0x00, 0x00, 0x00, 0x01, 0xFF, 0xF6, 0x00, 0x04, 0x60, 0x09, 0xFF, 0xFA,
  0x79, 0xEF, 0x40, 0x1C, 0xFF, 0xFF, 0xFF, 0xE3, 0x00, 0x07, 0xCE, 0xFD, 0x92, 0x00, 0x00, 0x05, 0xCE, 0xE8, 0x00, 0x6F,
  0xFF, 0xF9, 0x00, 0xDF, 0xFC, 0x74, 0x00, 0xFF, 0xF1, 0x00, 0x01, 0xFF, 0xE0, 0x00, 0xBF, 0xFF, 0xFF, 0xF3, 0xBF, 0xFF,
  0xFF, 0xF3, 0x24, 0xFF, 0xE3, 0x31, 0x01, 0xFF, 0xE0, 0x00, 0x01, 0xFF, 0xE0, 0x00, 0x01, 0xFF, 0xE0, 0x00, 0x01, 0xFF,
  0xE0, 0x00, 0x01, 0xFF, 0xE0, 0x00, 0x01, 0xFF, 0xE0, 0x00, 0x01, 0xFF, 0xE0, 0x00, 0x01, 0xFF, 0xE0, 0x00, 0x00, 0x3A,
  0xEF, 0xD7, 0xEF, 0xD0, 0x03, 0xEF, 0xFF, 0xFF, 0xFF, 0xD0, 0x0B, 0xFF, 0xE8, 0x9E, 0xFF, 0xD0, 0x1F, 0xFF, 0x30, 0x04,
  0xFF, 0xD0, 0x4F, 0xFC, 0x00, 0x03, 0xFF, 0xD0, 0x5F, 0xFB, 0x00, 0x03, 0xFF, 0xD0, 0x4F, 0xFC, 0x00, 0x03, 0xFF, 0xD0,
  0x1F, 0xFF, 0x30, 0x04, 0xFF, 0xD0, 0x0B, 0xFF, 0xE8, 0x9E, 0xFF, 0xD0, 0x03, 0xEF, 0xFF, 0xFF, 0xFF, 0xD0, 0x00, 0x3B,
  0xEF, 0xC6, 0xFF, 0xD0, 0x00, 0x30, 0x00, 0x07, 0xFF, 0xB0, 0x02, 0xED, 0x76, 0x9E, 0xFF, 0x60, 0x06, 0xFF, 0xFF, 0xFF,
  0xFA, 0x00, 0x00, 0x4A, 0xEF, 0xEB, 0x60, 0x00, 0x0E, 0xFF, 0x10, 0x00, 0x00, 0x00, 0x0E, 0xFF, 0x10, 0x00, 0x00, 0x00,
  0x0E, 0xFF, 0x10, 0x00, 0x00, 0x00, 0x0E, 0xFF, 0x10, 0x00, 0x00, 0x00, 0x0E, 0xFF, 0x10, 0x00, 0x00, 0x00, 0x0E, 0xFF,
  0x3B, 0xEE, 0xC4, 0x00, 0x0E, 0xFF, 0xEF, 0xFF, 0xFE, 0x20, 0x0E, 0xFF, 0xD8, 0x8E, 0xFF, 0x80, 0x0E, 0xFF, 0x20, 0x07,
  0xFF, 0xA0, 0x0E, 0xFF, 0x10, 0x06, 0xFF, 0xA0, 0x0E, 0xFF, 0x10, 0x06, 0xFF, 0xB0, 0x0E, 0xFF, 0x10, 0x06, 0xFF, 0xB0,
  0x0E, 0xFF, 0x10, 0x06, 0xFF, 0xB0, 0x0E, 0xFF, 0x10, 0x06, 0xFF, 0xB0, 0x0E, 0xFF, 0x10, 0x06, 0xFF, 0xB0, 0x0E, 0xFF,
  0x10, 0x06, 0xFF, 0xB0, 0x00, 0x10, 0x00, 0x08, 0xFD, 0x30, 0x0D, 0xFF, 0x70, 0x07, 0xED, 0x20, 0x00, 0x00, 0x00, 0x0B,
  0xFF, 0x50, 0x0B, 0xFF, 0x50, 0x0B, 0xFF, 0x50, 0x0B, 0xFF, 0x50, 0x0B, 0xFF, 0x50, 0x0B, 0xFF, 0x50, 0x0B, 0xFF, 0x50,
  0x0B, 0xFF, 0x50, 0x0B, 0xFF, 0x50, 0x0B, 0xFF, 0x50, 0x0B, 0xFF, 0x50, 0x00, 0x01, 0x00, 0x00, 0x9F, 0xD2, 0x00, 0xEF,
  0xF6, 0x00, 0x8E, 0xC2, 0x00, 0x00, 0x00, 0x00, 0xBF, 0xF5, 0x00, 0xBF, 0xF5, 0x00, 0xBF, 0xF5, 0x00, 0xBF, 0xF5, 0x00,
  0xBF, 0xF5, 0x00, 0xBF, 0xF5, 0x00, 0xBF, 0xF5, 0x00, 0xBF, 0xF5, 0x00, 0xBF, 0xF5, 0x00, 0xBF, 0xF5, 0x00, 0xBF, 0xF5,
  0x00, 0xCF, 0xF4, 0x89, 0xFF, 0xF2, 0xFF, 0xFF, 0xA0, 0xDF, 0xD8, 0x10, 0x0D, 0xFF, 0x20, 0x00, 0x00, 0x00, 0x0D, 0xFF,
  0x20, 0x00, 0x00, 0x00, 0x0D, 0xFF, 0x20, 0x00, 0x00, 0x00, 0x0D, 0xFF, 0x20, 0x00, 0x00, 0x00, 0x0D, 0xFF, 0x20, 0x00,
  0x00, 0x00, 0x0D, 0xFF, 0x20, 0x2D, 0xFF, 0xA0, 0x0D, 0xFF, 0x21, 0xCF, 0xFC, 0x10, 0x0D, 0xFF, 0x2A, 0xFF, 0xD1, 0x00,
  0x0D, 0xFF, 0xAF, 0xFE, 0x20, 0x00, 0x0D, 0xFF, 0xFF, 0xF5, 0x00, 0x00, 0x0D, 0xFF, 0xFF, 0xFB, 0x00, 0x00, 0x0D, 0xFF,
  0xFE, 0xFF, 0x60, 0x00, 0x0D, 0xFF, 0x65, 0xFF, 0xE2, 0x00, 0x0D, 0xFF, 0x20, 0xAF, 0xFB, 0x00, 0x0D, 0xFF, 0x20, 0x1E,
  0xFF, 0x70, 0x0D, 0xFF, 0x20, 0x06, 0xFF, 0xE3, 0x0B, 0xFF, 0x50, 0x0B, 0xFF, 0x50, 0x0B, 0xFF, 0x50, 0x0B, 0xFF, 0x50,
  0x0B, 0xFF, 0x50, 0x0B, 0xFF, 0x50, 0x0B, 0xFF, 0x50, 0x0B, 0xFF, 0x50, 0x0B, 0xFF, 0x50, 0x0B, 0xFF, 0x50, 0x0B, 0xFF,
  0x50, 0x0B, 0xFF, 0x50, 0x0B, 0xFF, 0x50, 0x0B, 0xFF, 0x50, 0x0B, 0xFF, 0x50, 0x0B, 0xFF, 0x50, 0x0D, 0xFE, 0x3A, 0xEF,
  0xC4, 0x19, 0xDF, 0xD8, 0x00, 0x0D, 0xFF, 0xEF, 0xFF, 0xFE, 0xCF, 0xFF, 0xFF, 0x80, 0x0D, 0xFF, 0xD8, 0x8E, 0xFF, 0xFA,
  0x7C, 0xFF, 0xD0, 0x0D, 0xFF, 0x30, 0x09, 0xFF, 0xB0, 0x01, 0xFF, 0xF0, 0x0D, 0xFF, 0x20, 0x07, 0xFF, 0x90, 0x00, 0xEF,
  0xF1, 0x0D, 0xFF, 0x20, 0x07, 0xFF, 0x90, 0x00, 0xEF, 0xF1, 0x0D, 0xFF, 0x20, 0x07, 0xFF, 0x90, 0x00, 0xEF, 0xF1, 0x0D,
  0xFF, 0x20, 0x07, 0xFF, 0x90, 0x00, 0xEF, 0xF1, 0x0D, 0xFF, 0x20, 0x07, 0xFF, 0x90, 0x00, 0xEF, 0xF1, 0x0D, 0xFF, 0x20,
  0x07, 0xFF, 0x90, 0x00, 0xEF, 0xF1, 0x0D, 0xFF, 0x20, 0x07, 0xFF, 0x90, 0x00, 0xEF, 0xF1, 0x0E, 0xFE, 0x4B, 0xEF, 0xC4,
  0x00, 0x0E, 0xFF, 0xFF, 0xFF, 0xFE, 0x20, 0x0E, 0xFF, 0xD8, 0x8E, 0xFF, 0x80, 0x0E, 0xFF, 0x30, 0x07, 0xFF, 0xA0, 0x0E,
  0xFF, 0x10, 0x06, 0xFF, 0xA0, 0x0E, 0xFF, 0x10, 0x06, 0xFF, 0xB0, 0x0E, 0xFF, 0x10, 0x06, 0xFF, 0xB0, 0x0E, 0xFF, 0x10,
  0x06, 0xFF, 0xB0, 0x0E, 0xFF, 0x10, 0x06, 0xFF, 0xB0, 0x0E, 0xFF, 0x10, 0x06, 0xFF, 0xB0, 0x0E, 0xFF, 0x10, 0x06, 0xFF,
  0xB0, 0x00, 0x18, 0xDE, 0xEC, 0x70, 0x00, 0x01, 0xCF, 0xFF, 0xFF, 0xFB, 0x00, 0x0A, 0xFF, 0xE8, 0x9E, 0xFF, 0x80, 0x1F,
  0xFF, 0x30, 0x05, 0xFF, 0xE0, 0x4F, 0xFC, 0x00, 0x00, 0xEF, 0xF2, 0x6F, 0xFB, 0x00, 0x00, 0xDF, 0xF3, 0x5F, 0xFC, 0x00,
  0x00, 0xEF, 0xF2, 0x1F, 0xFF, 0x20, 0x05, 0xFF, 0xE0, 0x0A, 0xFF, 0xD8, 0x8E, 0xFF, 0x80, 0x02, 0xDF, 0xFF, 0xFF, 0xFB,
  0x10, 0x00, 0x18, 0xDF, 0xEC, 0x70, 0x00, 0x0D, 0xFE, 0x6C, 0xFE, 0xA2, 0x00, 0x0D, 0xFF, 0xFF, 0xFF, 0xFE, 0x20, 0x0D,
  0xFF, 0xD9, 0x8E, 0xFF, 0x90, 0x0D, 0xFF, 0x40, 0x05, 0xFF, 0xE0, 0x0D, 0xFF, 0x20, 0x00, 0xEF, 0xF1, 0x0D, 0xFF, 0x20,
  0x00, 0xDF, 0xF2, 0x0D, 0xFF, 0x20, 0x00, 0xEF, 0xF1, 0x0D, 0xFF, 0x30, 0x05, 0xFF, 0xE0, 0x0D, 0xFF, 0xD8, 0x8E, 0xFF,
  0x90, 0x0D, 0xFF, 0xFF, 0xFF, 0xFD, 0x20, 0x0D, 0xFF, 0x6C, 0xFE, 0xA2, 0x00, 0x0D, 0xFF, 0x20, 0x00, 0x00, 0x00, 0x0D,
  0xFF, 0x20, 0x00, 0x00, 0x00, 0x0D, 0xFF, 0x20, 0x00, 0x00, 0x00, 0x0D, 0xFF, 0x20, 0x00, 0x00, 0x00, 0x00, 0x4B, 0xEE,
  0xC5, 0xFF, 0xB0, 0x04, 0xEF, 0xFF, 0xFF, 0xFF, 0xB0, 0x0C, 0xFF, 0xD8, 0x9E, 0xFF, 0xB0, 0x2F, 0xFF, 0x20, 0x06, 0xFF,
  0xB0, 0x5F, 0xFC, 0x00, 0x05, 0xFF, 0xB0, 0x6F, 0xFB, 0x00, 0x05, 0xFF, 0xB0, 0x5F, 0xFC, 0x00, 0x05, 0xFF, 0xB0, 0x2F,
  0xFF, 0x20, 0x07, 0xFF, 0xB0, 0x0C, 0xFF, 0xD8, 0x9E, 0xFF, 0xB0, 0x04, 0xEF, 0xFF, 0xFF, 0xFF, 0xB0, 0x00, 0x4B, 0xEE,
  0xB7, 0xFF, 0xB0, 0x00, 0x00, 0x00, 0x05, 0xFF, 0xB0, 0x00, 0x00, 0x00, 0x05, 0xFF, 0xB0, 0x00, 0x00, 0x00, 0x05, 0xFF,
  0xB0, 0x00, 0x00, 0x00, 0x05, 0xFF, 0xB0, 0x0D, 0xFF, 0x4C, 0xF6, 0x0D, 0xFF, 0xEF, 0xF7, 0x0D, 0xFF, 0xFF, 0xE6, 0x0D,
  0xFF, 0x91, 0x00, 0x0D, 0xFF, 0x20, 0x00, 0x0D, 0xFF, 0x20, 0x00, 0x0D, 0xFF, 0x20, 0x00, 0x0D, 0xFF, 0x20, 0x00, 0x0D,
  0xFF, 0x20, 0x00, 0x0D, 0xFF, 0x20, 0x00, 0x0D, 0xFF, 0x20, 0x00, 0x00, 0x4B, 0xEF, 0xDA, 0x30, 0x00, 0x7F, 0xFF, 0xFF,
  0xFF, 0x50, 0x0E, 0xFE, 0x53, 0x8F, 0xFD, 0x01, 0xFF, 0xE2, 0x00, 0x77, 0x70, 0x0B, 0xFF, 0xEB, 0x95, 0x00, 0x00, 0x2A,
  0xFF, 0xFF, 0xFC, 0x20, 0x00, 0x02, 0x7B, 0xEF, 0xFC, 0x04, 0x99, 0x50, 0x02, 0xEF, 0xF0, 0x3F, 0xFD, 0x53, 0x6F, 0xFE,
  0x00, 0x9F, 0xFF, 0xFF, 0xFF, 0x60, 0x00, 0x5B, 0xEF, 0xDA, 0x40, 0x00, 0x05, 0xFF, 0xB0, 0x00, 0x5F, 0xFB, 0x00, 0x05,
  0xFF, 0xB0, 0x0E, 0xFF, 0xFF, 0xF9, 0xEF, 0xFF, 0xFF, 0x93, 0x7F, 0xFC, 0x32, 0x05, 0xFF, 0xB0, 0x00, 0x5F, 0xFB, 0x00,
  0x05, 0xFF, 0xB0, 0x00, 0x5F, 0xFB, 0x00, 0x05, 0xFF, 0xB0, 0x00, 0x4F, 0xFE, 0x86, 0x01, 0xDF, 0xFF, 0xB0, 0x04, 0xCE,
  0xE9, 0x0E, 0xFF, 0x10, 0x06, 0xFF, 0xB0, 0x0E, 0xFF, 0x10, 0x06, 0xFF, 0xB0, 0x0E, 0xFF, 0x10, 0x06, 0xFF, 0xB0, 0x0E,
  0xFF, 0x10, 0x06, 0xFF, 0xB0, 0x0E, 0xFF, 0x10, 0x06, 0xFF, 0xB0, 0x0E, 0xFF, 0x10, 0x06, 0xFF, 0xB0, 0x0E, 0xFF, 0x10,
  0x06, 0xFF, 0xB0, 0x0D, 0xFF, 0x30, 0x07, 0xFF, 0xB0, 0x0B, 0xFF, 0xC7, 0x9E, 0xFF, 0xB0, 0x05, 0xFF, 0xFF, 0xFE, 0xFF,
  0xB0, 0x00, 0x5C, 0xEE, 0xA5, 0xFF, 0xB0, 0xBF, 0xF6, 0x00, 0x0C, 0xFF, 0x56, 0xFF, 0xA0, 0x02, 0xFF, 0xE0, 0x1F, 0xFE,
  0x00, 0x6F, 0xFA, 0x00, 0xBF, 0xF4, 0x0A, 0xFF, 0x50, 0x06, 0xFF, 0x80, 0xEF, 0xE0, 0x00, 0x1E, 0xFC, 0x3F, 0xF9, 0x00,
  0x00, 0xAF, 0xF9, 0xFF, 0x40, 0x00, 0x06, 0xFF, 0xEF, 0xE0, 0x00, 0x00, 0x1E, 0xFF, 0xF9, 0x00, 0x00, 0x00, 0xAF, 0xFF,
  0x40, 0x00, 0x00, 0x05, 0xFF, 0xD0, 0x00, 0x00, 0xAF, 0xF5, 0x00, 0x9F, 0xE0, 0x00, 0xDF, 0xE1, 0x6F, 0xF8, 0x00, 0xDF,
  0xF4, 0x02, 0xFF, 0xB0, 0x2F, 0xFB, 0x02, 0xFF, 0xF8, 0x05, 0xFF, 0x80, 0x0D, 0xFD, 0x07, 0xFF, 0xFC, 0x08, 0xFF, 0x40,
  0x09, 0xFF, 0x2B, 0xFC, 0xFF, 0x2B, 0xFE, 0x00, 0x05, 0xFF, 0x5E, 0xF5, 0xDF, 0x6E, 0xFB, 0x00, 0x01, 0xFF, 0xCF, 0xE0,
  0x9F, 0xCF, 0xF7, 0x00, 0x00, 0xCF, 0xFF, 0xA0, 0x5F, 0xFF, 0xF3, 0x00, 0x00, 0x9F, 0xFF, 0x60, 0x1E, 0xFF, 0xE0, 0x00,
  0x00, 0x5F, 0xFF, 0x10, 0x0B, 0xFF, 0xB0, 0x00, 0x00, 0x1F, 0xFC, 0x00, 0x06, 0xFF, 0x70, 0x00, 0x6F, 0xFC, 0x00, 0x2E,
  0xFF, 0x30, 0xCF, 0xF6, 0x0A, 0xFF, 0x90, 0x04, 0xFF, 0xE4, 0xFF, 0xE1, 0x00, 0x0A, 0xFF, 0xEF, 0xF6, 0x00, 0x00, 0x2E,
  0xFF, 0xFC, 0x00, 0x00, 0x00, 0xAF, 0xFF, 0x70, 0x00, 0x00, 0x3F, 0xFF, 0xFD, 0x10, 0x00, 0x0C, 0xFF, 0xDF, 0xF8, 0x00,
  0x06, 0xFF, 0xD3, 0xFF, 0xE2, 0x01, 0xDF, 0xF5, 0x08, 0xFF, 0xA0, 0x8F, 0xFB, 0x00, 0x1E, 0xFF, 0x40, 0xCF, 0xF6, 0x00,
  0x0D, 0xFF, 0x67, 0xFF, 0xB0, 0x03, 0xFF, 0xE1, 0x2F, 0xFE, 0x10, 0x8F, 0xFA, 0x00, 0xBF, 0xF5, 0x0C, 0xFF, 0x50, 0x06,
  0xFF, 0xA2, 0xFF, 0xD0, 0x00, 0x1E, 0xFE, 0x7F, 0xF9, 0x00, 0x00, 0xAF, 0xFD, 0xFF, 0x30, 0x00, 0x04, 0xFF, 0xFF, 0xC0,
  0x00, 0x00, 0x0D, 0xFF, 0xF7, 0x00, 0x00, 0x00, 0x8F, 0xFF, 0x20, 0x00, 0x00, 0x03, 0xFF, 0xB0, 0x00, 0x00, 0x00, 0x8F,
  0xF6, 0x00, 0x00, 0x06, 0x9F, 0xFE, 0x10, 0x00, 0x00, 0xCF, 0xFF, 0x70, 0x00, 0x00, 0x0B, 0xFD, 0x70, 0x00, 0x00, 0x00,
  0x2F, 0xFF, 0xFF, 0xFF, 0xFC, 0x02, 0xFF, 0xFF, 0xFF, 0xFF, 0xC0, 0x17, 0x77, 0x79, 0xFF, 0xF5, 0x00, 0x00, 0x01, 0xDF,
  0xF8, 0x00, 0x00, 0x00, 0xAF, 0xFB, 0x00, 0x00, 0x00, 0x7F, 0xFD, 0x10, 0x00, 0x00, 0x4F, 0xFF, 0x40, 0x00, 0x00, 0x2D,
  0xFF, 0x70, 0x00, 0x00, 0x0B, 0xFF, 0xD7, 0x77, 0x77, 0x04, 0xFF, 0xFF, 0xFF, 0xFF, 0xF0, 0x4F, 0xFF, 0xFF, 0xFF, 0xFF,
  0x00, 0x00, 0x00, 0x6C, 0x30, 0x00, 0x8F, 0xF7, 0x00, 0x3F, 0xF9, 0x00, 0x09, 0xFF, 0x30, 0x00, 0xAF, 0xF0, 0x00, 0x0B,
  0xFF, 0x00, 0x00, 0xBF, 0xF0, 0x00, 0x0C, 0xFE, 0x00, 0x16, 0xFF, 0xA0, 0x08, 0xFF, 0xC2, 0x00, 0x8F, 0xFB, 0x10, 0x02,
  0x8F, 0xF9, 0x00, 0x00, 0xCF, 0xE0, 0x00, 0x0B, 0xFF, 0x00, 0x00, 0xBF, 0xF0, 0x00, 0x0A, 0xFF, 0x00, 0x00, 0x9F, 0xF3,
  0x00, 0x04, 0xFF, 0x90, 0x00, 0x09, 0xFF, 0x70, 0x00, 0x06, 0xC4, 0x04, 0xF9, 0x00, 0x4F, 0x90, 0x04, 0xF9, 0x00, 0x4F,
  0x90, 0x04, 0xF9, 0x00, 0x4F, 0x90, 0x04, 0xF9, 0x00, 0x4F, 0x90, 0x04, 0xF9, 0x00, 0x4F, 0x90, 0x04, 0xF9, 0x00, 0x4F,
  0x90, 0x04, 0xF9, 0x00, 0x4F, 0x90, 0x04, 0xF9, 0x00, 0x4F, 0x90, 0x04, 0xF9, 0x00, 0x4F, 0x90, 0x5C, 0x50, 0x00, 0x08,
  0xFF, 0x80, 0x00, 0x0A, 0xFF, 0x30, 0x00, 0x4F, 0xF7, 0x00, 0x02, 0xFF, 0x90, 0x00, 0x1F, 0xFA, 0x00, 0x01, 0xFF, 0xA0,
  0x00, 0x0F, 0xFB, 0x00, 0x00, 0xBF, 0xF5, 0x00, 0x02, 0xDF, 0xF7, 0x00, 0x1B, 0xFF, 0x70, 0x0A, 0xFF, 0x72, 0x00, 0xEF,
  0xB0, 0x00, 0x1F, 0xFA, 0x00, 0x01, 0xFF, 0xA0, 0x00, 0x2F, 0xFA, 0x00, 0x04, 0xFF, 0x70, 0x00, 0xAF, 0xF3, 0x00, 0x8F,
  0xF8, 0x00, 0x05, 0xC5, 0x00, 0x00, 0x00, 0x6D, 0xFD, 0x70, 0x00, 0x8A, 0x50, 0x04, 0xFF, 0xFF, 0xFB, 0x34, 0xEF, 0x60,
  0x0B, 0xFE, 0x8B, 0xFF, 0xFF, 0xFE, 0x20, 0x0D, 0xF7, 0x00, 0x7F, 0xFF, 0xF6, 0x00, 0x01, 0x10, 0x00, 0x02, 0x67, 0x30,
  0x00, 0x00, 0x00, 0x00, 0x00, 0x00, 0x00, 0x00, 0x00, 0x00, 0x00, 0x00, 0x00, 0x00, 0x00, 0x00, 0x00, 0x00, 0x00, 0x00,
  0x00, 0x00, 0x0F, 0xFF, 0xFF, 0xFF, 0x50, 0xC4, 0x00, 0x01, 0xA5, 0x09, 0x80, 0x00, 0x76, 0x50, 0x96, 0x30, 0x08, 0x55,
  0x09, 0x18, 0x06, 0x45, 0x50, 0x90, 0x82, 0x90, 0x55, 0x09, 0x02, 0xB6, 0x05, 0x50, 0x90, 0x0C, 0x10, 0x55, 0x09, 0x02,
  0xB6, 0x05, 0x50, 0x90, 0x82, 0x90, 0x55, 0x09, 0x18, 0x06, 0x45, 0x50, 0x96, 0x30, 0x08, 0x55, 0x09, 0x80, 0x00, 0x76,
  0x50, 0xC4, 0x00, 0x01, 0xA5, 0x0F, 0xFF, 0xFF, 0xFF, 0x50, 0xBF, 0xFF, 0xFF, 0xFF, 0xFF, 0xFE, 0x00, 0x00, 0xBF, 0xFF,
  0xFF, 0xFF, 0xFF, 0xFE, 0x00, 0x00, 0x68, 0x88, 0xFF, 0xF9, 0x88, 0x88, 0x00, 0x00, 0x00, 0x00, 0xFF, 0xF2, 0x00, 0x00,
  0x00, 0x00, 0x00, 0x00, 0xFF, 0xF2, 0x00, 0x00, 0x00, 0x00, 0x00, 0x00, 0xFF, 0xF2, 0x00, 0x00, 0x00, 0x00, 0x00, 0x00,
  0xFF, 0xFC, 0xEF, 0xEC, 0x81, 0x00, 0x00, 0x00, 0xFF, 0xFF, 0xFF, 0xFF, 0xFD, 0x20, 0x00, 0x00, 0xFF, 0xFB, 0xA9, 0xBF,
  0xFF, 0xB0, 0x00, 0x00, 0xFF, 0xF2, 0x00, 0x06, 0xFF, 0xF1, 0x00, 0x00, 0xFF, 0xF2, 0x00, 0x00, 0xFF, 0xF2, 0x00, 0x00,
  0xFF, 0xF2, 0x00, 0x03, 0xFF, 0xE1, 0x00, 0x00, 0xFF, 0xF2, 0x04, 0x8E, 0xFF, 0xA0, 0x00, 0x00, 0xFF, 0xF2, 0x09, 0xFF,
  0xFD, 0x20, 0x00, 0x00, 0xFF, 0xF2, 0x09, 0xEC, 0x71, 0x00, 0x00, 0x00, 0x00, 0x8F, 0xFB, 0x00, 0x00, 0x00, 0x05, 0xFF,
  0xB1, 0x00, 0x00, 0x00, 0x09, 0xDC, 0x10, 0x00, 0x00, 0x00, 0x00, 0x00, 0x00, 0x00, 0x0A, 0xFF, 0xFF, 0xFF, 0xFF, 0xF3,
  0x0A, 0xFF, 0xFF, 0xFF, 0xFF, 0xF3, 0x0A, 0xFF, 0xB8, 0x88, 0x88, 0x81, 0x0A, 0xFF, 0x70, 0x00, 0x00, 0x00, 0x0A, 0xFF,
  0x70, 0x00, 0x00, 0x00, 0x0A, 0xFF, 0x70, 0x00, 0x00, 0x00, 0x0A, 0xFF, 0x70, 0x00, 0x00, 0x00, 0x0A, 0xFF, 0x70, 0x00,
  0x00, 0x00, 0x0A, 0xFF, 0x70, 0x00, 0x00, 0x00, 0x0A, 0xFF, 0x70, 0x00, 0x00, 0x00, 0x0A, 0xFF, 0x70, 0x00, 0x00, 0x00,
  0x0A, 0xFF, 0x70, 0x00, 0x00, 0x00, 0x0A, 0xFF, 0x70, 0x00, 0x00, 0x00, 0x0A, 0xFF, 0x70, 0x00, 0x00, 0x00, 0x0A, 0xFF,
  0x70, 0x00, 0x00, 0x00, 0x08, 0xFE, 0x00, 0x8F, 0xE0, 0x0A, 0xFC, 0x01, 0xEF, 0x50, 0x2B, 0x90, 0x00, 0x00, 0x00, 0x8F,
  0xFB, 0x00, 0x00, 0x5F, 0xFC, 0x10, 0x00, 0x09, 0xDC, 0x10, 0x00, 0x00, 0x00, 0x00, 0x00, 0x00, 0x00, 0x00, 0x00, 0x00,
  0xDF, 0xFF, 0xFF, 0xFB, 0x0D, 0xFF, 0xFF, 0xFF, 0xB0, 0xDF, 0xF8, 0x77, 0x75, 0x0D, 0xFF, 0x20, 0x00, 0x00, 0xDF, 0xF2,
  0x00, 0x00, 0x0D, 0xFF, 0x20, 0x00, 0x00, 0xDF, 0xF2, 0x00, 0x00, 0x0D, 0xFF, 0x20, 0x00, 0x00, 0xDF, 0xF2, 0x00, 0x00,
  0x0D, 0xFF, 0x20, 0x00, 0x00, 0xDF, 0xF2, 0x00, 0x00, 0x08, 0xFE, 0x0F, 0xF8, 0x08, 0xFE, 0x0F, 0xF8, 0x09, 0xFD, 0x1F,
  0xF7, 0x0B, 0xFA, 0x4F, 0xF3, 0x2F, 0xF4, 0x9F, 0xB0, 0x2A, 0x90, 0x6D, 0x30, 0x00, 0x12, 0x00, 0x02, 0x10, 0x00, 0x21,
  0x00, 0x05, 0xFF, 0x60, 0x7F, 0xE4, 0x0A, 0xFD, 0x20, 0x09, 0xFF, 0xB0, 0xCF, 0xF9, 0x0F, 0xFF, 0x50, 0x04, 0xDE, 0x50,
  0x6E, 0xD3, 0x08, 0xEC, 0x10, 0x00, 0x00, 0xDF, 0xF2, 0x00, 0x00, 0x00, 0x0D, 0xFF, 0x20, 0x00, 0x00, 0x00, 0xDF, 0xF2,
  0x00, 0x00, 0x00, 0x0D, 0xFF, 0x20, 0x00, 0x7F, 0xFF, 0xFF, 0xFF, 0xFF, 0xC7, 0xFF, 0xFF, 0xFF, 0xFF, 0xFC, 0x48, 0x88,
  0xEF, 0xF9, 0x88, 0x60, 0x00, 0x0D, 0xFF, 0x20, 0x00, 0x00, 0x00, 0xDF, 0xF2, 0x00, 0x00, 0x00, 0x0D, 0xFF, 0x20, 0x00,
  0x00, 0x00, 0xDF, 0xF2, 0x00, 0x00, 0x00, 0x0D, 0xFF, 0x20, 0x00, 0x00, 0x00, 0xDF, 0xF2, 0x00, 0x00, 0x00, 0x0D, 0xFF,
  0x20, 0x00, 0x00, 0x00, 0xDF, 0xF2, 0x00, 0x00, 0x00, 0x00, 0x8F, 0xF9, 0x00, 0x00, 0x00, 0x00, 0x8F, 0xF9, 0x00, 0x00,
  0x00, 0x00, 0x8F, 0xF9, 0x00, 0x00, 0x00, 0x00, 0x8F, 0xF9, 0x00, 0x00, 0x0F, 0xFF, 0xFF, 0xFF, 0xFF, 0xF3, 0x0F, 0xFF,
  0xFF, 0xFF, 0xFF, 0xF3, 0x07, 0x77, 0xBF, 0xFB, 0x77, 0x71, 0x00, 0x00, 0x8F, 0xF9, 0x00, 0x00, 0x00, 0x00, 0x8F, 0xF9,
  0x00, 0x00, 0x00, 0x00, 0x8F, 0xF9, 0x00, 0x00, 0x00, 0x00, 0x8F, 0xF9, 0x00, 0x00, 0x00, 0x00, 0x8F, 0xF9, 0x00, 0x00,
  0x07, 0x77, 0xBF, 0xFB, 0x77, 0x71, 0x0F, 0xFF, 0xFF, 0xFF, 0xFF, 0xF3, 0x0F, 0xFF, 0xFF, 0xFF, 0xFF, 0xF3, 0x00, 0x00,
  0x8F, 0xF9, 0x00, 0x00, 0x00, 0x00, 0x8F, 0xF9, 0x00, 0x00, 0x00, 0x00, 0x8F, 0xF9, 0x00, 0x00, 0x00, 0x00, 0x8F, 0xF9,
  0x00, 0x00, 0x00, 0x00, 0x05, 0xBE, 0xFE, 0xD2, 0x00, 0x01, 0xBF, 0xFF, 0xFF, 0xF1, 0x00, 0x09, 0xFF, 0xFC, 0x99, 0xA0,
  0x00, 0x1F, 0xFF, 0x70, 0x00, 0x00, 0x00, 0x5F, 0xFE, 0x00, 0x00, 0x00, 0x2F, 0xFF, 0xFF, 0xFF, 0xF3, 0x00, 0x19, 0xBF,
  0xFE, 0x99, 0x92, 0x00, 0x00, 0x6F, 0xFC, 0x00, 0x00, 0x00, 0x2F, 0xFF, 0xFF, 0xFF, 0xF3, 0x00, 0x19, 0xBF, 0xFE, 0x99,
  0x92, 0x00, 0x00, 0x5F, 0xFE, 0x00, 0x00, 0x00, 0x00, 0x1E, 0xFF, 0x60, 0x00, 0x00, 0x00, 0x09, 0xFF, 0xFB, 0x99, 0xA0,
  0x00, 0x01, 0xBF, 0xFF, 0xFF, 0xF1, 0x00, 0x00, 0x06, 0xBE, 0xFE, 0xD2, 0x01, 0xAE, 0xEA, 0x20, 0x00, 0x00, 0x00, 0x00,
  0x00, 0x00, 0x0A, 0xFD, 0xDF, 0xC0, 0x00, 0xA9, 0x00, 0x00, 0x00, 0x00, 0x1F, 0xD0, 0x1E, 0xF2, 0x04, 0xFB, 0x00, 0x00,
  0x00, 0x00, 0x2F, 0xB0, 0x0C, 0xF4, 0x0D, 0xF3, 0x00, 0x00, 0x00, 0x00, 0x0F, 0xD0, 0x0E, 0xF3, 0x7F, 0x80, 0x00, 0x00,
  0x00, 0x00, 0x0A, 0xFD, 0xDF, 0xC2, 0xED, 0x10, 0x00, 0x00, 0x00, 0x00, 0x01, 0xAE, 0xEA, 0x2A, 0xF5, 0x00, 0x00, 0x00,
  0x00, 0x00, 0x00, 0x00, 0x00, 0x4F, 0xB0, 0x00, 0x00, 0x00, 0x00, 0x00, 0x00, 0x00, 0x00, 0xDF, 0x35, 0xCF, 0xD6, 0x8E,
  0xEB, 0x30, 0x00, 0x00, 0x07, 0xF8, 0x4F, 0xFC, 0xFF, 0xFE, 0xCF, 0xE2, 0x00, 0x00, 0x2E, 0xD1, 0x9F, 0x80, 0x6F, 0xF3,
  0x0B, 0xF6, 0x00, 0x00, 0xAF, 0x50, 0xBF, 0x60, 0x3F, 0xF0, 0x08, 0xF8, 0x00, 0x04, 0xFB, 0x00, 0x9F, 0x80, 0x5F, 0xF3,
  0x0A, 0xF6, 0x00, 0x04, 0xC3, 0x00, 0x4F, 0xFC, 0xEF, 0xFE, 0xCF, 0xE2, 0x00, 0x00, 0x00, 0x00, 0x05, 0xCF, 0xD6, 0x8E,
  0xEC, 0x40, 0x00, 0x09, 0xFF, 0xFF, 0xFF, 0xFF, 0xF8, 0x00, 0x00, 0x00, 0x00, 0x00, 0x0A, 0xFF, 0xFF, 0xFF, 0xFF, 0xF8,
  0x00, 0x00, 0x00, 0x00, 0x00, 0x0A, 0xFF, 0xB8, 0x88, 0xCF, 0xF8, 0x00, 0x00, 0x00, 0x00, 0x00, 0x0B, 0xFF, 0x60, 0x00,
  0xAF, 0xF8, 0x00, 0x00, 0x00, 0x00, 0x00, 0x0B, 0xFF, 0x60, 0x00, 0xAF, 0xF8, 0x00, 0x00, 0x00, 0x00, 0x00, 0x0C, 0xFF,
  0x50, 0x00, 0xAF, 0xFF, 0xFF, 0xED, 0x81, 0x00, 0x00, 0x0C, 0xFF, 0x40, 0x00, 0xAF, 0xFF, 0xFF, 0xFF, 0xFE, 0x30, 0x00,
  0x0D, 0xFF, 0x30, 0x00, 0xAF, 0xFB, 0x88, 0x9E, 0xFF, 0xD1, 0x00, 0x0E, 0xFF, 0x20, 0x00, 0xAF, 0xF8, 0x00, 0x02, 0xEF,
  0xF6, 0x00, 0x1F, 0xFF, 0x00, 0x00, 0xAF, 0xF8, 0x00, 0x00, 0x9F, 0xF9, 0x00, 0x4F, 0xFD, 0x00, 0x00, 0xAF, 0xF8, 0x00,
  0x00, 0x9F, 0xF9, 0x00, 0xAF, 0xFA, 0x00, 0x00, 0xAF, 0xF8, 0x00, 0x02, 0xEF, 0xF6, 0x5B, 0xFF, 0xF5, 0x00, 0x00, 0xAF,
  0xFB, 0x88, 0x9E, 0xFF, 0xD1, 0xAF, 0xFF, 0xB0, 0x00, 0x00, 0xAF, 0xFF, 0xFF, 0xFF, 0xFE, 0x40, 0xAF, 0xD8, 0x10, 0x00,
  0x00, 0xAF, 0xFF, 0xFF, 0xED, 0x92, 0x00, 0x00, 0x07, 0xF9, 0x00, 0x03, 0xEE, 0x10, 0x01, 0xDF, 0x60, 0x00, 0xAF, 0xB0,
  0x00, 0x0A, 0xFB, 0x00, 0x00, 0x1D, 0xF6, 0x00, 0x00, 0x3E, 0xE1, 0x00, 0x00, 0x7F, 0x90, 0x00, 0x00, 0x00, 0x00, 0x0A,
  0xFF, 0x70, 0x00, 0x00, 0xAF, 0xF8, 0x00, 0x00, 0x00, 0x00, 0x0A, 0xFF, 0x70, 0x00, 0x00, 0xAF, 0xF8, 0x00, 0x00, 0x00,
  0x00, 0x0A, 0xFF, 0x70, 0x00, 0x00, 0xAF, 0xF8, 0x00, 0x00, 0x00, 0x00, 0x0A, 0xFF, 0x70, 0x00, 0x00, 0xAF, 0xF8, 0x00,
  0x00, 0x00, 0x00, 0x0A, 0xFF, 0x70, 0x00, 0x00, 0xAF, 0xF8, 0x00, 0x00, 0x00, 0x00, 0x0A, 0xFF, 0x70, 0x00, 0x00, 0xAF,
  0xFF, 0xFF, 0xED, 0x92, 0x00, 0x0A, 0xFF, 0xFF, 0xFF, 0xFF, 0xFF, 0xFF, 0xFF, 0xFF, 0xFE, 0x40, 0x0A, 0xFF, 0xFF, 0xFF,
  0xFF, 0xFF, 0xFC, 0x88, 0x9E, 0xFF, 0xD1, 0x0A, 0xFF, 0xB8, 0x88, 0x88, 0xCF, 0xF8, 0x00, 0x02, 0xEF, 0xF6, 0x0A, 0xFF,
  0x70, 0x00, 0x00, 0xAF, 0xF8, 0x00, 0x00, 0x9F, 0xF9, 0x0A, 0xFF, 0x70, 0x00, 0x00, 0xAF, 0xF8, 0x00, 0x00, 0x9F, 0xF9,
  0x0A, 0xFF, 0x70, 0x00, 0x00, 0xAF, 0xF8, 0x00, 0x02, 0xEF, 0xF6, 0x0A, 0xFF, 0x70, 0x00, 0x00, 0xAF, 0xFC, 0x88, 0x9E,
  0xFF, 0xE1, 0x0A, 0xFF, 0x70, 0x00, 0x00, 0xAF, 0xFF, 0xFF, 0xFF, 0xFE, 0x40, 0x0A, 0xFF, 0x70, 0x00, 0x00, 0xAF, 0xFF,
  0xFF, 0xFD, 0x92, 0x00, 0x00, 0x00, 0x00, 0xBF, 0xF8, 0x00, 0x00, 0x00, 0x00, 0x08, 0xFF, 0x90, 0x00, 0x00, 0x00, 0x00,
  0x2B, 0xD9, 0x00, 0x00, 0x00, 0x00, 0x00, 0x00, 0x00, 0x00, 0x00, 0x00, 0x0B, 0xFF, 0x70, 0x00, 0x1C, 0xFF, 0xD2, 0x0B,
  0xFF, 0x70, 0x00, 0xAF, 0xFF, 0x40, 0x0B, 0xFF, 0x70, 0x06, 0xFF, 0xF6, 0x00, 0x0B, 0xFF, 0x70, 0x3E, 0xFF, 0x90, 0x00,
  0x0B, 0xFF, 0x71, 0xDF, 0xFC, 0x00, 0x00, 0x0B, 0xFF, 0x7A, 0xFF, 0xE2, 0x00, 0x00, 0x0B, 0xFF, 0xCF, 0xFF, 0x50, 0x00,
  0x00, 0x0B, 0xFF, 0xFF, 0xFF, 0xA0, 0x00, 0x00, 0x0B, 0xFF, 0xFF, 0xFF, 0xF5, 0x00, 0x00, 0x0B, 0xFF, 0xF9, 0xBF, 0xFD,
  0x10, 0x00, 0x0B, 0xFF, 0xA0, 0x2E, 0xFF, 0x90, 0x00, 0x0B, 0xFF, 0x70, 0x07, 0xFF, 0xF4, 0x00, 0x0B, 0xFF, 0x70, 0x00,
  0xCF, 0xFD, 0x10, 0x0B, 0xFF, 0x70, 0x00, 0x3F, 0xFF, 0x90, 0x0B, 0xFF, 0x70, 0x00, 0x08, 0xFF, 0xF4, 0xBF, 0xFF, 0xFF,
  0xFF, 0xFF, 0xFC, 0x00, 0x00, 0xBF, 0xFF, 0xFF, 0xFF, 0xFF, 0xFC, 0x00, 0x00, 0x68, 0x89, 0xFF, 0xF8, 0x88, 0x86, 0x00,
  0x00, 0x00, 0x03, 0xFF, 0xE0, 0x00, 0x00, 0x00, 0x00, 0x00, 0x03, 0xFF, 0xE0, 0x00, 0x00, 0x00, 0x00, 0x00, 0x03, 0xFF,
  0xFD, 0xFF, 0xEB, 0x60, 0x00, 0x00, 0x03, 0xFF, 0xFF, 0xFF, 0xFF, 0xFA, 0x00, 0x00, 0x03, 0xFF, 0xFA, 0x99, 0xBF, 0xFF,
  0x70, 0x00, 0x03, 0xFF, 0xE0, 0x00, 0x08, 0xFF, 0xC0, 0x00, 0x03, 0xFF, 0xE0, 0x00, 0x03, 0xFF, 0xE0, 0x00, 0x03, 0xFF,
  0xE0, 0x00, 0x02, 0xFF, 0xF0, 0x00, 0x03, 0xFF, 0xE0, 0x00, 0x02, 0xFF, 0xF0, 0x00, 0x03, 0xFF, 0xE0, 0x00, 0x02, 0xFF,
  0xF0, 0x00, 0x03, 0xFF, 0xE0, 0x00, 0x02, 0xFF, 0xF0, 0x00, 0x03, 0xFF, 0xE0, 0x00, 0x02, 0xFF, 0xF0, 0x0C, 0xFF, 0x50,
  0x00, 0x00, 0xCF, 0xF6, 0x00, 0xCF, 0xF5, 0x00, 0x00, 0x0C, 0xFF, 0x60, 0x0C, 0xFF, 0x50, 0x00, 0x00, 0xCF, 0xF6, 0x00,
  0xCF, 0xF5, 0x00, 0x00, 0x0C, 0xFF, 0x60, 0x0C, 0xFF, 0x50, 0x00, 0x00, 0xCF, 0xF6, 0x00, 0xCF, 0xF5, 0x00, 0x00, 0x0C,
  0xFF, 0x60, 0x0C, 0xFF, 0x50, 0x00, 0x00, 0xCF, 0xF6, 0x00, 0xCF, 0xF5, 0x00, 0x00, 0x0C, 0xFF, 0x60, 0x0C, 0xFF, 0x50,
  0x00, 0x00, 0xCF, 0xF6, 0x00, 0xCF, 0xF5, 0x00, 0x00, 0x0C, 0xFF, 0x60, 0x0C, 0xFF, 0x50, 0x00, 0x00, 0xCF, 0xF6, 0x00,
  0xCF, 0xF5, 0x00, 0x00, 0x0C, 0xFF, 0x60, 0x0C, 0xFF, 0xA8, 0x88, 0x88, 0xDF, 0xF6, 0x00, 0xCF, 0xFF, 0xFF, 0xFF, 0xFF,
  0xFF, 0x60, 0x0C, 0xFF, 0xFF, 0xFF, 0xFF, 0xFF, 0xF6, 0x00, 0x00, 0x00, 0x3F, 0xFE, 0x00, 0x00, 0x00, 0x00, 0x00, 0x03,
  0xFF, 0xE0, 0x00, 0x00, 0x00, 0x00, 0x00, 0x3F, 0xFE, 0x00, 0x00, 0x00, 0x00, 0x00, 0x03, 0xFF, 0xE0, 0x00, 0x00, 0x00,
  0x00, 0xEF, 0xF1, 0x00, 0x00, 0x00, 0x00, 0x0E, 0xFF, 0x10, 0x00, 0x00, 0x00, 0x9F, 0xFF, 0xFF, 0xFA, 0x00, 0x00, 0x08,
  0xDF, 0xFF, 0xDD, 0x90, 0x00, 0x00, 0x00, 0xEF, 0xF1, 0x00, 0x00, 0x00, 0x00, 0x0E, 0xFF, 0x3B, 0xEE, 0xB3, 0x00, 0x00,
  0xEF, 0xFE, 0xFF, 0xFF, 0xE2, 0x00, 0x0E, 0xFF, 0xD8, 0x8E, 0xFF, 0x70, 0x00, 0xEF, 0xF2, 0x00, 0x7F, 0xFA, 0x00, 0x0E,
  0xFF, 0x10, 0x06, 0xFF, 0xB0, 0x00, 0xEF, 0xF1, 0x00, 0x6F, 0xFB, 0x00, 0x0E, 0xFF, 0x10, 0x06, 0xFF, 0xB0, 0x00, 0xEF,
  0xF1, 0x00, 0x6F, 0xFB, 0x00, 0x0E, 0xFF, 0x10, 0x06, 0xFF, 0xB0, 0x00, 0xEF, 0xF1, 0x00, 0x6F, 0xFB, 0x00, 0x0E, 0xFF,
  0x10, 0x06, 0xFF, 0xB0, 0x00, 0x00, 0x00, 0x00, 0x7F, 0xFA, 0x00, 0x00, 0x00, 0x05, 0x8D, 0xFF, 0x80, 0x00, 0x00, 0x00,
  0xAF, 0xFF, 0xE2, 0x00, 0x00, 0x00, 0x0A, 0xFE, 0xB3, 0x00, 0x00, 0x9B, 0x20, 0x5F, 0xE1, 0x0C, 0xFA, 0x00, 0xEF, 0x70,
  0x0E, 0xF7, 0x00, 0x00, 0x00, 0x00, 0x00, 0x00, 0x00, 0x00, 0x00, 0x00, 0x00, 0x00, 0x00, 0x00, 0x00, 0x00, 0x00, 0x00,
  0x00, 0x00, 0x00, 0x00, 0x00, 0x00, 0x00, 0x00, 0x00, 0x00, 0x08, 0xFD, 0x00, 0x9F, 0xD0, 0x0B, 0xFB, 0x02, 0xEF, 0x40,
  0x3C, 0x80, 0x00, 0x00, 0x00, 0x00, 0x00, 0x00, 0x00, 0x00, 0x00, 0x00, 0x00, 0x00, 0x00, 0x00, 0x00, 0x00, 0x00, 0x00,
  0x00, 0x00, 0x00, 0x00, 0x00, 0x00, 0x00, 0x00, 0x00, 0x00, 0x00, 0x8C, 0x32, 0xC8, 0x00, 0x4F, 0xE2, 0xBF, 0x90, 0x0B,
  0xFB, 0x3F, 0xF3, 0x00, 0xDF, 0x96, 0xFF, 0x10, 0x0D, 0xF8, 0x6F, 0xF0, 0x00, 0x00, 0x00, 0x00, 0x00, 0x00, 0x00, 0x00,
  0x00, 0x00, 0x00, 0x00, 0x00, 0x00, 0x00, 0x00, 0x00, 0x00, 0x00, 0x00, 0x00, 0x00, 0x00, 0x00, 0x00, 0x00, 0x00, 0x00,
  0x00, 0x00, 0x00, 0x00, 0x00, 0x00, 0x00, 0x00, 0x00, 0x00, 0x00, 0x00, 0x00, 0x00, 0x00, 0x00, 0x00, 0x00, 0x00, 0x00,
  0x00, 0x00, 0x06, 0xFF, 0x0C, 0xF9, 0x00, 0x6F, 0xF0, 0xDF, 0x90, 0x09, 0xFC, 0x0E, 0xF6, 0x00, 0xDF, 0x66, 0xFE, 0x10,
  0x2B, 0xA0, 0x5D, 0x40, 0x00, 0x00, 0x00, 0x00, 0x00, 0x00, 0x00, 0x00, 0x00, 0x00, 0x00, 0x00, 0x00, 0x00, 0x00, 0x00,
  0x00, 0x00, 0x00, 0x00, 0x00, 0x00, 0x00, 0x00, 0x00, 0x00, 0x00, 0x00, 0x00, 0x00, 0x00, 0x00, 0x00, 0x00, 0x00, 0x00,
  0x00, 0x00, 0x00, 0x00, 0x00, 0x00, 0x00, 0x00, 0x00, 0x00, 0x00, 0x00, 0x00, 0x00, 0x01, 0xAE, 0xD6, 0x00, 0x07, 0xFF,
  0xFF, 0x20, 0x0A, 0xFF, 0xFF, 0x40, 0x08, 0xFF, 0xFF, 0x20, 0x01, 0xBF, 0xF7, 0x00, 0x00, 0x01, 0x00, 0x00, 0x00, 0x00,
  0x00, 0x00, 0x00, 0x00, 0x00, 0x00, 0x00, 0x00, 0x00, 0x00, 0x00, 0x00, 0x00, 0x00, 0x08, 0xFF, 0xFF, 0xFF, 0xFF, 0xFF,
  0x40, 0x8F, 0xFF, 0xFF, 0xFF, 0xFF, 0xF4, 0x04, 0x77, 0x77, 0x77, 0x77, 0x77, 0x20, 0x00, 0x00, 0x00, 0x00, 0x00, 0x00,
  0x00, 0x00, 0x00, 0x00, 0x00, 0x00, 0x00, 0x00, 0x00, 0x00, 0x00, 0x00, 0x00, 0x00, 0x00, 0x00, 0x00, 0x00, 0x00, 0x00,
  0x00, 0x00, 0x00, 0x00, 0x00, 0x00, 0x00, 0x00, 0x00, 0x00, 0x00, 0x00, 0x00, 0x0E, 0xFF, 0xFF, 0xFF, 0xFF, 0xFF, 0xFF,
  0xF5, 0x0E, 0xFF, 0xFF, 0xFF, 0xFF, 0xFF, 0xFF, 0xF5, 0x07, 0x77, 0x77, 0x77, 0x77, 0x77, 0x77, 0x72, 0x00, 0x00, 0x00,
  0x00, 0x00, 0x00, 0x00, 0x00, 0x00, 0x00, 0x00, 0x00, 0x00, 0x00, 0x00, 0x00, 0x00, 0x00, 0x00, 0x00, 0x00, 0x00, 0x00,
  0x00, 0x00, 0x00, 0x00, 0x00, 0x00, 0x00, 0x00, 0x00, 0x00, 0x00, 0x00, 0x00, 0x00, 0x00, 0x00, 0x00, 0x00, 0x00, 0x00,
  0x00, 0x00, 0x00, 0x00, 0x00, 0x0D, 0xFF, 0xF6, 0xED, 0x01, 0xEC, 0x00, 0x28, 0xF3, 0x1E, 0xF3, 0x5F, 0xC0, 0x00, 0x7F,
  0x10, 0xED, 0x8A, 0xEC, 0x00, 0x07, 0xF1, 0x0E, 0xAC, 0xDA, 0xC0, 0x00, 0x7F, 0x10, 0xE7, 0xEB, 0x9C, 0x00, 0x07, 0xF1,
  0x0E, 0x7A, 0x79, 0xC0, 0x00, 0x00, 0x00, 0x00, 0x00, 0x00, 0x00, 0x00, 0x00, 0x00, 0x00, 0x00, 0x00, 0x00, 0x00, 0x00,
  0x00, 0x00, 0x00, 0x00, 0x00, 0x00, 0x00, 0x00, 0x00, 0x00, 0x00, 0x00, 0x00, 0x00, 0x00, 0x00, 0x00, 0x00, 0x00, 0x00,
  0x00, 0x00, 0x00, 0x00, 0x00, 0x00, 0x00, 0x00, 0x00, 0x00, 0x00, 0x00, 0x00, 0x00, 0x00, 0x00, 0x00, 0x00, 0x00, 0x00,
  0x00, 0x00, 0x00, 0x00, 0xAF, 0xFF, 0xFF, 0xFF, 0xB0, 0x00, 0x00, 0x00, 0x00, 0xAF, 0xFF, 0xFF, 0xFF, 0xB0, 0x00, 0x00,
  0x00, 0x00, 0xBF, 0xF9, 0x79, 0xFF, 0xB0, 0x00, 0x00, 0x00, 0x00, 0xCF, 0xF3, 0x05, 0xFF, 0xFF, 0xFE, 0xC7, 0x00, 0x00,
  0xCF, 0xF2, 0x05, 0xFF, 0xFF, 0xFF, 0xFF, 0xB0, 0x00, 0xDF, 0xF1, 0x05, 0xFF, 0xD7, 0x79, 0xEF, 0xF5, 0x00, 0xEF, 0xE0,
  0x05, 0xFF, 0xB0, 0x00, 0x8F, 0xF9, 0x04, 0xFF, 0xC0, 0x05, 0xFF, 0xB0, 0x00, 0x9F, 0xF9, 0x6D, 0xFF, 0x90, 0x05, 0xFF,
  0xD7, 0x79, 0xEF, 0xF5, 0xCF, 0xFE, 0x20, 0x05, 0xFF, 0xFF, 0xFF, 0xFF, 0xA0, 0xCF, 0xC4, 0x00, 0x05, 0xFF, 0xFF, 0xFE,
  0xC7, 0x00, 0x1D, 0xE3, 0x00, 0x05, 0xFD, 0x10, 0x00, 0xAF, 0x90, 0x00, 0x2E, 0xF5, 0x00, 0x2E, 0xF6, 0x00, 0xAF, 0x90,
  0x05, 0xFD, 0x10, 0x1D, 0xE3, 0x00, 0x00, 0x00, 0x00, 0x0D, 0xFF, 0x20, 0x04, 0xFF, 0xC0, 0x00, 0x00, 0x00, 0x0D, 0xFF,
  0x20, 0x04, 0xFF, 0xC0, 0x00, 0x00, 0x00, 0x0D, 0xFF, 0x20, 0x04, 0xFF, 0xC0, 0x00, 0x00, 0x00, 0x0D, 0xFF, 0x20, 0x04,
  0xFF, 0xFF, 0xFE, 0xC7, 0x00, 0x0D, 0xFF, 0xFF, 0xFF, 0xFF, 0xFF, 0xFF, 0xFF, 0xB0, 0x0D, 0xFF, 0xFF, 0xFF, 0xFF, 0xD7,
  0x78, 0xEF, 0xF6, 0x0D, 0xFF, 0x87, 0x79, 0xFF, 0xC0, 0x00, 0x7F, 0xFA, 0x0D, 0xFF, 0x20, 0x04, 0xFF, 0xC0, 0x00, 0x8F,
  0xFA, 0x0D, 0xFF, 0x20, 0x04, 0xFF, 0xD7, 0x78, 0xEF, 0xF6, 0x0D, 0xFF, 0x20, 0x04, 0xFF, 0xFF, 0xFF, 0xFF, 0xB0, 0x0D,
  0xFF, 0x20, 0x04, 0xFF, 0xFF, 0xFE, 0xC7, 0x00, 0x00, 0x00, 0x01, 0xDF, 0xF5, 0x00, 0x00, 0x00, 0x0B, 0xFF, 0x60, 0x00,
  0x00, 0x00, 0x3B, 0xE7, 0x00, 0x00, 0x00, 0x00, 0x00, 0x00, 0x00, 0x00, 0x00, 0x00, 0x00, 0x00, 0x00, 0x00, 0x0B, 0xFF,
  0x50, 0x09, 0xFF, 0xF4, 0x0B, 0xFF, 0x50, 0x3F, 0xFF, 0x80, 0x0B, 0xFF, 0x50, 0xCF, 0xFC, 0x00, 0x0B, 0xFF, 0x56, 0xFF,
  0xE2, 0x00, 0x0B, 0xFF, 0xFF, 0xFF, 0x60, 0x00, 0x0B, 0xFF, 0xFF, 0xFF, 0x30, 0x00, 0x0B, 0xFF, 0xDE, 0xFF, 0xD1, 0x00,
  0x0B, 0xFF, 0x53, 0xFF, 0xF8, 0x00, 0x0B, 0xFF, 0x50, 0x9F, 0xFF, 0x40, 0x0B, 0xFF, 0x50, 0x1E, 0xFF, 0xD1, 0x0B, 0xFF,
  0x50, 0x07, 0xFF, 0xF9, 0x00, 0xEF, 0xF1, 0x00, 0x00, 0x00, 0x00, 0x0E, 0xFF, 0x10, 0x00, 0x00, 0x00, 0x7F, 0xFF, 0xFF,
  0xFC, 0x00, 0x00, 0x06, 0xDF, 0xFF, 0xDD, 0xB0, 0x00, 0x00, 0x00, 0xEF, 0xF1, 0x00, 0x00, 0x00, 0x00, 0x0E, 0xFF, 0x3B,
  0xEE, 0xC4, 0x00, 0x00, 0xEF, 0xFE, 0xFF, 0xFF, 0xE2, 0x00, 0x0E, 0xFF, 0xD8, 0x8E, 0xFF, 0x80, 0x00, 0xEF, 0xF2, 0x00,
  0x7F, 0xFA, 0x00, 0x0E, 0xFF, 0x10, 0x06, 0xFF, 0xA0, 0x00, 0xEF, 0xF1, 0x00, 0x6F, 0xFB, 0x00, 0x0E, 0xFF, 0x10, 0x06,
  0xFF, 0xB0, 0x00, 0xEF, 0xF1, 0x00, 0x6F, 0xFB, 0x00, 0x0E, 0xFF, 0x10, 0x06, 0xFF, 0xB0, 0x00, 0xEF, 0xF1, 0x00, 0x6F,
  0xFB, 0x00, 0x0E, 0xFF, 0x10, 0x06, 0xFF, 0xB0, 0x0D, 0xFF, 0x20, 0x04, 0xFF, 0xC0, 0x0D, 0xFF, 0x20, 0x04, 0xFF, 0xC0,
  0x0D, 0xFF, 0x20, 0x04, 0xFF, 0xC0, 0x0D, 0xFF, 0x20, 0x04, 0xFF, 0xC0, 0x0D, 0xFF, 0x20, 0x04, 0xFF, 0xC0, 0x0D, 0xFF,
  0x20, 0x04, 0xFF, 0xC0, 0x0D, 0xFF, 0x20, 0x04, 0xFF, 0xC0, 0x0D, 0xFF, 0x20, 0x04, 0xFF, 0xC0, 0x0D, 0xFF, 0x87, 0x78,
  0xFF, 0xC0, 0x0D, 0xFF, 0xFF, 0xFF, 0xFF, 0xC0, 0x0D, 0xFF, 0xFF, 0xFF, 0xFF, 0xC0, 0x00, 0x00, 0x9F, 0xF7, 0x00, 0x00,
  0x00, 0x00, 0x9F, 0xF7, 0x00, 0x00, 0x00, 0x00, 0x9F, 0xF7, 0x00, 0x00, 0x00, 0x00, 0x9F, 0xF7, 0x00, 0x00, 0x00, 0x0A,
  0xF9, 0x00, 0xDF, 0x50, 0x00, 0x00, 0x4F, 0xFC, 0xDF, 0xD1, 0x00, 0x00, 0x00, 0x5C, 0xEE, 0xB3, 0x00, 0x00, 0x00, 0x00,
  0x00, 0x00, 0x00, 0x00, 0x8F, 0xFD, 0x00, 0x00, 0x09, 0xFF, 0xC1, 0xEF, 0xF6, 0x00, 0x01, 0xEF, 0xF6, 0x08, 0xFF, 0xD0,
  0x00, 0x6F, 0xFE, 0x00, 0x1E, 0xFF, 0x50, 0x0B, 0xFF, 0x80, 0x00, 0x8F, 0xFC, 0x02, 0xFF, 0xF2, 0x00, 0x01, 0xEF, 0xF4,
  0x8F, 0xFA, 0x00, 0x00, 0x08, 0xFF, 0xBD, 0xFF, 0x40, 0x00, 0x00, 0x1E, 0xFF, 0xFF, 0xC0, 0x00, 0x00, 0x00, 0x8F, 0xFF,
  0xF6, 0x00, 0x00, 0x00, 0x01, 0xEF, 0xFE, 0x00, 0x00, 0x00, 0x00, 0x09, 0xFF, 0x80, 0x00, 0x00, 0x00, 0x00, 0xDF, 0xF2,
  0x00, 0x00, 0x00, 0x38, 0xCF, 0xFA, 0x00, 0x00, 0x00, 0x06, 0xFF, 0xFD, 0x20, 0x00, 0x00, 0x00, 0x5F, 0xEA, 0x20, 0x00,
  0x00, 0x00, 0x02, 0xFF, 0x10, 0x7F, 0xC0, 0x00, 0x0C, 0xFE, 0xBF, 0xF7, 0x00, 0x00, 0x29, 0xEF, 0xD7, 0x00, 0x00, 0x00,
  0x00, 0x00, 0x00, 0x00, 0x00, 0x00, 0x00, 0x00, 0x00, 0x0C, 0xFF, 0x60, 0x00, 0xDF, 0xF6, 0x7F, 0xFB, 0x00, 0x3F, 0xFE,
  0x12, 0xFF, 0xE1, 0x08, 0xFF, 0xA0, 0x0B, 0xFF, 0x50, 0xCF, 0xF5, 0x00, 0x6F, 0xFA, 0x2F, 0xFD, 0x00, 0x01, 0xEF, 0xE7,
  0xFF, 0x90, 0x00, 0x0A, 0xFF, 0xDF, 0xF3, 0x00, 0x00, 0x4F, 0xFF, 0xFC, 0x00, 0x00, 0x00, 0xDF, 0xFF, 0x70, 0x00, 0x00,
  0x08, 0xFF, 0xF2, 0x00, 0x00, 0x00, 0x3F, 0xFB, 0x00, 0x00, 0x00, 0x08, 0xFF, 0x60, 0x00, 0x00, 0x69, 0xFF, 0xE1, 0x00,
  0x00, 0x0C, 0xFF, 0xF7, 0x00, 0x00, 0x00, 0xBF, 0xD7, 0x00, 0x00, 0x00, 0x00, 0x00, 0x00, 0x0A, 0xFF, 0x70, 0x00, 0x00,
  0x00, 0x0A, 0xFF, 0x70, 0x00, 0x00, 0x00, 0x0A, 0xFF, 0x70, 0x00, 0x00, 0x00, 0x0A, 0xFF, 0x70, 0x00, 0x00, 0x00, 0x0A,
  0xFF, 0x70, 0x00, 0x00, 0x00, 0x0A, 0xFF, 0x70, 0x00, 0x00, 0x00, 0x0A, 0xFF, 0x70, 0x00, 0x00, 0x00, 0x0A, 0xFF, 0x70,
  0x00, 0x00, 0x00, 0x0A, 0xFF, 0x70, 0x00, 0x00, 0x00, 0x0A, 0xFF, 0x70, 0x6A, 0xA6, 0x00, 0x0B, 0xFF, 0x70, 0x8F, 0xFB,
  0x00, 0x1E, 0xFF, 0x50, 0x3F, 0xFF, 0xB9, 0xDF, 0xFD, 0x00, 0x09, 0xFF, 0xFF, 0xFF, 0xE4, 0x00, 0x00, 0x6C, 0xEF, 0xDA,
  0x30, 0x00, 0x00, 0x20, 0x00, 0x00, 0x00, 0x00, 0x20, 0x00, 0x8E, 0x35, 0xBE, 0xFD, 0x92, 0x7E, 0x40, 0x1C, 0xFE, 0xFF,
  0xFF, 0xFF, 0xEF, 0xF8, 0x00, 0x2E, 0xFE, 0x72, 0x03, 0xBF, 0xFA, 0x00, 0x03, 0xFF, 0x40, 0x00, 0x00, 0x9F, 0xB0, 0x00,
  0x9F, 0x90, 0x00, 0x00, 0x01, 0xEF, 0x20, 0x0C, 0xF4, 0x00, 0x00, 0x00, 0x0A, 0xF5, 0x00, 0xCF, 0x30, 0x00, 0x00, 0x00,
  0x9F, 0x60, 0x0B, 0xF4, 0x00, 0x00, 0x00, 0x0A, 0xF5, 0x00, 0x9F, 0x90, 0x00, 0x00, 0x01, 0xEF, 0x20, 0x03, 0xFF, 0x40,
  0x00, 0x00, 0xAF, 0xA0, 0x00, 0x4E, 0xFE, 0x72, 0x03, 0xBF, 0xFC, 0x10, 0x1E, 0xFE, 0xFF, 0xFF, 0xFF, 0xEE, 0xF9, 0x00,
  0x5C, 0x15, 0xBE, 0xFD, 0x92, 0x5C, 0x20, 0x00, 0x00, 0x00, 0x00, 0x00, 0x00, 0x00, 0x00, 0x00, 0x00, 0x00, 0x00, 0xAD,
  0xD3, 0x00, 0x00, 0x00, 0x00, 0xCF, 0xF4, 0x00, 0x00, 0x00, 0x00, 0xCF, 0xF4, 0x00, 0x00, 0x00, 0x00, 0xCF, 0xF4, 0x0B,
  0xFF, 0xFF, 0xFF, 0xFF, 0xF4, 0x0B, 0xFF, 0xFF, 0xFF, 0xFF, 0xF4, 0x0B, 0xFF, 0xB8, 0x88, 0x88, 0x82, 0x0B, 0xFF, 0x70,
  0x00, 0x00, 0x00, 0x0B, 0xFF, 0x70, 0x00, 0x00, 0x00, 0x0B, 0xFF, 0x70, 0x00, 0x00, 0x00, 0x0B, 0xFF, 0x70, 0x00, 0x00,
  0x00, 0x0B, 0xFF, 0x70, 0x00, 0x00, 0x00, 0x0B, 0xFF, 0x70, 0x00, 0x00, 0x00, 0x0B, 0xFF, 0x70, 0x00, 0x00, 0x00, 0x0B,
  0xFF, 0x70, 0x00, 0x00, 0x00, 0x0B, 0xFF, 0x70, 0x00, 0x00, 0x00, 0x0B, 0xFF, 0x70, 0x00, 0x00, 0x00, 0x0B, 0xFF, 0x70,
  0x00, 0x00, 0x00, 0x0B, 0xFF, 0x70, 0x00, 0x00, 0x00, 0x0B, 0xFF, 0x00, 0xBF, 0xF0, 0x0B, 0xFF, 0x00, 0xBF, 0xF0, 0x0B,
  0xFF, 0x00, 0xBF, 0xF0, 0x0B, 0xFF, 0x00, 0xBF, 0xF0, 0x00, 0x00, 0x00, 0x00, 0x00, 0x0B, 0xFF, 0x00, 0xBF, 0xF0, 0x0B,
  0xFF, 0x00, 0xBF, 0xF0, 0x0B, 0xFF, 0x00, 0xBF, 0xF0, 0x0B, 0xFF, 0x00, 0xBF, 0xF0, 0x00, 0x07, 0xCE, 0xFE, 0xC7, 0x00,
  0x00, 0x1B, 0xFF, 0xFF, 0xFF, 0xFC, 0x10, 0x07, 0xFF, 0xE9, 0x79, 0xFF, 0xF8, 0x00, 0xBF, 0xF6, 0x00, 0x06, 0xFF, 0xC0,
  0x0B, 0xFF, 0x60, 0x00, 0x18, 0x87, 0x00, 0x8F, 0xFE, 0x94, 0x00, 0x00, 0x00, 0x01, 0xCF, 0xFF, 0xFE, 0xA4, 0x00, 0x00,
  0x3D, 0xFF, 0xFF, 0xFF, 0xFB, 0x10, 0x0C, 0xFF, 0x55, 0xAE, 0xFF, 0xFA, 0x00, 0xFF, 0xF0, 0x00, 0x18, 0xFF, 0xF0, 0x0E,
  0xFF, 0x70, 0x00, 0x0E, 0xFF, 0x10, 0xAF, 0xFF, 0xD8, 0x33, 0xFF, 0xD0, 0x01, 0xBF, 0xFF, 0xFF, 0xFF, 0xE5, 0x00, 0x00,
  0x5B, 0xFF, 0xFF, 0xFC, 0x10, 0x00, 0x00, 0x01, 0x6B, 0xFF, 0xF8, 0x00, 0x66, 0x60, 0x00, 0x07, 0xFF, 0xC0, 0x0F, 0xFF,
  0x30, 0x00, 0x5F, 0xFC, 0x00, 0xBF, 0xFE, 0x97, 0x9E, 0xFF, 0x90, 0x02, 0xDF, 0xFF, 0xFF, 0xFF, 0xD1, 0x00, 0x01, 0x8C,
  0xEF, 0xEC, 0x81, 0x00, 0x00, 0x08, 0x81, 0x01, 0x88, 0x10, 0x00, 0x6F, 0xF6, 0x06, 0xFF, 0x60, 0x00, 0x3D, 0xD3, 0x03,
  0xDD, 0x30, 0x00, 0x00, 0x00, 0x00, 0x00, 0x00, 0x0B, 0xFF, 0xFF, 0xFF, 0xFF, 0xF6, 0x0B, 0xFF, 0xFF, 0xFF, 0xFF, 0xF6,
  0x0B, 0xFF, 0xB8, 0x88, 0x88, 0x83, 0x0B, 0xFF, 0x70, 0x00, 0x00, 0x00, 0x0B, 0xFF, 0x70, 0x00, 0x00, 0x00, 0x0B, 0xFF,
  0x70, 0x00, 0x00, 0x00, 0x0B, 0xFF, 0xFF, 0xFF, 0xFF, 0x60, 0x0B, 0xFF, 0xFF, 0xFF, 0xFF, 0x60, 0x0B, 0xFF, 0xA7, 0x77,
  0x77, 0x30, 0x0B, 0xFF, 0x70, 0x00, 0x00, 0x00, 0x0B, 0xFF, 0x70, 0x00, 0x00, 0x00, 0x0B, 0xFF, 0x70, 0x00, 0x00, 0x00,
  0x0B, 0xFF, 0xB8, 0x88, 0x88, 0x83, 0x0B, 0xFF, 0xFF, 0xFF, 0xFF, 0xF6, 0x0B, 0xFF, 0xFF, 0xFF, 0xFF, 0xF6, 0x00, 0x00,
  0x17, 0xCE, 0xED, 0x93, 0x00, 0x00, 0x00, 0x05, 0xEE, 0x96, 0x68, 0xDF, 0x80, 0x00, 0x00, 0x5F, 0xA1, 0x00, 0x00, 0x06,
  0xE9, 0x00, 0x02, 0xE9, 0x02, 0xBE, 0xEB, 0x40, 0x5F, 0x50, 0x08, 0xD1, 0x0D, 0xE8, 0x8D, 0xE2, 0x0A, 0xC0, 0x0D, 0x80,
  0x6F, 0x60, 0x05, 0xF6, 0x03, 0xF3, 0x0F, 0x50, 0x8F, 0x20, 0x01, 0x32, 0x00, 0xE6, 0x2F, 0x30, 0x9F, 0x10, 0x00, 0x00,
  0x00, 0xD7, 0x0F, 0x50, 0x8F, 0x20, 0x01, 0x32, 0x00, 0xE6, 0x0D, 0x80, 0x6F, 0x60, 0x05, 0xF6, 0x03, 0xF3, 0x08, 0xD1,
  0x0D, 0xE8, 0x8D, 0xE2, 0x0A, 0xC0, 0x02, 0xE9, 0x02, 0xBE, 0xEC, 0x40, 0x5F, 0x50, 0x00, 0x5F, 0x91, 0x00, 0x00, 0x06,
  0xE9, 0x00, 0x00, 0x04, 0xEE, 0x96, 0x68, 0xCF, 0x80, 0x00, 0x00, 0x00, 0x17, 0xCE, 0xED, 0x93, 0x00, 0x00, 0x00, 0x01,
  0x7C, 0xEF, 0xDA, 0x30, 0x00, 0x00, 0x3D, 0xFF, 0xFF, 0xFF, 0xF6, 0x00, 0x00, 0xDF, 0xFD, 0xA9, 0xCF, 0xFF, 0x40, 0x07,
  0xFF, 0xC1, 0x00, 0x0A, 0xFF, 0xB0, 0x0C, 0xFF, 0x50, 0x00, 0x03, 0xFF, 0xE0, 0x0F, 0xFF, 0x20, 0x00, 0x00, 0x55, 0x50,
  0x1F, 0xFF, 0xFF, 0xFF, 0x90, 0x00, 0x00, 0x2F, 0xFF, 0xFF, 0xFF, 0x90, 0x00, 0x00, 0x2F, 0xFF, 0x88, 0x88, 0x50, 0x00,
  0x00, 0x0F, 0xFF, 0x30, 0x00, 0x00, 0x44, 0x40, 0x0C, 0xFF, 0x60, 0x00, 0x03, 0xFF, 0xF0, 0x08, 0xFF, 0xD1, 0x00, 0x0A,
  0xFF, 0xB0, 0x01, 0xDF, 0xFD, 0x99, 0xCF, 0xFF, 0x40, 0x00, 0x3E, 0xFF, 0xFF, 0xFF, 0xF6, 0x00, 0x00, 0x01, 0x8D, 0xEF,
  0xDA, 0x30, 0x00, 0x00, 0x0B, 0xF5, 0x0C, 0xF4, 0x00, 0x7F, 0xA0, 0x8F, 0xA0, 0x04, 0xFE, 0x25, 0xFE, 0x10, 0x1D, 0xF7,
  0x2E, 0xF6, 0x00, 0x1D, 0xF7, 0x2E, 0xF6, 0x00, 0x04, 0xFE, 0x25, 0xFE, 0x10, 0x00, 0x7F, 0xA0, 0x8F, 0xA0, 0x00, 0x0B,
  0xF5, 0x0C, 0xF4, 0x00, 0x00, 0x00, 0x00, 0x00, 0x0B, 0xFF, 0xFF, 0xFF, 0xFD, 0x00, 0x09, 0xCC, 0xCC, 0xCC, 0xFD, 0x00,
  0x00, 0x00, 0x00, 0x04, 0xFD, 0x00, 0x00, 0x00, 0x00, 0x04, 0xFD, 0x00, 0x00, 0x00, 0x00, 0x00, 0x00, 0x00, 0x00, 0x00,
  0x00, 0x00, 0x00, 0x00, 0x00, 0x00, 0x00, 0x00, 0x00, 0x00, 0x00, 0x00, 0x00, 0x00, 0x00, 0x00, 0x0D, 0xFF, 0xFF, 0xE0,
  0x0D, 0xFF, 0xFF, 0xE0, 0x06, 0x77, 0x77, 0x60, 0x00, 0x00, 0x00, 0x00, 0x00, 0x00, 0x00, 0x00, 0x00, 0x00, 0x00, 0x00,
  0x00, 0x00, 0x00, 0x00, 0x00, 0x00, 0x00, 0x00, 0x00, 0x00, 0x17, 0xCE, 0xED, 0x93, 0x00, 0x00, 0x00, 0x05, 0xEE, 0x96,
  0x68, 0xDF, 0x80, 0x00, 0x00, 0x5F, 0xA1, 0x00, 0x00, 0x06, 0xE9, 0x00, 0x02, 0xE9, 0x0D, 0xFF, 0xEC, 0x40, 0x5F, 0x50,
  0x08, 0xD1, 0x0D, 0xC6, 0x7C, 0xE2, 0x0A, 0xC0, 0x0D, 0x80, 0x0D, 0xB0, 0x04, 0xF5, 0x03, 0xF3, 0x0F, 0x50, 0x0D, 0xB0,
  0x1A, 0xF3, 0x00, 0xE6, 0x2F, 0x30, 0x0D, 0xFF, 0xFF, 0x90, 0x00, 0xD7, 0x0F, 0x50, 0x0D, 0xD7, 0x7D, 0xF3, 0x00, 0xE6,
  0x0D, 0x80, 0x0D, 0xB0, 0x05, 0xF6, 0x03, 0xF3, 0x08, 0xD1, 0x0D, 0xB0, 0x04, 0xF7, 0x0A, 0xC0, 0x02, 0xE9, 0x0D, 0xB0,
  0x03, 0xF8, 0x5F, 0x50, 0x00, 0x5F, 0x91, 0x00, 0x00, 0x06, 0xE9, 0x00, 0x00, 0x04, 0xEE, 0x96, 0x68, 0xCF, 0x80, 0x00,
  0x00, 0x00, 0x17, 0xCE, 0xED, 0x93, 0x00, 0x00, 0x39, 0x50, 0x03, 0x95, 0xCF, 0xE0, 0x0C, 0xFE, 0x8E, 0xA0, 0x08, 0xEA,
  0x00, 0x00, 0x00, 0x00, 0x00, 0x8F, 0xFA, 0x00, 0x00, 0x8F, 0xFA, 0x00, 0x00, 0x8F, 0xFA, 0x00, 0x00, 0x8F, 0xFA, 0x00,
  0x00, 0x8F, 0xFA, 0x00, 0x00, 0x8F, 0xFA, 0x00, 0x00, 0x8F, 0xFA, 0x00, 0x00, 0x8F, 0xFA, 0x00, 0x00, 0x8F, 0xFA, 0x00,
  0x00, 0x8F, 0xFA, 0x00, 0x00, 0x8F, 0xFA, 0x00, 0x00, 0x8F, 0xFA, 0x00, 0x00, 0x8F, 0xFA, 0x00, 0x00, 0x8F, 0xFA, 0x00,
  0x00, 0x8F, 0xFA, 0x00, 0x00, 0x7E, 0xE9, 0x00, 0x06, 0xFB, 0xAF, 0x80, 0x0A, 0xD0, 0x0C, 0xC0, 0x09, 0xE4, 0x2E, 0xB0,
  0x02, 0xEF, 0xFE, 0x40, 0x00, 0x27, 0x72, 0x00, 0x00, 0x00, 0x00, 0x00, 0x00, 0x00, 0x00, 0x00, 0x00, 0x00, 0x00, 0x00,
  0x00, 0x00, 0x00, 0x00, 0x00, 0x00, 0x00, 0x00, 0x00, 0x00, 0x00, 0x00, 0x00, 0x00, 0x00, 0x00, 0x00, 0x00, 0x00, 0x00,
  0x00, 0x00, 0x00, 0x00, 0x00, 0x00, 0x69, 0x80, 0x00, 0x00, 0x00, 0x0B, 0xFE, 0x00, 0x00, 0x00, 0x00, 0xBF, 0xE0, 0x00,
  0x00, 0x00, 0x0B, 0xFE, 0x00, 0x00, 0x2F, 0xFF, 0xFF, 0xFF, 0xFF, 0x62, 0xFF, 0xFF, 0xFF, 0xFF, 0xF6, 0x18, 0x88, 0xDF,
  0xF8, 0x88, 0x30, 0x00, 0x0B, 0xFE, 0x00, 0x00, 0x00, 0x00, 0xBF, 0xE0, 0x00, 0x00, 0x00, 0x0B, 0xFE, 0x00, 0x00, 0x00,
  0x00, 0x68, 0x80, 0x00, 0x00, 0x67, 0x77, 0x77, 0x77, 0x70, 0x0D, 0xFF, 0xFF, 0xFF, 0xFF, 0x00, 0xDF, 0xFF, 0xFF, 0xFF,
  0xF0, 0x08, 0xFF, 0xA0, 0x08, 0xFF, 0xA0, 0x08, 0xFF, 0xA0, 0x08, 0xFF, 0xA0, 0x08, 0xFF, 0xA0, 0x08, 0xFF, 0xA0, 0x08,
  0xFF, 0xA0, 0x08, 0xFF, 0xA0, 0x08, 0xFF, 0xA0, 0x08, 0xFF, 0xA0, 0x08, 0xFF, 0xA0, 0x08, 0xFF, 0xA0, 0x08, 0xFF, 0xA0,
  0x08, 0xFF, 0xA0, 0x08, 0xFF, 0xA0, 0x00, 0x10, 0x00, 0x08, 0xFD, 0x30, 0x0D, 0xFF, 0x70, 0x07, 0xED, 0x20, 0x00, 0x00,
  0x00, 0x0B, 0xFF, 0x50, 0x0B, 0xFF, 0x50, 0x0B, 0xFF, 0x50, 0x0B, 0xFF, 0x50, 0x0B, 0xFF, 0x50, 0x0B, 0xFF, 0x50, 0x0B,
  0xFF, 0x50, 0x0B, 0xFF, 0x50, 0x0B, 0xFF, 0x50, 0x0B, 0xFF, 0x50, 0x0B, 0xFF, 0x50, 0x00, 0x00, 0x00, 0x44, 0x40, 0x00,
  0x00, 0x00, 0xEF, 0xF2, 0x00, 0x00, 0x00, 0xEF, 0xF2, 0x00, 0x00, 0x00, 0xEF, 0xF2, 0x0E, 0xFF, 0xFF, 0xFF, 0xF2, 0x0E,
  0xFF, 0xFF, 0xFF, 0xF2, 0x0E, 0xFF, 0x87, 0x77, 0x71, 0x0E, 0xFF, 0x20, 0x00, 0x00, 0x0E, 0xFF, 0x20, 0x00, 0x00, 0x0E,
  0xFF, 0x20, 0x00, 0x00, 0x0E, 0xFF, 0x20, 0x00, 0x00, 0x0E, 0xFF, 0x20, 0x00, 0x00, 0x0E, 0xFF, 0x20, 0x00, 0x00, 0x0E,
  0xFF, 0x20, 0x00, 0x00, 0x0E, 0xFF, 0x20, 0x00, 0x00, 0x09, 0xFF, 0x70, 0x00, 0xBF, 0xF5, 0x00, 0x9F, 0xF7, 0x00, 0x0B,
  0xFF, 0x50, 0x09, 0xFF, 0x70, 0x00, 0xBF, 0xF5, 0x00, 0x9F, 0xF7, 0x00, 0x0B, 0xFF, 0x50, 0x09, 0xFF, 0x70, 0x00, 0xBF,
  0xF5, 0x00, 0x9F, 0xF7, 0x00, 0x0B, 0xFF, 0x50, 0x09, 0xFF, 0x70, 0x00, 0xBF, 0xF5, 0x00, 0x9F, 0xFA, 0x00, 0x0C, 0xFF,
  0x50, 0x09, 0xFF, 0xF9, 0x7B, 0xFF, 0xF5, 0x00, 0x9F, 0xFF, 0xFF, 0xFF, 0xFF, 0x50, 0x09, 0xFF, 0xCE, 0xEB, 0x9D, 0xD4,
  0x00, 0x9F, 0xF7, 0x00, 0x00, 0x00, 0x00, 0x09, 0xFF, 0x70, 0x00, 0x00, 0x00, 0x00, 0x9F, 0xF7, 0x00, 0x00, 0x00, 0x00,
  0x09, 0xFF, 0x70, 0x00, 0x00, 0x00, 0x00, 0x00, 0x29, 0xDF, 0xFF, 0xE0, 0x03, 0xEF, 0xFF, 0xFF, 0xE0, 0x0B, 0xFF, 0xFF,
  0xFF, 0xE0, 0x2F, 0xFF, 0xFF, 0xFF, 0xE0, 0x4F, 0xFF, 0xFF, 0xFF, 0xE0, 0x3F, 0xFF, 0xFF, 0xFF, 0xE0, 0x1E, 0xFF, 0xFF,
  0xFF, 0xE0, 0x09, 0xFF, 0xFF, 0xFF, 0xE0, 0x00, 0xAF, 0xFF, 0xFF, 0xE0, 0x00, 0x04, 0x8A, 0xCF, 0xE0, 0x00, 0x00, 0x00,
  0x6F, 0xE0, 0x00, 0x00, 0x00, 0x6F, 0xE0, 0x00, 0x00, 0x00, 0x6F, 0xE0, 0x00, 0x00, 0x00, 0x6F, 0xE0, 0x00, 0x00, 0x00,
  0x6F, 0xE0, 0x03, 0xDE, 0x50, 0x09, 0xFF, 0xC0, 0x05, 0xFF, 0x70, 0x00, 0x12, 0x00, 0x00, 0x00, 0x00, 0x00, 0x00, 0x00,
  0x00, 0x00, 0x00, 0x00, 0x00, 0x00, 0x00, 0x00, 0x00, 0x00, 0x78, 0x10, 0x07, 0x81, 0x00, 0x5F, 0xF7, 0x05, 0xFF, 0x70,
  0x02, 0xDE, 0x40, 0x2D, 0xE4, 0x00, 0x00, 0x00, 0x00, 0x00, 0x00, 0x00, 0x00, 0x00, 0x00, 0x00, 0x00, 0x00, 0x7C, 0xEE,
  0xC7, 0x00, 0x01, 0xCF, 0xFF, 0xFF, 0xFA, 0x00, 0x9F, 0xFD, 0x88, 0xDF, 0xF6, 0x0E, 0xFE, 0x10, 0x04, 0xFF, 0xA3, 0xFF,
  0xFF, 0xFF, 0xFF, 0xFC, 0x5F, 0xFF, 0xFF, 0xFF, 0xFF, 0xD4, 0xFF, 0xE0, 0x00, 0x00, 0x00, 0x1F, 0xFF, 0x60, 0x00, 0x46,
  0x00, 0x9F, 0xFF, 0xA7, 0x9E, 0xF4, 0x01, 0xCF, 0xFF, 0xFF, 0xFE, 0x30, 0x00, 0x7C, 0xEF, 0xD9, 0x20, 0x0B, 0xFF, 0xC0,
  0x00, 0x2F, 0xFE, 0x00, 0x5C, 0xFE, 0x91, 0x00, 0xBF, 0xFF, 0x40, 0x02, 0xFF, 0xE0, 0x4F, 0xE9, 0xCF, 0x90, 0x0B, 0xFF,
  0xFB, 0x00, 0x2F, 0xFE, 0x0B, 0xF4, 0x00, 0xDF, 0x10, 0xBF, 0xFF, 0xF3, 0x02, 0xFF, 0xE0, 0xDF, 0x00, 0x09, 0xF4, 0x0B,
  0xFF, 0xFF, 0x90, 0x2F, 0xFE, 0x0D, 0xF0, 0x00, 0x9F, 0x40, 0xBF, 0xFD, 0xFE, 0x12, 0xFF, 0xE0, 0xBF, 0x40, 0x0D, 0xF1,
  0x0B, 0xFF, 0x8F, 0xF8, 0x2F, 0xFE, 0x04, 0xFE, 0x9C, 0xF9, 0x00, 0xBF, 0xF5, 0xBF, 0xD2, 0xFF, 0xE0, 0x05, 0xDF, 0xE9,
  0x10, 0x0B, 0xFF, 0x55, 0xFF, 0x7F, 0xFE, 0x00, 0x00, 0x00, 0x00, 0x00, 0xBF, 0xF5, 0x0D, 0xFD, 0xFF, 0xE0, 0x7F, 0xFF,
  0xFF, 0xB0, 0x0B, 0xFF, 0x50, 0x7F, 0xFF, 0xFE, 0x04, 0x88, 0x88, 0x86, 0x00, 0xBF, 0xF5, 0x01, 0xEF, 0xFF, 0xE0, 0x00,
  0x00, 0x00, 0x00, 0x0B, 0xFF, 0x50, 0x08, 0xFF, 0xFE, 0x00, 0x00, 0x00, 0x00, 0x00, 0xBF, 0xF5, 0x00, 0x2F, 0xFF, 0xE0,
  0x00, 0x00, 0x00, 0x00, 0x0B, 0xFF, 0x50, 0x00, 0xAF, 0xFE, 0x00, 0x00, 0x00, 0x00, 0x00, 0x00, 0x29, 0xDF, 0xEC, 0x50,
  0x00, 0x2D, 0xFF, 0xFF, 0xFF, 0x70, 0x0B, 0xFF, 0xB8, 0xAF, 0xFF, 0x22, 0xFF, 0xC0, 0x00, 0x9F, 0xF6, 0x5F, 0xFF, 0xFF,
  0xC1, 0x33, 0x16, 0xFF, 0xED, 0xDA, 0x00, 0x00, 0x5F, 0xFC, 0x00, 0x00, 0x00, 0x02, 0xFF, 0xF2, 0x00, 0x8D, 0xD5, 0x0B,
  0xFF, 0xD8, 0x9F, 0xFF, 0x20, 0x2D, 0xFF, 0xFF, 0xFF, 0x70, 0x00, 0x29, 0xDF, 0xEB, 0x50, 0x00, 0x0D, 0xF3, 0x0C, 0xF4,
  0x00, 0x04, 0xFD, 0x14, 0xFD, 0x10, 0x00, 0xAF, 0xA0, 0x9F, 0xA0, 0x00, 0x2E, 0xF6, 0x1E, 0xF7, 0x00, 0x2E, 0xF6, 0x1E,
  0xF7, 0x00, 0xAF, 0xA0, 0x9F, 0xA0, 0x04, 0xFD, 0x14, 0xFD, 0x10, 0x0D, 0xF3, 0x0C, 0xF4, 0x00, 0x00, 0x00, 0x00, 0x00,
  0x00, 0x00, 0x01, 0x00, 0x00, 0x9F, 0xD2, 0x00, 0xEF, 0xF6, 0x00, 0x8E, 0xC2, 0x00, 0x00, 0x00, 0x00, 0xBF, 0xF5, 0x00,
  0xBF, 0xF5, 0x00, 0xBF, 0xF5, 0x00, 0xBF, 0xF5, 0x00, 0xBF, 0xF5, 0x00, 0xBF, 0xF5, 0x00, 0xBF, 0xF5, 0x00, 0xBF, 0xF5,
  0x00, 0xBF, 0xF5, 0x00, 0xBF, 0xF5, 0x00, 0xBF, 0xF5, 0x00, 0xCF, 0xF4, 0x89, 0xFF, 0xF2, 0xFF, 0xFF, 0xA0, 0xDF, 0xD8,
  0x10, 0x00, 0x05, 0xBE, 0xFE, 0xC7, 0x00, 0x00, 0x0A, 0xFF, 0xFF, 0xFF, 0xFC, 0x10, 0x07, 0xFF, 0xFA, 0x8A, 0xEF, 0xFA,
  0x00, 0xCF, 0xF8, 0x00, 0x04, 0xFF, 0xF1, 0x0C, 0xFF, 0x70, 0x00, 0x08, 0x99, 0x10, 0x8F, 0xFF, 0x82, 0x00, 0x00, 0x00,
  0x01, 0xCF, 0xFF, 0xFC, 0x71, 0x00, 0x00, 0x01, 0x9F, 0xFF, 0xFF, 0xE5, 0x00, 0x00, 0x00, 0x27, 0xCF, 0xFF, 0xF6, 0x00,
  0x00, 0x00, 0x00, 0x3B, 0xFF, 0xD0, 0x4C, 0xCB, 0x00, 0x00, 0x1F, 0xFF, 0x22, 0xFF, 0xF4, 0x00, 0x02, 0xFF, 0xF2, 0x0A,
  0xFF, 0xEA, 0x89, 0xDF, 0xFD, 0x00, 0x1B, 0xFF, 0xFF, 0xFF, 0xFE, 0x40, 0x00, 0x05, 0xBE, 0xFE, 0xD9, 0x20, 0x00, 0x00,
  0x4B, 0xEF, 0xDA, 0x30, 0x00, 0x7F, 0xFF, 0xFF, 0xFF, 0x50, 0x0E, 0xFE, 0x53, 0x8F, 0xFD, 0x01, 0xFF, 0xE2, 0x00, 0x77,
  0x70, 0x0B, 0xFF, 0xEB, 0x95, 0x00, 0x00, 0x2A, 0xFF, 0xFF, 0xFC, 0x20, 0x00, 0x02, 0x7B, 0xEF, 0xFC, 0x04, 0x99, 0x50,
  0x02, 0xEF, 0xF0, 0x3F, 0xFD, 0x53, 0x6F, 0xFE, 0x00, 0x9F, 0xFF, 0xFF, 0xFF, 0x60, 0x00, 0x5B, 0xEF, 0xDA, 0x40, 0x00,
  0x05, 0x93, 0x00, 0x59, 0x30, 0xEF, 0xB0, 0x0F, 0xFB, 0x0A, 0xE7, 0x00, 0xBE, 0x70, 0x00, 0x00, 0x00, 0x00, 0x00, 0x00,
  0x00, 0x00, 0x00, 0x00, 0xAF, 0xF6, 0x00, 0x00, 0x0A, 0xFF, 0x60, 0x00, 0x00, 0xAF, 0xF6, 0x00, 0x00, 0x0A, 0xFF, 0x60,
  0x00, 0x00, 0xAF, 0xF6, 0x00, 0x00, 0x0A, 0xFF, 0x60, 0x00, 0x00, 0xAF, 0xF6, 0x00, 0x00, 0x0A, 0xFF, 0x60, 0x00, 0x00,
  0xAF, 0xF6, 0x00, 0x00, 0x0A, 0xFF, 0x60, 0x00, 0x00, 0xAF, 0xF6, 0x00, 0x00, 0x00, 0x09, 0xFF, 0xB0, 0x00, 0x00, 0x00,
  0x00, 0x00, 0xEF, 0xFF, 0x20, 0x00, 0x00, 0x00, 0x00, 0x5F, 0xFF, 0xF7, 0x00, 0x00, 0x00, 0x00, 0x0B, 0xFF, 0xFF, 0xC0,
  0x00, 0x00, 0x00, 0x02, 0xFF, 0xDB, 0xFF, 0x30, 0x00, 0x00, 0x00, 0x7F, 0xF8, 0x6F, 0xF9, 0x00, 0x00, 0x00, 0x0C, 0xFF,
  0x21, 0xEF, 0xE0, 0x00, 0x00, 0x03, 0xFF, 0xC0, 0x0A, 0xFF, 0x50, 0x00, 0x00, 0x9F, 0xF7, 0x00, 0x5F, 0xFA, 0x00, 0x00,
  0x0D, 0xFF, 0xFF, 0xFF, 0xFF, 0xE1, 0x00, 0x05, 0xFF, 0xFF, 0xFF, 0xFF, 0xFF, 0x70, 0x00, 0xAF, 0xFA, 0x88, 0x88, 0x9F,
  0xFC, 0x00, 0x1E, 0xFF, 0x20, 0x00, 0x00, 0xEF, 0xF3, 0x06, 0xFF, 0xC0, 0x00, 0x00, 0x0A, 0xFF, 0x80, 0xCF, 0xF8, 0x00,
  0x00, 0x00, 0x6F, 0xFD, 0x00, 0x0B, 0xFF, 0xFF, 0xFF, 0xFF, 0xF2, 0x00, 0xBF, 0xFF, 0xFF, 0xFF, 0xFF, 0x20, 0x0B, 0xFF,
  0xB8, 0x88, 0x88, 0x81, 0x00, 0xBF, 0xF7, 0x00, 0x00, 0x00, 0x00, 0x0B, 0xFF, 0x70, 0x00, 0x00, 0x00, 0x00, 0xBF, 0xFF,
  0xFF, 0xED, 0x92, 0x00, 0x0B, 0xFF, 0xFF, 0xFF, 0xFF, 0xE4, 0x00, 0xBF, 0xFB, 0x88, 0x9E, 0xFF, 0xD1, 0x0B, 0xFF, 0x70,
  0x00, 0x2E, 0xFF, 0x60, 0xBF, 0xF7, 0x00, 0x00, 0xAF, 0xF8, 0x0B, 0xFF, 0x70, 0x00, 0x0B, 0xFF, 0x80, 0xBF, 0xF7, 0x00,
  0x03, 0xEF, 0xF5, 0x0B, 0xFF, 0xB8, 0x89, 0xEF, 0xFD, 0x00, 0xBF, 0xFF, 0xFF, 0xFF, 0xFE, 0x30, 0x0B, 0xFF, 0xFF, 0xFE,
  0xD9, 0x20, 0x00, 0x0B, 0xFF, 0xFF, 0xFE, 0xD9, 0x20, 0x00, 0xBF, 0xFF, 0xFF, 0xFF, 0xFE, 0x40, 0x0B, 0xFF, 0xB8, 0x8A,
  0xEF, 0xFD, 0x00, 0xBF, 0xF7, 0x00, 0x04, 0xFF, 0xF1, 0x0B, 0xFF, 0x70, 0x00, 0x1F, 0xFF, 0x10, 0xBF, 0xF7, 0x00, 0x2A,
  0xFF, 0xB0, 0x0B, 0xFF, 0xFF, 0xFF, 0xFF, 0xB2, 0x00, 0xBF, 0xFF, 0xFF, 0xFF, 0xFC, 0x30, 0x0B, 0xFF, 0x83, 0x34, 0x9F,
  0xFD, 0x10, 0xBF, 0xF7, 0x00, 0x00, 0xDF, 0xF5, 0x0B, 0xFF, 0x70, 0x00, 0x0B, 0xFF, 0x70, 0xBF, 0xF7, 0x00, 0x01, 0xEF,
  0xF5, 0x0B, 0xFF, 0xB8, 0x89, 0xDF, 0xFE, 0x10, 0xBF, 0xFF, 0xFF, 0xFF, 0xFF, 0x60, 0x0B, 0xFF, 0xFF, 0xFF, 0xDA, 0x40,
  0x00, 0x0A, 0xFF, 0xFF, 0xFF, 0xFF, 0xF3, 0x0A, 0xFF, 0xFF, 0xFF, 0xFF, 0xF3, 0x0A, 0xFF, 0xB8, 0x88, 0x88, 0x81, 0x0A,
  0xFF, 0x70, 0x00, 0x00, 0x00, 0x0A, 0xFF, 0x70, 0x00, 0x00, 0x00, 0x0A, 0xFF, 0x70, 0x00, 0x00, 0x00, 0x0A, 0xFF, 0x70,
  0x00, 0x00, 0x00, 0x0A, 0xFF, 0x70, 0x00, 0x00, 0x00, 0x0A, 0xFF, 0x70, 0x00, 0x00, 0x00, 0x0A, 0xFF, 0x70, 0x00, 0x00,
  0x00, 0x0A, 0xFF, 0x70, 0x00, 0x00, 0x00, 0x0A, 0xFF, 0x70, 0x00, 0x00, 0x00, 0x0A, 0xFF, 0x70, 0x00, 0x00, 0x00, 0x0A,
  0xFF, 0x70, 0x00, 0x00, 0x00, 0x0A, 0xFF, 0x70, 0x00, 0x00, 0x00, 0x00, 0x03, 0xFF, 0xFF, 0xFF, 0xFF, 0xFB, 0x00, 0x00,
  0x04, 0xFF, 0xFF, 0xFF, 0xFF, 0xFB, 0x00, 0x00, 0x05, 0xFF, 0xE8, 0x88, 0xBF, 0xFB, 0x00, 0x00, 0x06, 0xFF, 0xC0, 0x00,
  0x7F, 0xFB, 0x00, 0x00, 0x07, 0xFF, 0xB0, 0x00, 0x7F, 0xFB, 0x00, 0x00, 0x08, 0xFF, 0xA0, 0x00, 0x7F, 0xFB, 0x00, 0x00,
  0x09, 0xFF, 0x90, 0x00, 0x7F, 0xFB, 0x00, 0x00, 0x0A, 0xFF, 0x70, 0x00, 0x7F, 0xFB, 0x00, 0x00, 0x0C, 0xFF, 0x50, 0x00,
  0x7F, 0xFB, 0x00, 0x00, 0x1F, 0xFF, 0x20, 0x00, 0x7F, 0xFB, 0x00, 0x00, 0x5F, 0xFC, 0x00, 0x00, 0x7F, 0xFB, 0x00, 0x00,
  0xCF, 0xF7, 0x00, 0x00, 0x7F, 0xFB, 0x00, 0x6B, 0xFF, 0xF8, 0x88, 0x88, 0xBF, 0xFD, 0x84, 0xBF, 0xFF, 0xFF, 0xFF, 0xFF,
  0xFF, 0xFF, 0xF7, 0xBF, 0xFF, 0xFF, 0xFF, 0xFF, 0xFF, 0xFF, 0xF6, 0xBF, 0xF6, 0x00, 0x00, 0x00, 0x00, 0xBF, 0xF5, 0xAF,
  0xF6, 0x00, 0x00, 0x00, 0x00, 0xBF, 0xF5, 0xAF, 0xF6, 0x00, 0x00, 0x00, 0x00, 0xBF, 0xF4, 0xAF, 0xF6, 0x00, 0x00, 0x00,
  0x00, 0xBF, 0xF4, 0x0B, 0xFF, 0xFF, 0xFF, 0xFF, 0xF6, 0x0B, 0xFF, 0xFF, 0xFF, 0xFF, 0xF6, 0x0B, 0xFF, 0xB8, 0x88, 0x88,
  0x83, 0x0B, 0xFF, 0x70, 0x00, 0x00, 0x00, 0x0B, 0xFF, 0x70, 0x00, 0x00, 0x00, 0x0B, 0xFF, 0x70, 0x00, 0x00, 0x00, 0x0B,
  0xFF, 0xFF, 0xFF, 0xFF, 0x60, 0x0B, 0xFF, 0xFF, 0xFF, 0xFF, 0x60, 0x0B, 0xFF, 0xA7, 0x77, 0x77, 0x30, 0x0B, 0xFF, 0x70,
  0x00, 0x00, 0x00, 0x0B, 0xFF, 0x70, 0x00, 0x00, 0x00, 0x0B, 0xFF, 0x70, 0x00, 0x00, 0x00, 0x0B, 0xFF, 0xB8, 0x88, 0x88,
  0x83, 0x0B, 0xFF, 0xFF, 0xFF, 0xFF, 0xF6, 0x0B, 0xFF, 0xFF, 0xFF, 0xFF, 0xF6, 0x5F, 0xFF, 0x80, 0x00, 0x0E, 0xFF, 0x30,
  0x00, 0x7F, 0xFF, 0x70, 0xAF, 0xFE, 0x20, 0x00, 0xEF, 0xF3, 0x00, 0x1E, 0xFF, 0xC0, 0x02, 0xEF, 0xFA, 0x00, 0x0E, 0xFF,
  0x30, 0x08, 0xFF, 0xF3, 0x00, 0x06, 0xFF, 0xF3, 0x00, 0xEF, 0xF3, 0x02, 0xEF, 0xF8, 0x00, 0x00, 0x0B, 0xFF, 0xB0, 0x0E,
  0xFF, 0x30, 0x9F, 0xFD, 0x10, 0x00, 0x00, 0x2E, 0xFF, 0x50, 0xEF, 0xF3, 0x2F, 0xFF, 0x40, 0x00, 0x00, 0x00, 0x7F, 0xFF,
  0xFF, 0xFF, 0xFF, 0xFF, 0xA0, 0x00, 0x00, 0x00, 0x09, 0xFF, 0xFF, 0xFF, 0xFF, 0xFF, 0xFB, 0x00, 0x00, 0x00, 0x03, 0xFF,
  0xFD, 0xDF, 0xFF, 0xDD, 0xFF, 0xF5, 0x00, 0x00, 0x00, 0xBF, 0xFE, 0x10, 0xEF, 0xF3, 0x0C, 0xFF, 0xD0, 0x00, 0x00, 0x4F,
  0xFF, 0x70, 0x0E, 0xFF, 0x30, 0x4F, 0xFF, 0x70, 0x00, 0x0D, 0xFF, 0xD0, 0x00, 0xEF, 0xF3, 0x00, 0xBF, 0xFE, 0x10, 0x07,
  0xFF, 0xF6, 0x00, 0x0E, 0xFF, 0x30, 0x04, 0xFF, 0xF9, 0x01, 0xEF, 0xFC, 0x00, 0x00, 0xEF, 0xF3, 0x00, 0x0B, 0xFF, 0xF3,
  0x9F, 0xFF, 0x50, 0x00, 0x0E, 0xFF, 0x30, 0x00, 0x3F, 0xFF, 0xA0, 0x00, 0x07, 0xCE, 0xFE, 0xB7, 0x00, 0x00, 0x2C, 0xFF,
  0xFF, 0xFF, 0xFC, 0x10, 0x0A, 0xFF, 0xEA, 0x9B, 0xFF, 0xF8, 0x00, 0xFF, 0xF4, 0x00, 0x09, 0xFF, 0xB0, 0x04, 0x44, 0x00,
  0x00, 0x6F, 0xFB, 0x00, 0x00, 0x00, 0x00, 0x4D, 0xFF, 0x60, 0x00, 0x00, 0x7F, 0xFF, 0xFF, 0x80, 0x00, 0x00, 0x07, 0xFF,
  0xFF, 0xD5, 0x00, 0x00, 0x00, 0x37, 0x7A, 0xEF, 0xF6, 0x00, 0x00, 0x00, 0x00, 0x06, 0xFF, 0xD0, 0x26, 0x65, 0x00, 0x00,
  0x3F, 0xFF, 0x04, 0xFF, 0xF3, 0x00, 0x07, 0xFF, 0xE0, 0x0D, 0xFF, 0xEA, 0x8B, 0xFF, 0xF9, 0x00, 0x3E, 0xFF, 0xFF, 0xFF,
  0xFC, 0x10, 0x00, 0x18, 0xCE, 0xFE, 0xB6, 0x00, 0x00, 0x0C, 0xFF, 0x60, 0x00, 0x02, 0xEF, 0xF7, 0x00, 0xCF, 0xF6, 0x00,
  0x00, 0xAF, 0xFF, 0x70, 0x0C, 0xFF, 0x60, 0x00, 0x4F, 0xFF, 0xF7, 0x00, 0xCF, 0xF6, 0x00, 0x0C, 0xFF, 0xFF, 0x70, 0x0C,
  0xFF, 0x60, 0x07, 0xFF, 0xFF, 0xF7, 0x00, 0xCF, 0xF6, 0x02, 0xEF, 0xEC, 0xFF, 0x70, 0x0C, 0xFF, 0x60, 0xAF, 0xF7, 0xBF,
  0xF7, 0x00, 0xCF, 0xF6, 0x4F, 0xFC, 0x0B, 0xFF, 0x70, 0x0C, 0xFF, 0x6C, 0xFF, 0x40, 0xBF, 0xF7, 0x00, 0xCF, 0xFB, 0xFF,
  0xA0, 0x0B, 0xFF, 0x70, 0x0C, 0xFF, 0xFF, 0xE2, 0x00, 0xBF, 0xF7, 0x00, 0xCF, 0xFF, 0xF7, 0x00, 0x0B, 0xFF, 0x70, 0x0C,
  0xFF, 0xFC, 0x00, 0x00, 0xBF, 0xF7, 0x00, 0xCF, 0xFF, 0x40, 0x00, 0x0B, 0xFF, 0x70, 0x0C, 0xFF, 0xA0, 0x00, 0x00, 0xBF,
  0xF7, 0x00, 0x00, 0x02, 0xFF, 0x10, 0x7F, 0xC0, 0x00, 0x00, 0x00, 0x0C, 0xFE, 0xBF, 0xF7, 0x00, 0x00, 0x00, 0x00, 0x29,
  0xEF, 0xD7, 0x00, 0x00, 0x00, 0x00, 0x00, 0x00, 0x00, 0x00, 0x00, 0x00, 0x0C, 0xFF, 0x60, 0x00, 0x02, 0xEF, 0xF7, 0x00,
  0xCF, 0xF6, 0x00, 0x00, 0xAF, 0xFF, 0x70, 0x0C, 0xFF, 0x60, 0x00, 0x4F, 0xFF, 0xF7, 0x00, 0xCF, 0xF6, 0x00, 0x0C, 0xFF,
  0xFF, 0x70, 0x0C, 0xFF, 0x60, 0x07, 0xFF, 0xFF, 0xF7, 0x00, 0xCF, 0xF6, 0x02, 0xEF, 0xEC, 0xFF, 0x70, 0x0C, 0xFF, 0x60,
  0xAF, 0xF7, 0xBF, 0xF7, 0x00, 0xCF, 0xF6, 0x4F, 0xFC, 0x0B, 0xFF, 0x70, 0x0C, 0xFF, 0x6C, 0xFF, 0x40, 0xBF, 0xF7, 0x00,
  0xCF, 0xFB, 0xFF, 0xA0, 0x0B, 0xFF, 0x70, 0x0C, 0xFF, 0xFF, 0xE2, 0x00, 0xBF, 0xF7, 0x00, 0xCF, 0xFF, 0xF7, 0x00, 0x0B,
  0xFF, 0x70, 0x0C, 0xFF, 0xFC, 0x00, 0x00, 0xBF, 0xF7, 0x00, 0xCF, 0xFF, 0x40, 0x00, 0x0B, 0xFF, 0x70, 0x0C, 0xFF, 0xA0,
  0x00, 0x00, 0xBF, 0xF7, 0x00, 0x0A, 0xFF, 0x70, 0x00, 0x0D, 0xFF, 0xD1, 0x0A, 0xFF, 0x70, 0x00, 0x7F, 0xFF, 0x50, 0x0A,
  0xFF, 0x70, 0x02, 0xEF, 0xFA, 0x00, 0x0A, 0xFF, 0x70, 0x0A, 0xFF, 0xE1, 0x00, 0x0A, 0xFF, 0x70, 0x5F, 0xFF, 0x60, 0x00,
  0x0A, 0xFF, 0x71, 0xDF, 0xFB, 0x00, 0x00, 0x0A, 0xFF, 0xFF, 0xFF, 0xE2, 0x00, 0x00, 0x0A, 0xFF, 0xFF, 0xFF, 0xD1, 0x00,
  0x00, 0x0A, 0xFF, 0xED, 0xFF, 0xF9, 0x00, 0x00, 0x0A, 0xFF, 0x70, 0x7F, 0xFF, 0x40, 0x00, 0x0A, 0xFF, 0x70, 0x0C, 0xFF,
  0xD0, 0x00, 0x0A, 0xFF, 0x70, 0x03, 0xFF, 0xF8, 0x00, 0x0A, 0xFF, 0x70, 0x00, 0x9F, 0xFF, 0x30, 0x0A, 0xFF, 0x70, 0x00,
  0x1D, 0xFF, 0xC0, 0x0A, 0xFF, 0x70, 0x00, 0x05, 0xFF, 0xF7, 0x00, 0x09, 0xFF, 0xFF, 0xFF, 0xFF, 0xF8, 0x00, 0x00, 0xAF,
  0xFF, 0xFF, 0xFF, 0xFF, 0x80, 0x00, 0x0A, 0xFF, 0xB8, 0x88, 0xCF, 0xF8, 0x00, 0x00, 0xBF, 0xF6, 0x00, 0x0A, 0xFF, 0x80,
  0x00, 0x0B, 0xFF, 0x60, 0x00, 0xAF, 0xF8, 0x00, 0x00, 0xCF, 0xF5, 0x00, 0x0A, 0xFF, 0x80, 0x00, 0x0C, 0xFF, 0x40, 0x00,
  0xAF, 0xF8, 0x00, 0x00, 0xDF, 0xF3, 0x00, 0x0A, 0xFF, 0x80, 0x00, 0x0E, 0xFF, 0x20, 0x00, 0xAF, 0xF8, 0x00, 0x01, 0xFF,
  0xF0, 0x00, 0x0A, 0xFF, 0x80, 0x00, 0x4F, 0xFD, 0x00, 0x00, 0xAF, 0xF8, 0x00, 0x0A, 0xFF, 0xA0, 0x00, 0x0A, 0xFF, 0x80,
  0x5B, 0xFF, 0xF5, 0x00, 0x00, 0xAF, 0xF8, 0x0A, 0xFF, 0xFB, 0x00, 0x00, 0x0A, 0xFF, 0x80, 0xAF, 0xD8, 0x10, 0x00, 0x00,
  0xAF, 0xF8, 0x00, 0x0B, 0xFF, 0xF9, 0x00, 0x00, 0x00, 0x3F, 0xFF, 0xF1, 0x0B, 0xFF, 0xFD, 0x00, 0x00, 0x00, 0x9F, 0xFF,
  0xF1, 0x0B, 0xFF, 0xFF, 0x40, 0x00, 0x00, 0xDF, 0xFF, 0xF1, 0x0B, 0xFF, 0xFF, 0xA0, 0x00, 0x04, 0xFF, 0xFF, 0xF1, 0x0B,
  0xFF, 0xCF, 0xE1, 0x00, 0x09, 0xFF, 0xDF, 0xF1, 0x0B, 0xFF, 0x8F, 0xF5, 0x00, 0x0E, 0xFB, 0xDF, 0xF1, 0x0B, 0xFF, 0x4E,
  0xFA, 0x00, 0x5F, 0xF5, 0xDF, 0xF1, 0x0B, 0xFF, 0x59, 0xFE, 0x10, 0xAF, 0xE1, 0xEF, 0xF1, 0x0B, 0xFF, 0x54, 0xFF, 0x61,
  0xEF, 0x90, 0xEF, 0xF1, 0x0B, 0xFF, 0x60, 0xDF, 0xB6, 0xFF, 0x40, 0xFF, 0xF1, 0x0B, 0xFF, 0x70, 0x8F, 0xFC, 0xFD, 0x01,
  0xFF, 0xF1, 0x0B, 0xFF, 0x70, 0x3F, 0xFF, 0xF8, 0x01, 0xFF, 0xF1, 0x0B, 0xFF, 0x70, 0x0C, 0xFF, 0xF3, 0x01, 0xFF, 0xF1,
  0x0B, 0xFF, 0x70, 0x07, 0xFF, 0xC0, 0x01, 0xFF, 0xF1, 0x0B, 0xFF, 0x70, 0x02, 0xFF, 0x70, 0x01, 0xFF, 0xF1, 0x0B, 0xFF,
  0x70, 0x00, 0x00, 0xAF, 0xF8, 0x00, 0xBF, 0xF7, 0x00, 0x00, 0x0A, 0xFF, 0x80, 0x0B, 0xFF, 0x70, 0x00, 0x00, 0xAF, 0xF8,
  0x00, 0xBF, 0xF7, 0x00, 0x00, 0x0A, 0xFF, 0x80, 0x0B, 0xFF, 0x70, 0x00, 0x00, 0xAF, 0xF8, 0x00, 0xBF, 0xF7, 0x00, 0x00,
  0x0A, 0xFF, 0x80, 0x0B, 0xFF, 0xFF, 0xFF, 0xFF, 0xFF, 0xF8, 0x00, 0xBF, 0xFF, 0xFF, 0xFF, 0xFF, 0xFF, 0x80, 0x0B, 0xFF,
  0xB8, 0x88, 0x88, 0xCF, 0xF8, 0x00, 0xBF, 0xF7, 0x00, 0x00, 0x0A, 0xFF, 0x80, 0x0B, 0xFF, 0x70, 0x00, 0x00, 0xAF, 0xF8,
  0x00, 0xBF, 0xF7, 0x00, 0x00, 0x0A, 0xFF, 0x80, 0x0B, 0xFF, 0x70, 0x00, 0x00, 0xAF, 0xF8, 0x00, 0xBF, 0xF7, 0x00, 0x00,
  0x0A, 0xFF, 0x80, 0x0B, 0xFF, 0x70, 0x00, 0x00, 0xAF, 0xF8, 0x00, 0x00, 0x01, 0x6C, 0xEE, 0xD9, 0x30, 0x00, 0x00, 0x02,
  0xCF, 0xFF, 0xFF, 0xFF, 0x60, 0x00, 0x00, 0xCF, 0xFE, 0xA9, 0xDF, 0xFF, 0x40, 0x00, 0x6F, 0xFE, 0x30, 0x00, 0xAF, 0xFD,
  0x00, 0x0B, 0xFF, 0x80, 0x00, 0x01, 0xEF, 0xF3, 0x00, 0xEF, 0xF3, 0x00, 0x00, 0x0B, 0xFF, 0x70, 0x1F, 0xFF, 0x10, 0x00,
  0x00, 0x9F, 0xF9, 0x03, 0xFF, 0xF0, 0x00, 0x00, 0x09, 0xFF, 0xA0, 0x1F, 0xFF, 0x20, 0x00, 0x00, 0x9F, 0xF9, 0x00, 0xEF,
  0xF4, 0x00, 0x00, 0x0B, 0xFF, 0x70, 0x0B, 0xFF, 0x90, 0x00, 0x01, 0xEF, 0xF3, 0x00, 0x6F, 0xFE, 0x30, 0x00, 0x9F, 0xFD,
  0x00, 0x00, 0xCF, 0xFE, 0xA9, 0xCF, 0xFF, 0x40, 0x00, 0x02, 0xCF, 0xFF, 0xFF, 0xFF, 0x60, 0x00, 0x00, 0x00, 0x6C, 0xEF,
  0xDA, 0x30, 0x00, 0x00, 0x0A, 0xFF, 0xFF, 0xFF, 0xFF, 0xFF, 0xF8, 0x00, 0xAF, 0xFF, 0xFF, 0xFF, 0xFF, 0xFF, 0x80, 0x0A,
  0xFF, 0xB8, 0x88, 0x88, 0xCF, 0xF8, 0x00, 0xAF, 0xF7, 0x00, 0x00, 0x0A, 0xFF, 0x80, 0x0A, 0xFF, 0x70, 0x00, 0x00, 0xAF,
  0xF8, 0x00, 0xAF, 0xF7, 0x00, 0x00, 0x0A, 0xFF, 0x80, 0x0A, 0xFF, 0x70, 0x00, 0x00, 0xAF, 0xF8, 0x00, 0xAF, 0xF7, 0x00,
  0x00, 0x0A, 0xFF, 0x80, 0x0A, 0xFF, 0x70, 0x00, 0x00, 0xAF, 0xF8, 0x00, 0xAF, 0xF7, 0x00, 0x00, 0x0A, 0xFF, 0x80, 0x0A,
  0xFF, 0x70, 0x00, 0x00, 0xAF, 0xF8, 0x00, 0xAF, 0xF7, 0x00, 0x00, 0x0A, 0xFF, 0x80, 0x0A, 0xFF, 0x70, 0x00, 0x00, 0xAF,
  0xF8, 0x00, 0xAF, 0xF7, 0x00, 0x00, 0x0A, 0xFF, 0x80, 0x0A, 0xFF, 0x70, 0x00, 0x00, 0xAF, 0xF8, 0x00, 0x0B, 0xFF, 0xFF,
  0xFF, 0xDA, 0x30, 0x00, 0x0B, 0xFF, 0xFF, 0xFF, 0xFF, 0xF6, 0x00, 0x0B, 0xFF, 0xB8, 0x89, 0xDF, 0xFF, 0x30, 0x0B, 0xFF,
  0x70, 0x00, 0x0C, 0xFF, 0x90, 0x0B, 0xFF, 0x70, 0x00, 0x07, 0xFF, 0xB0, 0x0B, 0xFF, 0x70, 0x00, 0x08, 0xFF, 0xB0, 0x0B,
  0xFF, 0x70, 0x01, 0x5E, 0xFF, 0x80, 0x0B, 0xFF, 0xFF, 0xFF, 0xFF, 0xFD, 0x10, 0x0B, 0xFF, 0xFF, 0xFF, 0xFF, 0xB2, 0x00,
  0x0B, 0xFF, 0xB8, 0x88, 0x63, 0x00, 0x00, 0x0B, 0xFF, 0x70, 0x00, 0x00, 0x00, 0x00, 0x0B, 0xFF, 0x70, 0x00, 0x00, 0x00,
  0x00, 0x0B, 0xFF, 0x70, 0x00, 0x00, 0x00, 0x00, 0x0B, 0xFF, 0x70, 0x00, 0x00, 0x00, 0x00, 0x0B, 0xFF, 0x70, 0x00, 0x00,
  0x00, 0x00, 0x00, 0x01, 0x7C, 0xEF, 0xDA, 0x30, 0x00, 0x00, 0x3D, 0xFF, 0xFF, 0xFF, 0xF6, 0x00, 0x00, 0xCF, 0xFE, 0xA9,
  0xCF, 0xFF, 0x30, 0x07, 0xFF, 0xD1, 0x00, 0x0A, 0xFF, 0xB0, 0x0C, 0xFF, 0x60, 0x00, 0x03, 0xFF, 0xE0, 0x0F, 0xFF, 0x20,
  0x00, 0x00, 0x55, 0x50, 0x2F, 0xFF, 0x00, 0x00, 0x00, 0x00, 0x00, 0x3F, 0xFF, 0x00, 0x00, 0x00, 0x00, 0x00, 0x2F, 0xFF,
  0x10, 0x00, 0x00, 0x00, 0x00, 0x1F, 0xFF, 0x20, 0x00, 0x00, 0x33, 0x30, 0x0C, 0xFF, 0x60, 0x00, 0x03, 0xFF, 0xE0, 0x08,
  0xFF, 0xD1, 0x00, 0x0A, 0xFF, 0xB0, 0x01, 0xDF, 0xFD, 0x99, 0xCF, 0xFF, 0x40, 0x00, 0x3E, 0xFF, 0xFF, 0xFF, 0xF6, 0x00,
  0x00, 0x01, 0x8D, 0xEF, 0xDA, 0x30, 0x00, 0xAF, 0xFF, 0xFF, 0xFF, 0xFF, 0xFF, 0x9A, 0xFF, 0xFF, 0xFF, 0xFF, 0xFF, 0xF9,
  0x58, 0x88, 0x9F, 0xFF, 0x88, 0x88, 0x50, 0x00, 0x02, 0xFF, 0xF0, 0x00, 0x00, 0x00, 0x00, 0x2F, 0xFF, 0x00, 0x00, 0x00,
  0x00, 0x02, 0xFF, 0xF0, 0x00, 0x00, 0x00, 0x00, 0x2F, 0xFF, 0x00, 0x00, 0x00, 0x00, 0x02, 0xFF, 0xF0, 0x00, 0x00, 0x00,
  0x00, 0x2F, 0xFF, 0x00, 0x00, 0x00, 0x00, 0x02, 0xFF, 0xF0, 0x00, 0x00, 0x00, 0x00, 0x2F, 0xFF, 0x00, 0x00, 0x00, 0x00,
  0x02, 0xFF, 0xF0, 0x00, 0x00, 0x00, 0x00, 0x2F, 0xFF, 0x00, 0x00, 0x00, 0x00, 0x02, 0xFF, 0xF0, 0x00, 0x00, 0x00, 0x00,
  0x2F, 0xFF, 0x00, 0x00, 0x00, 0x8F, 0xFD, 0x00, 0x00, 0x09, 0xFF, 0xC1, 0xEF, 0xF6, 0x00, 0x01, 0xEF, 0xF6, 0x08, 0xFF,
  0xD0, 0x00, 0x6F, 0xFE, 0x00, 0x1E, 0xFF, 0x50, 0x0B, 0xFF, 0x80, 0x00, 0x8F, 0xFC, 0x02, 0xFF, 0xF2, 0x00, 0x01, 0xEF,
  0xF4, 0x8F, 0xFA, 0x00, 0x00, 0x08, 0xFF, 0xBD, 0xFF, 0x40, 0x00, 0x00, 0x1E, 0xFF, 0xFF, 0xC0, 0x00, 0x00, 0x00, 0x8F,
  0xFF, 0xF6, 0x00, 0x00, 0x00, 0x01, 0xEF, 0xFE, 0x00, 0x00, 0x00, 0x00, 0x09, 0xFF, 0x80, 0x00, 0x00, 0x00, 0x00, 0xDF,
  0xF2, 0x00, 0x00, 0x00, 0x38, 0xCF, 0xFA, 0x00, 0x00, 0x00, 0x06, 0xFF, 0xFD, 0x20, 0x00, 0x00, 0x00, 0x5F, 0xEA, 0x20,
  0x00, 0x00, 0x00, 0x00, 0x00, 0x00, 0x0D, 0xFF, 0x20, 0x00, 0x00, 0x00, 0x00, 0x00, 0x00, 0xDF, 0xF2, 0x00, 0x00, 0x00,
  0x00, 0x02, 0x8D, 0xEF, 0xFF, 0xFD, 0x93, 0x00, 0x00, 0x04, 0xEF, 0xFF, 0xFF, 0xFF, 0xFF, 0xE6, 0x00, 0x02, 0xEF, 0xFD,
  0xAE, 0xFF, 0xAC, 0xFF, 0xF4, 0x00, 0x9F, 0xFB, 0x10, 0xDF, 0xF2, 0x08, 0xFF, 0xC0, 0x0E, 0xFF, 0x20, 0x0D, 0xFF, 0x20,
  0x0D, 0xFF, 0x33, 0xFF, 0xC0, 0x00, 0xDF, 0xF2, 0x00, 0xAF, 0xF6, 0x4F, 0xFB, 0x00, 0x0D, 0xFF, 0x20, 0x08, 0xFF, 0x73,
  0xFF, 0xC0, 0x00, 0xDF, 0xF2, 0x00, 0xAF, 0xF7, 0x1E, 0xFE, 0x20, 0x0D, 0xFF, 0x20, 0x0D, 0xFF, 0x40, 0xAF, 0xFA, 0x00,
  0xDF, 0xF2, 0x08, 0xFF, 0xD0, 0x02, 0xEF, 0xFD, 0xAE, 0xFF, 0xAC, 0xFF, 0xF5, 0x00, 0x05, 0xEF, 0xFF, 0xFF, 0xFF, 0xFF,
  0xF7, 0x00, 0x00, 0x02, 0x8D, 0xEF, 0xFF, 0xFD, 0xA3, 0x00, 0x00, 0x00, 0x00, 0x00, 0xDF, 0xF2, 0x00, 0x00, 0x00, 0x00,
  0x00, 0x00, 0x0D, 0xFF, 0x20, 0x00, 0x00, 0x00, 0x6F, 0xFF, 0x30, 0x00, 0x0C, 0xFF, 0xB0, 0x0C, 0xFF, 0xB0, 0x00, 0x6F,
  0xFF, 0x30, 0x04, 0xFF, 0xF4, 0x01, 0xDF, 0xF9, 0x00, 0x00, 0xAF, 0xFC, 0x07, 0xFF, 0xE1, 0x00, 0x00, 0x2E, 0xFF, 0x6E,
  0xFF, 0x70, 0x00, 0x00, 0x08, 0xFF, 0xFF, 0xFC, 0x00, 0x00, 0x00, 0x01, 0xDF, 0xFF, 0xF4, 0x00, 0x00, 0x00, 0x00, 0x8F,
  0xFF, 0xD0, 0x00, 0x00, 0x00, 0x01, 0xEF, 0xFF, 0xF5, 0x00, 0x00, 0x00, 0x09, 0xFF, 0xFF, 0xFD, 0x10, 0x00, 0x00, 0x3F,
  0xFF, 0x5E, 0xFF, 0x80, 0x00, 0x00, 0xBF, 0xFB, 0x06, 0xFF, 0xE2, 0x00, 0x05, 0xFF, 0xF3, 0x00, 0xDF, 0xFA, 0x00, 0x1D,
  0xFF, 0xA0, 0x00, 0x5F, 0xFF, 0x50, 0x8F, 0xFF, 0x20, 0x00, 0x0B, 0xFF, 0xD0, 0x0C, 0xFF, 0x50, 0x00, 0x00, 0xCF, 0xF6,
  0x00, 0x0C, 0xFF, 0x50, 0x00, 0x00, 0xCF, 0xF6, 0x00, 0x0C, 0xFF, 0x50, 0x00, 0x00, 0xCF, 0xF6, 0x00, 0x0C, 0xFF, 0x50,
  0x00, 0x00, 0xCF, 0xF6, 0x00, 0x0C, 0xFF, 0x50, 0x00, 0x00, 0xCF, 0xF6, 0x00, 0x0C, 0xFF, 0x50, 0x00, 0x00, 0xCF, 0xF6,
  0x00, 0x0C, 0xFF, 0x50, 0x00, 0x00, 0xCF, 0xF6, 0x00, 0x0C, 0xFF, 0x50, 0x00, 0x00, 0xCF, 0xF6, 0x00, 0x0C, 0xFF, 0x50,
  0x00, 0x00, 0xCF, 0xF6, 0x00, 0x0C, 0xFF, 0x50, 0x00, 0x00, 0xCF, 0xF6, 0x00, 0x0C, 0xFF, 0x50, 0x00, 0x00, 0xCF, 0xF6,
  0x00, 0x0C, 0xFF, 0x50, 0x00, 0x00, 0xCF, 0xF6, 0x00, 0x0C, 0xFF, 0xA8, 0x88, 0x88, 0xDF, 0xFA, 0x83, 0x0C, 0xFF, 0xFF,
  0xFF, 0xFF, 0xFF, 0xFF, 0xF6, 0x0C, 0xFF, 0xFF, 0xFF, 0xFF, 0xFF, 0xFF, 0xF6, 0x00, 0x00, 0x00, 0x00, 0x00, 0x00, 0xBF,
  0xF5, 0x00, 0x00, 0x00, 0x00, 0x00, 0x00, 0xBF, 0xF5, 0x00, 0x00, 0x00, 0x00, 0x00, 0x00, 0xBF, 0xF4, 0x00, 0x00, 0x00,
  0x00, 0x00, 0x00, 0xBF, 0xF4, 0x0A, 0xFF, 0x80, 0x00, 0x00, 0xDF, 0xF5, 0x00, 0xAF, 0xF8, 0x00, 0x00, 0x0D, 0xFF, 0x50,
  0x0A, 0xFF, 0x80, 0x00, 0x00, 0xDF, 0xF5, 0x00, 0xAF, 0xF8, 0x00, 0x00, 0x0D, 0xFF, 0x50, 0x0A, 0xFF, 0x80, 0x00, 0x00,
  0xDF, 0xF5, 0x00, 0x8F, 0xFA, 0x00, 0x00, 0x0D, 0xFF, 0x50, 0x05, 0xFF, 0xF6, 0x20, 0x14, 0xEF, 0xF5, 0x00, 0x0C, 0xFF,
  0xFF, 0xFF, 0xFF, 0xFF, 0x50, 0x00, 0x1A, 0xFF, 0xFF, 0xFF, 0xFF, 0xF5, 0x00, 0x00, 0x02, 0x68, 0x87, 0x5D, 0xFF, 0x50,
  0x00, 0x00, 0x00, 0x00, 0x00, 0xDF, 0xF5, 0x00, 0x00, 0x00, 0x00, 0x00, 0x0D, 0xFF, 0x50, 0x00, 0x00, 0x00, 0x00, 0x00,
  0xDF, 0xF5, 0x00, 0x00, 0x00, 0x00, 0x00, 0x0D, 0xFF, 0x50, 0x00, 0x00, 0x00, 0x00, 0x00, 0xDF, 0xF5, 0x00, 0x0B, 0xFF,
  0x70, 0x00, 0x8F, 0xFA, 0x00, 0x05, 0xFF, 0xD0, 0x0B, 0xFF, 0x70, 0x00, 0x8F, 0xFA, 0x00, 0x05, 0xFF, 0xD0, 0x0B, 0xFF,
  0x70, 0x00, 0x8F, 0xFA, 0x00, 0x05, 0xFF, 0xD0, 0x0B, 0xFF, 0x70, 0x00, 0x8F, 0xFA, 0x00, 0x05, 0xFF, 0xD0, 0x0B, 0xFF,
  0x70, 0x00, 0x8F, 0xFA, 0x00, 0x05, 0xFF, 0xD0, 0x0B, 0xFF, 0x70, 0x00, 0x8F, 0xFA, 0x00, 0x05, 0xFF, 0xD0, 0x0B, 0xFF,
  0x70, 0x00, 0x8F, 0xFA, 0x00, 0x05, 0xFF, 0xD0, 0x0B, 0xFF, 0x70, 0x00, 0x8F, 0xFA, 0x00, 0x05, 0xFF, 0xD0, 0x0B, 0xFF,
  0x70, 0x00, 0x8F, 0xFA, 0x00, 0x05, 0xFF, 0xD0, 0x0B, 0xFF, 0x70, 0x00, 0x8F, 0xFA, 0x00, 0x05, 0xFF, 0xD0, 0x0B, 0xFF,
  0x70, 0x00, 0x8F, 0xFA, 0x00, 0x05, 0xFF, 0xD0, 0x0B, 0xFF, 0x70, 0x00, 0x8F, 0xFA, 0x00, 0x05, 0xFF, 0xD0, 0x0B, 0xFF,
  0xB8, 0x88, 0xBF, 0xFC, 0x88, 0x8A, 0xFF, 0xD0, 0x0B, 0xFF, 0xFF, 0xFF, 0xFF, 0xFF, 0xFF, 0xFF, 0xFF, 0xD0, 0x0B, 0xFF,
  0xFF, 0xFF, 0xFF, 0xFF, 0xFF, 0xFF, 0xFF, 0xD0, 0x0B, 0xFF, 0x70, 0x00, 0x8F, 0xFA, 0x00, 0x05, 0xFF, 0xD0, 0x00, 0xBF,
  0xF7, 0x00, 0x08, 0xFF, 0xA0, 0x00, 0x5F, 0xFD, 0x00, 0x0B, 0xFF, 0x70, 0x00, 0x8F, 0xFA, 0x00, 0x05, 0xFF, 0xD0, 0x00,
  0xBF, 0xF7, 0x00, 0x08, 0xFF, 0xA0, 0x00, 0x5F, 0xFD, 0x00, 0x0B, 0xFF, 0x70, 0x00, 0x8F, 0xFA, 0x00, 0x05, 0xFF, 0xD0,
  0x00, 0xBF, 0xF7, 0x00, 0x08, 0xFF, 0xA0, 0x00, 0x5F, 0xFD, 0x00, 0x0B, 0xFF, 0x70, 0x00, 0x8F, 0xFA, 0x00, 0x05, 0xFF,
  0xD0, 0x00, 0xBF, 0xF7, 0x00, 0x08, 0xFF, 0xA0, 0x00, 0x5F, 0xFD, 0x00, 0x0B, 0xFF, 0x70, 0x00, 0x8F, 0xFA, 0x00, 0x05,
  0xFF, 0xD0, 0x00, 0xBF, 0xF7, 0x00, 0x08, 0xFF, 0xA0, 0x00, 0x5F, 0xFD, 0x00, 0x0B, 0xFF, 0x70, 0x00, 0x8F, 0xFA, 0x00,
  0x05, 0xFF, 0xD0, 0x00, 0xBF, 0xF7, 0x00, 0x08, 0xFF, 0xA0, 0x00, 0x5F, 0xFD, 0x00, 0x0B, 0xFF, 0xB8, 0x88, 0xBF, 0xFC,
  0x88, 0x8A, 0xFF, 0xE7, 0x50, 0xBF, 0xFF, 0xFF, 0xFF, 0xFF, 0xFF, 0xFF, 0xFF, 0xFF, 0xFC, 0x0B, 0xFF, 0xFF, 0xFF, 0xFF,
  0xFF, 0xFF, 0xFF, 0xFF, 0xFF, 0xB0, 0x00, 0x00, 0x00, 0x00, 0x00, 0x00, 0x00, 0x00, 0x3F, 0xFB, 0x00, 0x00, 0x00, 0x00,
  0x00, 0x00, 0x00, 0x00, 0x03, 0xFF, 0xA0, 0x00, 0x00, 0x00, 0x00, 0x00, 0x00, 0x00, 0x00, 0x3F, 0xFA, 0x00, 0x00, 0x00,
  0x00, 0x00, 0x00, 0x00, 0x00, 0x03, 0xFF, 0x90, 0xCF, 0xFF, 0xFF, 0xF7, 0x00, 0x00, 0x00, 0x00, 0xCF, 0xFF, 0xFF, 0xF7,
  0x00, 0x00, 0x00, 0x00, 0x57, 0x77, 0xCF, 0xF7, 0x00, 0x00, 0x00, 0x00, 0x00, 0x00, 0xBF, 0xF7, 0x00, 0x00, 0x00, 0x00,
  0x00, 0x00, 0xBF, 0xF7, 0x00, 0x00, 0x00, 0x00, 0x00, 0x00, 0xBF, 0xFF, 0xFF, 0xED, 0x92, 0x00, 0x00, 0x00, 0xBF, 0xFF,
  0xFF, 0xFF, 0xFE, 0x40, 0x00, 0x00, 0xBF, 0xFB, 0x88, 0x9E, 0xFF, 0xE1, 0x00, 0x00, 0xBF, 0xF7, 0x00, 0x02, 0xEF, 0xF6,
  0x00, 0x00, 0xBF, 0xF7, 0x00, 0x00, 0xAF, 0xF9, 0x00, 0x00, 0xBF, 0xF7, 0x00, 0x00, 0xAF, 0xF8, 0x00, 0x00, 0xBF, 0xF7,
  0x00, 0x02, 0xEF, 0xF6, 0x00, 0x00, 0xBF, 0xFB, 0x88, 0x9E, 0xFF, 0xD1, 0x00, 0x00, 0xBF, 0xFF, 0xFF, 0xFF, 0xFE, 0x30,
  0x00, 0x00, 0xBF, 0xFF, 0xFF, 0xFD, 0x92, 0x00, 0x0A, 0xFF, 0x80, 0x00, 0x00, 0x00, 0x03, 0xFF, 0xE0, 0x0A, 0xFF, 0x80,
  0x00, 0x00, 0x00, 0x03, 0xFF, 0xE0, 0x0A, 0xFF, 0x80, 0x00, 0x00, 0x00, 0x03, 0xFF, 0xE0, 0x0A, 0xFF, 0x80, 0x00, 0x00,
  0x00, 0x03, 0xFF, 0xE0, 0x0A, 0xFF, 0x80, 0x00, 0x00, 0x00, 0x03, 0xFF, 0xE0, 0x0A, 0xFF, 0xFF, 0xFE, 0xD9, 0x20, 0x03,
  0xFF, 0xE0, 0x0A, 0xFF, 0xFF, 0xFF, 0xFF, 0xE4, 0x03, 0xFF, 0xE0, 0x0A, 0xFF, 0xB8, 0x89, 0xEF, 0xFE, 0x13, 0xFF, 0xE0,
  0x0A, 0xFF, 0x80, 0x00, 0x2E, 0xFF, 0x63, 0xFF, 0xE0, 0x0A, 0xFF, 0x80, 0x00, 0x09, 0xFF, 0x93, 0xFF, 0xE0, 0x0A, 0xFF,
  0x80, 0x00, 0x0A, 0xFF, 0x93, 0xFF, 0xE0, 0x0A, 0xFF, 0x80, 0x00, 0x2E, 0xFF, 0x63, 0xFF, 0xE0, 0x0A, 0xFF, 0xB8, 0x89,
  0xEF, 0xFD, 0x13, 0xFF, 0xE0, 0x0A, 0xFF, 0xFF, 0xFF, 0xFF, 0xE4, 0x03, 0xFF, 0xE0, 0x0A, 0xFF, 0xFF, 0xFF, 0xD9, 0x20,
  0x03, 0xFF, 0xE0, 0x0B, 0xFF, 0x70, 0x00, 0x00, 0x00, 0x00, 0xBF, 0xF7, 0x00, 0x00, 0x00, 0x00, 0x0B, 0xFF, 0x70, 0x00,
  0x00, 0x00, 0x00, 0xBF, 0xF7, 0x00, 0x00, 0x00, 0x00, 0x0B, 0xFF, 0x70, 0x00, 0x00, 0x00, 0x00, 0xBF, 0xFF, 0xFF, 0xED,
  0x92, 0x00, 0x0B, 0xFF, 0xFF, 0xFF, 0xFF, 0xE4, 0x00, 0xBF, 0xFB, 0x88, 0x9E, 0xFF, 0xD1, 0x0B, 0xFF, 0x70, 0x00, 0x2E,
  0xFF, 0x60, 0xBF, 0xF7, 0x00, 0x00, 0xAF, 0xF8, 0x0B, 0xFF, 0x70, 0x00, 0x0B, 0xFF, 0x80, 0xBF, 0xF7, 0x00, 0x03, 0xEF,
  0xF5, 0x0B, 0xFF, 0xB8, 0x89, 0xEF, 0xFD, 0x00, 0xBF, 0xFF, 0xFF, 0xFF, 0xFE, 0x30, 0x0B, 0xFF, 0xFF, 0xFE, 0xD9, 0x20,
  0x00, 0x00, 0x05, 0xBE, 0xFE, 0xB5, 0x00, 0x00, 0x00, 0xAF, 0xFF, 0xFF, 0xFF, 0xA1, 0x00, 0x08, 0xFF, 0xFB, 0x9A, 0xFF,
  0xF9, 0x00, 0x1E, 0xFF, 0x50, 0x00, 0x4F, 0xFF, 0x20, 0x4F, 0xFD, 0x00, 0x00, 0x0A, 0xFF, 0x70, 0x25, 0x54, 0x00, 0x00,
  0x07, 0xFF, 0xB0, 0x00, 0x00, 0x0F, 0xFF, 0xFF, 0xFF, 0xC0, 0x00, 0x00, 0x0F, 0xFF, 0xFF, 0xFF, 0xD0, 0x00, 0x00, 0x08,
  0x88, 0x8A, 0xFF, 0xC0, 0x14, 0x43, 0x00, 0x00, 0x07, 0xFF, 0xB0, 0x5F, 0xFD, 0x00, 0x00, 0x0B, 0xFF, 0x80, 0x1E, 0xFF,
  0x50, 0x00, 0x3F, 0xFF, 0x30, 0x08, 0xFF, 0xFB, 0x8A, 0xEF, 0xFA, 0x00, 0x00, 0xAF, 0xFF, 0xFF, 0xFF, 0xB1, 0x00, 0x00,
  0x05, 0xBE, 0xFE, 0xC6, 0x00, 0x00, 0x09, 0xFF, 0x90, 0x00, 0x05, 0xBE, 0xFD, 0xB5, 0x00, 0x00, 0x09, 0xFF, 0x90, 0x01,
  0xBF, 0xFF, 0xFF, 0xFF, 0xA0, 0x00, 0x09, 0xFF, 0x90, 0x0A, 0xFF, 0xFC, 0x9B, 0xFF, 0xF8, 0x00, 0x09, 0xFF, 0x90, 0x4F,
  0xFF, 0x70, 0x00, 0x5F, 0xFF, 0x30, 0x09, 0xFF, 0x90, 0x9F, 0xFC, 0x00, 0x00, 0x0B, 0xFF, 0x80, 0x09, 0xFF, 0x90, 0xCF,
  0xF8, 0x00, 0x00, 0x07, 0xFF, 0xB0, 0x09, 0xFF, 0xFF, 0xFF, 0xF6, 0x00, 0x00, 0x05, 0xFF, 0xD0, 0x09, 0xFF, 0xFF, 0xFF,
  0xF5, 0x00, 0x00, 0x04, 0xFF, 0xE0, 0x09, 0xFF, 0xB7, 0xDF, 0xF6, 0x00, 0x00, 0x05, 0xFF, 0xD0, 0x09, 0xFF, 0x90, 0x9F,
  0xF8, 0x00, 0x00, 0x07, 0xFF, 0xB0, 0x09, 0xFF, 0x90, 0x5F, 0xFD, 0x00, 0x00, 0x0B, 0xFF, 0x80, 0x09, 0xFF, 0x90, 0x0D,
  0xFF, 0x60, 0x00, 0x5F, 0xFF, 0x30, 0x09, 0xFF, 0x90, 0x05, 0xFF, 0xFB, 0x9B, 0xFF, 0xF9, 0x00, 0x09, 0xFF, 0x90, 0x00,
  0x7F, 0xFF, 0xFF, 0xFF, 0xA1, 0x00, 0x09, 0xFF, 0x90, 0x00, 0x04, 0xAD, 0xFE, 0xB5, 0x00, 0x00, 0x00, 0x03, 0xAD, 0xFF,
  0xFF, 0xFF, 0x60, 0x00, 0x5F, 0xFF, 0xFF, 0xFF, 0xFF, 0x60, 0x01, 0xEF, 0xFE, 0x98, 0x8D, 0xFF, 0x60, 0x05, 0xFF, 0xE2,
  0x00, 0x0C, 0xFF, 0x60, 0x07, 0xFF, 0xB0, 0x00, 0x0C, 0xFF, 0x60, 0x05, 0xFF, 0xC0, 0x00, 0x0C, 0xFF, 0x60, 0x01, 0xEF,
  0xF8, 0x20, 0x0C, 0xFF, 0x60, 0x00, 0x4E, 0xFF, 0xFF, 0xFF, 0xFF, 0x60, 0x00, 0x05, 0xFF, 0xFF, 0xFF, 0xFF, 0x60, 0x00,
  0x0A, 0xFF, 0xB6, 0x6D, 0xFF, 0x60, 0x00, 0x3F, 0xFF, 0x30, 0x0C, 0xFF, 0x60, 0x00, 0xAF, 0xFB, 0x00, 0x0C, 0xFF, 0x60,
  0x02, 0xFF, 0xF4, 0x00, 0x0C, 0xFF, 0x60, 0x09, 0xFF, 0xC0, 0x00, 0x0C, 0xFF, 0x60, 0x2E, 0xFF, 0x50, 0x00, 0x0C, 0xFF,
  0x60, 0x00, 0x4B, 0xEF, 0xEB, 0x40, 0x00, 0x7F, 0xFF, 0xFF, 0xFF, 0x60, 0x0E, 0xFF, 0x74, 0x8F, 0xFE, 0x00, 0x00, 0x00,
  0x00, 0xEF, 0xF2, 0x00, 0x6B, 0xEF, 0xFF, 0xFF, 0x30, 0x9F, 0xFF, 0xCC, 0xFF, 0xF3, 0x2F, 0xFE, 0x20, 0x0D, 0xFF, 0x35,
  0xFF, 0xB0, 0x00, 0xEF, 0xF3, 0x3F, 0xFF, 0x76, 0xBF, 0xFF, 0x30, 0xBF, 0xFF, 0xFF, 0xFF, 0xF4, 0x01, 0x8D, 0xFD, 0x89,
  0xFF, 0x80, 0x00, 0x00, 0x00, 0x05, 0xFF, 0x50, 0x00, 0x00, 0x39, 0xDF, 0xFE, 0x10, 0x00, 0x09, 0xFF, 0xFF, 0xD4, 0x00,
  0x00, 0x9F, 0xFB, 0x73, 0x00, 0x00, 0x03, 0xFF, 0x60, 0x00, 0x00, 0x00, 0x09, 0xFA, 0x8D, 0xFE, 0xA2, 0x00, 0x0D, 0xFE,
  0xFF, 0xFF, 0xFE, 0x30, 0x0F, 0xFF, 0xE9, 0x8D, 0xFF, 0xB0, 0x2F, 0xFF, 0x50, 0x02, 0xFF, 0xF2, 0x3F, 0xFE, 0x00, 0x00,
  0xCF, 0xF5, 0x3F, 0xFD, 0x00, 0x00, 0xBF, 0xF6, 0x1F, 0xFE, 0x00, 0x00, 0xCF, 0xF5, 0x0C, 0xFF, 0x50, 0x02, 0xFF, 0xF1,
  0x06, 0xFF, 0xE9, 0x8D, 0xFF, 0xA0, 0x00, 0xAF, 0xFF, 0xFF, 0xFD, 0x10, 0x00, 0x06, 0xCE, 0xFD, 0x81, 0x00, 0x0B, 0xFF,
  0xFF, 0xFE, 0xB4, 0x00, 0x0B, 0xFF, 0xFF, 0xFF, 0xFF, 0x50, 0x0B, 0xFF, 0x97, 0x7C, 0xFF, 0xA0, 0x0B, 0xFF, 0x50, 0x19,
  0xFF, 0x80, 0x0B, 0xFF, 0xFF, 0xFF, 0xE9, 0x00, 0x0B, 0xFF, 0xFF, 0xFF, 0xFC, 0x40, 0x0B, 0xFF, 0x50, 0x03, 0xEF, 0xE1,
  0x0B, 0xFF, 0x50, 0x00, 0xCF, 0xF3, 0x0B, 0xFF, 0x97, 0x79, 0xFF, 0xF2, 0x0B, 0xFF, 0xFF, 0xFF, 0xFF, 0xA0, 0x0B, 0xFF,
  0xFF, 0xFE, 0xC8, 0x00, 0x0D, 0xFF, 0xFF, 0xFF, 0xB0, 0xDF, 0xFF, 0xFF, 0xFB, 0x0D, 0xFF, 0x87, 0x77, 0x50, 0xDF, 0xF2,
  0x00, 0x00, 0x0D, 0xFF, 0x20, 0x00, 0x00, 0xDF, 0xF2, 0x00, 0x00, 0x0D, 0xFF, 0x20, 0x00, 0x00, 0xDF, 0xF2, 0x00, 0x00,
  0x0D, 0xFF, 0x20, 0x00, 0x00, 0xDF, 0xF2, 0x00, 0x00, 0x0D, 0xFF, 0x20, 0x00, 0x00, 0x00, 0x0D, 0xFF, 0xFF, 0xFF, 0xF5,
  0x00, 0x00, 0xEF, 0xFF, 0xFF, 0xFF, 0x50, 0x00, 0x0E, 0xFF, 0x88, 0xDF, 0xF5, 0x00, 0x00, 0xEF, 0xF0, 0x0B, 0xFF, 0x50,
  0x00, 0x0F, 0xFE, 0x00, 0xBF, 0xF5, 0x00, 0x02, 0xFF, 0xD0, 0x0B, 0xFF, 0x50, 0x00, 0x6F, 0xFA, 0x00, 0xBF, 0xF5, 0x00,
  0x1D, 0xFF, 0x60, 0x0B, 0xFF, 0x50, 0x5B, 0xFF, 0xE7, 0x77, 0xCF, 0xF9, 0x6B, 0xFF, 0xFF, 0xFF, 0xFF, 0xFF, 0xFE, 0xBF,
  0xFF, 0xFF, 0xFF, 0xFF, 0xFF, 0xEB, 0xFF, 0x60, 0x00, 0x00, 0x1F, 0xFE, 0xBF, 0xF6, 0x00, 0x00, 0x01, 0xFF, 0xEB, 0xFF,
  0x60, 0x00, 0x00, 0x1F, 0xFE, 0x00, 0x07, 0xCE, 0xEC, 0x70, 0x00, 0x1C, 0xFF, 0xFF, 0xFF, 0xA0, 0x09, 0xFF, 0xD8, 0x8D,
  0xFF, 0x60, 0xEF, 0xE1, 0x00, 0x4F, 0xFA, 0x3F, 0xFF, 0xFF, 0xFF, 0xFF, 0xC5, 0xFF, 0xFF, 0xFF, 0xFF, 0xFD, 0x4F, 0xFE,
  0x00, 0x00, 0x00, 0x01, 0xFF, 0xF6, 0x00, 0x04, 0x60, 0x09, 0xFF, 0xFA, 0x79, 0xEF, 0x40, 0x1C, 0xFF, 0xFF, 0xFF, 0xE3,
  0x00, 0x07, 0xCE, 0xFD, 0x92, 0x00, 0x4F, 0xFF, 0x70, 0x08, 0xFF, 0x80, 0x07, 0xFF, 0xF4, 0x09, 0xFF, 0xE1, 0x08, 0xFF,
  0x80, 0x1E, 0xFF, 0x90, 0x01, 0xDF, 0xF9, 0x08, 0xFF, 0x80, 0x9F, 0xFD, 0x10, 0x00, 0x4F, 0xFF, 0x38, 0xFF, 0x83, 0xFF,
  0xF4, 0x00, 0x00, 0x09, 0xFF, 0xFF, 0xFF, 0xFF, 0xFF, 0x90, 0x00, 0x00, 0x06, 0xFF, 0xFF, 0xFF, 0xFF, 0xFF, 0x70, 0x00,
  0x00, 0x1D, 0xFF, 0xDE, 0xFF, 0xED, 0xFF, 0xE1, 0x00, 0x00, 0x8F, 0xFD, 0x08, 0xFF, 0x80, 0xDF, 0xF9, 0x00, 0x03, 0xFF,
  0xF6, 0x08, 0xFF, 0x80, 0x6F, 0xFF, 0x30, 0x0B, 0xFF, 0xC0, 0x08, 0xFF, 0x80, 0x0C, 0xFF, 0xC0, 0x5F, 0xFF, 0x50, 0x08,
  0xFF, 0x80, 0x05, 0xFF, 0xF6, 0x00, 0x5B, 0xEF, 0xEB, 0x50, 0x00, 0x8F, 0xFF, 0xFF, 0xFF, 0x80, 0x1F, 0xFF, 0x85, 0x8F,
  0xFD, 0x01, 0x55, 0x40, 0x05, 0xFF, 0xC0, 0x00, 0x03, 0xFF, 0xFF, 0xC3, 0x00, 0x00, 0x3E, 0xEF, 0xFE, 0x50, 0x00, 0x00,
  0x00, 0x4F, 0xFE, 0x02, 0x66, 0x50, 0x00, 0xEF, 0xF2, 0x3F, 0xFE, 0x75, 0x9F, 0xFE, 0x10, 0xAF, 0xFF, 0xFF, 0xFF, 0x70,
  0x00, 0x6C, 0xEF, 0xDB, 0x40, 0x00, 0x0D, 0xFF, 0x20, 0x08, 0xFF, 0xC0, 0x0D, 0xFF, 0x20, 0x1E, 0xFF, 0xC0, 0x0D, 0xFF,
  0x20, 0x9F, 0xFF, 0xC0, 0x0D, 0xFF, 0x23, 0xFF, 0xFF, 0xC0, 0x0D, 0xFF, 0x2A, 0xFD, 0xFF, 0xC0, 0x0D, 0xFF, 0x5F, 0xF6,
  0xFF, 0xC0, 0x0D, 0xFF, 0xDF, 0x93, 0xFF, 0xC0, 0x0D, 0xFF, 0xFE, 0x23, 0xFF, 0xC0, 0x0D, 0xFF, 0xF8, 0x03, 0xFF, 0xC0,
  0x0D, 0xFF, 0xE1, 0x03, 0xFF, 0xC0, 0x0D, 0xFF, 0x70, 0x03, 0xFF, 0xC0, 0x00, 0x7F, 0xB0, 0x0B, 0xF8, 0x00, 0x00, 0x2E,
  0xFC, 0xCF, 0xE3, 0x00, 0x00, 0x04, 0xBE, 0xEB, 0x40, 0x00, 0x00, 0x00, 0x00, 0x00, 0x00, 0x00, 0x00, 0x00, 0x00, 0x00,
  0x00, 0x00, 0x0D, 0xFF, 0x20, 0x08, 0xFF, 0xC0, 0x0D, 0xFF, 0x20, 0x1E, 0xFF, 0xC0, 0x0D, 0xFF, 0x20, 0x9F, 0xFF, 0xC0,
  0x0D, 0xFF, 0x23, 0xFF, 0xFF, 0xC0, 0x0D, 0xFF, 0x2A, 0xFD, 0xFF, 0xC0, 0x0D, 0xFF, 0x5F, 0xF6, 0xFF, 0xC0, 0x0D, 0xFF,
  0xDF, 0x93, 0xFF, 0xC0, 0x0D, 0xFF, 0xFE, 0x23, 0xFF, 0xC0, 0x0D, 0xFF, 0xF8, 0x03, 0xFF, 0xC0, 0x0D, 0xFF, 0xE1, 0x03,
  0xFF, 0xC0, 0x0D, 0xFF, 0x70, 0x03, 0xFF, 0xC0, 0x0B, 0xFF, 0x50, 0x09, 0xFF, 0xF4, 0x0B, 0xFF, 0x50, 0x3F, 0xFF, 0x80,
  0x0B, 0xFF, 0x50, 0xCF, 0xFC, 0x00, 0x0B, 0xFF, 0x56, 0xFF, 0xE2, 0x00, 0x0B, 0xFF, 0xFF, 0xFF, 0x60, 0x00, 0x0B, 0xFF,
  0xFF, 0xFF, 0x30, 0x00, 0x0B, 0xFF, 0xDE, 0xFF, 0xD1, 0x00, 0x0B, 0xFF, 0x53, 0xFF, 0xF8, 0x00, 0x0B, 0xFF, 0x50, 0x9F,
  0xFF, 0x40, 0x0B, 0xFF, 0x50, 0x1E, 0xFF, 0xD1, 0x0B, 0xFF, 0x50, 0x07, 0xFF, 0xF9, 0x00, 0xAF, 0xFF, 0xFF, 0xFF, 0xC0,
  0x00, 0xAF, 0xFF, 0xFF, 0xFF, 0xC0, 0x00, 0xBF, 0xF9, 0x78, 0xFF, 0xC0, 0x00, 0xCF, 0xF3, 0x03, 0xFF, 0xC0, 0x00, 0xCF,
  0xF2, 0x03, 0xFF, 0xC0, 0x00, 0xDF, 0xF1, 0x03, 0xFF, 0xC0, 0x00, 0xEF, 0xE0, 0x03, 0xFF, 0xC0, 0x04, 0xFF, 0xC0, 0x03,
  0xFF, 0xC0, 0x6D, 0xFF, 0x90, 0x03, 0xFF, 0xC0, 0xCF, 0xFE, 0x20, 0x03, 0xFF, 0xC0, 0xCF, 0xC4, 0x00, 0x03, 0xFF, 0xC0,
  0x0B, 0xFF, 0xF4, 0x00, 0x00, 0x7F, 0xFF, 0x90, 0x0B, 0xFF, 0xFA, 0x00, 0x00, 0xCF, 0xFF, 0x90, 0x0B, 0xFF, 0xFE, 0x10,
  0x03, 0xFF, 0xFF, 0x90, 0x0B, 0xFF, 0xFF, 0x60, 0x09, 0xFF, 0xFF, 0x90, 0x0B, 0xFF, 0xEF, 0xC0, 0x1E, 0xFE, 0xFF, 0x90,
  0x0B, 0xFF, 0x9F, 0xF3, 0x6F, 0xF9, 0xFF, 0x90, 0x0B, 0xFF, 0x5D, 0xF8, 0xBF, 0xB8, 0xFF, 0x90, 0x0B, 0xFF, 0x58, 0xFE,
  0xFF, 0x58, 0xFF, 0x90, 0x0B, 0xFF, 0x52, 0xFF, 0xFD, 0x08, 0xFF, 0x90, 0x0B, 0xFF, 0x50, 0xBF, 0xF8, 0x08, 0xFF, 0x90,
  0x0B, 0xFF, 0x50, 0x5F, 0xF2, 0x08, 0xFF, 0x90, 0x0D, 0xFF, 0x20, 0x04, 0xFF, 0xC0, 0x0D, 0xFF, 0x20, 0x04, 0xFF, 0xC0,
  0x0D, 0xFF, 0x20, 0x04, 0xFF, 0xC0, 0x0D, 0xFF, 0x20, 0x04, 0xFF, 0xC0, 0x0D, 0xFF, 0xFF, 0xFF, 0xFF, 0xC0, 0x0D, 0xFF,
  0xFF, 0xFF, 0xFF, 0xC0, 0x0D, 0xFF, 0x87, 0x79, 0xFF, 0xC0, 0x0D, 0xFF, 0x20, 0x04, 0xFF, 0xC0, 0x0D, 0xFF, 0x20, 0x04,
  0xFF, 0xC0, 0x0D, 0xFF, 0x20, 0x04, 0xFF, 0xC0, 0x0D, 0xFF, 0x20, 0x04, 0xFF, 0xC0, 0x00, 0x18, 0xDE, 0xEC, 0x70, 0x00,
  0x01, 0xCF, 0xFF, 0xFF, 0xFB, 0x00, 0x0A, 0xFF, 0xE8, 0x9E, 0xFF, 0x80, 0x1F, 0xFF, 0x30, 0x05, 0xFF, 0xE0, 0x4F, 0xFC,
  0x00, 0x00, 0xEF, 0xF2, 0x6F, 0xFB, 0x00, 0x00, 0xDF, 0xF3, 0x5F, 0xFC, 0x00, 0x00, 0xEF, 0xF2, 0x1F, 0xFF, 0x20, 0x05,
  0xFF, 0xE0, 0x0A, 0xFF, 0xD8, 0x8E, 0xFF, 0x80, 0x02, 0xDF, 0xFF, 0xFF, 0xFB, 0x10, 0x00, 0x18, 0xDF, 0xEC, 0x70, 0x00,
  0x0D, 0xFF, 0xFF, 0xFF, 0xFF, 0xC0, 0x0D, 0xFF, 0xFF, 0xFF, 0xFF, 0xC0, 0x0D, 0xFF, 0x87, 0x79, 0xFF, 0xC0, 0x0D, 0xFF,
  0x20, 0x04, 0xFF, 0xC0, 0x0D, 0xFF, 0x20, 0x04, 0xFF, 0xC0, 0x0D, 0xFF, 0x20, 0x04, 0xFF, 0xC0, 0x0D, 0xFF, 0x20, 0x04,
  0xFF, 0xC0, 0x0D, 0xFF, 0x20, 0x04, 0xFF, 0xC0, 0x0D, 0xFF, 0x20, 0x04, 0xFF, 0xC0, 0x0D, 0xFF, 0x20, 0x04, 0xFF, 0xC0,
  0x0D, 0xFF, 0x20, 0x04, 0xFF, 0xC0, 0x0D, 0xFE, 0x6C, 0xFE, 0xA2, 0x00, 0x0D, 0xFF, 0xFF, 0xFF, 0xFE, 0x20, 0x0D, 0xFF,
  0xD9, 0x8E, 0xFF, 0x90, 0x0D, 0xFF, 0x40, 0x05, 0xFF, 0xE0, 0x0D, 0xFF, 0x20, 0x00, 0xEF, 0xF1, 0x0D, 0xFF, 0x20, 0x00,
  0xDF, 0xF2, 0x0D, 0xFF, 0x20, 0x00, 0xEF, 0xF1, 0x0D, 0xFF, 0x30, 0x05, 0xFF, 0xE0, 0x0D, 0xFF, 0xD8, 0x8E, 0xFF, 0x90,
  0x0D, 0xFF, 0xFF, 0xFF, 0xFD, 0x20, 0x0D, 0xFF, 0x6C, 0xFE, 0xA2, 0x00, 0x0D, 0xFF, 0x20, 0x00, 0x00, 0x00, 0x0D, 0xFF,
  0x20, 0x00, 0x00, 0x00, 0x0D, 0xFF, 0x20, 0x00, 0x00, 0x00, 0x0D, 0xFF, 0x20, 0x00, 0x00, 0x00, 0x00, 0x29, 0xDF, 0xEB,
  0x50, 0x00, 0x2D, 0xFF, 0xFF, 0xFF, 0x60, 0x0B, 0xFF, 0xD8, 0xAF, 0xFE, 0x12, 0xFF, 0xE1, 0x00, 0xAF, 0xF5, 0x5F, 0xFB,
  0x00, 0x03, 0x66, 0x36, 0xFF, 0xA0, 0x00, 0x00, 0x00, 0x5F, 0xFB, 0x00, 0x00, 0x11, 0x02, 0xFF, 0xE1, 0x00, 0x9F, 0xF6,
  0x0B, 0xFF, 0xC8, 0x9F, 0xFE, 0x20, 0x2D, 0xFF, 0xFF, 0xFF, 0x70, 0x00, 0x29, 0xDF, 0xEB, 0x40, 0x00, 0xBF, 0xFF, 0xFF,
  0xFF, 0xFF, 0x6B, 0xFF, 0xFF, 0xFF, 0xFF, 0xF6, 0x57, 0x78, 0xFF, 0xD7, 0x77, 0x30, 0x00, 0x4F, 0xFC, 0x00, 0x00, 0x00,
  0x04, 0xFF, 0xC0, 0x00, 0x00, 0x00, 0x4F, 0xFC, 0x00, 0x00, 0x00, 0x04, 0xFF, 0xC0, 0x00, 0x00, 0x00, 0x4F, 0xFC, 0x00,
  0x00, 0x00, 0x04, 0xFF, 0xC0, 0x00, 0x00, 0x00, 0x4F, 0xFC, 0x00, 0x00, 0x00, 0x04, 0xFF, 0xC0, 0x00, 0x00, 0xCF, 0xF6,
  0x00, 0x0D, 0xFF, 0x67, 0xFF, 0xB0, 0x03, 0xFF, 0xE1, 0x2F, 0xFE, 0x10, 0x8F, 0xFA, 0x00, 0xBF, 0xF5, 0x0C, 0xFF, 0x50,
  0x06, 0xFF, 0xA2, 0xFF, 0xD0, 0x00, 0x1E, 0xFE, 0x7F, 0xF9, 0x00, 0x00, 0xAF, 0xFD, 0xFF, 0x30, 0x00, 0x04, 0xFF, 0xFF,
  0xC0, 0x00, 0x00, 0x0D, 0xFF, 0xF7, 0x00, 0x00, 0x00, 0x8F, 0xFF, 0x20, 0x00, 0x00, 0x03, 0xFF, 0xB0, 0x00, 0x00, 0x00,
  0x8F, 0xF6, 0x00, 0x00, 0x06, 0x9F, 0xFE, 0x10, 0x00, 0x00, 0xCF, 0xFF, 0x70, 0x00, 0x00, 0x0B, 0xFD, 0x70, 0x00, 0x00,
  0x00, 0x00, 0x00, 0x00, 0xDF, 0xF3, 0x00, 0x00, 0x00, 0x00, 0x00, 0x0D, 0xFF, 0x30, 0x00, 0x00, 0x00, 0x00, 0x00, 0xDF,
  0xF3, 0x00, 0x00, 0x00, 0x00, 0x00, 0x0D, 0xFF, 0x30, 0x00, 0x00, 0x00, 0x00, 0x00, 0xDF, 0xF3, 0x00, 0x00, 0x00, 0x04,
  0xCF, 0xEE, 0xFF, 0xDF, 0xD7, 0x00, 0x04, 0xFF, 0xFF, 0xFF, 0xFF, 0xFF, 0xF8, 0x00, 0xCF, 0xFD, 0x8E, 0xFF, 0x8B, 0xFF,
  0xF2, 0x2F, 0xFF, 0x20, 0xDF, 0xF3, 0x0C, 0xFF, 0x74, 0xFF, 0xC0, 0x0D, 0xFF, 0x30, 0x7F, 0xF9, 0x5F, 0xFB, 0x00, 0xDF,
  0xF3, 0x06, 0xFF, 0xA5, 0xFF, 0xB0, 0x0D, 0xFF, 0x30, 0x7F, 0xFA, 0x2F, 0xFE, 0x10, 0xDF, 0xF3, 0x0A, 0xFF, 0x80, 0xCF,
  0xFC, 0x7E, 0xFF, 0x8A, 0xFF, 0xF3, 0x04, 0xFF, 0xFF, 0xFF, 0xFF, 0xFF, 0xF9, 0x00, 0x05, 0xCF, 0xEE, 0xFF, 0xDF, 0xD8,
  0x00, 0x00, 0x00, 0x00, 0xDF, 0xF3, 0x00, 0x00, 0x00, 0x00, 0x00, 0x0D, 0xFF, 0x30, 0x00, 0x00, 0x00, 0x00, 0x00, 0xDF,
  0xF3, 0x00, 0x00, 0x00, 0x00, 0x00, 0x0D, 0xFF, 0x30, 0x00, 0x00, 0x6F, 0xFC, 0x00, 0x2E, 0xFF, 0x30, 0xCF, 0xF6, 0x0A,
  0xFF, 0x90, 0x04, 0xFF, 0xE4, 0xFF, 0xE1, 0x00, 0x0A, 0xFF, 0xEF, 0xF6, 0x00, 0x00, 0x2E, 0xFF, 0xFC, 0x00, 0x00, 0x00,
  0xAF, 0xFF, 0x70, 0x00, 0x00, 0x3F, 0xFF, 0xFD, 0x10, 0x00, 0x0C, 0xFF, 0xDF, 0xF8, 0x00, 0x06, 0xFF, 0xD3, 0xFF, 0xE2,
  0x01, 0xDF, 0xF5, 0x08, 0xFF, 0xA0, 0x8F, 0xFB, 0x00, 0x1E, 0xFF, 0x40, 0x0D, 0xFF, 0x20, 0x04, 0xFF, 0xC0, 0x00, 0xDF,
  0xF2, 0x00, 0x4F, 0xFC, 0x00, 0x0D, 0xFF, 0x20, 0x04, 0xFF, 0xC0, 0x00, 0xDF, 0xF2, 0x00, 0x4F, 0xFC, 0x00, 0x0D, 0xFF,
  0x20, 0x04, 0xFF, 0xC0, 0x00, 0xDF, 0xF2, 0x00, 0x4F, 0xFC, 0x00, 0x0D, 0xFF, 0x20, 0x04, 0xFF, 0xC0, 0x00, 0xDF, 0xF2,
  0x00, 0x4F, 0xFC, 0x00, 0x0D, 0xFF, 0x87, 0x78, 0xFF, 0xD7, 0x30, 0xDF, 0xFF, 0xFF, 0xFF, 0xFF, 0xF7, 0x0D, 0xFF, 0xFF,
  0xFF, 0xFF, 0xFF, 0x70, 0x00, 0x00, 0x00, 0x00, 0x9F, 0xF6, 0x00, 0x00, 0x00, 0x00, 0x09, 0xFF, 0x50, 0x00, 0x00, 0x00,
  0x00, 0x9F, 0xF5, 0x2F, 0xFD, 0x00, 0x08, 0xFF, 0x80, 0x2F, 0xFD, 0x00, 0x08, 0xFF, 0x80, 0x2F, 0xFD, 0x00, 0x08, 0xFF,
  0x80, 0x2F, 0xFE, 0x00, 0x08, 0xFF, 0x80, 0x0E, 0xFF, 0x61, 0x19, 0xFF, 0x80, 0x09, 0xFF, 0xFF, 0xFF, 0xFF, 0x80, 0x00,
  0x9F, 0xFF, 0xFF, 0xFF, 0x80, 0x00, 0x01, 0x56, 0x6A, 0xFF, 0x80, 0x00, 0x00, 0x00, 0x08, 0xFF, 0x80, 0x00, 0x00, 0x00,
  0x08, 0xFF, 0x80, 0x00, 0x00, 0x00, 0x08, 0xFF, 0x80, 0x0D, 0xFF, 0x20, 0x0D, 0xFF, 0x30, 0x0D, 0xFF, 0x30, 0xDF, 0xF2,
  0x00, 0xDF, 0xF3, 0x00, 0xDF, 0xF3, 0x0D, 0xFF, 0x20, 0x0D, 0xFF, 0x30, 0x0D, 0xFF, 0x30, 0xDF, 0xF2, 0x00, 0xDF, 0xF3,
  0x00, 0xDF, 0xF3, 0x0D, 0xFF, 0x20, 0x0D, 0xFF, 0x30, 0x0D, 0xFF, 0x30, 0xDF, 0xF2, 0x00, 0xDF, 0xF3, 0x00, 0xDF, 0xF3,
  0x0D, 0xFF, 0x20, 0x0D, 0xFF, 0x30, 0x0D, 0xFF, 0x30, 0xDF, 0xF2, 0x00, 0xDF, 0xF3, 0x00, 0xDF, 0xF3, 0x0D, 0xFF, 0x87,
  0x7E, 0xFF, 0x87, 0x7E, 0xFF, 0x30, 0xDF, 0xFF, 0xFF, 0xFF, 0xFF, 0xFF, 0xFF, 0xF3, 0x0D, 0xFF, 0xFF, 0xFF, 0xFF, 0xFF,
  0xFF, 0xFF, 0x30, 0x0E, 0xFF, 0x20, 0x0E, 0xFF, 0x20, 0x0D, 0xFF, 0x20, 0x00, 0xEF, 0xF2, 0x00, 0xEF, 0xF2, 0x00, 0xDF,
  0xF2, 0x00, 0x0E, 0xFF, 0x20, 0x0E, 0xFF, 0x20, 0x0D, 0xFF, 0x20, 0x00, 0xEF, 0xF2, 0x00, 0xEF, 0xF2, 0x00, 0xDF, 0xF2,
  0x00, 0x0E, 0xFF, 0x20, 0x0E, 0xFF, 0x20, 0x0D, 0xFF, 0x20, 0x00, 0xEF, 0xF2, 0x00, 0xEF, 0xF2, 0x00, 0xDF, 0xF2, 0x00,
  0x0E, 0xFF, 0x20, 0x0E, 0xFF, 0x20, 0x0D, 0xFF, 0x20, 0x00, 0xEF, 0xF2, 0x00, 0xEF, 0xF2, 0x00, 0xDF, 0xF2, 0x00, 0x0E,
  0xFF, 0x77, 0x7E, 0xFF, 0x87, 0x7E, 0xFF, 0x77, 0x20, 0xEF, 0xFF, 0xFF, 0xFF, 0xFF, 0xFF, 0xFF, 0xFF, 0xF5, 0x0E, 0xFF,
  0xFF, 0xFF, 0xFF, 0xFF, 0xFF, 0xFF, 0xFF, 0x40, 0x00, 0x00, 0x00, 0x00, 0x00, 0x00, 0x00, 0xBF, 0xF4, 0x00, 0x00, 0x00,
  0x00, 0x00, 0x00, 0x00, 0x0B, 0xFF, 0x30, 0x00, 0x00, 0x00, 0x00, 0x00, 0x00, 0x00, 0xBF, 0xF2, 0xBF, 0xFF, 0xFF, 0x80,
  0x00, 0x00, 0x00, 0xBF, 0xFF, 0xFF, 0x80, 0x00, 0x00, 0x00, 0x57, 0x7B, 0xFF, 0x80, 0x00, 0x00, 0x00, 0x00, 0x08, 0xFF,
  0xFF, 0xFE, 0xB5, 0x00, 0x00, 0x08, 0xFF, 0xFF, 0xFF, 0xFF, 0x70, 0x00, 0x08, 0xFF, 0xB7, 0x7A, 0xFF, 0xF2, 0x00, 0x08,
  0xFF, 0x80, 0x00, 0xBF, 0xF5, 0x00, 0x08, 0xFF, 0x80, 0x00, 0xBF, 0xF6, 0x00, 0x08, 0xFF, 0xB7, 0x7A, 0xFF, 0xF2, 0x00,
  0x08, 0xFF, 0xFF, 0xFF, 0xFF, 0x70, 0x00, 0x08, 0xFF, 0xFF, 0xFE, 0xB5, 0x00, 0x0B, 0xFF, 0x60, 0x00, 0x00, 0x00, 0x1F,
  0xFE, 0x00, 0xBF, 0xF6, 0x00, 0x00, 0x00, 0x01, 0xFF, 0xE0, 0x0B, 0xFF, 0x60, 0x00, 0x00, 0x00, 0x1F, 0xFE, 0x00, 0xBF,
  0xFF, 0xFF, 0xEA, 0x30, 0x01, 0xFF, 0xE0, 0x0B, 0xFF, 0xFF, 0xFF, 0xFF, 0x50, 0x1F, 0xFE, 0x00, 0xBF, 0xF9, 0x77, 0xBF,
  0xFD, 0x01, 0xFF, 0xE0, 0x0B, 0xFF, 0x60, 0x00, 0xDF, 0xF3, 0x1F, 0xFE, 0x00, 0xBF, 0xF6, 0x00, 0x0D, 0xFF, 0x31, 0xFF,
  0xE0, 0x0B, 0xFF, 0x97, 0x7B, 0xFF, 0xE0, 0x1F, 0xFE, 0x00, 0xBF, 0xFF, 0xFF, 0xFF, 0xF5, 0x01, 0xFF, 0xE0, 0x0B, 0xFF,
  0xFF, 0xFE, 0xB4, 0x00, 0x1F, 0xFE, 0x00, 0x0B, 0xFF, 0x60, 0x00, 0x00, 0x00, 0x0B, 0xFF, 0x60, 0x00, 0x00, 0x00, 0x0B,
  0xFF, 0x60, 0x00, 0x00, 0x00, 0x0B, 0xFF, 0xFF, 0xFE, 0xA3, 0x00, 0x0B, 0xFF, 0xFF, 0xFF, 0xFF, 0x50, 0x0B, 0xFF, 0x97,
  0x7B, 0xFF, 0xD0, 0x0B, 0xFF, 0x60, 0x00, 0xDF, 0xF3, 0x0B, 0xFF, 0x60, 0x00, 0xDF, 0xF3, 0x0B, 0xFF, 0x97, 0x7B, 0xFF,
  0xE0, 0x0B, 0xFF, 0xFF, 0xFF, 0xFF, 0x50, 0x0B, 0xFF, 0xFF, 0xFE, 0xB4, 0x00, 0x00, 0x5B, 0xEF, 0xD8, 0x10, 0x00, 0x7F,
  0xFF, 0xFF, 0xFD, 0x20, 0x2F, 0xFF, 0x98, 0xCF, 0xFA, 0x05, 0xDD, 0x80, 0x01, 0xDF, 0xF1, 0x00, 0x00, 0xBF, 0xFF, 0xFF,
  0x40, 0x00, 0x09, 0xDD, 0xEF, 0xF5, 0x13, 0x31, 0x00, 0x0D, 0xFF, 0x45, 0xFF, 0xA0, 0x03, 0xFF, 0xF1, 0x2F, 0xFF, 0x98,
  0xDF, 0xFA, 0x00, 0x7F, 0xFF, 0xFF, 0xFD, 0x10, 0x00, 0x5C, 0xEF, 0xD8, 0x10, 0x00, 0x0A, 0xFF, 0x60, 0x00, 0x7C, 0xEF,
  0xD8, 0x10, 0x00, 0xAF, 0xF6, 0x01, 0xCF, 0xFF, 0xFF, 0xFD, 0x20, 0x0A, 0xFF, 0x60, 0x9F, 0xFE, 0x98, 0xDF, 0xFB, 0x00,
  0xAF, 0xF6, 0x0E, 0xFF, 0x50, 0x02, 0xFF, 0xF2, 0x0A, 0xFF, 0xFF, 0xFF, 0xE0, 0x00, 0x0B, 0xFF, 0x50, 0xAF, 0xFF, 0xFF,
  0xFD, 0x00, 0x00, 0xAF, 0xF6, 0x0A, 0xFF, 0xA7, 0xFF, 0xE0, 0x00, 0x0B, 0xFF, 0x50, 0xAF, 0xF6, 0x0D, 0xFF, 0x50, 0x02,
  0xEF, 0xF2, 0x0A, 0xFF, 0x60, 0x7F, 0xFE, 0x98, 0xDF, 0xFB, 0x00, 0xAF, 0xF6, 0x00, 0xBF, 0xFF, 0xFF, 0xFD, 0x20, 0x0A,
  0xFF, 0x60, 0x00, 0x7C, 0xEF, 0xD8, 0x10, 0x00, 0x00, 0x4B, 0xDF, 0xFF, 0xFF, 0x70, 0x07, 0xFF, 0xFF, 0xFF, 0xFF, 0x70,
  0x1F, 0xFF, 0xA7, 0x7B, 0xFF, 0x70, 0x4F, 0xFD, 0x00, 0x09, 0xFF, 0x70, 0x2F, 0xFE, 0x50, 0x09, 0xFF, 0x70, 0x09, 0xFF,
  0xFF, 0xFF, 0xFF, 0x70, 0x00, 0x8F, 0xFF, 0xFF, 0xFF, 0x70, 0x00, 0xBF, 0xF6, 0x2A, 0xFF, 0x70, 0x04, 0xFF, 0xC0, 0x09,
  0xFF, 0x70, 0x0C, 0xFF, 0x40, 0x09, 0xFF, 0x70, 0x5F, 0xFB, 0x00, 0x09, 0xFF, 0x70,
  0x00 };

inline const GFXglyph aaUI12bGlyphs[] PROGMEM = {
  {      0,   0,   0,   5,    0,    0 },   // 0x20
  {      0,   6,  15,   6,    0,  -15 },   // 0x21
  {     45,   7,  16,   7,    0,  -16 },   // 0x22
  {    101,  13,  15,  13,    0,  -15 },   // 0x23
  {    199,  12,  21,  12,    0,  -18 },   // 0x24
  {    325,  16,  15,  16,    0,  -15 },   // 0x25
  {    445,  14,  15,  14,    0,  -15 },   // 0x26
  {    550,   3,  16,   3,    0,  -16 },   // 0x27
  {    574,   7,  22,   7,    0,  -17 },   // 0x28
  {    651,   7,  22,   7,    0,  -17 },   // 0x29
  {    728,  10,  15,  10,    0,  -15 },   // 0x2A
  {    803,  11,  12,  11,    0,  -12 },   // 0x2B
  {    869,   5,   7,   5,    0,   -3 },   // 0x2C
  {    887,   8,   8,   8,    0,   -8 },   // 0x2D
  {    919,   6,   4,   6,    0,   -4 },   // 0x2E
  {    931,   9,  16,   8,   -1,  -15 },   // 0x2F
  {   1003,  12,  15,  12,    0,  -15 },   // 0x30
  {   1093,  12,  15,  12,    0,  -15 },   // 0x31
  {   1183,  12,  15,  12,    0,  -15 },   // 0x32
  {   1273,  12,  15,  12,    0,  -15 },   // 0x33
  {   1363,  12,  15,  12,    0,  -15 },   // 0x34
  {   1453,  12,  15,  12,    0,  -15 },   // 0x35
  {   1543,  12,  15,  12,    0,  -15 },   // 0x36
  {   1633,  12,  15,  12,    0,  -15 },   // 0x37
  {   1723,  12,  15,  12,    0,  -15 },   // 0x38
  {   1813,  12,  15,  12,    0,  -15 },   // 0x39
  {   1903,   6,  11,   6,    0,  -11 },   // 0x3A
  {   1936,   6,  15,   6,    0,  -11 },   // 0x3B
  {   1981,  11,  11,  11,    0,  -11 },   // 0x3C
  {   2042,  12,  10,  12,    0,  -10 },   // 0x3D
  {   2102,  11,  11,  11,    0,  -11 },   // 0x3E
  {   2163,  10,  15,  10,    0,  -15 },   // 0x3F
  {   2238,  19,  18,  19,    0,  -14 },   // 0x40
  {   2409,  15,  15,  14,    0,  -15 },   // 0x41
  {   2522,  13,  15,  13,    0,  -15 },   // 0x42
  {   2620,  14,  15,  14,    0,  -15 },   // 0x43
  {   2725,  14,  15,  14,    0,  -15 },   // 0x44
  {   2830,  12,  15,  12,    0,  -15 },   // 0x45
  {   2920,  12,  15,  12,    0,  -15 },   // 0x46
  {   3010,  14,  15,  14,    0,  -15 },   // 0x47
  {   3115,  15,  15,  15,    0,  -15 },   // 0x48
  {   3228,   6,  15,   6,    0,  -15 },   // 0x49
  {   3273,  12,  15,  12,    0,  -15 },   // 0x4A
  {   3363,  14,  15,  13,    0,  -15 },   // 0x4B
  {   3468,  11,  15,  11,    0,  -15 },   // 0x4C
  {   3551,  18,  15,  18,    0,  -15 },   // 0x4D
  {   3686,  15,  15,  15,    0,  -15 },   // 0x4E
  {   3799,  15,  15,  15,    0,  -15 },   // 0x4F
  {   3912,  14,  15,  14,    0,  -15 },   // 0x50
  {   4017,  15,  18,  15,    0,  -15 },   // 0x51
  {   4152,  13,  15,  13,    0,  -15 },   // 0x52
  {   4250,  13,  15,  13,    0,  -15 },   // 0x53
  {   4348,  13,  15,  13,    0,  -15 },   // 0x54
  {   4446,  14,  15,  14,    0,  -15 },   // 0x55
  {   4551,  14,  15,  14,    0,  -15 },   // 0x56
  {   4656,  19,  15,  18,    0,  -15 },   // 0x57
  {   4799,  14,  15,  13,    0,  -15 },   // 0x58
  {   4904,  13,  15,  13,    0,  -15 },   // 0x59
  {   5002,  13,  15,  13,    0,  -15 },   // 0x5A
  {   5100,   6,  20,   6,    0,  -17 },   // 0x5B
  {   5160,  10,  16,   9,    0,  -15 },   // 0x5C
  {   5240,   6,  20,   6,    0,  -17 },   // 0x5D
  {   5300,   9,  15,   9,    0,  -15 },   // 0x5E
  {   5368,  10,   3,   9,    0,    0 },   // 0x5F
  {   5383,   7,  16,   7,    0,  -16 },   // 0x60
  {   5439,  11,  11,  11,    0,  -11 },   // 0x61
  {   5500,  12,  16,  12,    0,  -16 },   // 0x62
  {   5596,  11,  11,  11,    0,  -11 },   // 0x63
  {   5657,  12,  16,  12,    0,  -16 },   // 0x64
  {   5753,  11,  11,  11,    0,  -11 },   // 0x65
  {   5814,   8,  16,   8,    0,  -16 },   // 0x66
  {   5878,  12,  15,  12,    0,  -11 },   // 0x67
  {   5968,  12,  16,  12,    0,  -16 },   // 0x68
  {   6064,   6,  16,   6,    0,  -16 },   // 0x69
  {   6112,   6,  20,   5,   -1,  -16 },   // 0x6A
  {   6172,  12,  16,  11,    0,  -16 },   // 0x6B
  {   6268,   6,  16,   6,    0,  -16 },   // 0x6C
  {   6316,  18,  11,  18,    0,  -11 },   // 0x6D
  {   6415,  12,  11,  12,    0,  -11 },   // 0x6E
  {   6481,  12,  11,  12,    0,  -11 },   // 0x6F
  {   6547,  12,  15,  12,    0,  -11 },   // 0x70
  {   6637,  12,  15,  12,    0,  -11 },   // 0x71
  {   6727,   8,  11,   8,    0,  -11 },   // 0x72
  {   6771,  11,  11,  11,    0,  -11 },   // 0x73
  {   6832,   7,  14,   7,    0,  -14 },   // 0x74
  {   6881,  12,  11,  12,    0,  -11 },   // 0x75
  {   6947,  11,  11,  11,    0,  -11 },   // 0x76
  {   7008,  16,  11,  15,    0,  -11 },   // 0x77
  {   7096,  11,  11,  11,    0,  -11 },   // 0x78
  {   7157,  11,  15,  11,    0,  -11 },   // 0x79
  {   7240,  11,  11,  11,    0,  -11 },   // 0x7A
  {   7301,   7,  20,   7,    0,  -16 },   // 0x7B
  {   7371,   5,  18,   5,    0,  -15 },   // 0x7C
  {   7416,   7,  20,   7,    0,  -16 },   // 0x7D
  {   7486,  14,   8,  14,    0,   -8 },   // 0x7E
  {   7542,   9,  15,   9,    0,  -15 },   // 0x7F
  {   7610,  16,  15,  16,    0,  -15 },   // 0x80
  {   7730,  12,  19,  12,    0,  -19 },   // 0x81
  {   7844,   5,   5,   5,    0,   -2 },   // 0x82
  {   7857,   9,  16,   9,    0,  -16 },   // 0x83
  {   7929,   8,   6,   8,    0,   -3 },   // 0x84
  {   7953,  16,   4,  16,    0,   -4 },   // 0x85
  {   7985,  11,  15,  11,    0,  -15 },   // 0x86
  {   8068,  12,  19,  12,    0,  -15 },   // 0x87
  {   8182,  12,  15,  12,    0,  -15 },   // 0x88
  {   8272,  20,  15,  20,    0,  -15 },   // 0x89
  {   8422,  22,  15,  22,    0,  -15 },   // 0x8A
  {   8587,   7,   9,   7,    0,   -9 },   // 0x8B
  {   8619,  22,  15,  22,    0,  -15 },   // 0x8C
  {   8784,  14,  19,  13,    0,  -19 },   // 0x8D
  {   8917,  16,  15,  16,    0,  -15 },   // 0x8E
  {   9037,  15,  19,  15,    0,  -15 },   // 0x8F
  {   9180,  13,  20,  12,   -1,  -16 },   // 0x90
  {   9310,   5,  16,   5,    0,  -16 },   // 0x91
  {   9350,   5,  16,   5,    0,  -16 },   // 0x92
  {   9390,   9,  16,   9,    0,  -16 },   // 0x93
  {   9462,   9,  16,   9,    0,  -16 },   // 0x94
  {   9534,   8,  10,   8,    0,  -10 },   // 0x95
  {   9574,  13,   9,  13,    0,   -9 },   // 0x96
  {   9633,  16,   9,  16,    0,   -9 },   // 0x97
  {   9705,   0,   0,   5,    0,    0 },   // 0x98
  {   9705,  13,  15,  13,    0,  -15 },   // 0x99
  {   9803,  18,  11,  18,    0,  -11 },   // 0x9A
  {   9902,   6,   9,   6,    0,   -9 },   // 0x9B
  {   9929,  18,  11,  18,    0,  -11 },   // 0x9C
  {  10028,  12,  16,  12,    0,  -16 },   // 0x9D
  {  10124,  13,  16,  12,   -1,  -16 },   // 0x9E
  {  10228,  12,  15,  12,    0,  -11 },   // 0x9F
  {  10318,   0,   0,   5,    0,    0 },   // 0xA0
  {  10318,  13,  19,  13,    0,  -19 },   // 0xA1
  {  10442,  11,  20,  11,    0,  -16 },   // 0xA2
  {  10552,  12,  15,  12,    0,  -15 },   // 0xA3
  {  10642,  15,  15,  15,    0,  -14 },   // 0xA4
  {  10755,  12,  19,  12,    0,  -19 },   // 0xA5
  {  10869,   5,  18,   5,    0,  -15 },   // 0xA6
  {  10914,  13,  20,  13,    0,  -15 },   // 0xA7
  {  11044,  12,  19,  12,    0,  -19 },   // 0xA8
  {  11158,  16,  15,  16,    0,  -15 },   // 0xA9
  {  11278,  14,  15,  14,    0,  -15 },   // 0xAA
  {  11383,  10,   9,  10,    0,   -9 },   // 0xAB
  {  11428,  12,   8,  12,    0,   -8 },   // 0xAC
  {  11476,   8,   8,   8,    0,   -8 },   // 0xAD
  {  11508,  16,  15,  16,    0,  -15 },   // 0xAE
  {  11628,   8,  19,   6,   -1,  -19 },   // 0xAF
  {  11704,   8,  15,   8,    0,  -15 },   // 0xB0
  {  11764,  11,  14,  11,    0,  -14 },   // 0xB1
  {  11841,   6,  15,   6,    0,  -15 },   // 0xB2
  {  11886,   6,  16,   6,    0,  -16 },   // 0xB3
  {  11934,  10,  15,  10,    0,  -15 },   // 0xB4
  {  12009,  13,  15,  13,    0,  -11 },   // 0xB5
  {  12107,  10,  15,  10,    0,  -15 },   // 0xB6
  {  12182,   6,   9,   6,    0,   -9 },   // 0xB7
  {  12209,  11,  16,  11,    0,  -16 },   // 0xB8
  {  12297,  21,  15,  21,    0,  -15 },   // 0xB9
  {  12455,  11,  11,  11,    0,  -11 },   // 0xBA
  {  12516,  10,   9,  10,    0,   -9 },   // 0xBB
  {  12561,   6,  20,   5,   -1,  -16 },   // 0xBC
  {  12621,  13,  15,  13,    0,  -15 },   // 0xBD
  {  12719,  11,  11,  11,    0,  -11 },   // 0xBE
  {  12780,   9,  16,   6,   -2,  -16 },   // 0xBF
  {  12852,  15,  15,  14,    0,  -15 },   // 0xC0
  {  12965,  13,  15,  13,    0,  -15 },   // 0xC1
  {  13063,  13,  15,  13,    0,  -15 },   // 0xC2
  {  13161,  12,  15,  12,    0,  -15 },   // 0xC3
  {  13251,  16,  19,  16,    0,  -15 },   // 0xC4
  {  13403,  12,  15,  12,    0,  -15 },   // 0xC5
  {  13493,  21,  15,  21,    0,  -15 },   // 0xC6
  {  13651,  13,  15,  13,    0,  -15 },   // 0xC7
  {  13749,  15,  15,  15,    0,  -15 },   // 0xC8
  {  13862,  15,  19,  15,    0,  -19 },   // 0xC9
  {  14005,  14,  15,  14,    0,  -15 },   // 0xCA
  {  14110,  15,  15,  15,    0,  -15 },   // 0xCB
  {  14223,  18,  15,  18,    0,  -15 },   // 0xCC
  {  14358,  15,  15,  15,    0,  -15 },   // 0xCD
  {  14471,  15,  15,  15,    0,  -15 },   // 0xCE
  {  14584,  15,  15,  15,    0,  -15 },   // 0xCF
  {  14697,  14,  15,  14,    0,  -15 },   // 0xD0
  {  14802,  14,  15,  14,    0,  -15 },   // 0xD1
  {  14907,  13,  15,  13,    0,  -15 },   // 0xD2
  {  15005,  13,  15,  13,    0,  -15 },   // 0xD3
  {  15103,  17,  17,  17,    0,  -16 },   // 0xD4
  {  15248,  14,  15,  13,    0,  -15 },   // 0xD5
  {  15353,  16,  19,  16,    0,  -15 },   // 0xD6
  {  15505,  15,  15,  15,    0,  -15 },   // 0xD7
  {  15618,  20,  15,  20,    0,  -15 },   // 0xD8
  {  15768,  21,  19,  21,    0,  -15 },   // 0xD9
  {  15968,  16,  15,  16,    0,  -15 },   // 0xDA
  {  16088,  18,  15,  18,    0,  -15 },   // 0xDB
  {  16223,  13,  15,  13,    0,  -15 },   // 0xDC
  {  16321,  14,  15,  14,    0,  -15 },   // 0xDD
  {  16426,  20,  15,  20,    0,  -15 },   // 0xDE
  {  16576,  14,  15,  13,   -1,  -15 },   // 0xDF
  {  16681,  11,  11,  11,    0,  -11 },   // 0xE0
  {  16742,  12,  16,  12,    0,  -16 },   // 0xE1
  {  16838,  12,  11,  12,    0,  -11 },   // 0xE2
  {  16904,   9,  11,   9,    0,  -11 },   // 0xE3
  {  16954,  13,  14,  13,    0,  -11 },   // 0xE4
  {  17045,  11,  11,  11,    0,  -11 },   // 0xE5
  {  17106,  18,  11,  18,    0,  -11 },   // 0xE6
  {  17205,  11,  11,  11,    0,  -11 },   // 0xE7
  {  17266,  12,  11,  12,    0,  -11 },   // 0xE8
  {  17332,  12,  16,  12,    0,  -16 },   // 0xE9
  {  17428,  12,  11,  12,    0,  -11 },   // 0xEA
  {  17494,  12,  11,  12,    0,  -11 },   // 0xEB
  {  17560,  16,  11,  16,    0,  -11 },   // 0xEC
  {  17648,  12,  11,  12,    0,  -11 },   // 0xED
  {  17714,  12,  11,  12,    0,  -11 },   // 0xEE
  {  17780,  12,  11,  12,    0,  -11 },   // 0xEF
  {  17846,  12,  15,  12,    0,  -11 },   // 0xF0
  {  17936,  11,  11,  11,    0,  -11 },   // 0xF1
  {  17997,  11,  11,  11,    0,  -11 },   // 0xF2
  {  18058,  11,  15,  11,    0,  -11 },   // 0xF3
  {  18141,  15,  20,  15,    0,  -16 },   // 0xF4
  {  18291,  11,  11,  11,    0,  -11 },   // 0xF5
  {  18352,  13,  14,  13,    0,  -11 },   // 0xF6
  {  18443,  12,  11,  12,    0,  -11 },   // 0xF7
  {  18509,  17,  11,  17,    0,  -11 },   // 0xF8
  {  18603,  19,  14,  19,    0,  -11 },   // 0xF9
  {  18736,  14,  11,  14,    0,  -11 },   // 0xFA
  {  18813,  17,  11,  17,    0,  -11 },   // 0xFB
  {  18907,  12,  11,  12,    0,  -11 },   // 0xFC
  {  18973,  11,  11,  11,    0,  -11 },   // 0xFD
  {  19034,  17,  11,  17,    0,  -11 },   // 0xFE
  {  19128,  12,  11,  12,    0,  -11 },   // 0xFF
};

inline const GFXfont aaUI12b PROGMEM = { (uint8_t*)aaUI12bBitmaps, (GFXglyph*)aaUI12bGlyphs, 0x20, 0xFF, 29 };
