/* Створює tools/make_aafonts.py — вручну не правити. Montserrat-Bold.otf, «H» 22 px (розмір 30.58), 4 біти на піксель. */
#pragma once
#include <Adafruit_GFX.h>

inline const uint8_t m2BigBitmaps[] PROGMEM = {
  0x07, 0xFF, 0xFF, 0xF4, 0x00, 0x6F, 0xFF, 0xFF, 0x30, 0x05, 0xFF, 0xFF, 0xF2, 0x00, 0x3F, 0xFF, 0xFF, 0x00, 0x02, 0xFF,
  0xFF, 0xE0, 0x00, 0x1F, 0xFF, 0xFD, 0x00, 0x00, 0xEF, 0xFF, 0xC0, 0x00, 0x0E, 0xFF, 0xFB, 0x00, 0x00, 0xDF, 0xFF, 0xB0,
  0x00, 0x0C, 0xFF, 0xFA, 0x00, 0x00, 0xBF, 0xFF, 0x90, 0x00, 0x0A, 0xFF, 0xF8, 0x00, 0x00, 0x9F, 0xFF, 0x60, 0x00, 0x04,
  0x77, 0x73, 0x00, 0x00, 0x00, 0x00, 0x00, 0x00, 0x00, 0x68, 0x50, 0x00, 0x01, 0xCF, 0xFF, 0xA0, 0x00, 0x6F, 0xFF, 0xFF,
  0x40, 0x08, 0xFF, 0xFF, 0xF5, 0x00, 0x3F, 0xFF, 0xFE, 0x10, 0x00, 0x5D, 0xEC, 0x40, 0x00, 0x08, 0xFF, 0xF9, 0x04, 0xFF,
  0xFD, 0x00, 0x8F, 0xFF, 0x80, 0x3F, 0xFF, 0xC0, 0x07, 0xFF, 0xF8, 0x03, 0xFF, 0xFC, 0x00, 0x7F, 0xFF, 0x70, 0x2F, 0xFF,
  0xB0, 0x06, 0xFF, 0xF7, 0x01, 0xFF, 0xFB, 0x00, 0x6F, 0xFF, 0x60, 0x1F, 0xFF, 0xA0, 0x05, 0xFF, 0xF5, 0x00, 0xFF, 0xFA,
  0x00, 0x5F, 0xFF, 0x50, 0x0E, 0xFF, 0x90, 0x03, 0xBB, 0xB3, 0x00, 0xAB, 0xB6, 0x00, 0x00, 0x00, 0x00, 0x00, 0x00, 0x00,
  0x00, 0x00, 0x00, 0x00, 0x00, 0x00, 0x00, 0x00, 0x00, 0x00, 0x00, 0x00, 0x00, 0x00, 0x00, 0x00, 0x00, 0x00, 0x00, 0x00,
  0x00, 0x00, 0x00, 0x00, 0x00, 0x00, 0x00, 0x00, 0x00, 0x00, 0x00, 0x00, 0x00, 0x00, 0x00, 0x00, 0x00, 0x00, 0x00, 0x00,
  0x00, 0x00, 0x00, 0x00, 0x00, 0x00, 0x00, 0x00, 0x00, 0x00, 0x00, 0x00, 0x00, 0x00, 0x00, 0x00, 0x00, 0x00, 0x00, 0x00,
  0x00, 0x00, 0x00, 0x00, 0x00, 0x00, 0x00, 0x00, 0x00, 0x00, 0x00, 0x00, 0x00, 0x00, 0x00, 0x7F, 0xFF, 0x00, 0x00, 0x8F,
  0xFE, 0x00, 0x00, 0x00, 0x00, 0x00, 0x9F, 0xFD, 0x00, 0x00, 0xBF, 0xFC, 0x00, 0x00, 0x00, 0x00, 0x00, 0xBF, 0xFB, 0x00,
  0x00, 0xDF, 0xFA, 0x00, 0x00, 0x00, 0x00, 0x00, 0xDF, 0xF9, 0x00, 0x00, 0xFF, 0xF8, 0x00, 0x00, 0x06, 0xFF, 0xFF, 0xFF,
  0xFF, 0xFF, 0xFF, 0xFF, 0xFF, 0xFF, 0xF6, 0x06, 0xFF, 0xFF, 0xFF, 0xFF, 0xFF, 0xFF, 0xFF, 0xFF, 0xFF, 0xF6, 0x06, 0xFF,
  0xFF, 0xFF, 0xFF, 0xFF, 0xFF, 0xFF, 0xFF, 0xFF, 0xF7, 0x03, 0x66, 0x6A, 0xFF, 0xF6, 0x66, 0x6B, 0xFF, 0xF6, 0x66, 0x63,
  0x00, 0x00, 0x08, 0xFF, 0xE0, 0x00, 0x09, 0xFF, 0xD0, 0x00, 0x00, 0x00, 0x00, 0x0A, 0xFF, 0xC0, 0x00, 0x0B, 0xFF, 0xC0,
  0x00, 0x00, 0x00, 0x00, 0x0C, 0xFF, 0xB0, 0x00, 0x0D, 0xFF, 0xA0, 0x00, 0x00, 0x00, 0x00, 0x0D, 0xFF, 0x90, 0x00, 0x0E,
  0xFF, 0x80, 0x00, 0x00, 0x36, 0x66, 0x6F, 0xFF, 0xA6, 0x66, 0x6F, 0xFF, 0xA6, 0x66, 0x20, 0x7F, 0xFF, 0xFF, 0xFF, 0xFF,
  0xFF, 0xFF, 0xFF, 0xFF, 0xFF, 0x60, 0x7F, 0xFF, 0xFF, 0xFF, 0xFF, 0xFF, 0xFF, 0xFF, 0xFF, 0xFF, 0x60, 0x7F, 0xFF, 0xFF,
  0xFF, 0xFF, 0xFF, 0xFF, 0xFF, 0xFF, 0xFF, 0x60, 0x00, 0x00, 0x8F, 0xFF, 0x00, 0x00, 0x9F, 0xFE, 0x00, 0x00, 0x00, 0x00,
  0x00, 0x9F, 0xFD, 0x00, 0x00, 0xBF, 0xFC, 0x00, 0x00, 0x00, 0x00, 0x00, 0xBF, 0xFB, 0x00, 0x00, 0xCF, 0xFB, 0x00, 0x00,
  0x00, 0x00, 0x00, 0xDF, 0xFA, 0x00, 0x00, 0xEF, 0xF9, 0x00, 0x00, 0x00, 0x00, 0x00, 0xEF, 0xF8, 0x00, 0x01, 0xFF, 0xF7,
  0x00, 0x00, 0x00, 0x00, 0x00, 0x00, 0x00, 0x36, 0x63, 0x00, 0x00, 0x00, 0x00, 0x00, 0x00, 0x00, 0x00, 0x9F, 0xF9, 0x00,
  0x00, 0x00, 0x00, 0x00, 0x00, 0x00, 0x00, 0x9F, 0xF9, 0x00, 0x00, 0x00, 0x00, 0x00, 0x00, 0x00, 0x00, 0x9F, 0xF9, 0x00,
  0x00, 0x00, 0x00, 0x00, 0x00, 0x05, 0x9C, 0xFF, 0xFF, 0xDA, 0x83, 0x00, 0x00, 0x00, 0x03, 0xBF, 0xFF, 0xFF, 0xFF, 0xFF,
  0xFF, 0xB5, 0x00, 0x00, 0x4F, 0xFF, 0xFF, 0xFF, 0xFF, 0xFF, 0xFF, 0xF7, 0x00, 0x01, 0xDF, 0xFF, 0xFF, 0xFF, 0xFE, 0xFF,
  0xFF, 0xE1, 0x00, 0x06, 0xFF, 0xFF, 0xE6, 0x9F, 0xF9, 0x25, 0xBF, 0x90, 0x00, 0x09, 0xFF, 0xFF, 0x60, 0x9F, 0xF9, 0x00,
  0x02, 0x20, 0x00, 0x0B, 0xFF, 0xFF, 0x50, 0x9F, 0xF9, 0x00, 0x00, 0x00, 0x00, 0x09, 0xFF, 0xFF, 0xE6, 0x9F, 0xF9, 0x00,
  0x00, 0x00, 0x00, 0x04, 0xFF, 0xFF, 0xFF, 0xFF, 0xF9, 0x00, 0x00, 0x00, 0x00, 0x00, 0x8F, 0xFF, 0xFF, 0xFF, 0xFF, 0xEA,
  0x50, 0x00, 0x00, 0x00, 0x07, 0xEF, 0xFF, 0xFF, 0xFF, 0xFF, 0xFD, 0x50, 0x00, 0x00, 0x00, 0x18, 0xCF, 0xFF, 0xFF, 0xFF,
  0xFF, 0xF5, 0x00, 0x00, 0x00, 0x00, 0x02, 0xBF, 0xFF, 0xFF, 0xFF, 0xFF, 0x30, 0x00, 0x00, 0x00, 0x00, 0x9F, 0xFA, 0xAF,
  0xFF, 0xFF, 0x80, 0x00, 0x00, 0x00, 0x00, 0x9F, 0xF9, 0x08, 0xFF, 0xFF, 0xA0, 0x00, 0x97, 0x00, 0x00, 0x9F, 0xF9, 0x06,
  0xFF, 0xFF, 0x80, 0x03, 0xFF, 0xD8, 0x41, 0x9F, 0xF9, 0x4D, 0xFF, 0xFF, 0x50, 0x0A, 0xFF, 0xFF, 0xFF, 0xEF, 0xFF, 0xFF,
  0xFF, 0xFC, 0x10, 0x1E, 0xFF, 0xFF, 0xFF, 0xFF, 0xFF, 0xFF, 0xFF, 0xE3, 0x00, 0x02, 0xAE, 0xFF, 0xFF, 0xFF, 0xFF, 0xFF,
  0xFB, 0x20, 0x00, 0x00, 0x01, 0x58, 0xBD, 0xFF, 0xFF, 0xC9, 0x50, 0x00, 0x00, 0x00, 0x00, 0x00, 0x00, 0x9F, 0xF9, 0x00,
  0x00, 0x00, 0x00, 0x00, 0x00, 0x00, 0x00, 0x9F, 0xF9, 0x00, 0x00, 0x00, 0x00, 0x00, 0x00, 0x00, 0x00, 0x9F, 0xF9, 0x00,
  0x00, 0x00, 0x00, 0x00, 0x00, 0x00, 0x00, 0x46, 0x63, 0x00, 0x00, 0x00, 0x00, 0x00, 0x05, 0xBD, 0xEC, 0x70, 0x00, 0x00,
  0x00, 0x00, 0x8F, 0xFF, 0x40, 0x00, 0x00, 0x08, 0xFF, 0xFF, 0xFF, 0xC1, 0x00, 0x00, 0x00, 0x4F, 0xFF, 0x80, 0x00, 0x00,
  0x05, 0xFF, 0xFB, 0xAE, 0xFF, 0x80, 0x00, 0x00, 0x1D, 0xFF, 0xC0, 0x00, 0x00, 0x00, 0xCF, 0xF8, 0x00, 0x4F, 0xFF, 0x10,
  0x00, 0x09, 0xFF, 0xE3, 0x00, 0x00, 0x00, 0x0F, 0xFF, 0x10, 0x00, 0xCF, 0xF4, 0x00, 0x05, 0xFF, 0xF7, 0x00, 0x00, 0x00,
  0x03, 0xFF, 0xE0, 0x00, 0x0B, 0xFF, 0x60, 0x01, 0xEF, 0xFB, 0x00, 0x00, 0x00, 0x00, 0x2F, 0xFF, 0x00, 0x00, 0xBF, 0xF5,
  0x00, 0xAF, 0xFE, 0x20, 0x00, 0x00, 0x00, 0x00, 0xEF, 0xF5, 0x00, 0x1E, 0xFF, 0x30, 0x6F, 0xFF, 0x50, 0x00, 0x00, 0x00,
  0x00, 0x09, 0xFF, 0xD3, 0x2A, 0xFF, 0xC0, 0x2E, 0xFF, 0xA0, 0x00, 0x00, 0x00, 0x00, 0x00, 0x1E, 0xFF, 0xFF, 0xFF, 0xF4,
  0x0B, 0xFF, 0xD1, 0x02, 0x58, 0x63, 0x00, 0x00, 0x00, 0x3C, 0xFF, 0xFF, 0xE5, 0x07, 0xFF, 0xF4, 0x06, 0xEF, 0xFF, 0xFA,
  0x10, 0x00, 0x00, 0x04, 0x78, 0x51, 0x03, 0xFF, 0xF8, 0x07, 0xFF, 0xFF, 0xFF, 0xFB, 0x00, 0x00, 0x00, 0x00, 0x00, 0x01,
  0xCF, 0xFC, 0x12, 0xEF, 0xF7, 0x15, 0xEF, 0xF6, 0x00, 0x00, 0x00, 0x00, 0x00, 0x9F, 0xFF, 0x30, 0x6F, 0xFC, 0x00, 0x07,
  0xFF, 0xB0, 0x00, 0x00, 0x00, 0x00, 0x4F, 0xFF, 0x70, 0x09, 0xFF, 0x80, 0x00, 0x4F, 0xFD, 0x00, 0x00, 0x00, 0x00, 0x1D,
  0xFF, 0xB0, 0x00, 0xAF, 0xF8, 0x00, 0x03, 0xFF, 0xE0, 0x00, 0x00, 0x00, 0x0A, 0xFF, 0xE2, 0x00, 0x07, 0xFF, 0x90, 0x00,
  0x5F, 0xFC, 0x00, 0x00, 0x00, 0x05, 0xFF, 0xF6, 0x00, 0x00, 0x4F, 0xFE, 0x20, 0x0B, 0xFF, 0x90, 0x00, 0x00, 0x02, 0xEF,
  0xFA, 0x00, 0x00, 0x00, 0xBF, 0xFD, 0x9C, 0xFF, 0xE2, 0x00, 0x00, 0x00, 0xBF, 0xFE, 0x10, 0x00, 0x00, 0x03, 0xDF, 0xFF,
  0xFF, 0xE6, 0x00, 0x00, 0x00, 0x7F, 0xFF, 0x50, 0x00, 0x00, 0x00, 0x01, 0x9C, 0xED, 0xA3, 0x00, 0x00, 0x00, 0x00, 0x00,
  0x39, 0xCE, 0xED, 0xB5, 0x00, 0x00, 0x00, 0x00, 0x00, 0x00, 0x09, 0xFF, 0xFF, 0xFF, 0xFF, 0xC1, 0x00, 0x00, 0x00, 0x00,
  0x00, 0x8F, 0xFF, 0xFF, 0xFF, 0xFF, 0xFB, 0x00, 0x00, 0x00, 0x00, 0x01, 0xFF, 0xFF, 0xD6, 0x59, 0xFF, 0xFF, 0x20, 0x00,
  0x00, 0x00, 0x05, 0xFF, 0xFF, 0x20, 0x00, 0xBF, 0xFF, 0x60, 0x00, 0x00, 0x00, 0x06, 0xFF, 0xFF, 0x20, 0x00, 0xCF, 0xFF,
  0x50, 0x00, 0x00, 0x00, 0x03, 0xFF, 0xFF, 0x90, 0x1A, 0xFF, 0xFE, 0x20, 0x00, 0x00, 0x00, 0x00, 0xBF, 0xFF, 0xFA, 0xDF,
  0xFF, 0xF7, 0x00, 0x00, 0x00, 0x00, 0x00, 0x2D, 0xFF, 0xFF, 0xFF, 0xFF, 0x60, 0x00, 0x00, 0x00, 0x00, 0x00, 0x1A, 0xFF,
  0xFF, 0xFF, 0xB3, 0x00, 0x00, 0x00, 0x00, 0x00, 0x04, 0xDF, 0xFF, 0xFF, 0xFF, 0xD3, 0x00, 0x0B, 0x84, 0x00, 0x00, 0x5E,
  0xFF, 0xFF, 0xCF, 0xFF, 0xFE, 0x40, 0x5F, 0xFF, 0xD0, 0x02, 0xEF, 0xFF, 0xE4, 0x09, 0xFF, 0xFF, 0xE6, 0xAF, 0xFF, 0xA0,
  0x09, 0xFF, 0xFF, 0x30, 0x00, 0x7F, 0xFF, 0xFF, 0xFF, 0xFF, 0x50, 0x0C, 0xFF, 0xFD, 0x00, 0x00, 0x05, 0xEF, 0xFF, 0xFF,
  0xFC, 0x00, 0x0D, 0xFF, 0xFE, 0x10, 0x00, 0x00, 0x4E, 0xFF, 0xFF, 0xF5, 0x00, 0x0B, 0xFF, 0xFF, 0xB3, 0x00, 0x01, 0x7D,
  0xFF, 0xFF, 0xFC, 0x20, 0x05, 0xFF, 0xFF, 0xFF, 0xDC, 0xDF, 0xFF, 0xFF, 0xFF, 0xFF, 0xD3, 0x00, 0x9F, 0xFF, 0xFF, 0xFF,
  0xFF, 0xFF, 0xFF, 0xDF, 0xFF, 0xE3, 0x00, 0x07, 0xDF, 0xFF, 0xFF, 0xFF, 0xFF, 0xC4, 0x0A, 0xFF, 0x50, 0x00, 0x00, 0x06,
  0xAC, 0xEF, 0xEC, 0x94, 0x00, 0x00, 0x97, 0x00, 0x08, 0xFF, 0xF9, 0x00, 0x8F, 0xFF, 0x80, 0x07, 0xFF, 0xF8, 0x00, 0x7F,
  0xFF, 0x70, 0x06, 0xFF, 0xF7, 0x00, 0x6F, 0xFF, 0x60, 0x05, 0xFF, 0xF5, 0x00, 0x5F, 0xFF, 0x50, 0x03, 0xBB, 0xB3, 0x00,
  0x00, 0x00, 0x00, 0x00, 0x00, 0x00, 0x00, 0x00, 0x00, 0x00, 0x00, 0x00, 0x00, 0x00, 0x00, 0x00, 0x00, 0x00, 0x00, 0x00,
  0x00, 0x00, 0x00, 0x00, 0x00, 0x00, 0x00, 0x00, 0x00, 0x00, 0x00, 0x00, 0x00, 0x00, 0x00, 0x00, 0x00, 0x00, 0x00, 0x00,
  0x00, 0x00, 0x00, 0x00, 0x04, 0xFF, 0xFF, 0x60, 0x00, 0x00, 0xCF, 0xFF, 0xD0, 0x00, 0x00, 0x5F, 0xFF, 0xF7, 0x00, 0x00,
  0x0C, 0xFF, 0xFE, 0x10, 0x00, 0x02, 0xFF, 0xFF, 0xA0, 0x00, 0x00, 0x8F, 0xFF, 0xF5, 0x00, 0x00, 0x0C, 0xFF, 0xFE, 0x10,
  0x00, 0x00, 0xFF, 0xFF, 0xB0, 0x00, 0x00, 0x3F, 0xFF, 0xF9, 0x00, 0x00, 0x06, 0xFF, 0xFF, 0x60, 0x00, 0x00, 0x9F, 0xFF,
  0xF3, 0x00, 0x00, 0x0A, 0xFF, 0xFF, 0x20, 0x00, 0x00, 0xBF, 0xFF, 0xF0, 0x00, 0x00, 0x0B, 0xFF, 0xFE, 0x00, 0x00, 0x00,
  0xCF, 0xFF, 0xE0, 0x00, 0x00, 0x0B, 0xFF, 0xFE, 0x00, 0x00, 0x00, 0xBF, 0xFF, 0xF0, 0x00, 0x00, 0x0A, 0xFF, 0xFF, 0x20,
  0x00, 0x00, 0x9F, 0xFF, 0xF3, 0x00, 0x00, 0x06, 0xFF, 0xFF, 0x60, 0x00, 0x00, 0x3F, 0xFF, 0xF8, 0x00, 0x00, 0x00, 0xFF,
  0xFF, 0xB0, 0x00, 0x00, 0x0C, 0xFF, 0xFE, 0x00, 0x00, 0x00, 0x8F, 0xFF, 0xF5, 0x00, 0x00, 0x02, 0xFF, 0xFF, 0xA0, 0x00,
  0x00, 0x0C, 0xFF, 0xFE, 0x10, 0x00, 0x00, 0x5F, 0xFF, 0xF7, 0x00, 0x00, 0x00, 0xCF, 0xFF, 0xD0, 0x00, 0x00, 0x04, 0xFF,
  0xFF, 0x60, 0x8F, 0xFF, 0xF3, 0x00, 0x00, 0x01, 0xEF, 0xFF, 0xB0, 0x00, 0x00, 0x08, 0xFF, 0xFF, 0x40, 0x00, 0x00, 0x2F,
  0xFF, 0xFB, 0x00, 0x00, 0x00, 0xBF, 0xFF, 0xF1, 0x00, 0x00, 0x06, 0xFF, 0xFF, 0x60, 0x00, 0x00, 0x1F, 0xFF, 0xFB, 0x00,
  0x00, 0x00, 0xCF, 0xFF, 0xE0, 0x00, 0x00, 0x0A, 0xFF, 0xFF, 0x20, 0x00, 0x00, 0x7F, 0xFF, 0xF5, 0x00, 0x00, 0x04, 0xFF,
  0xFF, 0x80, 0x00, 0x00, 0x3F, 0xFF, 0xF9, 0x00, 0x00, 0x02, 0xFF, 0xFF, 0x90, 0x00, 0x00, 0x1F, 0xFF, 0xFA, 0x00, 0x00,
  0x00, 0xFF, 0xFF, 0xB0, 0x00, 0x00, 0x1F, 0xFF, 0xFA, 0x00, 0x00, 0x02, 0xFF, 0xFF, 0x90, 0x00, 0x00, 0x3F, 0xFF, 0xF9,
  0x00, 0x00, 0x04, 0xFF, 0xFF, 0x80, 0x00, 0x00, 0x7F, 0xFF, 0xF5, 0x00, 0x00, 0x0A, 0xFF, 0xFF, 0x20, 0x00, 0x00, 0xCF,
  0xFF, 0xE0, 0x00, 0x00, 0x1F, 0xFF, 0xFB, 0x00, 0x00, 0x06, 0xFF, 0xFF, 0x60, 0x00, 0x00, 0xBF, 0xFF, 0xF1, 0x00, 0x00,
  0x1F, 0xFF, 0xFB, 0x00, 0x00, 0x08, 0xFF, 0xFF, 0x40, 0x00, 0x01, 0xEF, 0xFF, 0xB0, 0x00, 0x00, 0x8F, 0xFF, 0xF3, 0x00,
  0x00, 0x00, 0x00, 0x00, 0x0D, 0xFF, 0x10, 0x00, 0x00, 0x00, 0x00, 0xCF, 0xF1, 0x00, 0x00, 0x06, 0x80, 0x0C, 0xFF, 0x10,
  0x69, 0x00, 0xDF, 0xC3, 0xCF, 0xF2, 0xAF, 0xF3, 0x6F, 0xFF, 0xEE, 0xFF, 0xDF, 0xFF, 0xA1, 0x6A, 0xEF, 0xFF, 0xFF, 0xFB,
  0x72, 0x00, 0x6D, 0xFF, 0xFF, 0xFE, 0x81, 0x04, 0xCF, 0xFF, 0xFF, 0xFF, 0xFF, 0xE6, 0x4F, 0xFF, 0xBD, 0xFF, 0xAF, 0xFF,
  0x80, 0xAE, 0x60, 0xCF, 0xF0, 0x4C, 0xD0, 0x02, 0x10, 0x0C, 0xFF, 0x10, 0x02, 0x00, 0x00, 0x00, 0xDF, 0xF1, 0x00, 0x00,
  0x00, 0x00, 0x01, 0x11, 0x00, 0x00, 0x00, 0x00, 0x00, 0x00, 0x00, 0x00, 0x00, 0x00, 0x00, 0x00, 0x00, 0x00, 0x00, 0x00,
  0x00, 0x00, 0x00, 0x00, 0x00, 0x00, 0x00, 0x00, 0x00, 0x00, 0x00, 0x00, 0x00, 0x00, 0x00, 0x00, 0x00, 0x00, 0x00, 0x00,
  0x00, 0x00, 0x00, 0x00, 0x00, 0x00, 0x00, 0x00, 0x00, 0x00, 0x00, 0x00, 0x00, 0x00, 0x00, 0x00, 0x00, 0x00, 0x00, 0x00,
  0x00, 0x00, 0x00, 0x00, 0x00, 0x00, 0x00, 0x00, 0x00, 0x00, 0x00, 0x00, 0x00, 0x00, 0x00, 0x0D, 0xFF, 0xF3, 0x00, 0x00,
  0x00, 0x00, 0x00, 0x00, 0x0D, 0xFF, 0xF3, 0x00, 0x00, 0x00, 0x00, 0x00, 0x00, 0x0D, 0xFF, 0xF3, 0x00, 0x00, 0x00, 0x00,
  0x00, 0x00, 0x0D, 0xFF, 0xF3, 0x00, 0x00, 0x00, 0x00, 0x00, 0x00, 0x0D, 0xFF, 0xF3, 0x00, 0x00, 0x00, 0x02, 0xBB, 0xBB,
  0xBE, 0xFF, 0xFC, 0xBB, 0xBB, 0x60, 0x02, 0xFF, 0xFF, 0xFF, 0xFF, 0xFF, 0xFF, 0xFF, 0x70, 0x02, 0xFF, 0xFF, 0xFF, 0xFF,
  0xFF, 0xFF, 0xFF, 0x70, 0x02, 0xFF, 0xFF, 0xFF, 0xFF, 0xFF, 0xFF, 0xFF, 0x70, 0x00, 0x00, 0x00, 0x0D, 0xFF, 0xF3, 0x00,
  0x00, 0x00, 0x00, 0x00, 0x00, 0x0D, 0xFF, 0xF3, 0x00, 0x00, 0x00, 0x00, 0x00, 0x00, 0x0D, 0xFF, 0xF3, 0x00, 0x00, 0x00,
  0x00, 0x00, 0x00, 0x0D, 0xFF, 0xF3, 0x00, 0x00, 0x00, 0x00, 0x00, 0x00, 0x0D, 0xFF, 0xF3, 0x00, 0x00, 0x00, 0x00, 0x00,
  0x00, 0x03, 0x44, 0x41, 0x00, 0x00, 0x00, 0x00, 0x00, 0x00, 0x00, 0x00, 0x00, 0x00, 0x00, 0x00, 0x00, 0x00, 0x00, 0x00,
  0x00, 0x00, 0x00, 0x00, 0x00, 0x00, 0x00, 0x00, 0x00, 0x00, 0x00, 0x00, 0x00, 0x00, 0x00, 0x15, 0x51, 0x00, 0x03, 0xEF,
  0xFE, 0x40, 0x0B, 0xFF, 0xFF, 0xB0, 0x0D, 0xFF, 0xFF, 0xE0, 0x0B, 0xFF, 0xFF, 0xD0, 0x04, 0xDF, 0xFF, 0x90, 0x00, 0x7F,
  0xFF, 0x30, 0x00, 0xBF, 0xFC, 0x00, 0x00, 0xEF, 0xF7, 0x00, 0x04, 0xFF, 0xE1, 0x00, 0x08, 0xFF, 0xA0, 0x00, 0x06, 0xDD,
  0xDD, 0xDD, 0xDD, 0x40, 0x07, 0xFF, 0xFF, 0xFF, 0xFF, 0x40, 0x07, 0xFF, 0xFF, 0xFF, 0xFF, 0x40, 0x07, 0xFF, 0xFF, 0xFF,
  0xFF, 0x40, 0x00, 0x00, 0x00, 0x00, 0x00, 0x00, 0x00, 0x00, 0x00, 0x00, 0x00, 0x00, 0x00, 0x00, 0x00, 0x00, 0x00, 0x00,
  0x00, 0x00, 0x00, 0x00, 0x00, 0x00, 0x00, 0x00, 0x00, 0x00, 0x00, 0x00, 0x00, 0x00, 0x00, 0x00, 0x00, 0x00, 0x00, 0x00,
  0x00, 0x00, 0x00, 0x00, 0x01, 0x8D, 0xD8, 0x00, 0x09, 0xFF, 0xFF, 0x80, 0x0D, 0xFF, 0xFF, 0xD0, 0x0D, 0xFF, 0xFF, 0xD0,
  0x09, 0xFF, 0xFF, 0x90, 0x01, 0x9E, 0xE9, 0x10, 0x00, 0x00, 0x00, 0x00, 0x00, 0x1C, 0xCC, 0xC3, 0x00, 0x00, 0x00, 0x00,
  0x00, 0x7F, 0xFF, 0xD0, 0x00, 0x00, 0x00, 0x00, 0x00, 0xCF, 0xFF, 0x80, 0x00, 0x00, 0x00, 0x00, 0x02, 0xFF, 0xFF, 0x30,
  0x00, 0x00, 0x00, 0x00, 0x07, 0xFF, 0xFD, 0x00, 0x00, 0x00, 0x00, 0x00, 0x0C, 0xFF, 0xF8, 0x00, 0x00, 0x00, 0x00, 0x00,
  0x3F, 0xFF, 0xF2, 0x00, 0x00, 0x00, 0x00, 0x00, 0x8F, 0xFF, 0xC0, 0x00, 0x00, 0x00, 0x00, 0x00, 0xDF, 0xFF, 0x70, 0x00,
  0x00, 0x00, 0x00, 0x04, 0xFF, 0xFF, 0x20, 0x00, 0x00, 0x00, 0x00, 0x09, 0xFF, 0xFB, 0x00, 0x00, 0x00, 0x00, 0x00, 0x0D,
  0xFF, 0xF6, 0x00, 0x00, 0x00, 0x00, 0x00, 0x4F, 0xFF, 0xF1, 0x00, 0x00, 0x00, 0x00, 0x00, 0xAF, 0xFF, 0xB0, 0x00, 0x00,
  0x00, 0x00, 0x00, 0xEF, 0xFF, 0x50, 0x00, 0x00, 0x00, 0x00, 0x05, 0xFF, 0xFE, 0x10, 0x00, 0x00, 0x00, 0x00, 0x0A, 0xFF,
  0xFA, 0x00, 0x00, 0x00, 0x00, 0x00, 0x1E, 0xFF, 0xF5, 0x00, 0x00, 0x00, 0x00, 0x00, 0x6F, 0xFF, 0xE0, 0x00, 0x00, 0x00,
  0x00, 0x00, 0xBF, 0xFF, 0x90, 0x00, 0x00, 0x00, 0x00, 0x01, 0xFF, 0xFF, 0x40, 0x00, 0x00, 0x00, 0x00, 0x07, 0xFF, 0xFD,
  0x00, 0x00, 0x00, 0x00, 0x00, 0x0C, 0xFF, 0xF8, 0x00, 0x00, 0x00, 0x00, 0x00, 0x2F, 0xFF, 0xF3, 0x00, 0x00, 0x00, 0x00,
  0x00, 0x7F, 0xFF, 0xD0, 0x00, 0x00, 0x00, 0x00, 0x00, 0xCF, 0xFF, 0x80, 0x00, 0x00, 0x00, 0x00, 0x03, 0xFF, 0xFF, 0x20,
  0x00, 0x00, 0x00, 0x00, 0x08, 0xFF, 0xFC, 0x00, 0x00, 0x00, 0x00, 0x00, 0x0D, 0xFF, 0xF7, 0x00, 0x00, 0x00, 0x00, 0x00,
  0x00, 0x00, 0x00, 0x39, 0xCE, 0xFE, 0xC7, 0x20, 0x00, 0x00, 0x00, 0x00, 0x01, 0x9F, 0xFF, 0xFF, 0xFF, 0xFE, 0x70, 0x00,
  0x00, 0x00, 0x02, 0xCF, 0xFF, 0xFF, 0xFF, 0xFF, 0xFF, 0x90, 0x00, 0x00, 0x00, 0xBF, 0xFF, 0xFF, 0xFF, 0xFF, 0xFF, 0xFF,
  0x70, 0x00, 0x00, 0x6F, 0xFF, 0xFF, 0xB6, 0x57, 0xDF, 0xFF, 0xFF, 0x20, 0x00, 0x0D, 0xFF, 0xFF, 0xA0, 0x00, 0x02, 0xCF,
  0xFF, 0xF9, 0x00, 0x04, 0xFF, 0xFF, 0xE1, 0x00, 0x00, 0x05, 0xFF, 0xFF, 0xE0, 0x00, 0x8F, 0xFF, 0xFA, 0x00, 0x00, 0x00,
  0x0D, 0xFF, 0xFF, 0x30, 0x0B, 0xFF, 0xFF, 0x70, 0x00, 0x00, 0x00, 0xBF, 0xFF, 0xF6, 0x00, 0xCF, 0xFF, 0xF5, 0x00, 0x00,
  0x00, 0x09, 0xFF, 0xFF, 0x70, 0x0C, 0xFF, 0xFF, 0x40, 0x00, 0x00, 0x00, 0x8F, 0xFF, 0xF8, 0x00, 0xCF, 0xFF, 0xF5, 0x00,
  0x00, 0x00, 0x09, 0xFF, 0xFF, 0x70, 0x0B, 0xFF, 0xFF, 0x70, 0x00, 0x00, 0x00, 0xBF, 0xFF, 0xF6, 0x00, 0x8F, 0xFF, 0xF9,
  0x00, 0x00, 0x00, 0x0D, 0xFF, 0xFF, 0x30, 0x04, 0xFF, 0xFF, 0xE1, 0x00, 0x00, 0x05, 0xFF, 0xFF, 0xE0, 0x00, 0x0D, 0xFF,
  0xFF, 0x90, 0x00, 0x02, 0xCF, 0xFF, 0xF9, 0x00, 0x00, 0x6F, 0xFF, 0xFF, 0xB6, 0x47, 0xDF, 0xFF, 0xFF, 0x20, 0x00, 0x00,
  0xBF, 0xFF, 0xFF, 0xFF, 0xFF, 0xFF, 0xFF, 0x70, 0x00, 0x00, 0x02, 0xCF, 0xFF, 0xFF, 0xFF, 0xFF, 0xFF, 0x90, 0x00, 0x00,
  0x00, 0x01, 0xAF, 0xFF, 0xFF, 0xFF, 0xFE, 0x70, 0x00, 0x00, 0x00, 0x00, 0x00, 0x39, 0xCE, 0xFE, 0xC7, 0x20, 0x00, 0x00,
  0x00, 0xCF, 0xFF, 0xFF, 0xFF, 0xF7, 0x00, 0xCF, 0xFF, 0xFF, 0xFF, 0xF7, 0x00, 0xCF, 0xFF, 0xFF, 0xFF, 0xF7, 0x00, 0xCF,
  0xFF, 0xFF, 0xFF, 0xF7, 0x00, 0x00, 0x00, 0x9F, 0xFF, 0xF7, 0x00, 0x00, 0x00, 0x9F, 0xFF, 0xF7, 0x00, 0x00, 0x00, 0x9F,
  0xFF, 0xF7, 0x00, 0x00, 0x00, 0x9F, 0xFF, 0xF7, 0x00, 0x00, 0x00, 0x9F, 0xFF, 0xF7, 0x00, 0x00, 0x00, 0x9F, 0xFF, 0xF7,
  0x00, 0x00, 0x00, 0x9F, 0xFF, 0xF7, 0x00, 0x00, 0x00, 0x9F, 0xFF, 0xF7, 0x00, 0x00, 0x00, 0x9F, 0xFF, 0xF7, 0x00, 0x00,
  0x00, 0x9F, 0xFF, 0xF7, 0x00, 0x00, 0x00, 0x9F, 0xFF, 0xF7, 0x00, 0x00, 0x00, 0x9F, 0xFF, 0xF7, 0x00, 0x00, 0x00, 0x9F,
  0xFF, 0xF7, 0x00, 0x00, 0x00, 0x9F, 0xFF, 0xF7, 0x00, 0x00, 0x00, 0x9F, 0xFF, 0xF7, 0x00, 0x00, 0x00, 0x9F, 0xFF, 0xF7,
  0x00, 0x00, 0x00, 0x9F, 0xFF, 0xF7, 0x00, 0x00, 0x00, 0x5A, 0xCE, 0xFD, 0xB9, 0x40, 0x00, 0x00, 0x00, 0x5E, 0xFF, 0xFF,
  0xFF, 0xFF, 0xFB, 0x30, 0x00, 0x0A, 0xFF, 0xFF, 0xFF, 0xFF, 0xFF, 0xFF, 0xD2, 0x00, 0x9F, 0xFF, 0xFF, 0xFF, 0xFF, 0xFF,
  0xFF, 0xFC, 0x00, 0x5D, 0xFF, 0xFC, 0x74, 0x46, 0xCF, 0xFF, 0xFF, 0x40, 0x01, 0x8E, 0x60, 0x00, 0x00, 0x1D, 0xFF, 0xFF,
  0x70, 0x00, 0x01, 0x00, 0x00, 0x00, 0x09, 0xFF, 0xFF, 0x70, 0x00, 0x00, 0x00, 0x00, 0x00, 0x0A, 0xFF, 0xFF, 0x60, 0x00,
  0x00, 0x00, 0x00, 0x00, 0x3F, 0xFF, 0xFF, 0x10, 0x00, 0x00, 0x00, 0x00, 0x02, 0xDF, 0xFF, 0xF9, 0x00, 0x00, 0x00, 0x00,
  0x00, 0x2C, 0xFF, 0xFF, 0xD1, 0x00, 0x00, 0x00, 0x00, 0x03, 0xDF, 0xFF, 0xFD, 0x20, 0x00, 0x00, 0x00, 0x00, 0x4E, 0xFF,
  0xFF, 0xD2, 0x00, 0x00, 0x00, 0x00, 0x05, 0xEF, 0xFF, 0xFC, 0x20, 0x00, 0x00, 0x00, 0x00, 0x6F, 0xFF, 0xFF, 0xB1, 0x00,
  0x00, 0x00, 0x00, 0x08, 0xFF, 0xFF, 0xFA, 0x00, 0x00, 0x00, 0x00, 0x00, 0x9F, 0xFF, 0xFF, 0x91, 0x11, 0x11, 0x11, 0x10,
  0x0A, 0xFF, 0xFF, 0xFF, 0xFF, 0xFF, 0xFF, 0xFF, 0xF3, 0x0F, 0xFF, 0xFF, 0xFF, 0xFF, 0xFF, 0xFF, 0xFF, 0xF3, 0x0F, 0xFF,
  0xFF, 0xFF, 0xFF, 0xFF, 0xFF, 0xFF, 0xF3, 0x0F, 0xFF, 0xFF, 0xFF, 0xFF, 0xFF, 0xFF, 0xFF, 0xF3, 0x00, 0xFF, 0xFF, 0xFF,
  0xFF, 0xFF, 0xFF, 0xFF, 0xF0, 0x00, 0x0F, 0xFF, 0xFF, 0xFF, 0xFF, 0xFF, 0xFF, 0xFF, 0x00, 0x00, 0xFF, 0xFF, 0xFF, 0xFF,
  0xFF, 0xFF, 0xFF, 0xF0, 0x00, 0x0E, 0xFF, 0xFF, 0xFF, 0xFF, 0xFF, 0xFF, 0xFB, 0x00, 0x00, 0x00, 0x00, 0x00, 0x00, 0x6F,
  0xFF, 0xFC, 0x10, 0x00, 0x00, 0x00, 0x00, 0x00, 0x5F, 0xFF, 0xFD, 0x20, 0x00, 0x00, 0x00, 0x00, 0x00, 0x5F, 0xFF, 0xFD,
  0x20, 0x00, 0x00, 0x00, 0x00, 0x00, 0x4E, 0xFF, 0xFE, 0x30, 0x00, 0x00, 0x00, 0x00, 0x00, 0x2E, 0xFF, 0xFF, 0xA3, 0x00,
  0x00, 0x00, 0x00, 0x00, 0x05, 0xFF, 0xFF, 0xFF, 0xFD, 0x50, 0x00, 0x00, 0x00, 0x00, 0x5F, 0xFF, 0xFF, 0xFF, 0xFF, 0x80,
  0x00, 0x00, 0x00, 0x04, 0xCC, 0xDE, 0xFF, 0xFF, 0xFF, 0x40, 0x00, 0x00, 0x00, 0x00, 0x00, 0x04, 0xDF, 0xFF, 0xFB, 0x00,
  0x00, 0x00, 0x00, 0x00, 0x00, 0x04, 0xFF, 0xFF, 0xD0, 0x00, 0x00, 0x00, 0x00, 0x00, 0x00, 0x2F, 0xFF, 0xFE, 0x00, 0x06,
  0xB4, 0x00, 0x00, 0x00, 0x08, 0xFF, 0xFF, 0xD0, 0x00, 0xDF, 0xFC, 0x96, 0x44, 0x6B, 0xFF, 0xFF, 0xF9, 0x00, 0x7F, 0xFF,
  0xFF, 0xFF, 0xFF, 0xFF, 0xFF, 0xFE, 0x20, 0x0D, 0xFF, 0xFF, 0xFF, 0xFF, 0xFF, 0xFF, 0xFF, 0x50, 0x00, 0x29, 0xEF, 0xFF,
  0xFF, 0xFF, 0xFF, 0xFC, 0x30, 0x00, 0x00, 0x01, 0x69, 0xCE, 0xEF, 0xEC, 0x95, 0x00, 0x00, 0x00, 0x00, 0x00, 0x00, 0x00,
  0x00, 0x6F, 0xFF, 0xFD, 0x10, 0x00, 0x00, 0x00, 0x00, 0x00, 0x00, 0x3E, 0xFF, 0xFF, 0x30, 0x00, 0x00, 0x00, 0x00, 0x00,
  0x00, 0x1C, 0xFF, 0xFF, 0x70, 0x00, 0x00, 0x00, 0x00, 0x00, 0x00, 0x09, 0xFF, 0xFF, 0xB0, 0x00, 0x00, 0x00, 0x00, 0x00,
  0x00, 0x05, 0xFF, 0xFF, 0xE2, 0x00, 0x00, 0x00, 0x00, 0x00, 0x00, 0x02, 0xEF, 0xFF, 0xF5, 0x00, 0x00, 0x00, 0x00, 0x00,
  0x00, 0x00, 0xCF, 0xFF, 0xF9, 0x00, 0x00, 0x00, 0x00, 0x00, 0x00, 0x00, 0x8F, 0xFF, 0xFC, 0x10, 0x00, 0x00, 0x00, 0x00,
  0x00, 0x00, 0x5F, 0xFF, 0xFE, 0x30, 0x11, 0x11, 0x10, 0x00, 0x00, 0x00, 0x2E, 0xFF, 0xFF, 0x60, 0x07, 0xFF, 0xFF, 0x50,
  0x00, 0x00, 0x0B, 0xFF, 0xFF, 0xA0, 0x00, 0x7F, 0xFF, 0xF5, 0x00, 0x00, 0x08, 0xFF, 0xFF, 0xD1, 0x00, 0x07, 0xFF, 0xFF,
  0x50, 0x00, 0x04, 0xFF, 0xFF, 0xF5, 0x11, 0x11, 0x7F, 0xFF, 0xF6, 0x11, 0x11, 0xDF, 0xFF, 0xFF, 0xFF, 0xFF, 0xFF, 0xFF,
  0xFF, 0xFF, 0xFC, 0x1F, 0xFF, 0xFF, 0xFF, 0xFF, 0xFF, 0xFF, 0xFF, 0xFF, 0xFF, 0xC1, 0xFF, 0xFF, 0xFF, 0xFF, 0xFF, 0xFF,
  0xFF, 0xFF, 0xFF, 0xFC, 0x1F, 0xFF, 0xFF, 0xFF, 0xFF, 0xFF, 0xFF, 0xFF, 0xFF, 0xFF, 0xC0, 0x00, 0x00, 0x00, 0x00, 0x00,
  0x09, 0xFF, 0xFF, 0x50, 0x00, 0x00, 0x00, 0x00, 0x00, 0x00, 0x00, 0x9F, 0xFF, 0xF5, 0x00, 0x00, 0x00, 0x00, 0x00, 0x00,
  0x00, 0x09, 0xFF, 0xFF, 0x50, 0x00, 0x00, 0x00, 0x00, 0x00, 0x00, 0x00, 0x9F, 0xFF, 0xF5, 0x00, 0x00, 0x00, 0x1F, 0xFF,
  0xFF, 0xFF, 0xFF, 0xFF, 0xFF, 0x10, 0x00, 0x3F, 0xFF, 0xFF, 0xFF, 0xFF, 0xFF, 0xFF, 0x10, 0x00, 0x5F, 0xFF, 0xFF, 0xFF,
  0xFF, 0xFF, 0xFF, 0x10, 0x00, 0x6F, 0xFF, 0xFF, 0xFF, 0xFF, 0xFF, 0xFF, 0x10, 0x00, 0x7F, 0xFF, 0xF1, 0x00, 0x00, 0x00,
  0x00, 0x00, 0x00, 0x9F, 0xFF, 0xF0, 0x00, 0x00, 0x00, 0x00, 0x00, 0x00, 0xAF, 0xFF, 0xE0, 0x00, 0x00, 0x00, 0x00, 0x00,
  0x00, 0xBF, 0xFF, 0xD0, 0x00, 0x00, 0x00, 0x00, 0x00, 0x00, 0xCF, 0xFF, 0xFF, 0xFE, 0xDB, 0x83, 0x00, 0x00, 0x00, 0xEF,
  0xFF, 0xFF, 0xFF, 0xFF, 0xFF, 0xA2, 0x00, 0x00, 0xFF, 0xFF, 0xFF, 0xFF, 0xFF, 0xFF, 0xFD, 0x20, 0x01, 0xFF, 0xFF, 0xFF,
  0xFF, 0xFF, 0xFF, 0xFF, 0xA0, 0x00, 0x00, 0x00, 0x00, 0x23, 0x7D, 0xFF, 0xFF, 0xF2, 0x00, 0x00, 0x00, 0x00, 0x00, 0x01,
  0xEF, 0xFF, 0xF5, 0x00, 0x00, 0x00, 0x00, 0x00, 0x00, 0xBF, 0xFF, 0xF6, 0x01, 0xA5, 0x00, 0x00, 0x00, 0x03, 0xEF, 0xFF,
  0xF4, 0x08, 0xFF, 0xD9, 0x75, 0x45, 0x8E, 0xFF, 0xFF, 0xE0, 0x2E, 0xFF, 0xFF, 0xFF, 0xFF, 0xFF, 0xFF, 0xFF, 0x70, 0x8F,
  0xFF, 0xFF, 0xFF, 0xFF, 0xFF, 0xFF, 0xFA, 0x00, 0x07, 0xDF, 0xFF, 0xFF, 0xFF, 0xFF, 0xFE, 0x70, 0x00, 0x00, 0x04, 0x8B,
  0xDE, 0xFE, 0xDA, 0x71, 0x00, 0x00, 0x00, 0x00, 0x00, 0x03, 0x8C, 0xDE, 0xED, 0xB9, 0x30, 0x00, 0x00, 0x00, 0x3B, 0xFF,
  0xFF, 0xFF, 0xFF, 0xFF, 0xB0, 0x00, 0x00, 0x5E, 0xFF, 0xFF, 0xFF, 0xFF, 0xFF, 0xF9, 0x00, 0x00, 0x5F, 0xFF, 0xFF, 0xFF,
  0xFF, 0xFF, 0xFE, 0x20, 0x00, 0x2E, 0xFF, 0xFF, 0xFA, 0x53, 0x23, 0x6C, 0x80, 0x00, 0x09, 0xFF, 0xFF, 0xD3, 0x00, 0x00,
  0x00, 0x00, 0x00, 0x01, 0xEF, 0xFF, 0xF5, 0x00, 0x00, 0x00, 0x00, 0x00, 0x00, 0x5F, 0xFF, 0xFB, 0x00, 0x00, 0x00, 0x00,
  0x00, 0x00, 0x09, 0xFF, 0xFF, 0x81, 0x8B, 0xDE, 0xDB, 0x71, 0x00, 0x00, 0xBF, 0xFF, 0xF9, 0xDF, 0xFF, 0xFF, 0xFF, 0xD6,
  0x00, 0x0C, 0xFF, 0xFF, 0xFF, 0xFF, 0xFF, 0xFF, 0xFF, 0xF5, 0x00, 0xCF, 0xFF, 0xFF, 0xFF, 0xDC, 0xDF, 0xFF, 0xFF, 0xE2,
  0x0B, 0xFF, 0xFF, 0xFC, 0x30, 0x00, 0x4D, 0xFF, 0xFF, 0x90, 0xAF, 0xFF, 0xFE, 0x10, 0x00, 0x00, 0x4F, 0xFF, 0xFC, 0x06,
  0xFF, 0xFF, 0xC0, 0x00, 0x00, 0x01, 0xFF, 0xFF, 0xD0, 0x2F, 0xFF, 0xFE, 0x10, 0x00, 0x00, 0x4F, 0xFF, 0xFB, 0x00, 0x9F,
  0xFF, 0xFB, 0x20, 0x00, 0x3D, 0xFF, 0xFF, 0x70, 0x02, 0xDF, 0xFF, 0xFF, 0xDB, 0xDF, 0xFF, 0xFF, 0xC1, 0x00, 0x03, 0xEF,
  0xFF, 0xFF, 0xFF, 0xFF, 0xFF, 0xE2, 0x00, 0x00, 0x02, 0xBF, 0xFF, 0xFF, 0xFF, 0xFF, 0xB3, 0x00, 0x00, 0x00, 0x00, 0x49,
  0xCE, 0xFE, 0xC9, 0x40, 0x00, 0x00, 0x4F, 0xFF, 0xFF, 0xFF, 0xFF, 0xFF, 0xFF, 0xFF, 0xFE, 0x04, 0xFF, 0xFF, 0xFF, 0xFF,
  0xFF, 0xFF, 0xFF, 0xFF, 0xE0, 0x4F, 0xFF, 0xFF, 0xFF, 0xFF, 0xFF, 0xFF, 0xFF, 0xFE, 0x04, 0xFF, 0xFF, 0xFF, 0xFF, 0xFF,
  0xFF, 0xFF, 0xFF, 0xC0, 0x4F, 0xFF, 0xF4, 0x11, 0x11, 0x12, 0xEF, 0xFF, 0xF6, 0x04, 0xFF, 0xFF, 0x40, 0x00, 0x00, 0x7F,
  0xFF, 0xFE, 0x10, 0x4F, 0xFF, 0xF4, 0x00, 0x00, 0x0D, 0xFF, 0xFF, 0x80, 0x02, 0x99, 0x99, 0x20, 0x00, 0x05, 0xFF, 0xFF,
  0xE2, 0x00, 0x00, 0x00, 0x00, 0x00, 0x00, 0xCF, 0xFF, 0xF9, 0x00, 0x00, 0x00, 0x00, 0x00, 0x00, 0x4F, 0xFF, 0xFF, 0x30,
  0x00, 0x00, 0x00, 0x00, 0x00, 0x0A, 0xFF, 0xFF, 0xB0, 0x00, 0x00, 0x00, 0x00, 0x00, 0x02, 0xFF, 0xFF, 0xF4, 0x00, 0x00,
  0x00, 0x00, 0x00, 0x00, 0x9F, 0xFF, 0xFC, 0x00, 0x00, 0x00, 0x00, 0x00, 0x00, 0x1E, 0xFF, 0xFF, 0x60, 0x00, 0x00, 0x00,
  0x00, 0x00, 0x08, 0xFF, 0xFF, 0xD0, 0x00, 0x00, 0x00, 0x00, 0x00, 0x00, 0xEF, 0xFF, 0xF8, 0x00, 0x00, 0x00, 0x00, 0x00,
  0x00, 0x6F, 0xFF, 0xFE, 0x10, 0x00, 0x00, 0x00, 0x00, 0x00, 0x0D, 0xFF, 0xFF, 0x90, 0x00, 0x00, 0x00, 0x00, 0x00, 0x05,
  0xFF, 0xFF, 0xF2, 0x00, 0x00, 0x00, 0x00, 0x00, 0x00, 0xBF, 0xFF, 0xFA, 0x00, 0x00, 0x00, 0x00, 0x00, 0x00, 0x3F, 0xFF,
  0xFF, 0x40, 0x00, 0x00, 0x00, 0x00, 0x00, 0x00, 0x01, 0x8B, 0xCE, 0xED, 0xB8, 0x20, 0x00, 0x00, 0x00, 0x01, 0x9E, 0xFF,
  0xFF, 0xFF, 0xFF, 0xFA, 0x20, 0x00, 0x00, 0x1C, 0xFF, 0xFF, 0xFF, 0xFF, 0xFF, 0xFF, 0xD2, 0x00, 0x00, 0x9F, 0xFF, 0xFF,
  0xEB, 0xBD, 0xFF, 0xFF, 0xFB, 0x00, 0x00, 0xEF, 0xFF, 0xF9, 0x10, 0x00, 0x7F, 0xFF, 0xFF, 0x20, 0x02, 0xFF, 0xFF, 0xE0,
  0x00, 0x00, 0x0C, 0xFF, 0xFF, 0x50, 0x02, 0xFF, 0xFF, 0xD0, 0x00, 0x00, 0x0B, 0xFF, 0xFF, 0x50, 0x00, 0xEF, 0xFF, 0xF5,
  0x00, 0x00, 0x3E, 0xFF, 0xFF, 0x20, 0x00, 0x7F, 0xFF, 0xFF, 0xB8, 0x8A, 0xFF, 0xFF, 0xF9, 0x00, 0x00, 0x09, 0xFF, 0xFF,
  0xFF, 0xFF, 0xFF, 0xFF, 0xA0, 0x00, 0x00, 0x06, 0xEF, 0xFF, 0xFF, 0xFF, 0xFF, 0xFF, 0x70, 0x00, 0x00, 0x8F, 0xFF, 0xFF,
  0xFF, 0xFF, 0xFF, 0xFF, 0xFA, 0x00, 0x05, 0xFF, 0xFF, 0xF9, 0x41, 0x13, 0x9F, 0xFF, 0xFF, 0x70, 0x0B, 0xFF, 0xFF, 0x80,
  0x00, 0x00, 0x06, 0xFF, 0xFF, 0xD0, 0x0E, 0xFF, 0xFF, 0x30, 0x00, 0x00, 0x00, 0xFF, 0xFF, 0xF1, 0x0D, 0xFF, 0xFF, 0x50,
  0x00, 0x00, 0x03, 0xFF, 0xFF, 0xF0, 0x0A, 0xFF, 0xFF, 0xE4, 0x00, 0x00, 0x3D, 0xFF, 0xFF, 0xC0, 0x03, 0xFF, 0xFF, 0xFF,
  0xDB, 0xBC, 0xFF, 0xFF, 0xFF, 0x50, 0x00, 0x6F, 0xFF, 0xFF, 0xFF, 0xFF, 0xFF, 0xFF, 0xF8, 0x00, 0x00, 0x04, 0xBF, 0xFF,
  0xFF, 0xFF, 0xFF, 0xFC, 0x50, 0x00, 0x00, 0x00, 0x03, 0x9B, 0xDE, 0xED, 0xB9, 0x40, 0x00, 0x00, 0x00, 0x00, 0x18, 0xAD,
  0xEE, 0xDA, 0x61, 0x00, 0x00, 0x00, 0x00, 0x7E, 0xFF, 0xFF, 0xFF, 0xFF, 0xE6, 0x00, 0x00, 0x00, 0xAF, 0xFF, 0xFF, 0xFF,
  0xFF, 0xFF, 0xF9, 0x00, 0x00, 0x8F, 0xFF, 0xFF, 0xEC, 0xCE, 0xFF, 0xFF, 0xF7, 0x00, 0x1E, 0xFF, 0xFF, 0x81, 0x00, 0x07,
  0xFF, 0xFF, 0xE2, 0x05, 0xFF, 0xFF, 0xB0, 0x00, 0x00, 0x09, 0xFF, 0xFF, 0x80, 0x6F, 0xFF, 0xF8, 0x00, 0x00, 0x00, 0x6F,
  0xFF, 0xFC, 0x05, 0xFF, 0xFF, 0xB0, 0x00, 0x00, 0x09, 0xFF, 0xFF, 0xF1, 0x2F, 0xFF, 0xFF, 0x81, 0x00, 0x07, 0xFF, 0xFF,
  0xFF, 0x30, 0xAF, 0xFF, 0xFF, 0xEC, 0xCE, 0xFF, 0xFF, 0xFF, 0xF4, 0x01, 0xCF, 0xFF, 0xFF, 0xFF, 0xFF, 0xFF, 0xFF, 0xFF,
  0x40, 0x02, 0xAF, 0xFF, 0xFF, 0xFF, 0xF9, 0xDF, 0xFF, 0xF3, 0x00, 0x00, 0x4A, 0xCE, 0xEC, 0xA4, 0x1F, 0xFF, 0xFF, 0x10,
  0x00, 0x00, 0x00, 0x00, 0x00, 0x04, 0xFF, 0xFF, 0xC0, 0x00, 0x00, 0x00, 0x00, 0x00, 0x00, 0xCF, 0xFF, 0xF8, 0x00, 0x00,
  0x00, 0x00, 0x00, 0x01, 0x9F, 0xFF, 0xFE, 0x10, 0x00, 0x1D, 0x84, 0x22, 0x47, 0xDF, 0xFF, 0xFF, 0x80, 0x00, 0x09, 0xFF,
  0xFF, 0xFF, 0xFF, 0xFF, 0xFF, 0xB0, 0x00, 0x02, 0xEF, 0xFF, 0xFF, 0xFF, 0xFF, 0xFF, 0xA1, 0x00, 0x00, 0x5E, 0xFF, 0xFF,
  0xFF, 0xFF, 0xFD, 0x70, 0x00, 0x00, 0x00, 0x17, 0xBC, 0xEF, 0xED, 0xA6, 0x10, 0x00, 0x00, 0x00, 0x01, 0x9E, 0xE9, 0x10,
  0x09, 0xFF, 0xFF, 0x90, 0x0E, 0xFF, 0xFF, 0xD0, 0x0D, 0xFF, 0xFF, 0xD0, 0x08, 0xFF, 0xFF, 0x80, 0x00, 0x8D, 0xD8, 0x00,
  0x00, 0x00, 0x00, 0x00, 0x00, 0x00, 0x00, 0x00, 0x00, 0x00, 0x00, 0x00, 0x00, 0x00, 0x00, 0x00, 0x00, 0x00, 0x00, 0x00,
  0x01, 0x8D, 0xD8, 0x00, 0x09, 0xFF, 0xFF, 0x80, 0x0D, 0xFF, 0xFF, 0xD0, 0x0D, 0xFF, 0xFF, 0xD0, 0x09, 0xFF, 0xFF, 0x90,
  0x01, 0x9E, 0xE9, 0x10, 0x01, 0x9E, 0xE9, 0x10, 0x09, 0xFF, 0xFF, 0x90, 0x0E, 0xFF, 0xFF, 0xD0, 0x0D, 0xFF, 0xFF, 0xD0,
  0x08, 0xFF, 0xFF, 0x80, 0x00, 0x8D, 0xD8, 0x00, 0x00, 0x00, 0x00, 0x00, 0x00, 0x00, 0x00, 0x00, 0x00, 0x00, 0x00, 0x00,
  0x00, 0x00, 0x00, 0x00, 0x00, 0x00, 0x00, 0x00, 0x01, 0x9E, 0xEA, 0x10, 0x09, 0xFF, 0xFF, 0x90, 0x0D, 0xFF, 0xFF, 0xD0,
  0x0C, 0xFF, 0xFF, 0xD0, 0x07, 0xFF, 0xFF, 0xB0, 0x00, 0x8F, 0xFF, 0x60, 0x00, 0x9F, 0xFE, 0x10, 0x00, 0xDF, 0xF9, 0x00,
  0x02, 0xFF, 0xF3, 0x00, 0x07, 0xFF, 0xC0, 0x00, 0x04, 0x66, 0x30, 0x00, 0x00, 0x00, 0x00, 0x00, 0x00, 0x00, 0x00, 0x00,
  0x00, 0x00, 0x00, 0x00, 0x00, 0x00, 0x00, 0x00, 0x5B, 0x70, 0x00, 0x00, 0x00, 0x00, 0x00, 0x03, 0x9E, 0xFF, 0x70, 0x00,
  0x00, 0x00, 0x00, 0x17, 0xCF, 0xFF, 0xFF, 0x70, 0x00, 0x00, 0x00, 0x5A, 0xEF, 0xFF, 0xFF, 0xFF, 0x60, 0x00, 0x02, 0x8D,
  0xFF, 0xFF, 0xFF, 0xFD, 0x82, 0x00, 0x01, 0xBF, 0xFF, 0xFF, 0xFF, 0xE9, 0x40, 0x00, 0x00, 0x02, 0xFF, 0xFF, 0xFF, 0xB5,
  0x00, 0x00, 0x00, 0x00, 0x02, 0xFF, 0xFF, 0xC3, 0x00, 0x00, 0x00, 0x00, 0x00, 0x02, 0xFF, 0xFF, 0xFF, 0xB6, 0x10, 0x00,
  0x00, 0x00, 0x01, 0xBF, 0xFF, 0xFF, 0xFF, 0xEA, 0x40, 0x00, 0x00, 0x00, 0x02, 0x8D, 0xFF, 0xFF, 0xFF, 0xFD, 0x93, 0x00,
  0x00, 0x00, 0x00, 0x4A, 0xEF, 0xFF, 0xFF, 0xFF, 0x70, 0x00, 0x00, 0x00, 0x00, 0x16, 0xCF, 0xFF, 0xFF, 0x70, 0x00, 0x00,
  0x00, 0x00, 0x00, 0x03, 0x8D, 0xFF, 0x70, 0x00, 0x00, 0x00, 0x00, 0x00, 0x00, 0x00, 0x5A, 0x70, 0x00, 0x00, 0x00, 0x00,
  0x00, 0x00, 0x00, 0x00, 0x00, 0x00, 0x00, 0x00, 0x00, 0x00, 0x00, 0x00, 0x00, 0x00, 0x00, 0x00, 0x00, 0x00, 0x00, 0x00,
  0x00, 0x00, 0x00, 0x02, 0xFF, 0xFF, 0xFF, 0xFF, 0xFF, 0xFF, 0xFF, 0x70, 0x02, 0xFF, 0xFF, 0xFF, 0xFF, 0xFF, 0xFF, 0xFF,
  0x70, 0x02, 0xFF, 0xFF, 0xFF, 0xFF, 0xFF, 0xFF, 0xFF, 0x70, 0x02, 0xCC, 0xCC, 0xCC, 0xCC, 0xCC, 0xCC, 0xCC, 0x60, 0x00,
  0x00, 0x00, 0x00, 0x00, 0x00, 0x00, 0x00, 0x00, 0x00, 0x00, 0x00, 0x00, 0x00, 0x00, 0x00, 0x00, 0x00, 0x00, 0x00, 0x00,
  0x00, 0x00, 0x00, 0x00, 0x00, 0x00, 0x02, 0xBB, 0xBB, 0xBB, 0xBB, 0xBB, 0xBB, 0xBB, 0x60, 0x02, 0xFF, 0xFF, 0xFF, 0xFF,
  0xFF, 0xFF, 0xFF, 0x70, 0x02, 0xFF, 0xFF, 0xFF, 0xFF, 0xFF, 0xFF, 0xFF, 0x70, 0x02, 0xFF, 0xFF, 0xFF, 0xFF, 0xFF, 0xFF,
  0xFF, 0x70, 0x00, 0x00, 0x00, 0x00, 0x00, 0x00, 0x00, 0x00, 0x00, 0x00, 0x00, 0x00, 0x00, 0x00, 0x00, 0x00, 0x00, 0x00,
  0x00, 0x00, 0x00, 0x00, 0x00, 0x00, 0x00, 0x00, 0x00, 0x00, 0x00, 0x00, 0x00, 0x00, 0x00, 0x00, 0x00, 0x00, 0x00, 0x00,
  0x00, 0x00, 0x00, 0x00, 0x00, 0x00, 0x00, 0x00, 0x00, 0x00, 0x00, 0x00, 0x00, 0x00, 0x00, 0x00, 0x02, 0xC7, 0x20, 0x00,
  0x00, 0x00, 0x00, 0x00, 0x00, 0x02, 0xFF, 0xFA, 0x50, 0x00, 0x00, 0x00, 0x00, 0x00, 0x02, 0xFF, 0xFF, 0xFE, 0x93, 0x00,
  0x00, 0x00, 0x00, 0x02, 0xEF, 0xFF, 0xFF, 0xFF, 0xC6, 0x10, 0x00, 0x00, 0x00, 0x16, 0xBF, 0xFF, 0xFF, 0xFF, 0xEA, 0x40,
  0x00, 0x00, 0x00, 0x02, 0x8D, 0xFF, 0xFF, 0xFF, 0xFD, 0x50, 0x00, 0x00, 0x00, 0x00, 0x39, 0xEF, 0xFF, 0xFF, 0x70, 0x00,
  0x00, 0x00, 0x00, 0x00, 0x1A, 0xFF, 0xFF, 0x70, 0x00, 0x00, 0x00, 0x00, 0x49, 0xEF, 0xFF, 0xFF, 0x70, 0x00, 0x00, 0x03,
  0x8D, 0xFF, 0xFF, 0xFF, 0xFD, 0x40, 0x00, 0x17, 0xCF, 0xFF, 0xFF, 0xFF, 0xEA, 0x40, 0x00, 0x02, 0xFF, 0xFF, 0xFF, 0xFF,
  0xB6, 0x10, 0x00, 0x00, 0x02, 0xFF, 0xFF, 0xFD, 0x82, 0x00, 0x00, 0x00, 0x00, 0x02, 0xFF, 0xEA, 0x50, 0x00, 0x00, 0x00,
  0x00, 0x00, 0x02, 0xC7, 0x10, 0x00, 0x00, 0x00, 0x00, 0x00, 0x00, 0x00, 0x00, 0x00, 0x00, 0x00, 0x00, 0x00, 0x00, 0x00,
  0x00, 0x00, 0x00, 0x00, 0x00, 0x00, 0x00, 0x00, 0x00, 0x00, 0x00, 0x00, 0x00, 0x00, 0x00, 0x00, 0x00, 0x00, 0x00, 0x00,
  0x05, 0xAC, 0xEF, 0xEC, 0xA5, 0x00, 0x00, 0x00, 0x00, 0x6E, 0xFF, 0xFF, 0xFF, 0xFF, 0xFD, 0x50, 0x00, 0x00, 0xAF, 0xFF,
  0xFF, 0xFF, 0xFF, 0xFF, 0xFE, 0x40, 0x00, 0x9F, 0xFF, 0xFF, 0xFF, 0xFF, 0xFF, 0xFF, 0xFE, 0x00, 0x07, 0xEF, 0xFF, 0xA5,
  0x21, 0x4B, 0xFF, 0xFF, 0xF4, 0x00, 0x01, 0x8E, 0x70, 0x00, 0x00, 0x0D, 0xFF, 0xFF, 0x60, 0x00, 0x00, 0x00, 0x00, 0x00,
  0x00, 0xBF, 0xFF, 0xF4, 0x00, 0x00, 0x00, 0x00, 0x00, 0x00, 0x3E, 0xFF, 0xFE, 0x10, 0x00, 0x00, 0x00, 0x00, 0x00, 0x3E,
  0xFF, 0xFF, 0x60, 0x00, 0x00, 0x00, 0x00, 0x00, 0x4E, 0xFF, 0xFF, 0x70, 0x00, 0x00, 0x00, 0x00, 0x00, 0x3E, 0xFF, 0xFF,
  0x60, 0x00, 0x00, 0x00, 0x00, 0x00, 0x0D, 0xFF, 0xFF, 0x50, 0x00, 0x00, 0x00, 0x00, 0x00, 0x04, 0xFF, 0xFF, 0x80, 0x00,
  0x00, 0x00, 0x00, 0x00, 0x00, 0x39, 0x99, 0x93, 0x00, 0x00, 0x00, 0x00, 0x00, 0x00, 0x00, 0x00, 0x00, 0x00, 0x00, 0x00,
  0x00, 0x00, 0x00, 0x00, 0x03, 0x77, 0x20, 0x00, 0x00, 0x00, 0x00, 0x00, 0x00, 0x05, 0xFF, 0xFE, 0x40, 0x00, 0x00, 0x00,
  0x00, 0x00, 0x00, 0xDF, 0xFF, 0xFB, 0x00, 0x00, 0x00, 0x00, 0x00, 0x00, 0x0E, 0xFF, 0xFF, 0xD0, 0x00, 0x00, 0x00, 0x00,
  0x00, 0x00, 0xAF, 0xFF, 0xF8, 0x00, 0x00, 0x00, 0x00, 0x00, 0x00, 0x01, 0xAE, 0xE9, 0x10, 0x00, 0x00, 0x00, 0x00, 0x00,
  0x00, 0x00, 0x00, 0x37, 0xBC, 0xDE, 0xED, 0xCA, 0x73, 0x00, 0x00, 0x00, 0x00, 0x00, 0x00, 0x00, 0x00, 0x00, 0x6D, 0xFF,
  0xFF, 0xFF, 0xFF, 0xFF, 0xFF, 0xC5, 0x00, 0x00, 0x00, 0x00, 0x00, 0x00, 0x00, 0x4D, 0xFF, 0xFF, 0xFF, 0xFE, 0xEF, 0xFF,
  0xFF, 0xFF, 0xC3, 0x00, 0x00, 0x00, 0x00, 0x00, 0x07, 0xFF, 0xFF, 0xEA, 0x63, 0x10, 0x01, 0x26, 0xAE, 0xFF, 0xFE, 0x60,
  0x00, 0x00, 0x00, 0x00, 0x7F, 0xFF, 0xF9, 0x20, 0x00, 0x00, 0x00, 0x00, 0x01, 0x7E, 0xFF, 0xF5, 0x00, 0x00, 0x00, 0x05,
  0xFF, 0xFE, 0x40, 0x00, 0x00, 0x00, 0x00, 0x00, 0x00, 0x03, 0xCF, 0xFE, 0x30, 0x00, 0x00, 0x1E, 0xFF, 0xE3, 0x00, 0x03,
  0xAD, 0xFE, 0xC7, 0x07, 0xCC, 0xC8, 0x2D, 0xFF, 0xC0, 0x00, 0x00, 0x8F, 0xFF, 0x50, 0x00, 0x7F, 0xFF, 0xFF, 0xFF, 0xBA,
  0xFF, 0xFA, 0x03, 0xFF, 0xF5, 0x00, 0x00, 0xEF, 0xFB, 0x00, 0x09, 0xFF, 0xFF, 0xFF, 0xFF, 0xFF, 0xFF, 0xFA, 0x00, 0xAF,
  0xFB, 0x00, 0x04, 0xFF, 0xF5, 0x00, 0x3F, 0xFF, 0xFF, 0xCA, 0xBE, 0xFF, 0xFF, 0xFA, 0x00, 0x4F, 0xFE, 0x10, 0x09, 0xFF,
  0xE1, 0x00, 0xCF, 0xFF, 0xE5, 0x00, 0x02, 0xBF, 0xFF, 0xFA, 0x00, 0x0E, 0xFF, 0x40, 0x0A, 0xFF, 0xC0, 0x02, 0xFF, 0xFF,
  0x70, 0x00, 0x00, 0x2E, 0xFF, 0xFA, 0x00, 0x0C, 0xFF, 0x60, 0x0C, 0xFF, 0xB0, 0x04, 0xFF, 0xFF, 0x20, 0x00, 0x00, 0x0A,
  0xFF, 0xFA, 0x00, 0x0B, 0xFF, 0x70, 0x0C, 0xFF, 0xA0, 0x05, 0xFF, 0xFE, 0x00, 0x00, 0x00, 0x09, 0xFF, 0xFA, 0x00, 0x0B,
  0xFF, 0x60, 0x0B, 0xFF, 0xB0, 0x04, 0xFF, 0xFF, 0x20, 0x00, 0x00, 0x0A, 0xFF, 0xFA, 0x00, 0x0C, 0xFF, 0x40, 0x0A, 0xFF,
  0xD0, 0x02, 0xFF, 0xFF, 0x70, 0x00, 0x00, 0x1E, 0xFF, 0xFA, 0x00, 0x1E, 0xFF, 0x20, 0x07, 0xFF, 0xF2, 0x00, 0xCF, 0xFF,
  0xE4, 0x00, 0x01, 0xBF, 0xFF, 0xFC, 0x00, 0x6F, 0xFD, 0x00, 0x03, 0xFF, 0xF7, 0x00, 0x3F, 0xFF, 0xFF, 0xB9, 0xAE, 0xFF,
  0xFF, 0xFF, 0xA8, 0xEF, 0xF6, 0x00, 0x00, 0xDF, 0xFD, 0x00, 0x08, 0xFF, 0xFF, 0xFF, 0xFF, 0xFD, 0xEF, 0xFF, 0xFF, 0xFF,
  0xD0, 0x00, 0x00, 0x6F, 0xFF, 0x80, 0x00, 0x7F, 0xFF, 0xFF, 0xFF, 0xD3, 0x6F, 0xFF, 0xFF, 0xFD, 0x30, 0x00, 0x00, 0x0C,
  0xFF, 0xF5, 0x00, 0x03, 0xAD, 0xFE, 0xC8, 0x10, 0x05, 0xBE, 0xFD, 0x81, 0x00, 0x00, 0x00, 0x03, 0xEF, 0xFE, 0x60, 0x00,
  0x00, 0x00, 0x00, 0x00, 0x00, 0x00, 0x00, 0x00, 0x00, 0x00, 0x00, 0x00, 0x5F, 0xFF, 0xFA, 0x20, 0x00, 0x00, 0x00, 0x00,
  0x02, 0x00, 0x00, 0x00, 0x00, 0x00, 0x00, 0x00, 0x05, 0xEF, 0xFF, 0xFB, 0x63, 0x10, 0x02, 0x47, 0xCF, 0x30, 0x00, 0x00,
  0x00, 0x00, 0x00, 0x00, 0x00, 0x3C, 0xFF, 0xFF, 0xFF, 0xFE, 0xFF, 0xFF, 0xFF, 0x80, 0x00, 0x00, 0x00, 0x00, 0x00, 0x00,
  0x00, 0x00, 0x5C, 0xFF, 0xFF, 0xFF, 0xFF, 0xFF, 0xFE, 0x90, 0x00, 0x00, 0x00, 0x00, 0x00, 0x00, 0x00, 0x00, 0x00, 0x37,
  0xBC, 0xEF, 0xED, 0xCA, 0x61, 0x00, 0x00, 0x00, 0x00, 0x00, 0x00, 0x00, 0x00, 0x00, 0x01, 0xEF, 0xFF, 0xF6, 0x00, 0x00,
  0x00, 0x00, 0x00, 0x00, 0x00, 0x00, 0x00, 0x7F, 0xFF, 0xFF, 0xD0, 0x00, 0x00, 0x00, 0x00, 0x00, 0x00, 0x00, 0x00, 0x0D,
  0xFF, 0xFF, 0xFF, 0x50, 0x00, 0x00, 0x00, 0x00, 0x00, 0x00, 0x00, 0x06, 0xFF, 0xFF, 0xFF, 0xFC, 0x00, 0x00, 0x00, 0x00,
  0x00, 0x00, 0x00, 0x00, 0xCF, 0xFF, 0xFF, 0xFF, 0xF4, 0x00, 0x00, 0x00, 0x00, 0x00, 0x00, 0x00, 0x5F, 0xFF, 0xF8, 0xFF,
  0xFF, 0xA0, 0x00, 0x00, 0x00, 0x00, 0x00, 0x00, 0x0B, 0xFF, 0xFE, 0x1A, 0xFF, 0xFF, 0x20, 0x00, 0x00, 0x00, 0x00, 0x00,
  0x03, 0xFF, 0xFF, 0x90, 0x4F, 0xFF, 0xF9, 0x00, 0x00, 0x00, 0x00, 0x00, 0x00, 0xAF, 0xFF, 0xF3, 0x00, 0xDF, 0xFF, 0xE1,
  0x00, 0x00, 0x00, 0x00, 0x00, 0x2F, 0xFF, 0xFC, 0x00, 0x07, 0xFF, 0xFF, 0x80, 0x00, 0x00, 0x00, 0x00, 0x09, 0xFF, 0xFF,
  0x60, 0x00, 0x1E, 0xFF, 0xFE, 0x10, 0x00, 0x00, 0x00, 0x01, 0xEF, 0xFF, 0xE0, 0x00, 0x00, 0x9F, 0xFF, 0xF6, 0x00, 0x00,
  0x00, 0x00, 0x7F, 0xFF, 0xF8, 0x00, 0x00, 0x03, 0xFF, 0xFF, 0xD0, 0x00, 0x00, 0x00, 0x0D, 0xFF, 0xFF, 0xFF, 0xFF, 0xFF,
  0xFF, 0xFF, 0xFF, 0x50, 0x00, 0x00, 0x06, 0xFF, 0xFF, 0xFF, 0xFF, 0xFF, 0xFF, 0xFF, 0xFF, 0xFC, 0x00, 0x00, 0x00, 0xCF,
  0xFF, 0xFF, 0xFF, 0xFF, 0xFF, 0xFF, 0xFF, 0xFF, 0xF4, 0x00, 0x00, 0x4F, 0xFF, 0xFE, 0xCC, 0xCC, 0xCC, 0xCC, 0xCD, 0xFF,
  0xFF, 0xA0, 0x00, 0x0B, 0xFF, 0xFF, 0x60, 0x00, 0x00, 0x00, 0x00, 0x2F, 0xFF, 0xFF, 0x30, 0x03, 0xFF, 0xFF, 0xE1, 0x00,
  0x00, 0x00, 0x00, 0x00, 0xAF, 0xFF, 0xF9, 0x00, 0xAF, 0xFF, 0xF8, 0x00, 0x00, 0x00, 0x00, 0x00, 0x03, 0xFF, 0xFF, 0xE2,
  0x2F, 0xFF, 0xFE, 0x10, 0x00, 0x00, 0x00, 0x00, 0x00, 0x0B, 0xFF, 0xFF, 0x80, 0x00, 0x8F, 0xFF, 0xFF, 0xFF, 0xFF, 0xFE,
  0xDB, 0x93, 0x00, 0x00, 0x00, 0x08, 0xFF, 0xFF, 0xFF, 0xFF, 0xFF, 0xFF, 0xFF, 0xFB, 0x30, 0x00, 0x00, 0x8F, 0xFF, 0xFF,
  0xFF, 0xFF, 0xFF, 0xFF, 0xFF, 0xFE, 0x20, 0x00, 0x08, 0xFF, 0xFF, 0xDC, 0xCC, 0xCC, 0xDF, 0xFF, 0xFF, 0xFA, 0x00, 0x00,
  0x8F, 0xFF, 0xF8, 0x00, 0x00, 0x00, 0x2B, 0xFF, 0xFF, 0xE0, 0x00, 0x08, 0xFF, 0xFF, 0x80, 0x00, 0x00, 0x00, 0x1F, 0xFF,
  0xFF, 0x10, 0x00, 0x8F, 0xFF, 0xF8, 0x00, 0x00, 0x00, 0x01, 0xFF, 0xFF, 0xE0, 0x00, 0x08, 0xFF, 0xFF, 0x80, 0x00, 0x00,
  0x01, 0x9F, 0xFF, 0xF9, 0x00, 0x00, 0x8F, 0xFF, 0xFC, 0xAA, 0xAA, 0xAB, 0xEF, 0xFF, 0xFD, 0x20, 0x00, 0x08, 0xFF, 0xFF,
  0xFF, 0xFF, 0xFF, 0xFF, 0xFF, 0xFC, 0x20, 0x00, 0x00, 0x8F, 0xFF, 0xFF, 0xFF, 0xFF, 0xFF, 0xFF, 0xFF, 0xE8, 0x10, 0x00,
  0x08, 0xFF, 0xFF, 0xFF, 0xFF, 0xFF, 0xFF, 0xFF, 0xFF, 0xFB, 0x10, 0x00, 0x8F, 0xFF, 0xF8, 0x00, 0x00, 0x01, 0x37, 0xEF,
  0xFF, 0xF8, 0x00, 0x08, 0xFF, 0xFF, 0x80, 0x00, 0x00, 0x00, 0x03, 0xFF, 0xFF, 0xE0, 0x00, 0x8F, 0xFF, 0xF8, 0x00, 0x00,
  0x00, 0x00, 0x0E, 0xFF, 0xFF, 0x10, 0x08, 0xFF, 0xFF, 0x80, 0x00, 0x00, 0x00, 0x01, 0xFF, 0xFF, 0xF2, 0x00, 0x8F, 0xFF,
  0xF8, 0x00, 0x00, 0x00, 0x02, 0xBF, 0xFF, 0xFF, 0x10, 0x08, 0xFF, 0xFF, 0xDB, 0xBB, 0xBB, 0xCD, 0xFF, 0xFF, 0xFF, 0xA0,
  0x00, 0x8F, 0xFF, 0xFF, 0xFF, 0xFF, 0xFF, 0xFF, 0xFF, 0xFF, 0xE2, 0x00, 0x08, 0xFF, 0xFF, 0xFF, 0xFF, 0xFF, 0xFF, 0xFF,
  0xFF, 0xC3, 0x00, 0x00, 0x8F, 0xFF, 0xFF, 0xFF, 0xFF, 0xFF, 0xEE, 0xC9, 0x40, 0x00, 0x00, 0x00, 0x00, 0x00, 0x00, 0x59,
  0xCE, 0xFE, 0xDB, 0x84, 0x00, 0x00, 0x00, 0x00, 0x00, 0x6D, 0xFF, 0xFF, 0xFF, 0xFF, 0xFF, 0xC6, 0x00, 0x00, 0x00, 0x2B,
  0xFF, 0xFF, 0xFF, 0xFF, 0xFF, 0xFF, 0xFF, 0xC2, 0x00, 0x02, 0xDF, 0xFF, 0xFF, 0xFF, 0xFF, 0xFF, 0xFF, 0xFF, 0xE4, 0x00,
  0x0C, 0xFF, 0xFF, 0xFF, 0xB8, 0x65, 0x7A, 0xFF, 0xFF, 0x50, 0x00, 0x7F, 0xFF, 0xFF, 0xC3, 0x00, 0x00, 0x00, 0x3B, 0xF6,
  0x00, 0x01, 0xEF, 0xFF, 0xFC, 0x00, 0x00, 0x00, 0x00, 0x00, 0x50, 0x00, 0x05, 0xFF, 0xFF, 0xE2, 0x00, 0x00, 0x00, 0x00,
  0x00, 0x00, 0x00, 0x0A, 0xFF, 0xFF, 0x90, 0x00, 0x00, 0x00, 0x00, 0x00, 0x00, 0x00, 0x0B, 0xFF, 0xFF, 0x50, 0x00, 0x00,
  0x00, 0x00, 0x00, 0x00, 0x00, 0x0C, 0xFF, 0xFF, 0x40, 0x00, 0x00, 0x00, 0x00, 0x00, 0x00, 0x00, 0x0B, 0xFF, 0xFF, 0x50,
  0x00, 0x00, 0x00, 0x00, 0x00, 0x00, 0x00, 0x0A, 0xFF, 0xFF, 0x90, 0x00, 0x00, 0x00, 0x00, 0x00, 0x00, 0x00, 0x06, 0xFF,
  0xFF, 0xE2, 0x00, 0x00, 0x00, 0x00, 0x00, 0x00, 0x00, 0x01, 0xEF, 0xFF, 0xFB, 0x00, 0x00, 0x00, 0x00, 0x00, 0x60, 0x00,
  0x00, 0x8F, 0xFF, 0xFF, 0xB3, 0x00, 0x00, 0x00, 0x2B, 0xFA, 0x00, 0x00, 0x1C, 0xFF, 0xFF, 0xFF, 0xA8, 0x55, 0x6A, 0xFF,
  0xFF, 0xC1, 0x00, 0x02, 0xDF, 0xFF, 0xFF, 0xFF, 0xFF, 0xFF, 0xFF, 0xFF, 0xF5, 0x00, 0x00, 0x2B, 0xFF, 0xFF, 0xFF, 0xFF,
  0xFF, 0xFF, 0xFE, 0x50, 0x00, 0x00, 0x00, 0x7D, 0xFF, 0xFF, 0xFF, 0xFF, 0xFF, 0xA2, 0x00, 0x00, 0x00, 0x00, 0x00, 0x59,
  0xCE, 0xFE, 0xDB, 0x72, 0x00, 0x00, 0x00, 0x8F, 0xFF, 0xFF, 0xFF, 0xFF, 0xFE, 0xDA, 0x62, 0x00, 0x00, 0x00, 0x00, 0x08,
  0xFF, 0xFF, 0xFF, 0xFF, 0xFF, 0xFF, 0xFF, 0xE9, 0x20, 0x00, 0x00, 0x00, 0x8F, 0xFF, 0xFF, 0xFF, 0xFF, 0xFF, 0xFF, 0xFF,
  0xFE, 0x50, 0x00, 0x00, 0x08, 0xFF, 0xFF, 0xFF, 0xFF, 0xFF, 0xFF, 0xFF, 0xFF, 0xFF, 0x60, 0x00, 0x00, 0x8F, 0xFF, 0xF9,
  0x22, 0x22, 0x36, 0x8D, 0xFF, 0xFF, 0xFF, 0x40, 0x00, 0x08, 0xFF, 0xFF, 0x80, 0x00, 0x00, 0x00, 0x18, 0xFF, 0xFF, 0xFC,
  0x00, 0x00, 0x8F, 0xFF, 0xF8, 0x00, 0x00, 0x00, 0x00, 0x07, 0xFF, 0xFF, 0xF5, 0x00, 0x08, 0xFF, 0xFF, 0x80, 0x00, 0x00,
  0x00, 0x00, 0x0B, 0xFF, 0xFF, 0xA0, 0x00, 0x8F, 0xFF, 0xF8, 0x00, 0x00, 0x00, 0x00, 0x00, 0x5F, 0xFF, 0xFD, 0x00, 0x08,
  0xFF, 0xFF, 0x80, 0x00, 0x00, 0x00, 0x00, 0x01, 0xFF, 0xFF, 0xE0, 0x00, 0x8F, 0xFF, 0xF8, 0x00, 0x00, 0x00, 0x00, 0x00,
  0x0F, 0xFF, 0xFF, 0x10, 0x08, 0xFF, 0xFF, 0x80, 0x00, 0x00, 0x00, 0x00, 0x01, 0xFF, 0xFF, 0xE0, 0x00, 0x8F, 0xFF, 0xF8,
  0x00, 0x00, 0x00, 0x00, 0x00, 0x5F, 0xFF, 0xFD, 0x00, 0x08, 0xFF, 0xFF, 0x80, 0x00, 0x00, 0x00, 0x00, 0x0B, 0xFF, 0xFF,
  0xA0, 0x00, 0x8F, 0xFF, 0xF8, 0x00, 0x00, 0x00, 0x00, 0x07, 0xFF, 0xFF, 0xF5, 0x00, 0x08, 0xFF, 0xFF, 0x80, 0x00, 0x00,
  0x00, 0x07, 0xEF, 0xFF, 0xFC, 0x00, 0x00, 0x8F, 0xFF, 0xF9, 0x11, 0x11, 0x35, 0x8D, 0xFF, 0xFF, 0xFF, 0x40, 0x00, 0x08,
  0xFF, 0xFF, 0xFF, 0xFF, 0xFF, 0xFF, 0xFF, 0xFF, 0xFF, 0x60, 0x00, 0x00, 0x8F, 0xFF, 0xFF, 0xFF, 0xFF, 0xFF, 0xFF, 0xFF,
  0xFE, 0x50, 0x00, 0x00, 0x08, 0xFF, 0xFF, 0xFF, 0xFF, 0xFF, 0xFF, 0xFF, 0xFA, 0x20, 0x00, 0x00, 0x00, 0x8F, 0xFF, 0xFF,
  0xFF, 0xFF, 0xFE, 0xDA, 0x72, 0x00, 0x00, 0x00, 0x00, 0x00, 0x8F, 0xFF, 0xFF, 0xFF, 0xFF, 0xFF, 0xFF, 0xFF, 0xB0, 0x00,
  0x08, 0xFF, 0xFF, 0xFF, 0xFF, 0xFF, 0xFF, 0xFF, 0xFB, 0x00, 0x00, 0x8F, 0xFF, 0xFF, 0xFF, 0xFF, 0xFF, 0xFF, 0xFF, 0xB0,
  0x00, 0x08, 0xFF, 0xFF, 0xFF, 0xFF, 0xFF, 0xFF, 0xFF, 0xFB, 0x00, 0x00, 0x8F, 0xFF, 0xF8, 0x00, 0x00, 0x00, 0x00, 0x00,
  0x00, 0x00, 0x08, 0xFF, 0xFF, 0x80, 0x00, 0x00, 0x00, 0x00, 0x00, 0x00, 0x00, 0x8F, 0xFF, 0xF8, 0x00, 0x00, 0x00, 0x00,
  0x00, 0x00, 0x00, 0x08, 0xFF, 0xFF, 0x80, 0x00, 0x00, 0x00, 0x00, 0x00, 0x00, 0x00, 0x8F, 0xFF, 0xFE, 0xDD, 0xDD, 0xDD,
  0xDD, 0xD6, 0x00, 0x00, 0x08, 0xFF, 0xFF, 0xFF, 0xFF, 0xFF, 0xFF, 0xFF, 0x60, 0x00, 0x00, 0x8F, 0xFF, 0xFF, 0xFF, 0xFF,
  0xFF, 0xFF, 0xF6, 0x00, 0x00, 0x08, 0xFF, 0xFF, 0xFF, 0xFF, 0xFF, 0xFF, 0xFF, 0x60, 0x00, 0x00, 0x8F, 0xFF, 0xF8, 0x00,
  0x00, 0x00, 0x00, 0x00, 0x00, 0x00, 0x08, 0xFF, 0xFF, 0x80, 0x00, 0x00, 0x00, 0x00, 0x00, 0x00, 0x00, 0x8F, 0xFF, 0xF8,
  0x00, 0x00, 0x00, 0x00, 0x00, 0x00, 0x00, 0x08, 0xFF, 0xFF, 0x80, 0x00, 0x00, 0x00, 0x00, 0x00, 0x00, 0x00, 0x8F, 0xFF,
  0xF8, 0x00, 0x00, 0x00, 0x00, 0x00, 0x00, 0x00, 0x08, 0xFF, 0xFF, 0xFF, 0xFF, 0xFF, 0xFF, 0xFF, 0xFF, 0x20, 0x00, 0x8F,
  0xFF, 0xFF, 0xFF, 0xFF, 0xFF, 0xFF, 0xFF, 0xF2, 0x00, 0x08, 0xFF, 0xFF, 0xFF, 0xFF, 0xFF, 0xFF, 0xFF, 0xFF, 0x20, 0x00,
  0x8F, 0xFF, 0xFF, 0xFF, 0xFF, 0xFF, 0xFF, 0xFF, 0xF2, 0x00, 0x00, 0x8F, 0xFF, 0xFF, 0xFF, 0xFF, 0xFF, 0xFF, 0xFF, 0xB0,
  0x00, 0x8F, 0xFF, 0xFF, 0xFF, 0xFF, 0xFF, 0xFF, 0xFF, 0xB0, 0x00, 0x8F, 0xFF, 0xFF, 0xFF, 0xFF, 0xFF, 0xFF, 0xFF, 0xB0,
  0x00, 0x8F, 0xFF, 0xFF, 0xFF, 0xFF, 0xFF, 0xFF, 0xFF, 0xB0, 0x00, 0x8F, 0xFF, 0xF8, 0x00, 0x00, 0x00, 0x00, 0x00, 0x00,
  0x00, 0x8F, 0xFF, 0xF8, 0x00, 0x00, 0x00, 0x00, 0x00, 0x00, 0x00, 0x8F, 0xFF, 0xF8, 0x00, 0x00, 0x00, 0x00, 0x00, 0x00,
  0x00, 0x8F, 0xFF, 0xF8, 0x00, 0x00, 0x00, 0x00, 0x00, 0x00, 0x00, 0x8F, 0xFF, 0xF8, 0x00, 0x00, 0x00, 0x00, 0x00, 0x00,
  0x00, 0x8F, 0xFF, 0xFF, 0xFF, 0xFF, 0xFF, 0xFF, 0xF6, 0x00, 0x00, 0x8F, 0xFF, 0xFF, 0xFF, 0xFF, 0xFF, 0xFF, 0xF6, 0x00,
  0x00, 0x8F, 0xFF, 0xFF, 0xFF, 0xFF, 0xFF, 0xFF, 0xF6, 0x00, 0x00, 0x8F, 0xFF, 0xFF, 0xFF, 0xFF, 0xFF, 0xFF, 0xF6, 0x00,
  0x00, 0x8F, 0xFF, 0xF8, 0x00, 0x00, 0x00, 0x00, 0x00, 0x00, 0x00, 0x8F, 0xFF, 0xF8, 0x00, 0x00, 0x00, 0x00, 0x00, 0x00,
  0x00, 0x8F, 0xFF, 0xF8, 0x00, 0x00, 0x00, 0x00, 0x00, 0x00, 0x00, 0x8F, 0xFF, 0xF8, 0x00, 0x00, 0x00, 0x00, 0x00, 0x00,
  0x00, 0x8F, 0xFF, 0xF8, 0x00, 0x00, 0x00, 0x00, 0x00, 0x00, 0x00, 0x8F, 0xFF, 0xF8, 0x00, 0x00, 0x00, 0x00, 0x00, 0x00,
  0x00, 0x8F, 0xFF, 0xF8, 0x00, 0x00, 0x00, 0x00, 0x00, 0x00, 0x00, 0x8F, 0xFF, 0xF8, 0x00, 0x00, 0x00, 0x00, 0x00, 0x00,
  0x00, 0x00, 0x00, 0x00, 0x59, 0xCD, 0xEE, 0xDC, 0x95, 0x10, 0x00, 0x00, 0x00, 0x00, 0x00, 0x6D, 0xFF, 0xFF, 0xFF, 0xFF,
  0xFF, 0xE8, 0x10, 0x00, 0x00, 0x00, 0x2B, 0xFF, 0xFF, 0xFF, 0xFF, 0xFF, 0xFF, 0xFF, 0xE5, 0x00, 0x00, 0x02, 0xDF, 0xFF,
  0xFF, 0xFF, 0xFF, 0xFF, 0xFF, 0xFF, 0xF8, 0x00, 0x00, 0x0C, 0xFF, 0xFF, 0xFF, 0xB8, 0x65, 0x69, 0xEF, 0xFF, 0x90, 0x00,
  0x00, 0x7F, 0xFF, 0xFF, 0xC4, 0x00, 0x00, 0x00, 0x18, 0xFA, 0x00, 0x00, 0x01, 0xEF, 0xFF, 0xFC, 0x00, 0x00, 0x00, 0x00,
  0x00, 0x40, 0x00, 0x00, 0x05, 0xFF, 0xFF, 0xE2, 0x00, 0x00, 0x00, 0x00, 0x00, 0x00, 0x00, 0x00, 0x0A, 0xFF, 0xFF, 0x90,
  0x00, 0x00, 0x00, 0x00, 0x00, 0x00, 0x00, 0x00, 0x0B, 0xFF, 0xFF, 0x50, 0x00, 0x00, 0x00, 0x00, 0x00, 0x00, 0x00, 0x00,
  0x0C, 0xFF, 0xFF, 0x40, 0x00, 0x00, 0x00, 0x00, 0x0C, 0xCC, 0xC7, 0x00, 0x0B, 0xFF, 0xFF, 0x50, 0x00, 0x00, 0x00, 0x00,
  0x0F, 0xFF, 0xF9, 0x00, 0x0A, 0xFF, 0xFF, 0x90, 0x00, 0x00, 0x00, 0x00, 0x0F, 0xFF, 0xF9, 0x00, 0x06, 0xFF, 0xFF, 0xE2,
  0x00, 0x00, 0x00, 0x00, 0x0F, 0xFF, 0xF9, 0x00, 0x01, 0xEF, 0xFF, 0xFC, 0x00, 0x00, 0x00, 0x00, 0x0F, 0xFF, 0xF9, 0x00,
  0x00, 0x7F, 0xFF, 0xFF, 0xC3, 0x00, 0x00, 0x00, 0x0F, 0xFF, 0xF9, 0x00, 0x00, 0x0C, 0xFF, 0xFF, 0xFF, 0xB8, 0x54, 0x69,
  0xDF, 0xFF, 0xF9, 0x00, 0x00, 0x02, 0xDF, 0xFF, 0xFF, 0xFF, 0xFF, 0xFF, 0xFF, 0xFF, 0xF9, 0x00, 0x00, 0x00, 0x2B, 0xFF,
  0xFF, 0xFF, 0xFF, 0xFF, 0xFF, 0xFF, 0xD4, 0x00, 0x00, 0x00, 0x00, 0x7D, 0xFF, 0xFF, 0xFF, 0xFF, 0xFF, 0xE8, 0x10, 0x00,
  0x00, 0x00, 0x00, 0x00, 0x59, 0xCE, 0xFE, 0xDC, 0x95, 0x00, 0x00, 0x00, 0x00, 0x8F, 0xFF, 0xF8, 0x00, 0x00, 0x00, 0x00,
  0x0C, 0xFF, 0xFF, 0x30, 0x00, 0x08, 0xFF, 0xFF, 0x80, 0x00, 0x00, 0x00, 0x00, 0xCF, 0xFF, 0xF3, 0x00, 0x00, 0x8F, 0xFF,
  0xF8, 0x00, 0x00, 0x00, 0x00, 0x0C, 0xFF, 0xFF, 0x30, 0x00, 0x08, 0xFF, 0xFF, 0x80, 0x00, 0x00, 0x00, 0x00, 0xCF, 0xFF,
  0xF3, 0x00, 0x00, 0x8F, 0xFF, 0xF8, 0x00, 0x00, 0x00, 0x00, 0x0C, 0xFF, 0xFF, 0x30, 0x00, 0x08, 0xFF, 0xFF, 0x80, 0x00,
  0x00, 0x00, 0x00, 0xCF, 0xFF, 0xF3, 0x00, 0x00, 0x8F, 0xFF, 0xF8, 0x00, 0x00, 0x00, 0x00, 0x0C, 0xFF, 0xFF, 0x30, 0x00,
  0x08, 0xFF, 0xFF, 0x80, 0x00, 0x00, 0x00, 0x00, 0xCF, 0xFF, 0xF3, 0x00, 0x00, 0x8F, 0xFF, 0xFF, 0xFF, 0xFF, 0xFF, 0xFF,
  0xFF, 0xFF, 0xFF, 0x30, 0x00, 0x08, 0xFF, 0xFF, 0xFF, 0xFF, 0xFF, 0xFF, 0xFF, 0xFF, 0xFF, 0xF3, 0x00, 0x00, 0x8F, 0xFF,
  0xFF, 0xFF, 0xFF, 0xFF, 0xFF, 0xFF, 0xFF, 0xFF, 0x30, 0x00, 0x08, 0xFF, 0xFF, 0xFF, 0xFF, 0xFF, 0xFF, 0xFF, 0xFF, 0xFF,
  0xF3, 0x00, 0x00, 0x8F, 0xFF, 0xF9, 0x44, 0x44, 0x44, 0x44, 0x4D, 0xFF, 0xFF, 0x30, 0x00, 0x08, 0xFF, 0xFF, 0x80, 0x00,
  0x00, 0x00, 0x00, 0xCF, 0xFF, 0xF3, 0x00, 0x00, 0x8F, 0xFF, 0xF8, 0x00, 0x00, 0x00, 0x00, 0x0C, 0xFF, 0xFF, 0x30, 0x00,
  0x08, 0xFF, 0xFF, 0x80, 0x00, 0x00, 0x00, 0x00, 0xCF, 0xFF, 0xF3, 0x00, 0x00, 0x8F, 0xFF, 0xF8, 0x00, 0x00, 0x00, 0x00,
  0x0C, 0xFF, 0xFF, 0x30, 0x00, 0x08, 0xFF, 0xFF, 0x80, 0x00, 0x00, 0x00, 0x00, 0xCF, 0xFF, 0xF3, 0x00, 0x00, 0x8F, 0xFF,
  0xF8, 0x00, 0x00, 0x00, 0x00, 0x0C, 0xFF, 0xFF, 0x30, 0x00, 0x08, 0xFF, 0xFF, 0x80, 0x00, 0x00, 0x00, 0x00, 0xCF, 0xFF,
  0xF3, 0x00, 0x00, 0x8F, 0xFF, 0xF8, 0x00, 0x00, 0x00, 0x00, 0x0C, 0xFF, 0xFF, 0x30, 0x00, 0x00, 0x8F, 0xFF, 0xF8, 0x00,
  0x00, 0x8F, 0xFF, 0xF8, 0x00, 0x00, 0x8F, 0xFF, 0xF8, 0x00, 0x00, 0x8F, 0xFF, 0xF8, 0x00, 0x00, 0x8F, 0xFF, 0xF8, 0x00,
  0x00, 0x8F, 0xFF, 0xF8, 0x00, 0x00, 0x8F, 0xFF, 0xF8, 0x00, 0x00, 0x8F, 0xFF, 0xF8, 0x00, 0x00, 0x8F, 0xFF, 0xF8, 0x00,
  0x00, 0x8F, 0xFF, 0xF8, 0x00, 0x00, 0x8F, 0xFF, 0xF8, 0x00, 0x00, 0x8F, 0xFF, 0xF8, 0x00, 0x00, 0x8F, 0xFF, 0xF8, 0x00,
  0x00, 0x8F, 0xFF, 0xF8, 0x00, 0x00, 0x8F, 0xFF, 0xF8, 0x00, 0x00, 0x8F, 0xFF, 0xF8, 0x00, 0x00, 0x8F, 0xFF, 0xF8, 0x00,
  0x00, 0x8F, 0xFF, 0xF8, 0x00, 0x00, 0x8F, 0xFF, 0xF8, 0x00, 0x00, 0x8F, 0xFF, 0xF8, 0x00, 0x00, 0x8F, 0xFF, 0xF8, 0x00,
  0x00, 0x5F, 0xFF, 0xFF, 0xFF, 0xFF, 0xFF, 0xF3, 0x00, 0x00, 0x5F, 0xFF, 0xFF, 0xFF, 0xFF, 0xFF, 0xF3, 0x00, 0x00, 0x5F,
  0xFF, 0xFF, 0xFF, 0xFF, 0xFF, 0xF3, 0x00, 0x00, 0x5F, 0xFF, 0xFF, 0xFF, 0xFF, 0xFF, 0xF3, 0x00, 0x00, 0x00, 0x00, 0x00,
  0x00, 0xCF, 0xFF, 0xF3, 0x00, 0x00, 0x00, 0x00, 0x00, 0x00, 0xCF, 0xFF, 0xF3, 0x00, 0x00, 0x00, 0x00, 0x00, 0x00, 0xCF,
  0xFF, 0xF3, 0x00, 0x00, 0x00, 0x00, 0x00, 0x00, 0xCF, 0xFF, 0xF3, 0x00, 0x00, 0x00, 0x00, 0x00, 0x00, 0xCF, 0xFF, 0xF3,
  0x00, 0x00, 0x00, 0x00, 0x00, 0x00, 0xCF, 0xFF, 0xF3, 0x00, 0x00, 0x00, 0x00, 0x00, 0x00, 0xCF, 0xFF, 0xF3, 0x00, 0x00,
  0x00, 0x00, 0x00, 0x00, 0xCF, 0xFF, 0xF3, 0x00, 0x00, 0x00, 0x00, 0x00, 0x00, 0xCF, 0xFF, 0xF3, 0x00, 0x00, 0x00, 0x00,
  0x00, 0x00, 0xCF, 0xFF, 0xF3, 0x00, 0x00, 0x02, 0x00, 0x00, 0x00, 0xDF, 0xFF, 0xF0, 0x00, 0x00, 0x7D, 0x30, 0x00, 0x04,
  0xFF, 0xFF, 0xD0, 0x00, 0x05, 0xFF, 0xE8, 0x32, 0x6D, 0xFF, 0xFF, 0xB0, 0x00, 0x4E, 0xFF, 0xFF, 0xFF, 0xFF, 0xFF, 0xFF,
  0x40, 0x00, 0x2D, 0xFF, 0xFF, 0xFF, 0xFF, 0xFF, 0xF9, 0x00, 0x00, 0x02, 0xAF, 0xFF, 0xFF, 0xFF, 0xFF, 0x81, 0x00, 0x00,
  0x00, 0x03, 0x9C, 0xEF, 0xDB, 0x93, 0x00, 0x00, 0x00, 0x00, 0x8F, 0xFF, 0xF8, 0x00, 0x00, 0x00, 0x00, 0x9F, 0xFF, 0xFD,
  0x20, 0x08, 0xFF, 0xFF, 0x80, 0x00, 0x00, 0x00, 0x9F, 0xFF, 0xFE, 0x20, 0x00, 0x8F, 0xFF, 0xF8, 0x00, 0x00, 0x00, 0x8F,
  0xFF, 0xFE, 0x30, 0x00, 0x08, 0xFF, 0xFF, 0x80, 0x00, 0x00, 0x8F, 0xFF, 0xFE, 0x30, 0x00, 0x00, 0x8F, 0xFF, 0xF8, 0x00,
  0x00, 0x7F, 0xFF, 0xFE, 0x40, 0x00, 0x00, 0x08, 0xFF, 0xFF, 0x80, 0x00, 0x7F, 0xFF, 0xFF, 0x50, 0x00, 0x00, 0x00, 0x8F,
  0xFF, 0xF8, 0x00, 0x6F, 0xFF, 0xFF, 0x50, 0x00, 0x00, 0x00, 0x08, 0xFF, 0xFF, 0x80, 0x6F, 0xFF, 0xFF, 0x60, 0x00, 0x00,
  0x00, 0x00, 0x8F, 0xFF, 0xF8, 0x5F, 0xFF, 0xFF, 0x70, 0x00, 0x00, 0x00, 0x00, 0x08, 0xFF, 0xFF, 0xBF, 0xFF, 0xFF, 0xC0,
  0x00, 0x00, 0x00, 0x00, 0x00, 0x8F, 0xFF, 0xFF, 0xFF, 0xFF, 0xFF, 0x80, 0x00, 0x00, 0x00, 0x00, 0x08, 0xFF, 0xFF, 0xFF,
  0xFF, 0xFF, 0xFF, 0x50, 0x00, 0x00, 0x00, 0x00, 0x8F, 0xFF, 0xFF, 0xFF, 0xEF, 0xFF, 0xFE, 0x30, 0x00, 0x00, 0x00, 0x08,
  0xFF, 0xFF, 0xFF, 0xA3, 0xEF, 0xFF, 0xFD, 0x10, 0x00, 0x00, 0x00, 0x8F, 0xFF, 0xFF, 0xA0, 0x05, 0xFF, 0xFF, 0xFB, 0x00,
  0x00, 0x00, 0x08, 0xFF, 0xFF, 0xB0, 0x00, 0x07, 0xFF, 0xFF, 0xF8, 0x00, 0x00, 0x00, 0x8F, 0xFF, 0xF8, 0x00, 0x00, 0x09,
  0xFF, 0xFF, 0xF6, 0x00, 0x00, 0x08, 0xFF, 0xFF, 0x80, 0x00, 0x00, 0x0B, 0xFF, 0xFF, 0xE3, 0x00, 0x00, 0x8F, 0xFF, 0xF8,
  0x00, 0x00, 0x00, 0x1D, 0xFF, 0xFF, 0xD1, 0x00, 0x08, 0xFF, 0xFF, 0x80, 0x00, 0x00, 0x00, 0x3E, 0xFF, 0xFF, 0xB0, 0x00,
  0x8F, 0xFF, 0xF8, 0x00, 0x00, 0x00, 0x00, 0x5F, 0xFF, 0xFF, 0x90, 0x00, 0x8F, 0xFF, 0xF8, 0x00, 0x00, 0x00, 0x00, 0x00,
  0x00, 0x08, 0xFF, 0xFF, 0x80, 0x00, 0x00, 0x00, 0x00, 0x00, 0x00, 0x8F, 0xFF, 0xF8, 0x00, 0x00, 0x00, 0x00, 0x00, 0x00,
  0x08, 0xFF, 0xFF, 0x80, 0x00, 0x00, 0x00, 0x00, 0x00, 0x00, 0x8F, 0xFF, 0xF8, 0x00, 0x00, 0x00, 0x00, 0x00, 0x00, 0x08,
  0xFF, 0xFF, 0x80, 0x00, 0x00, 0x00, 0x00, 0x00, 0x00, 0x8F, 0xFF, 0xF8, 0x00, 0x00, 0x00, 0x00, 0x00, 0x00, 0x08, 0xFF,
  0xFF, 0x80, 0x00, 0x00, 0x00, 0x00, 0x00, 0x00, 0x8F, 0xFF, 0xF8, 0x00, 0x00, 0x00, 0x00, 0x00, 0x00, 0x08, 0xFF, 0xFF,
  0x80, 0x00, 0x00, 0x00, 0x00, 0x00, 0x00, 0x8F, 0xFF, 0xF8, 0x00, 0x00, 0x00, 0x00, 0x00, 0x00, 0x08, 0xFF, 0xFF, 0x80,
  0x00, 0x00, 0x00, 0x00, 0x00, 0x00, 0x8F, 0xFF, 0xF8, 0x00, 0x00, 0x00, 0x00, 0x00, 0x00, 0x08, 0xFF, 0xFF, 0x80, 0x00,
  0x00, 0x00, 0x00, 0x00, 0x00, 0x8F, 0xFF, 0xF8, 0x00, 0x00, 0x00, 0x00, 0x00, 0x00, 0x08, 0xFF, 0xFF, 0x80, 0x00, 0x00,
  0x00, 0x00, 0x00, 0x00, 0x8F, 0xFF, 0xF8, 0x11, 0x11, 0x11, 0x11, 0x11, 0x00, 0x08, 0xFF, 0xFF, 0xFF, 0xFF, 0xFF, 0xFF,
  0xFF, 0xF4, 0x00, 0x8F, 0xFF, 0xFF, 0xFF, 0xFF, 0xFF, 0xFF, 0xFF, 0x40, 0x08, 0xFF, 0xFF, 0xFF, 0xFF, 0xFF, 0xFF, 0xFF,
  0xF4, 0x00, 0x8F, 0xFF, 0xFF, 0xFF, 0xFF, 0xFF, 0xFF, 0xFF, 0x40, 0x00, 0x8F, 0xFF, 0xE1, 0x00, 0x00, 0x00, 0x00, 0x00,
  0x00, 0x00, 0xCF, 0xFF, 0x90, 0x00, 0x08, 0xFF, 0xFF, 0x90, 0x00, 0x00, 0x00, 0x00, 0x00, 0x00, 0x7F, 0xFF, 0xF9, 0x00,
  0x00, 0x8F, 0xFF, 0xFF, 0x30, 0x00, 0x00, 0x00, 0x00, 0x00, 0x2E, 0xFF, 0xFF, 0xA0, 0x00, 0x08, 0xFF, 0xFF, 0xFC, 0x00,
  0x00, 0x00, 0x00, 0x00, 0x0A, 0xFF, 0xFF, 0xFA, 0x00, 0x00, 0x8F, 0xFF, 0xFF, 0xF7, 0x00, 0x00, 0x00, 0x00, 0x04, 0xFF,
  0xFF, 0xFF, 0xA0, 0x00, 0x08, 0xFF, 0xFF, 0xFF, 0xE2, 0x00, 0x00, 0x00, 0x00, 0xCF, 0xFF, 0xFF, 0xFA, 0x00, 0x00, 0x8F,
  0xFF, 0xFF, 0xFF, 0xA0, 0x00, 0x00, 0x00, 0x7F, 0xFF, 0xFF, 0xFF, 0xA0, 0x00, 0x08, 0xFF, 0xFF, 0xFF, 0xFF, 0x40, 0x00,
  0x00, 0x2E, 0xFF, 0xFF, 0xFF, 0xFA, 0x00, 0x00, 0x8F, 0xFF, 0xFF, 0xFF, 0xFD, 0x00, 0x00, 0x0A, 0xFF, 0xFE, 0xFF, 0xFF,
  0xA0, 0x00, 0x08, 0xFF, 0xFF, 0x8F, 0xFF, 0xF7, 0x00, 0x04, 0xFF, 0xFF, 0x6F, 0xFF, 0xFA, 0x00, 0x00, 0x8F, 0xFF, 0xF3,
  0xBF, 0xFF, 0xE2, 0x00, 0xDF, 0xFF, 0xB1, 0xFF, 0xFF, 0xA0, 0x00, 0x08, 0xFF, 0xFF, 0x32, 0xEF, 0xFF, 0xB0, 0x7F, 0xFF,
  0xF3, 0x1F, 0xFF, 0xFA, 0x00, 0x00, 0x8F, 0xFF, 0xF3, 0x08, 0xFF, 0xFF, 0x6E, 0xFF, 0xF8, 0x01, 0xFF, 0xFF, 0xA0, 0x00,
  0x08, 0xFF, 0xFF, 0x30, 0x0D, 0xFF, 0xFF, 0xFF, 0xFD, 0x10, 0x1F, 0xFF, 0xFA, 0x00, 0x00, 0x8F, 0xFF, 0xF3, 0x00, 0x4F,
  0xFF, 0xFF, 0xFF, 0x50, 0x00, 0xFF, 0xFF, 0xA0, 0x00, 0x08, 0xFF, 0xFF, 0x30, 0x00, 0xAF, 0xFF, 0xFF, 0xB0, 0x00, 0x0F,
  0xFF, 0xFA, 0x00, 0x00, 0x8F, 0xFF, 0xF3, 0x00, 0x02, 0xEF, 0xFF, 0xE2, 0x00, 0x00, 0xFF, 0xFF, 0xA0, 0x00, 0x08, 0xFF,
  0xFF, 0x30, 0x00, 0x06, 0xFF, 0xF8, 0x00, 0x00, 0x0F, 0xFF, 0xFA, 0x00, 0x00, 0x8F, 0xFF, 0xF3, 0x00, 0x00, 0x0A, 0xCB,
  0x00, 0x00, 0x00, 0xFF, 0xFF, 0xA0, 0x00, 0x08, 0xFF, 0xFF, 0x30, 0x00, 0x00, 0x00, 0x00, 0x00, 0x00, 0x0F, 0xFF, 0xFA,
  0x00, 0x00, 0x8F, 0xFF, 0xF3, 0x00, 0x00, 0x00, 0x00, 0x00, 0x00, 0x00, 0xFF, 0xFF, 0xA0, 0x00, 0x00, 0x8F, 0xFF, 0xE3,
  0x00, 0x00, 0x00, 0x00, 0x0C, 0xFF, 0xFF, 0x30, 0x00, 0x08, 0xFF, 0xFF, 0xD1, 0x00, 0x00, 0x00, 0x00, 0xCF, 0xFF, 0xF3,
  0x00, 0x00, 0x8F, 0xFF, 0xFF, 0xB0, 0x00, 0x00, 0x00, 0x0C, 0xFF, 0xFF, 0x30, 0x00, 0x08, 0xFF, 0xFF, 0xFF, 0x90, 0x00,
  0x00, 0x00, 0xCF, 0xFF, 0xF3, 0x00, 0x00, 0x8F, 0xFF, 0xFF, 0xFF, 0x60, 0x00, 0x00, 0x0C, 0xFF, 0xFF, 0x30, 0x00, 0x08,
  0xFF, 0xFF, 0xFF, 0xFF, 0x40, 0x00, 0x00, 0xCF, 0xFF, 0xF3, 0x00, 0x00, 0x8F, 0xFF, 0xFF, 0xFF, 0xFE, 0x30, 0x00, 0x0C,
  0xFF, 0xFF, 0x30, 0x00, 0x08, 0xFF, 0xFF, 0xFF, 0xFF, 0xFD, 0x10, 0x00, 0xCF, 0xFF, 0xF3, 0x00, 0x00, 0x8F, 0xFF, 0xFC,
  0xFF, 0xFF, 0xFB, 0x00, 0x0C, 0xFF, 0xFF, 0x30, 0x00, 0x08, 0xFF, 0xFF, 0x79, 0xFF, 0xFF, 0xF9, 0x00, 0xCF, 0xFF, 0xF3,
  0x00, 0x00, 0x8F, 0xFF, 0xF7, 0x0B, 0xFF, 0xFF, 0xF7, 0x0C, 0xFF, 0xFF, 0x30, 0x00, 0x08, 0xFF, 0xFF, 0x70, 0x1D, 0xFF,
  0xFF, 0xF4, 0xCF, 0xFF, 0xF3, 0x00, 0x00, 0x8F, 0xFF, 0xF7, 0x00, 0x3E, 0xFF, 0xFF, 0xED, 0xFF, 0xFF, 0x30, 0x00, 0x08,
  0xFF, 0xFF, 0x70, 0x00, 0x4F, 0xFF, 0xFF, 0xFF, 0xFF, 0xF3, 0x00, 0x00, 0x8F, 0xFF, 0xF7, 0x00, 0x00, 0x6F, 0xFF, 0xFF,
  0xFF, 0xFF, 0x30, 0x00, 0x08, 0xFF, 0xFF, 0x70, 0x00, 0x00, 0x9F, 0xFF, 0xFF, 0xFF, 0xF3, 0x00, 0x00, 0x8F, 0xFF, 0xF7,
  0x00, 0x00, 0x00, 0xBF, 0xFF, 0xFF, 0xFF, 0x30, 0x00, 0x08, 0xFF, 0xFF, 0x70, 0x00, 0x00, 0x01, 0xDF, 0xFF, 0xFF, 0xF3,
  0x00, 0x00, 0x8F, 0xFF, 0xF7, 0x00, 0x00, 0x00, 0x02, 0xEF, 0xFF, 0xFF, 0x30, 0x00, 0x08, 0xFF, 0xFF, 0x70, 0x00, 0x00,
  0x00, 0x04, 0xFF, 0xFF, 0xF3, 0x00, 0x00, 0x8F, 0xFF, 0xF7, 0x00, 0x00, 0x00, 0x00, 0x06, 0xFF, 0xFF, 0x30, 0x00, 0x00,
  0x00, 0x00, 0x00, 0x59, 0xCD, 0xFE, 0xDB, 0x83, 0x00, 0x00, 0x00, 0x00, 0x00, 0x00, 0x00, 0x6D, 0xFF, 0xFF, 0xFF, 0xFF,
  0xFF, 0xB4, 0x00, 0x00, 0x00, 0x00, 0x00, 0x1B, 0xFF, 0xFF, 0xFF, 0xFF, 0xFF, 0xFF, 0xFF, 0x80, 0x00, 0x00, 0x00, 0x01,
  0xDF, 0xFF, 0xFF, 0xFF, 0xFF, 0xFF, 0xFF, 0xFF, 0xFA, 0x00, 0x00, 0x00, 0x0C, 0xFF, 0xFF, 0xFF, 0xA8, 0x56, 0x8B, 0xFF,
  0xFF, 0xFF, 0x90, 0x00, 0x00, 0x7F, 0xFF, 0xFF, 0xC3, 0x00, 0x00, 0x00, 0x5D, 0xFF, 0xFF, 0xF4, 0x00, 0x01, 0xEF, 0xFF,
  0xFB, 0x00, 0x00, 0x00, 0x00, 0x02, 0xEF, 0xFF, 0xFB, 0x00, 0x05, 0xFF, 0xFF, 0xE2, 0x00, 0x00, 0x00, 0x00, 0x00, 0x5F,
  0xFF, 0xFF, 0x20, 0x0A, 0xFF, 0xFF, 0x90, 0x00, 0x00, 0x00, 0x00, 0x00, 0x0C, 0xFF, 0xFF, 0x60, 0x0B, 0xFF, 0xFF, 0x50,
  0x00, 0x00, 0x00, 0x00, 0x00, 0x09, 0xFF, 0xFF, 0x80, 0x0C, 0xFF, 0xFF, 0x40, 0x00, 0x00, 0x00, 0x00, 0x00, 0x08, 0xFF,
  0xFF, 0x90, 0x0B, 0xFF, 0xFF, 0x50, 0x00, 0x00, 0x00, 0x00, 0x00, 0x09, 0xFF, 0xFF, 0x80, 0x0A, 0xFF, 0xFF, 0x90, 0x00,
  0x00, 0x00, 0x00, 0x00, 0x0C, 0xFF, 0xFF, 0x60, 0x05, 0xFF, 0xFF, 0xE2, 0x00, 0x00, 0x00, 0x00, 0x00, 0x5F, 0xFF, 0xFF,
  0x20, 0x01, 0xEF, 0xFF, 0xFB, 0x00, 0x00, 0x00, 0x00, 0x01, 0xDF, 0xFF, 0xFC, 0x00, 0x00, 0x7F, 0xFF, 0xFF, 0xB3, 0x00,
  0x00, 0x00, 0x5D, 0xFF, 0xFF, 0xF4, 0x00, 0x00, 0x0C, 0xFF, 0xFF, 0xFF, 0xA7, 0x55, 0x8B, 0xFF, 0xFF, 0xFF, 0x90, 0x00,
  0x00, 0x02, 0xDF, 0xFF, 0xFF, 0xFF, 0xFF, 0xFF, 0xFF, 0xFF, 0xFB, 0x00, 0x00, 0x00, 0x00, 0x2B, 0xFF, 0xFF, 0xFF, 0xFF,
  0xFF, 0xFF, 0xFF, 0x90, 0x00, 0x00, 0x00, 0x00, 0x00, 0x6D, 0xFF, 0xFF, 0xFF, 0xFF, 0xFF, 0xC4, 0x00, 0x00, 0x00, 0x00,
  0x00, 0x00, 0x00, 0x59, 0xCE, 0xFE, 0xDC, 0x83, 0x00, 0x00, 0x00, 0x00, 0x00, 0x8F, 0xFF, 0xFF, 0xFF, 0xFF, 0xED, 0xB8,
  0x30, 0x00, 0x00, 0x00, 0x8F, 0xFF, 0xFF, 0xFF, 0xFF, 0xFF, 0xFF, 0xFA, 0x20, 0x00, 0x00, 0x8F, 0xFF, 0xFF, 0xFF, 0xFF,
  0xFF, 0xFF, 0xFF, 0xD3, 0x00, 0x00, 0x8F, 0xFF, 0xFF, 0xFF, 0xFF, 0xFF, 0xFF, 0xFF, 0xFD, 0x10, 0x00, 0x8F, 0xFF, 0xF8,
  0x11, 0x11, 0x36, 0xCF, 0xFF, 0xFF, 0x70, 0x00, 0x8F, 0xFF, 0xF8, 0x00, 0x00, 0x00, 0x0B, 0xFF, 0xFF, 0xC0, 0x00, 0x8F,
  0xFF, 0xF8, 0x00, 0x00, 0x00, 0x03, 0xFF, 0xFF, 0xF0, 0x00, 0x8F, 0xFF, 0xF8, 0x00, 0x00, 0x00, 0x00, 0xFF, 0xFF, 0xF1,
  0x00, 0x8F, 0xFF, 0xF8, 0x00, 0x00, 0x00, 0x03, 0xFF, 0xFF, 0xF0, 0x00, 0x8F, 0xFF, 0xF8, 0x00, 0x00, 0x00, 0x0A, 0xFF,
  0xFF, 0xC0, 0x00, 0x8F, 0xFF, 0xF8, 0x00, 0x00, 0x25, 0xBF, 0xFF, 0xFF, 0x80, 0x00, 0x8F, 0xFF, 0xFF, 0xFF, 0xFF, 0xFF,
  0xFF, 0xFF, 0xFD, 0x10, 0x00, 0x8F, 0xFF, 0xFF, 0xFF, 0xFF, 0xFF, 0xFF, 0xFF, 0xE3, 0x00, 0x00, 0x8F, 0xFF, 0xFF, 0xFF,
  0xFF, 0xFF, 0xFF, 0xFB, 0x20, 0x00, 0x00, 0x8F, 0xFF, 0xFF, 0xFF, 0xFF, 0xFE, 0xC9, 0x30, 0x00, 0x00, 0x00, 0x8F, 0xFF,
  0xF8, 0x11, 0x11, 0x00, 0x00, 0x00, 0x00, 0x00, 0x00, 0x8F, 0xFF, 0xF8, 0x00, 0x00, 0x00, 0x00, 0x00, 0x00, 0x00, 0x00,
  0x8F, 0xFF, 0xF8, 0x00, 0x00, 0x00, 0x00, 0x00, 0x00, 0x00, 0x00, 0x8F, 0xFF, 0xF8, 0x00, 0x00, 0x00, 0x00, 0x00, 0x00,
  0x00, 0x00, 0x8F, 0xFF, 0xF8, 0x00, 0x00, 0x00, 0x00, 0x00, 0x00, 0x00, 0x00, 0x8F, 0xFF, 0xF8, 0x00, 0x00, 0x00, 0x00,
  0x00, 0x00, 0x00, 0x00, 0x00, 0x00, 0x00, 0x49, 0xCD, 0xFE, 0xDB, 0x83, 0x00, 0x00, 0x00, 0x00, 0x00, 0x00, 0x00, 0x6D,
  0xFF, 0xFF, 0xFF, 0xFF, 0xFF, 0xB4, 0x00, 0x00, 0x00, 0x00, 0x00, 0x1A, 0xFF, 0xFF, 0xFF, 0xFF, 0xFF, 0xFF, 0xFF, 0x80,
  0x00, 0x00, 0x00, 0x01, 0xCF, 0xFF, 0xFF, 0xFF, 0xFF, 0xFF, 0xFF, 0xFF, 0xFA, 0x00, 0x00, 0x00, 0x0B, 0xFF, 0xFF, 0xFF,
  0xB8, 0x56, 0x9C, 0xFF, 0xFF, 0xFF, 0x80, 0x00, 0x00, 0x6F, 0xFF, 0xFF, 0xC4, 0x00, 0x00, 0x00, 0x6E, 0xFF, 0xFF, 0xF3,
  0x00, 0x00, 0xDF, 0xFF, 0xFC, 0x00, 0x00, 0x00, 0x00, 0x02, 0xEF, 0xFF, 0xFB, 0x00, 0x04, 0xFF, 0xFF, 0xF3, 0x00, 0x00,
  0x00, 0x00, 0x00, 0x6F, 0xFF, 0xFF, 0x10, 0x09, 0xFF, 0xFF, 0xA0, 0x00, 0x00, 0x00, 0x00, 0x00, 0x0D, 0xFF, 0xFF, 0x60,
  0x0B, 0xFF, 0xFF, 0x60, 0x00, 0x00, 0x00, 0x00, 0x00, 0x09, 0xFF, 0xFF, 0x80, 0x0C, 0xFF, 0xFF, 0x40, 0x00, 0x00, 0x00,
  0x00, 0x00, 0x08, 0xFF, 0xFF, 0x90, 0x0C, 0xFF, 0xFF, 0x50, 0x00, 0x00, 0x00, 0x00, 0x00, 0x08, 0xFF, 0xFF, 0x90, 0x0B,
  0xFF, 0xFF, 0x70, 0x00, 0x00, 0x00, 0x00, 0x00, 0x0A, 0xFF, 0xFF, 0x80, 0x07, 0xFF, 0xFF, 0xC0, 0x00, 0x00, 0x00, 0x00,
  0x00, 0x1E, 0xFF, 0xFF, 0x40, 0x03, 0xFF, 0xFF, 0xF6, 0x00, 0x00, 0x00, 0x00, 0x00, 0xAF, 0xFF, 0xFD, 0x00, 0x00, 0xBF,
  0xFF, 0xFE, 0x30, 0x00, 0x00, 0x00, 0x06, 0xFF, 0xFF, 0xF6, 0x00, 0x00, 0x3F, 0xFF, 0xFF, 0xF9, 0x10, 0x00, 0x02, 0xBF,
  0xFF, 0xFF, 0xD0, 0x00, 0x00, 0x06, 0xFF, 0xFF, 0xFF, 0xFD, 0xAB, 0xDF, 0xFF, 0xFF, 0xFE, 0x40, 0x00, 0x00, 0x00, 0x7F,
  0xFF, 0xFF, 0xFF, 0xFF, 0xFF, 0xFF, 0xFF, 0xE3, 0x00, 0x00, 0x00, 0x00, 0x05, 0xDF, 0xFF, 0xFF, 0xFF, 0xFF, 0xFF, 0xFB,
  0x20, 0x00, 0x00, 0x00, 0x00, 0x00, 0x06, 0xCF, 0xFF, 0xFF, 0xFF, 0xFA, 0x30, 0x00, 0x01, 0x00, 0x00, 0x00, 0x00, 0x00,
  0x01, 0x5B, 0xFF, 0xFF, 0xFB, 0x20, 0x00, 0x8E, 0x30, 0x00, 0x00, 0x00, 0x00, 0x00, 0x00, 0xAF, 0xFF, 0xFF, 0xEC, 0xCE,
  0xFF, 0xD2, 0x00, 0x00, 0x00, 0x00, 0x00, 0x00, 0x09, 0xFF, 0xFF, 0xFF, 0xFF, 0xFF, 0xF7, 0x00, 0x00, 0x00, 0x00, 0x00,
  0x00, 0x00, 0x5D, 0xFF, 0xFF, 0xFF, 0xFF, 0x80, 0x00, 0x00, 0x00, 0x00, 0x00, 0x00, 0x00, 0x01, 0x6B, 0xDE, 0xED, 0x93,
  0x00, 0x00, 0x8F, 0xFF, 0xFF, 0xFF, 0xFF, 0xED, 0xB8, 0x30, 0x00, 0x00, 0x00, 0x8F, 0xFF, 0xFF, 0xFF, 0xFF, 0xFF, 0xFF,
  0xFA, 0x20, 0x00, 0x00, 0x8F, 0xFF, 0xFF, 0xFF, 0xFF, 0xFF, 0xFF, 0xFF, 0xD3, 0x00, 0x00, 0x8F, 0xFF, 0xFF, 0xFF, 0xFF,
  0xFF, 0xFF, 0xFF, 0xFD, 0x10, 0x00, 0x8F, 0xFF, 0xF8, 0x11, 0x11, 0x36, 0xCF, 0xFF, 0xFF, 0x70, 0x00, 0x8F, 0xFF, 0xF8,
  0x00, 0x00, 0x00, 0x0B, 0xFF, 0xFF, 0xC0, 0x00, 0x8F, 0xFF, 0xF8, 0x00, 0x00, 0x00, 0x03, 0xFF, 0xFF, 0xF0, 0x00, 0x8F,
  0xFF, 0xF8, 0x00, 0x00, 0x00, 0x00, 0xFF, 0xFF, 0xF1, 0x00, 0x8F, 0xFF, 0xF8, 0x00, 0x00, 0x00, 0x03, 0xFF, 0xFF, 0xE0,
  0x00, 0x8F, 0xFF, 0xF8, 0x00, 0x00, 0x00, 0x0A, 0xFF, 0xFF, 0xC0, 0x00, 0x8F, 0xFF, 0xF8, 0x00, 0x00, 0x14, 0xBF, 0xFF,
  0xFF, 0x70, 0x00, 0x8F, 0xFF, 0xFF, 0xEE, 0xEE, 0xFF, 0xFF, 0xFF, 0xFD, 0x10, 0x00, 0x8F, 0xFF, 0xFF, 0xFF, 0xFF, 0xFF,
  0xFF, 0xFF, 0xE2, 0x00, 0x00, 0x8F, 0xFF, 0xFF, 0xFF, 0xFF, 0xFF, 0xFF, 0xFA, 0x20, 0x00, 0x00, 0x8F, 0xFF, 0xFF, 0xFF,
  0xFF, 0xFF, 0xFF, 0xE2, 0x00, 0x00, 0x00, 0x8F, 0xFF, 0xF8, 0x00, 0x00, 0xAF, 0xFF, 0xFB, 0x00, 0x00, 0x00, 0x8F, 0xFF,
  0xF8, 0x00, 0x00, 0x1D, 0xFF, 0xFF, 0x60, 0x00, 0x00, 0x8F, 0xFF, 0xF8, 0x00, 0x00, 0x05, 0xFF, 0xFF, 0xE2, 0x00, 0x00,
  0x8F, 0xFF, 0xF8, 0x00, 0x00, 0x00, 0x9F, 0xFF, 0xFC, 0x00, 0x00, 0x8F, 0xFF, 0xF8, 0x00, 0x00, 0x00, 0x1D, 0xFF, 0xFF,
  0x70, 0x00, 0x8F, 0xFF, 0xF8, 0x00, 0x00, 0x00, 0x04, 0xFF, 0xFF, 0xF3, 0x00, 0x00, 0x03, 0x8B, 0xDE, 0xFD, 0xBA, 0x71,
  0x00, 0x00, 0x00, 0x02, 0xBF, 0xFF, 0xFF, 0xFF, 0xFF, 0xFE, 0xA3, 0x00, 0x00, 0x3E, 0xFF, 0xFF, 0xFF, 0xFF, 0xFF, 0xFF,
  0xF8, 0x00, 0x00, 0xDF, 0xFF, 0xFF, 0xFF, 0xFF, 0xFF, 0xFF, 0xF2, 0x00, 0x06, 0xFF, 0xFF, 0xF9, 0x41, 0x13, 0x58, 0xEF,
  0xA0, 0x00, 0x0A, 0xFF, 0xFF, 0x80, 0x00, 0x00, 0x00, 0x06, 0x30, 0x00, 0x0B, 0xFF, 0xFF, 0x50, 0x00, 0x00, 0x00, 0x00,
  0x00, 0x00, 0x0A, 0xFF, 0xFF, 0xC3, 0x00, 0x00, 0x00, 0x00, 0x00, 0x00, 0x06, 0xFF, 0xFF, 0xFF, 0xB7, 0x30, 0x00, 0x00,
  0x00, 0x00, 0x00, 0xBF, 0xFF, 0xFF, 0xFF, 0xFE, 0xB7, 0x30, 0x00, 0x00, 0x00, 0x1C, 0xFF, 0xFF, 0xFF, 0xFF, 0xFF, 0xFB,
  0x30, 0x00, 0x00, 0x00, 0x5C, 0xFF, 0xFF, 0xFF, 0xFF, 0xFF, 0xE4, 0x00, 0x00, 0x00, 0x00, 0x26, 0xAD, 0xFF, 0xFF, 0xFF,
  0xFE, 0x20, 0x00, 0x00, 0x00, 0x00, 0x00, 0x26, 0xCF, 0xFF, 0xFF, 0x80, 0x00, 0x00, 0x00, 0x00, 0x00, 0x00, 0x09, 0xFF,
  0xFF, 0xA0, 0x00, 0x86, 0x00, 0x00, 0x00, 0x00, 0x07, 0xFF, 0xFF, 0x90, 0x03, 0xFF, 0xE9, 0x63, 0x10, 0x13, 0x7E, 0xFF,
  0xFF, 0x60, 0x0A, 0xFF, 0xFF, 0xFF, 0xFF, 0xFF, 0xFF, 0xFF, 0xFC, 0x00, 0x1D, 0xFF, 0xFF, 0xFF, 0xFF, 0xFF, 0xFF, 0xFF,
  0xD3, 0x00, 0x01, 0x8E, 0xFF, 0xFF, 0xFF, 0xFF, 0xFF, 0xFA, 0x20, 0x00, 0x00, 0x00, 0x58, 0xBD, 0xEF, 0xED, 0xB8, 0x30,
  0x00, 0x00, 0xEF, 0xFF, 0xFF, 0xFF, 0xFF, 0xFF, 0xFF, 0xFF, 0xFF, 0xCE, 0xFF, 0xFF, 0xFF, 0xFF, 0xFF, 0xFF, 0xFF, 0xFF,
  0xFC, 0xEF, 0xFF, 0xFF, 0xFF, 0xFF, 0xFF, 0xFF, 0xFF, 0xFF, 0xCE, 0xFF, 0xFF, 0xFF, 0xFF, 0xFF, 0xFF, 0xFF, 0xFF, 0xFC,
  0x11, 0x11, 0x11, 0x2F, 0xFF, 0xFE, 0x11, 0x11, 0x11, 0x10, 0x00, 0x00, 0x01, 0xFF, 0xFF, 0xE0, 0x00, 0x00, 0x00, 0x00,
  0x00, 0x00, 0x1F, 0xFF, 0xFE, 0x00, 0x00, 0x00, 0x00, 0x00, 0x00, 0x01, 0xFF, 0xFF, 0xE0, 0x00, 0x00, 0x00, 0x00, 0x00,
  0x00, 0x1F, 0xFF, 0xFE, 0x00, 0x00, 0x00, 0x00, 0x00, 0x00, 0x01, 0xFF, 0xFF, 0xE0, 0x00, 0x00, 0x00, 0x00, 0x00, 0x00,
  0x1F, 0xFF, 0xFE, 0x00, 0x00, 0x00, 0x00, 0x00, 0x00, 0x01, 0xFF, 0xFF, 0xE0, 0x00, 0x00, 0x00, 0x00, 0x00, 0x00, 0x1F,
  0xFF, 0xFE, 0x00, 0x00, 0x00, 0x00, 0x00, 0x00, 0x01, 0xFF, 0xFF, 0xE0, 0x00, 0x00, 0x00, 0x00, 0x00, 0x00, 0x1F, 0xFF,
  0xFE, 0x00, 0x00, 0x00, 0x00, 0x00, 0x00, 0x01, 0xFF, 0xFF, 0xE0, 0x00, 0x00, 0x00, 0x00, 0x00, 0x00, 0x1F, 0xFF, 0xFE,
  0x00, 0x00, 0x00, 0x00, 0x00, 0x00, 0x01, 0xFF, 0xFF, 0xE0, 0x00, 0x00, 0x00, 0x00, 0x00, 0x00, 0x1F, 0xFF, 0xFE, 0x00,
  0x00, 0x00, 0x00, 0x00, 0x00, 0x01, 0xFF, 0xFF, 0xE0, 0x00, 0x00, 0x00, 0x00, 0x00, 0x00, 0x1F, 0xFF, 0xFE, 0x00, 0x00,
  0x00, 0x00, 0x00, 0xAF, 0xFF, 0xF5, 0x00, 0x00, 0x00, 0x00, 0x3F, 0xFF, 0xFB, 0x00, 0x00, 0xAF, 0xFF, 0xF5, 0x00, 0x00,
  0x00, 0x00, 0x3F, 0xFF, 0xFB, 0x00, 0x00, 0xAF, 0xFF, 0xF5, 0x00, 0x00, 0x00, 0x00, 0x3F, 0xFF, 0xFB, 0x00, 0x00, 0xAF,
  0xFF, 0xF5, 0x00, 0x00, 0x00, 0x00, 0x3F, 0xFF, 0xFB, 0x00, 0x00, 0xAF, 0xFF, 0xF5, 0x00, 0x00, 0x00, 0x00, 0x3F, 0xFF,
  0xFB, 0x00, 0x00, 0xAF, 0xFF, 0xF5, 0x00, 0x00, 0x00, 0x00, 0x3F, 0xFF, 0xFB, 0x00, 0x00, 0xAF, 0xFF, 0xF5, 0x00, 0x00,
  0x00, 0x00, 0x3F, 0xFF, 0xFB, 0x00, 0x00, 0xAF, 0xFF, 0xF5, 0x00, 0x00, 0x00, 0x00, 0x3F, 0xFF, 0xFB, 0x00, 0x00, 0xAF,
  0xFF, 0xF5, 0x00, 0x00, 0x00, 0x00, 0x3F, 0xFF, 0xFB, 0x00, 0x00, 0xAF, 0xFF, 0xF5, 0x00, 0x00, 0x00, 0x00, 0x3F, 0xFF,
  0xFB, 0x00, 0x00, 0xAF, 0xFF, 0xF5, 0x00, 0x00, 0x00, 0x00, 0x3F, 0xFF, 0xFB, 0x00, 0x00, 0xAF, 0xFF, 0xF6, 0x00, 0x00,
  0x00, 0x00, 0x4F, 0xFF, 0xFB, 0x00, 0x00, 0x9F, 0xFF, 0xF8, 0x00, 0x00, 0x00, 0x00, 0x6F, 0xFF, 0xFA, 0x00, 0x00, 0x8F,
  0xFF, 0xFA, 0x00, 0x00, 0x00, 0x00, 0x8F, 0xFF, 0xF9, 0x00, 0x00, 0x5F, 0xFF, 0xFE, 0x20, 0x00, 0x00, 0x00, 0xDF, 0xFF,
  0xF6, 0x00, 0x00, 0x1E, 0xFF, 0xFF, 0xA1, 0x00, 0x00, 0x09, 0xFF, 0xFF, 0xF2, 0x00, 0x00, 0x09, 0xFF, 0xFF, 0xFD, 0x85,
  0x57, 0xCF, 0xFF, 0xFF, 0x90, 0x00, 0x00, 0x01, 0xDF, 0xFF, 0xFF, 0xFF, 0xFF, 0xFF, 0xFF, 0xFE, 0x20, 0x00, 0x00, 0x00,
  0x3E, 0xFF, 0xFF, 0xFF, 0xFF, 0xFF, 0xFF, 0xE4, 0x00, 0x00, 0x00, 0x00, 0x02, 0xBF, 0xFF, 0xFF, 0xFF, 0xFF, 0xFB, 0x20,
  0x00, 0x00, 0x00, 0x00, 0x00, 0x03, 0x8C, 0xEF, 0xFE, 0xC9, 0x30, 0x00, 0x00, 0x00, 0x2F, 0xFF, 0xFF, 0x50, 0x00, 0x00,
  0x00, 0x00, 0x00, 0x2F, 0xFF, 0xFD, 0x00, 0xAF, 0xFF, 0xFB, 0x00, 0x00, 0x00, 0x00, 0x00, 0x08, 0xFF, 0xFF, 0x70, 0x04,
  0xFF, 0xFF, 0xF3, 0x00, 0x00, 0x00, 0x00, 0x01, 0xEF, 0xFF, 0xE1, 0x00, 0x0C, 0xFF, 0xFF, 0x90, 0x00, 0x00, 0x00, 0x00,
  0x6F, 0xFF, 0xF9, 0x00, 0x00, 0x5F, 0xFF, 0xFE, 0x10, 0x00, 0x00, 0x00, 0x0C, 0xFF, 0xFF, 0x30, 0x00, 0x00, 0xDF, 0xFF,
  0xF8, 0x00, 0x00, 0x00, 0x05, 0xFF, 0xFF, 0xB0, 0x00, 0x00, 0x07, 0xFF, 0xFF, 0xD0, 0x00, 0x00, 0x00, 0xBF, 0xFF, 0xF4,
  0x00, 0x00, 0x00, 0x1E, 0xFF, 0xFF, 0x60, 0x00, 0x00, 0x3F, 0xFF, 0xFC, 0x00, 0x00, 0x00, 0x00, 0x9F, 0xFF, 0xFC, 0x00,
  0x00, 0x09, 0xFF, 0xFF, 0x60, 0x00, 0x00, 0x00, 0x02, 0xFF, 0xFF, 0xF4, 0x00, 0x01, 0xEF, 0xFF, 0xE0, 0x00, 0x00, 0x00,
  0x00, 0x0B, 0xFF, 0xFF, 0xA0, 0x00, 0x7F, 0xFF, 0xF8, 0x00, 0x00, 0x00, 0x00, 0x00, 0x4F, 0xFF, 0xFF, 0x20, 0x0D, 0xFF,
  0xFE, 0x20, 0x00, 0x00, 0x00, 0x00, 0x00, 0xCF, 0xFF, 0xF8, 0x06, 0xFF, 0xFF, 0xA0, 0x00, 0x00, 0x00, 0x00, 0x00, 0x06,
  0xFF, 0xFF, 0xE1, 0xCF, 0xFF, 0xF3, 0x00, 0x00, 0x00, 0x00, 0x00, 0x00, 0x0E, 0xFF, 0xFF, 0x9F, 0xFF, 0xFB, 0x00, 0x00,
  0x00, 0x00, 0x00, 0x00, 0x00, 0x8F, 0xFF, 0xFF, 0xFF, 0xFF, 0x50, 0x00, 0x00, 0x00, 0x00, 0x00, 0x00, 0x02, 0xEF, 0xFF,
  0xFF, 0xFF, 0xD0, 0x00, 0x00, 0x00, 0x00, 0x00, 0x00, 0x00, 0x0A, 0xFF, 0xFF, 0xFF, 0xF7, 0x00, 0x00, 0x00, 0x00, 0x00,
  0x00, 0x00, 0x00, 0x3F, 0xFF, 0xFF, 0xFE, 0x10, 0x00, 0x00, 0x00, 0x00, 0x00, 0x00, 0x00, 0x00, 0xBF, 0xFF, 0xFF, 0x80,
  0x00, 0x00, 0x00, 0x00, 0x00, 0x00, 0x00, 0x00, 0x05, 0xFF, 0xFF, 0xF2, 0x00, 0x00, 0x00, 0x00, 0x00, 0x3F, 0xFF, 0xFE,
  0x10, 0x00, 0x00, 0x00, 0x08, 0xFF, 0xFF, 0x70, 0x00, 0x00, 0x00, 0x01, 0xFF, 0xFF, 0xB0, 0x0D, 0xFF, 0xFF, 0x50, 0x00,
  0x00, 0x00, 0x0D, 0xFF, 0xFF, 0xC0, 0x00, 0x00, 0x00, 0x07, 0xFF, 0xFF, 0x60, 0x08, 0xFF, 0xFF, 0xA0, 0x00, 0x00, 0x00,
  0x4F, 0xFF, 0xFF, 0xF2, 0x00, 0x00, 0x00, 0x0B, 0xFF, 0xFF, 0x10, 0x03, 0xFF, 0xFF, 0xE0, 0x00, 0x00, 0x00, 0x9F, 0xFF,
  0xFF, 0xF7, 0x00, 0x00, 0x00, 0x2F, 0xFF, 0xFB, 0x00, 0x00, 0xDF, 0xFF, 0xF5, 0x00, 0x00, 0x00, 0xDF, 0xFF, 0xFF, 0xFB,
  0x00, 0x00, 0x00, 0x7F, 0xFF, 0xF6, 0x00, 0x00, 0x8F, 0xFF, 0xFA, 0x00, 0x00, 0x04, 0xFF, 0xFF, 0xFF, 0xFF, 0x20, 0x00,
  0x00, 0xBF, 0xFF, 0xF1, 0x00, 0x00, 0x3F, 0xFF, 0xFE, 0x00, 0x00, 0x09, 0xFF, 0xFF, 0xFF, 0xFF, 0x70, 0x00, 0x02, 0xFF,
  0xFF, 0xB0, 0x00, 0x00, 0x0D, 0xFF, 0xFF, 0x50, 0x00, 0x0E, 0xFF, 0xFA, 0xEF, 0xFF, 0xB0, 0x00, 0x07, 0xFF, 0xFF, 0x60,
  0x00, 0x00, 0x08, 0xFF, 0xFF, 0x90, 0x00, 0x4F, 0xFF, 0xF5, 0xAF, 0xFF, 0xF1, 0x00, 0x0B, 0xFF, 0xFF, 0x10, 0x00, 0x00,
  0x03, 0xFF, 0xFF, 0xE0, 0x00, 0x9F, 0xFF, 0xE0, 0x5F, 0xFF, 0xF6, 0x00, 0x2F, 0xFF, 0xFB, 0x00, 0x00, 0x00, 0x00, 0xDF,
  0xFF, 0xF4, 0x00, 0xEF, 0xFF, 0x90, 0x0E, 0xFF, 0xFB, 0x00, 0x7F, 0xFF, 0xF6, 0x00, 0x00, 0x00, 0x00, 0x8F, 0xFF, 0xF9,
  0x05, 0xFF, 0xFF, 0x40, 0x0A, 0xFF, 0xFF, 0x10, 0xBF, 0xFF, 0xF1, 0x00, 0x00, 0x00, 0x00, 0x3F, 0xFF, 0xFD, 0x0A, 0xFF,
  0xFE, 0x00, 0x05, 0xFF, 0xFF, 0x62, 0xFF, 0xFF, 0xB0, 0x00, 0x00, 0x00, 0x00, 0x0D, 0xFF, 0xFF, 0x4E, 0xFF, 0xF9, 0x00,
  0x00, 0xEF, 0xFF, 0xB7, 0xFF, 0xFF, 0x60, 0x00, 0x00, 0x00, 0x00, 0x08, 0xFF, 0xFF, 0xCF, 0xFF, 0xF4, 0x00, 0x00, 0xAF,
  0xFF, 0xFC, 0xFF, 0xFF, 0x10, 0x00, 0x00, 0x00, 0x00, 0x03, 0xFF, 0xFF, 0xFF, 0xFF, 0xD0, 0x00, 0x00, 0x5F, 0xFF, 0xFF,
  0xFF, 0xFB, 0x00, 0x00, 0x00, 0x00, 0x00, 0x00, 0xDF, 0xFF, 0xFF, 0xFF, 0x90, 0x00, 0x00, 0x0E, 0xFF, 0xFF, 0xFF, 0xF6,
  0x00, 0x00, 0x00, 0x00, 0x00, 0x00, 0x8F, 0xFF, 0xFF, 0xFF, 0x30, 0x00, 0x00, 0x0A, 0xFF, 0xFF, 0xFF, 0xF1, 0x00, 0x00,
  0x00, 0x00, 0x00, 0x00, 0x3F, 0xFF, 0xFF, 0xFD, 0x00, 0x00, 0x00, 0x05, 0xFF, 0xFF, 0xFF, 0xB0, 0x00, 0x00, 0x00, 0x00,
  0x00, 0x00, 0x0D, 0xFF, 0xFF, 0xF8, 0x00, 0x00, 0x00, 0x01, 0xEF, 0xFF, 0xFF, 0x60, 0x00, 0x00, 0x00, 0x00, 0x00, 0x00,
  0x08, 0xFF, 0xFF, 0xF3, 0x00, 0x00, 0x00, 0x00, 0xAF, 0xFF, 0xFF, 0x10, 0x00, 0x00, 0x00, 0x4F, 0xFF, 0xFF, 0x80, 0x00,
  0x00, 0x00, 0x08, 0xFF, 0xFF, 0xD1, 0x07, 0xFF, 0xFF, 0xF4, 0x00, 0x00, 0x00, 0x4F, 0xFF, 0xFE, 0x30, 0x00, 0xBF, 0xFF,
  0xFD, 0x10, 0x00, 0x01, 0xDF, 0xFF, 0xF6, 0x00, 0x00, 0x2E, 0xFF, 0xFF, 0xA0, 0x00, 0x0A, 0xFF, 0xFF, 0xA0, 0x00, 0x00,
  0x05, 0xFF, 0xFF, 0xF6, 0x00, 0x6F, 0xFF, 0xFD, 0x10, 0x00, 0x00, 0x00, 0x9F, 0xFF, 0xFE, 0x32, 0xEF, 0xFF, 0xF4, 0x00,
  0x00, 0x00, 0x00, 0x0C, 0xFF, 0xFF, 0xCC, 0xFF, 0xFF, 0x70, 0x00, 0x00, 0x00, 0x00, 0x03, 0xEF, 0xFF, 0xFF, 0xFF, 0xFB,
  0x00, 0x00, 0x00, 0x00, 0x00, 0x00, 0x6F, 0xFF, 0xFF, 0xFF, 0xE2, 0x00, 0x00, 0x00, 0x00, 0x00, 0x00, 0x0A, 0xFF, 0xFF,
  0xFF, 0x40, 0x00, 0x00, 0x00, 0x00, 0x00, 0x00, 0x04, 0xFF, 0xFF, 0xFE, 0x20, 0x00, 0x00, 0x00, 0x00, 0x00, 0x00, 0x1D,
  0xFF, 0xFF, 0xFF, 0xC0, 0x00, 0x00, 0x00, 0x00, 0x00, 0x00, 0xAF, 0xFF, 0xFF, 0xFF, 0xF8, 0x00, 0x00, 0x00, 0x00, 0x00,
  0x06, 0xFF, 0xFF, 0xEF, 0xFF, 0xFF, 0x40, 0x00, 0x00, 0x00, 0x00, 0x3E, 0xFF, 0xFF, 0x5A, 0xFF, 0xFF, 0xD2, 0x00, 0x00,
  0x00, 0x01, 0xDF, 0xFF, 0xFA, 0x01, 0xDF, 0xFF, 0xFB, 0x00, 0x00, 0x00, 0x09, 0xFF, 0xFF, 0xD1, 0x00, 0x4F, 0xFF, 0xFF,
  0x70, 0x00, 0x00, 0x6F, 0xFF, 0xFF, 0x40, 0x00, 0x08, 0xFF, 0xFF, 0xF3, 0x00, 0x03, 0xEF, 0xFF, 0xF8, 0x00, 0x00, 0x00,
  0xCF, 0xFF, 0xFD, 0x10, 0x1C, 0xFF, 0xFF, 0xC0, 0x00, 0x00, 0x00, 0x3E, 0xFF, 0xFF, 0xA0, 0x9F, 0xFF, 0xFE, 0x30, 0x00,
  0x00, 0x00, 0x06, 0xFF, 0xFF, 0xF6, 0x3F, 0xFF, 0xFF, 0x30, 0x00, 0x00, 0x00, 0x00, 0x2E, 0xFF, 0xFC, 0x00, 0x9F, 0xFF,
  0xFC, 0x00, 0x00, 0x00, 0x00, 0x0B, 0xFF, 0xFF, 0x40, 0x01, 0xDF, 0xFF, 0xF6, 0x00, 0x00, 0x00, 0x05, 0xFF, 0xFF, 0x90,
  0x00, 0x05, 0xFF, 0xFF, 0xE1, 0x00, 0x00, 0x01, 0xDF, 0xFF, 0xE1, 0x00, 0x00, 0x0B, 0xFF, 0xFF, 0x90, 0x00, 0x00, 0x8F,
  0xFF, 0xF6, 0x00, 0x00, 0x00, 0x2E, 0xFF, 0xFF, 0x40, 0x00, 0x3F, 0xFF, 0xFC, 0x00, 0x00, 0x00, 0x00, 0x8F, 0xFF, 0xFC,
  0x00, 0x0B, 0xFF, 0xFF, 0x30, 0x00, 0x00, 0x00, 0x00, 0xDF, 0xFF, 0xF7, 0x06, 0xFF, 0xFF, 0x80, 0x00, 0x00, 0x00, 0x00,
  0x04, 0xFF, 0xFF, 0xE3, 0xEF, 0xFF, 0xD1, 0x00, 0x00, 0x00, 0x00, 0x00, 0x0A, 0xFF, 0xFF, 0xEF, 0xFF, 0xF5, 0x00, 0x00,
  0x00, 0x00, 0x00, 0x00, 0x2E, 0xFF, 0xFF, 0xFF, 0xFB, 0x00, 0x00, 0x00, 0x00, 0x00, 0x00, 0x00, 0x7F, 0xFF, 0xFF, 0xFE,
  0x20, 0x00, 0x00, 0x00, 0x00, 0x00, 0x00, 0x00, 0xCF, 0xFF, 0xFF, 0x80, 0x00, 0x00, 0x00, 0x00, 0x00, 0x00, 0x00, 0x04,
  0xFF, 0xFF, 0xD0, 0x00, 0x00, 0x00, 0x00, 0x00, 0x00, 0x00, 0x00, 0x3F, 0xFF, 0xFC, 0x00, 0x00, 0x00, 0x00, 0x00, 0x00,
  0x00, 0x00, 0x03, 0xFF, 0xFF, 0xC0, 0x00, 0x00, 0x00, 0x00, 0x00, 0x00, 0x00, 0x00, 0x3F, 0xFF, 0xFC, 0x00, 0x00, 0x00,
  0x00, 0x00, 0x00, 0x00, 0x00, 0x03, 0xFF, 0xFF, 0xC0, 0x00, 0x00, 0x00, 0x00, 0x00, 0x00, 0x00, 0x00, 0x3F, 0xFF, 0xFC,
  0x00, 0x00, 0x00, 0x00, 0x00, 0x00, 0x00, 0x00, 0x03, 0xFF, 0xFF, 0xC0, 0x00, 0x00, 0x00, 0x00, 0x00, 0x00, 0x00, 0x00,
  0x3F, 0xFF, 0xFC, 0x00, 0x00, 0x00, 0x00, 0x00, 0x0A, 0xFF, 0xFF, 0xFF, 0xFF, 0xFF, 0xFF, 0xFF, 0xFF, 0xF7, 0x00, 0xAF,
  0xFF, 0xFF, 0xFF, 0xFF, 0xFF, 0xFF, 0xFF, 0xFF, 0x70, 0x0A, 0xFF, 0xFF, 0xFF, 0xFF, 0xFF, 0xFF, 0xFF, 0xFF, 0xF7, 0x00,
  0xAF, 0xFF, 0xFF, 0xFF, 0xFF, 0xFF, 0xFF, 0xFF, 0xFE, 0x40, 0x01, 0x11, 0x11, 0x11, 0x11, 0x11, 0x9F, 0xFF, 0xFF, 0x60,
  0x00, 0x00, 0x00, 0x00, 0x00, 0x00, 0x6F, 0xFF, 0xFF, 0x80, 0x00, 0x00, 0x00, 0x00, 0x00, 0x00, 0x4F, 0xFF, 0xFF, 0xA0,
  0x00, 0x00, 0x00, 0x00, 0x00, 0x00, 0x3E, 0xFF, 0xFF, 0xC1, 0x00, 0x00, 0x00, 0x00, 0x00, 0x00, 0x1D, 0xFF, 0xFF, 0xD1,
  0x00, 0x00, 0x00, 0x00, 0x00, 0x00, 0x1C, 0xFF, 0xFF, 0xE3, 0x00, 0x00, 0x00, 0x00, 0x00, 0x00, 0x0A, 0xFF, 0xFF, 0xF4,
  0x00, 0x00, 0x00, 0x00, 0x00, 0x00, 0x08, 0xFF, 0xFF, 0xF6, 0x00, 0x00, 0x00, 0x00, 0x00, 0x00, 0x06, 0xFF, 0xFF, 0xF8,
  0x00, 0x00, 0x00, 0x00, 0x00, 0x00, 0x04, 0xFF, 0xFF, 0xFA, 0x00, 0x00, 0x00, 0x00, 0x00, 0x00, 0x03, 0xEF, 0xFF, 0xFC,
  0x10, 0x00, 0x00, 0x00, 0x00, 0x00, 0x01, 0xDF, 0xFF, 0xFD, 0x20, 0x00, 0x00, 0x00, 0x00, 0x00, 0x00, 0xBF, 0xFF, 0xFE,
  0x41, 0x11, 0x11, 0x11, 0x11, 0x11, 0x00, 0x9F, 0xFF, 0xFF, 0xFF, 0xFF, 0xFF, 0xFF, 0xFF, 0xFF, 0xD0, 0x0D, 0xFF, 0xFF,
  0xFF, 0xFF, 0xFF, 0xFF, 0xFF, 0xFF, 0xFD, 0x00, 0xDF, 0xFF, 0xFF, 0xFF, 0xFF, 0xFF, 0xFF, 0xFF, 0xFF, 0xD0, 0x0D, 0xFF,
  0xFF, 0xFF, 0xFF, 0xFF, 0xFF, 0xFF, 0xFF, 0xFD, 0x00, 0x00, 0x8F, 0xFF, 0xFF, 0xFF, 0xD0, 0x08, 0xFF, 0xFF, 0xFF, 0xFD,
  0x00, 0x8F, 0xFF, 0xFF, 0xFF, 0xD0, 0x08, 0xFF, 0xFF, 0xDC, 0xCA, 0x00, 0x8F, 0xFF, 0xF5, 0x00, 0x00, 0x08, 0xFF, 0xFF,
  0x50, 0x00, 0x00, 0x8F, 0xFF, 0xF5, 0x00, 0x00, 0x08, 0xFF, 0xFF, 0x50, 0x00, 0x00, 0x8F, 0xFF, 0xF5, 0x00, 0x00, 0x08,
  0xFF, 0xFF, 0x50, 0x00, 0x00, 0x8F, 0xFF, 0xF5, 0x00, 0x00, 0x08, 0xFF, 0xFF, 0x50, 0x00, 0x00, 0x8F, 0xFF, 0xF5, 0x00,
  0x00, 0x08, 0xFF, 0xFF, 0x50, 0x00, 0x00, 0x8F, 0xFF, 0xF5, 0x00, 0x00, 0x08, 0xFF, 0xFF, 0x50, 0x00, 0x00, 0x8F, 0xFF,
  0xF5, 0x00, 0x00, 0x08, 0xFF, 0xFF, 0x50, 0x00, 0x00, 0x8F, 0xFF, 0xF5, 0x00, 0x00, 0x08, 0xFF, 0xFF, 0x50, 0x00, 0x00,
  0x8F, 0xFF, 0xF5, 0x00, 0x00, 0x08, 0xFF, 0xFF, 0x50, 0x00, 0x00, 0x8F, 0xFF, 0xF5, 0x00, 0x00, 0x08, 0xFF, 0xFF, 0x50,
  0x00, 0x00, 0x8F, 0xFF, 0xF5, 0x00, 0x00, 0x08, 0xFF, 0xFF, 0xCB, 0xBA, 0x00, 0x8F, 0xFF, 0xFF, 0xFF, 0xD0, 0x08, 0xFF,
  0xFF, 0xFF, 0xFD, 0x00, 0x8F, 0xFF, 0xFF, 0xFF, 0xD0, 0x3C, 0xCC, 0xC1, 0x00, 0x00, 0x00, 0x00, 0x00, 0x0D, 0xFF, 0xF6,
  0x00, 0x00, 0x00, 0x00, 0x00, 0x09, 0xFF, 0xFB, 0x00, 0x00, 0x00, 0x00, 0x00, 0x03, 0xFF, 0xFF, 0x20, 0x00, 0x00, 0x00,
  0x00, 0x00, 0xDF, 0xFF, 0x70, 0x00, 0x00, 0x00, 0x00, 0x00, 0x8F, 0xFF, 0xC0, 0x00, 0x00, 0x00, 0x00, 0x00, 0x3F, 0xFF,
  0xF3, 0x00, 0x00, 0x00, 0x00, 0x00, 0x0C, 0xFF, 0xF8, 0x00, 0x00, 0x00, 0x00, 0x00, 0x07, 0xFF, 0xFD, 0x00, 0x00, 0x00,
  0x00, 0x00, 0x02, 0xFF, 0xFF, 0x30, 0x00, 0x00, 0x00, 0x00, 0x00, 0xBF, 0xFF, 0x90, 0x00, 0x00, 0x00, 0x00, 0x00, 0x6F,
  0xFF, 0xD0, 0x00, 0x00, 0x00, 0x00, 0x00, 0x1F, 0xFF, 0xF4, 0x00, 0x00, 0x00, 0x00, 0x00, 0x0B, 0xFF, 0xF9, 0x00, 0x00,
  0x00, 0x00, 0x00, 0x06, 0xFF, 0xFE, 0x00, 0x00, 0x00, 0x00, 0x00, 0x01, 0xEF, 0xFF, 0x50, 0x00, 0x00, 0x00, 0x00, 0x00,
  0xAF, 0xFF, 0xA0, 0x00, 0x00, 0x00, 0x00, 0x00, 0x5F, 0xFF, 0xE1, 0x00, 0x00, 0x00, 0x00, 0x00, 0x0E, 0xFF, 0xF6, 0x00,
  0x00, 0x00, 0x00, 0x00, 0x09, 0xFF, 0xFB, 0x00, 0x00, 0x00, 0x00, 0x00, 0x04, 0xFF, 0xFF, 0x10, 0x00, 0x00, 0x00, 0x00,
  0x00, 0xDF, 0xFF, 0x70, 0x00, 0x00, 0x00, 0x00, 0x00, 0x9F, 0xFF, 0xC0, 0x00, 0x00, 0x00, 0x00, 0x00, 0x3F, 0xFF, 0xF2,
  0x00, 0x00, 0x00, 0x00, 0x00, 0x0D, 0xFF, 0xF7, 0x00, 0x00, 0x00, 0x00, 0x00, 0x08, 0xFF, 0xFC, 0x00, 0x00, 0x00, 0x00,
  0x00, 0x02, 0xFF, 0xFF, 0x30, 0x00, 0x00, 0x00, 0x00, 0x00, 0xCF, 0xFF, 0x80, 0x00, 0x00, 0x00, 0x00, 0x00, 0x7F, 0xFF,
  0xD0, 0x9F, 0xFF, 0xFF, 0xFF, 0xB0, 0x09, 0xFF, 0xFF, 0xFF, 0xFB, 0x00, 0x9F, 0xFF, 0xFF, 0xFF, 0xB0, 0x07, 0xCC, 0xCF,
  0xFF, 0xFB, 0x00, 0x00, 0x01, 0xFF, 0xFF, 0xB0, 0x00, 0x00, 0x1F, 0xFF, 0xFB, 0x00, 0x00, 0x01, 0xFF, 0xFF, 0xB0, 0x00,
  0x00, 0x1F, 0xFF, 0xFB, 0x00, 0x00, 0x01, 0xFF, 0xFF, 0xB0, 0x00, 0x00, 0x1F, 0xFF, 0xFB, 0x00, 0x00, 0x01, 0xFF, 0xFF,
  0xB0, 0x00, 0x00, 0x1F, 0xFF, 0xFB, 0x00, 0x00, 0x01, 0xFF, 0xFF, 0xB0, 0x00, 0x00, 0x1F, 0xFF, 0xFB, 0x00, 0x00, 0x01,
  0xFF, 0xFF, 0xB0, 0x00, 0x00, 0x1F, 0xFF, 0xFB, 0x00, 0x00, 0x01, 0xFF, 0xFF, 0xB0, 0x00, 0x00, 0x1F, 0xFF, 0xFB, 0x00,
  0x00, 0x01, 0xFF, 0xFF, 0xB0, 0x00, 0x00, 0x1F, 0xFF, 0xFB, 0x00, 0x00, 0x01, 0xFF, 0xFF, 0xB0, 0x00, 0x00, 0x1F, 0xFF,
  0xFB, 0x00, 0x00, 0x01, 0xFF, 0xFF, 0xB0, 0x00, 0x00, 0x1F, 0xFF, 0xFB, 0x00, 0x00, 0x01, 0xFF, 0xFF, 0xB0, 0x07, 0xBB,
  0xCF, 0xFF, 0xFB, 0x00, 0x9F, 0xFF, 0xFF, 0xFF, 0xB0, 0x09, 0xFF, 0xFF, 0xFF, 0xFB, 0x00, 0x9F, 0xFF, 0xFF, 0xFF, 0xB0,
  0x00, 0x00, 0x00, 0x00, 0x1E, 0xFF, 0xF5, 0x00, 0x00, 0x00, 0x00, 0x00, 0x00, 0x7F, 0xFF, 0xFC, 0x00, 0x00, 0x00, 0x00,
  0x00, 0x00, 0xDF, 0xFF, 0xFF, 0x30, 0x00, 0x00, 0x00, 0x00, 0x05, 0xFF, 0xFF, 0xFF, 0xA0, 0x00, 0x00, 0x00, 0x00, 0x0B,
  0xFF, 0xD9, 0xFF, 0xE2, 0x00, 0x00, 0x00, 0x00, 0x3F, 0xFF, 0x73, 0xFF, 0xF8, 0x00, 0x00, 0x00, 0x00, 0x9F, 0xFE, 0x10,
  0xBF, 0xFD, 0x00, 0x00, 0x00, 0x01, 0xEF, 0xFA, 0x00, 0x5F, 0xFF, 0x60, 0x00, 0x00, 0x07, 0xFF, 0xF4, 0x00, 0x0D, 0xFF,
  0xC0, 0x00, 0x00, 0x0D, 0xFF, 0xC0, 0x00, 0x08, 0xFF, 0xF3, 0x00, 0x00, 0x5F, 0xFF, 0x60, 0x00, 0x02, 0xFF, 0xFA, 0x00,
  0x00, 0xBF, 0xFE, 0x10, 0x00, 0x00, 0xAF, 0xFF, 0x20, 0x02, 0xCC, 0xC8, 0x00, 0x00, 0x00, 0x4C, 0xCC, 0x60, 0x00, 0x00,
  0x00, 0x00, 0x00, 0x00, 0x00, 0x00, 0x00, 0x00, 0x00, 0x00, 0x00, 0x00, 0x00, 0x00, 0x00, 0x00, 0x00, 0x00, 0x00, 0x00,
  0x00, 0x00, 0x00, 0x00, 0x00, 0x00, 0x00, 0x00, 0x00, 0x00, 0x00, 0x00, 0x00, 0x00, 0xFF, 0xFF, 0xFF, 0xFF, 0xFF, 0xFF,
  0xFF, 0xF5, 0xFF, 0xFF, 0xFF, 0xFF, 0xFF, 0xFF, 0xFF, 0xF5, 0xCC, 0xCC, 0xCC, 0xCC, 0xCC, 0xCC, 0xCC, 0xC4, 0x00, 0x1A,
  0xFF, 0xFF, 0x50, 0x00, 0x00, 0x00, 0x00, 0x00, 0x00, 0x8F, 0xFF, 0xF5, 0x00, 0x00, 0x00, 0x00, 0x00, 0x00, 0x05, 0xEF,
  0xFE, 0x40, 0x00, 0x00, 0x00, 0x00, 0x00, 0x00, 0x2C, 0xFF, 0xE3, 0x00, 0x00, 0x00, 0x00, 0x00, 0x00, 0x01, 0x77, 0x75,
  0x00, 0x00, 0x00, 0x00, 0x00, 0x00, 0x00, 0x00, 0x00, 0x00, 0x00, 0x00, 0x00, 0x00, 0x00, 0x00, 0x00, 0x00, 0x00, 0x00,
  0x00, 0x00, 0x00, 0x00, 0x00, 0x00, 0x00, 0x00, 0x00, 0x00, 0x00, 0x00, 0x00, 0x00, 0x00, 0x00, 0x00, 0x00, 0x00, 0x00,
  0x00, 0x00, 0x00, 0x00, 0x00, 0x00, 0x00, 0x00, 0x00, 0x00, 0x00, 0x00, 0x00, 0x00, 0x00, 0x00, 0x00, 0x00, 0x00, 0x00,
  0x00, 0x00, 0x00, 0x00, 0x00, 0x00, 0x00, 0x00, 0x00, 0x00, 0x00, 0x00, 0x00, 0x00, 0x00, 0x00, 0x00, 0x00, 0x00, 0x00,
  0x00, 0x00, 0x00, 0x00, 0x00, 0x00, 0x00, 0x00, 0x00, 0x00, 0x00, 0x00, 0x00, 0x00, 0x00, 0x00, 0x00, 0x00, 0x00, 0x00,
  0x00, 0x00, 0x00, 0x00, 0x00, 0x00, 0x00, 0x00, 0x00, 0x00, 0x00, 0x00, 0x00, 0x00, 0x00, 0x00, 0x00, 0x00, 0x00, 0x00,
  0x00, 0x00, 0x00, 0x00, 0x00, 0x00, 0x00, 0x00, 0x00, 0x00, 0x00, 0x00, 0x00, 0x00, 0x00, 0x00, 0x00, 0x00, 0x00, 0x00,
  0x00, 0x00, 0x00, 0x00, 0x00, 0x00, 0x00, 0x00, 0x00, 0x00, 0x00, 0x00, 0x00, 0x00, 0x00, 0x00, 0x00, 0x00, 0x00, 0x00,
  0x00, 0x00, 0x00, 0x00, 0x00, 0x00, 0x01, 0x6A, 0xCE, 0xFE, 0xCA, 0x70, 0x00, 0x00, 0x00, 0x17, 0xEF, 0xFF, 0xFF, 0xFF,
  0xFF, 0xD5, 0x00, 0x00, 0x02, 0xEF, 0xFF, 0xFF, 0xFF, 0xFF, 0xFF, 0xF3, 0x00, 0x00, 0x08, 0xFF, 0xFF, 0xED, 0xFF, 0xFF,
  0xFF, 0xC1, 0x00, 0x00, 0x1E, 0xC5, 0x10, 0x00, 0x6E, 0xFF, 0xFF, 0x60, 0x00, 0x00, 0x20, 0x00, 0x00, 0x00, 0x7F, 0xFF,
  0xF9, 0x00, 0x00, 0x00, 0x00, 0x00, 0x00, 0x02, 0xFF, 0xFF, 0xB0, 0x00, 0x00, 0x17, 0xBE, 0xEF, 0xFF, 0xFF, 0xFF, 0xFC,
  0x00, 0x00, 0x5E, 0xFF, 0xFF, 0xFF, 0xFF, 0xFF, 0xFF, 0xC0, 0x00, 0x3E, 0xFF, 0xFF, 0xED, 0xCC, 0xCF, 0xFF, 0xFC, 0x00,
  0x0A, 0xFF, 0xFF, 0x70, 0x00, 0x01, 0xFF, 0xFF, 0xC0, 0x00, 0xCF, 0xFF, 0xD0, 0x00, 0x00, 0x2F, 0xFF, 0xFC, 0x00, 0x0C,
  0xFF, 0xFE, 0x10, 0x00, 0x0A, 0xFF, 0xFF, 0xC0, 0x00, 0x9F, 0xFF, 0xFC, 0x64, 0x6C, 0xFF, 0xFF, 0xFC, 0x00, 0x03, 0xEF,
  0xFF, 0xFF, 0xFF, 0xFF, 0xFF, 0xFF, 0xC0, 0x00, 0x05, 0xEF, 0xFF, 0xFF, 0xFF, 0xAB, 0xFF, 0xFC, 0x00, 0x00, 0x01, 0x8C,
  0xEF, 0xEB, 0x50, 0xBF, 0xFF, 0xC0, 0x00, 0x00, 0xDF, 0xFF, 0xE0, 0x00, 0x00, 0x00, 0x00, 0x00, 0x00, 0x00, 0x0D, 0xFF,
  0xFE, 0x00, 0x00, 0x00, 0x00, 0x00, 0x00, 0x00, 0x00, 0xDF, 0xFF, 0xE0, 0x00, 0x00, 0x00, 0x00, 0x00, 0x00, 0x00, 0x0D,
  0xFF, 0xFE, 0x00, 0x00, 0x00, 0x00, 0x00, 0x00, 0x00, 0x00, 0xDF, 0xFF, 0xE0, 0x00, 0x00, 0x00, 0x00, 0x00, 0x00, 0x00,
  0x0D, 0xFF, 0xFE, 0x00, 0x00, 0x00, 0x00, 0x00, 0x00, 0x00, 0x00, 0xDF, 0xFF, 0xE0, 0x39, 0xCE, 0xED, 0x94, 0x00, 0x00,
  0x00, 0x0D, 0xFF, 0xFE, 0x8F, 0xFF, 0xFF, 0xFF, 0xFB, 0x10, 0x00, 0x00, 0xDF, 0xFF, 0xFF, 0xFF, 0xFF, 0xFF, 0xFF, 0xFD,
  0x10, 0x00, 0x0D, 0xFF, 0xFF, 0xFF, 0xFF, 0xFF, 0xFF, 0xFF, 0xFB, 0x00, 0x00, 0xDF, 0xFF, 0xFF, 0xD5, 0x11, 0x4C, 0xFF,
  0xFF, 0xF4, 0x00, 0x0D, 0xFF, 0xFF, 0xD1, 0x00, 0x00, 0x0B, 0xFF, 0xFF, 0xA0, 0x00, 0xDF, 0xFF, 0xF6, 0x00, 0x00, 0x00,
  0x3F, 0xFF, 0xFE, 0x00, 0x0D, 0xFF, 0xFF, 0x20, 0x00, 0x00, 0x00, 0xEF, 0xFF, 0xF1, 0x00, 0xDF, 0xFF, 0xE0, 0x00, 0x00,
  0x00, 0x0C, 0xFF, 0xFF, 0x20, 0x0D, 0xFF, 0xFF, 0x20, 0x00, 0x00, 0x00, 0xEF, 0xFF, 0xF1, 0x00, 0xDF, 0xFF, 0xF5, 0x00,
  0x00, 0x00, 0x3F, 0xFF, 0xFE, 0x00, 0x0D, 0xFF, 0xFF, 0xD1, 0x00, 0x00, 0x0B, 0xFF, 0xFF, 0xA0, 0x00, 0xDF, 0xFF, 0xFF,
  0xD5, 0x10, 0x4B, 0xFF, 0xFF, 0xF4, 0x00, 0x0D, 0xFF, 0xFF, 0xFF, 0xFF, 0xFF, 0xFF, 0xFF, 0xFB, 0x00, 0x00, 0xDF, 0xFF,
  0xFF, 0xFF, 0xFF, 0xFF, 0xFF, 0xFD, 0x10, 0x00, 0x0D, 0xFF, 0xFC, 0x9F, 0xFF, 0xFF, 0xFF, 0xFB, 0x10, 0x00, 0x00, 0xDF,
  0xFF, 0xC0, 0x4A, 0xDF, 0xED, 0xA4, 0x00, 0x00, 0x00, 0x00, 0x00, 0x01, 0x6A, 0xDE, 0xED, 0xB6, 0x10, 0x00, 0x00, 0x00,
  0x6E, 0xFF, 0xFF, 0xFF, 0xFF, 0xE5, 0x00, 0x00, 0x09, 0xFF, 0xFF, 0xFF, 0xFF, 0xFF, 0xFF, 0x60, 0x00, 0x7F, 0xFF, 0xFF,
  0xFF, 0xFF, 0xFF, 0xFF, 0xE2, 0x02, 0xEF, 0xFF, 0xFD, 0x51, 0x04, 0xBF, 0xFF, 0xC3, 0x08, 0xFF, 0xFF, 0xC1, 0x00, 0x00,
  0x0B, 0xD5, 0x00, 0x0C, 0xFF, 0xFF, 0x40, 0x00, 0x00, 0x01, 0x00, 0x00, 0x0E, 0xFF, 0xFE, 0x00, 0x00, 0x00, 0x00, 0x00,
  0x00, 0x0F, 0xFF, 0xFD, 0x00, 0x00, 0x00, 0x00, 0x00, 0x00, 0x0E, 0xFF, 0xFE, 0x00, 0x00, 0x00, 0x00, 0x00, 0x00, 0x0C,
  0xFF, 0xFF, 0x40, 0x00, 0x00, 0x01, 0x00, 0x00, 0x08, 0xFF, 0xFF, 0xC0, 0x00, 0x00, 0x0B, 0xC5, 0x00, 0x02, 0xEF, 0xFF,
  0xFC, 0x41, 0x03, 0xBF, 0xFF, 0xB3, 0x00, 0x7F, 0xFF, 0xFF, 0xFF, 0xEF, 0xFF, 0xFF, 0xE2, 0x00, 0x09, 0xFF, 0xFF, 0xFF,
  0xFF, 0xFF, 0xFF, 0x60, 0x00, 0x00, 0x6E, 0xFF, 0xFF, 0xFF, 0xFF, 0xE5, 0x00, 0x00, 0x00, 0x01, 0x6A, 0xDE, 0xED, 0xB6,
  0x10, 0x00, 0x00, 0x00, 0x00, 0x00, 0x00, 0x00, 0x00, 0xDF, 0xFF, 0xE0, 0x00, 0x00, 0x00, 0x00, 0x00, 0x00, 0x00, 0x0D,
  0xFF, 0xFE, 0x00, 0x00, 0x00, 0x00, 0x00, 0x00, 0x00, 0x00, 0xDF, 0xFF, 0xE0, 0x00, 0x00, 0x00, 0x00, 0x00, 0x00, 0x00,
  0x0D, 0xFF, 0xFE, 0x00, 0x00, 0x00, 0x00, 0x00, 0x00, 0x00, 0x00, 0xDF, 0xFF, 0xE0, 0x00, 0x00, 0x00, 0x00, 0x00, 0x00,
  0x00, 0x0D, 0xFF, 0xFE, 0x00, 0x00, 0x00, 0x03, 0x9D, 0xEE, 0xCA, 0x50, 0xDF, 0xFF, 0xE0, 0x00, 0x00, 0x19, 0xFF, 0xFF,
  0xFF, 0xFF, 0xAD, 0xFF, 0xFE, 0x00, 0x00, 0x0B, 0xFF, 0xFF, 0xFF, 0xFF, 0xFF, 0xFF, 0xFF, 0xE0, 0x00, 0x09, 0xFF, 0xFF,
  0xFF, 0xFF, 0xFF, 0xFF, 0xFF, 0xFE, 0x00, 0x02, 0xFF, 0xFF, 0xFD, 0x51, 0x14, 0xCF, 0xFF, 0xFF, 0xE0, 0x00, 0x8F, 0xFF,
  0xFD, 0x10, 0x00, 0x00, 0xBF, 0xFF, 0xFE, 0x00, 0x0C, 0xFF, 0xFF, 0x50, 0x00, 0x00, 0x03, 0xFF, 0xFF, 0xE0, 0x00, 0xDF,
  0xFF, 0xF1, 0x00, 0x00, 0x00, 0x0E, 0xFF, 0xFE, 0x00, 0x0E, 0xFF, 0xFE, 0x00, 0x00, 0x00, 0x00, 0xCF, 0xFF, 0xE0, 0x00,
  0xDF, 0xFF, 0xF1, 0x00, 0x00, 0x00, 0x0E, 0xFF, 0xFE, 0x00, 0x0C, 0xFF, 0xFF, 0x50, 0x00, 0x00, 0x03, 0xFF, 0xFF, 0xE0,
  0x00, 0x8F, 0xFF, 0xFD, 0x10, 0x00, 0x00, 0xBF, 0xFF, 0xFE, 0x00, 0x02, 0xFF, 0xFF, 0xFD, 0x51, 0x04, 0xCF, 0xFF, 0xFF,
  0xE0, 0x00, 0x09, 0xFF, 0xFF, 0xFF, 0xFF, 0xFF, 0xFF, 0xFF, 0xFE, 0x00, 0x00, 0x0C, 0xFF, 0xFF, 0xFF, 0xFF, 0xFF, 0xFF,
  0xFF, 0xE0, 0x00, 0x00, 0x19, 0xFF, 0xFF, 0xFF, 0xFF, 0xBA, 0xFF, 0xFE, 0x00, 0x00, 0x00, 0x03, 0x9D, 0xEF, 0xEB, 0x50,
  0xAF, 0xFF, 0xE0, 0x00, 0x00, 0x00, 0x01, 0x7B, 0xEF, 0xED, 0x94, 0x00, 0x00, 0x00, 0x00, 0x07, 0xEF, 0xFF, 0xFF, 0xFF,
  0xFB, 0x20, 0x00, 0x00, 0x0A, 0xFF, 0xFF, 0xFF, 0xFF, 0xFF, 0xFE, 0x20, 0x00, 0x08, 0xFF, 0xFF, 0xFD, 0xBB, 0xEF, 0xFF,
  0xFD, 0x00, 0x02, 0xEF, 0xFF, 0xE5, 0x00, 0x02, 0xAF, 0xFF, 0xF7, 0x00, 0x8F, 0xFF, 0xF5, 0x00, 0x00, 0x00, 0xCF, 0xFF,
  0xC0, 0x0C, 0xFF, 0xFD, 0x00, 0x00, 0x00, 0x06, 0xFF, 0xFF, 0x20, 0xEF, 0xFF, 0xFF, 0xFF, 0xFF, 0xFF, 0xFF, 0xFF, 0xF4,
  0x0F, 0xFF, 0xFF, 0xFF, 0xFF, 0xFF, 0xFF, 0xFF, 0xFF, 0x50, 0xEF, 0xFF, 0xEC, 0xCC, 0xCC, 0xCC, 0xCC, 0xCC, 0xC4, 0x0C,
  0xFF, 0xFF, 0x20, 0x00, 0x00, 0x00, 0x00, 0x00, 0x00, 0x8F, 0xFF, 0xFA, 0x00, 0x00, 0x00, 0x05, 0x00, 0x00, 0x02, 0xEF,
  0xFF, 0xFB, 0x30, 0x00, 0x3B, 0xF8, 0x00, 0x00, 0x07, 0xFF, 0xFF, 0xFF, 0xED, 0xFF, 0xFF, 0xF6, 0x00, 0x00, 0x09, 0xFF,
  0xFF, 0xFF, 0xFF, 0xFF, 0xFF, 0xD1, 0x00, 0x00, 0x06, 0xDF, 0xFF, 0xFF, 0xFF, 0xFF, 0xB2, 0x00, 0x00, 0x00, 0x01, 0x6A,
  0xDE, 0xFE, 0xC9, 0x40, 0x00, 0x00, 0x00, 0x00, 0x02, 0x9C, 0xEE, 0xDA, 0x40, 0x00, 0x06, 0xEF, 0xFF, 0xFF, 0xF9, 0x00,
  0x03, 0xEF, 0xFF, 0xFF, 0xFF, 0x40, 0x00, 0xBF, 0xFF, 0xFE, 0xDE, 0xD0, 0x00, 0x0E, 0xFF, 0xFE, 0x20, 0x03, 0x00, 0x02,
  0xFF, 0xFF, 0x90, 0x00, 0x00, 0x00, 0x4F, 0xFF, 0xF7, 0x00, 0x00, 0x0C, 0xFF, 0xFF, 0xFF, 0xFF, 0xFF, 0xA0, 0xCF, 0xFF,
  0xFF, 0xFF, 0xFF, 0xFA, 0x0C, 0xFF, 0xFF, 0xFF, 0xFF, 0xFF, 0xA0, 0x9B, 0xCF, 0xFF, 0xFD, 0xBB, 0xB7, 0x00, 0x04, 0xFF,
  0xFF, 0x90, 0x00, 0x00, 0x00, 0x4F, 0xFF, 0xF9, 0x00, 0x00, 0x00, 0x04, 0xFF, 0xFF, 0x90, 0x00, 0x00, 0x00, 0x4F, 0xFF,
  0xF9, 0x00, 0x00, 0x00, 0x04, 0xFF, 0xFF, 0x90, 0x00, 0x00, 0x00, 0x4F, 0xFF, 0xF9, 0x00, 0x00, 0x00, 0x04, 0xFF, 0xFF,
  0x90, 0x00, 0x00, 0x00, 0x4F, 0xFF, 0xF9, 0x00, 0x00, 0x00, 0x04, 0xFF, 0xFF, 0x90, 0x00, 0x00, 0x00, 0x4F, 0xFF, 0xF9,
  0x00, 0x00, 0x00, 0x04, 0xFF, 0xFF, 0x90, 0x00, 0x00, 0x00, 0x4F, 0xFF, 0xF9, 0x00, 0x00, 0x00, 0x00, 0x00, 0x03, 0x9D,
  0xEF, 0xDA, 0x50, 0x6F, 0xFF, 0xF3, 0x00, 0x00, 0x18, 0xFF, 0xFF, 0xFF, 0xFF, 0xB7, 0xFF, 0xFF, 0x30, 0x00, 0x1D, 0xFF,
  0xFF, 0xFF, 0xFF, 0xFF, 0xEF, 0xFF, 0xF3, 0x00, 0x0B, 0xFF, 0xFF, 0xFF, 0xFF, 0xFF, 0xFF, 0xFF, 0xFF, 0x30, 0x05, 0xFF,
  0xFF, 0xFC, 0x41, 0x03, 0xAF, 0xFF, 0xFF, 0xF3, 0x00, 0xAF, 0xFF, 0xFB, 0x00, 0x00, 0x00, 0x8F, 0xFF, 0xFF, 0x30, 0x0D,
  0xFF, 0xFF, 0x20, 0x00, 0x00, 0x00, 0xDF, 0xFF, 0xF3, 0x00, 0xFF, 0xFF, 0xE0, 0x00, 0x00, 0x00, 0x0A, 0xFF, 0xFF, 0x30,
  0x0F, 0xFF, 0xFE, 0x00, 0x00, 0x00, 0x00, 0xAF, 0xFF, 0xF3, 0x00, 0xEF, 0xFF, 0xF3, 0x00, 0x00, 0x00, 0x0D, 0xFF, 0xFF,
  0x30, 0x0A, 0xFF, 0xFF, 0xB0, 0x00, 0x00, 0x08, 0xFF, 0xFF, 0xF3, 0x00, 0x5F, 0xFF, 0xFF, 0xC4, 0x10, 0x3A, 0xFF, 0xFF,
  0xFF, 0x30, 0x00, 0xBF, 0xFF, 0xFF, 0xFF, 0xFF, 0xFF, 0xFF, 0xFF, 0xF3, 0x00, 0x02, 0xDF, 0xFF, 0xFF, 0xFF, 0xFF, 0xFF,
  0xFF, 0xFF, 0x30, 0x00, 0x01, 0xBF, 0xFF, 0xFF, 0xFF, 0xFB, 0xBF, 0xFF, 0xF3, 0x00, 0x00, 0x00, 0x49, 0xDE, 0xFE, 0xB5,
  0x0C, 0xFF, 0xFF, 0x10, 0x00, 0x00, 0x00, 0x00, 0x00, 0x00, 0x00, 0xEF, 0xFF, 0xE0, 0x00, 0x00, 0x54, 0x00, 0x00, 0x00,
  0x00, 0x7F, 0xFF, 0xFB, 0x00, 0x00, 0x1D, 0xFB, 0x61, 0x00, 0x02, 0x9F, 0xFF, 0xFF, 0x60, 0x00, 0x08, 0xFF, 0xFF, 0xFE,
  0xDE, 0xFF, 0xFF, 0xFF, 0xC0, 0x00, 0x01, 0xEF, 0xFF, 0xFF, 0xFF, 0xFF, 0xFF, 0xFF, 0xE3, 0x00, 0x00, 0x03, 0xBF, 0xFF,
  0xFF, 0xFF, 0xFF, 0xFF, 0xB2, 0x00, 0x00, 0x00, 0x00, 0x27, 0xAD, 0xEF, 0xFE, 0xC9, 0x40, 0x00, 0x00, 0x00, 0x00, 0xDF,
  0xFF, 0xE0, 0x00, 0x00, 0x00, 0x00, 0x00, 0x00, 0x00, 0x0D, 0xFF, 0xFE, 0x00, 0x00, 0x00, 0x00, 0x00, 0x00, 0x00, 0x00,
  0xDF, 0xFF, 0xE0, 0x00, 0x00, 0x00, 0x00, 0x00, 0x00, 0x00, 0x0D, 0xFF, 0xFE, 0x00, 0x00, 0x00, 0x00, 0x00, 0x00, 0x00,
  0x00, 0xDF, 0xFF, 0xE0, 0x00, 0x00, 0x00, 0x00, 0x00, 0x00, 0x00, 0x0D, 0xFF, 0xFE, 0x00, 0x00, 0x00, 0x00, 0x00, 0x00,
  0x00, 0x00, 0xDF, 0xFF, 0xE0, 0x29, 0xDE, 0xEC, 0xA4, 0x00, 0x00, 0x00, 0x0D, 0xFF, 0xFE, 0x6E, 0xFF, 0xFF, 0xFF, 0xF9,
  0x10, 0x00, 0x00, 0xDF, 0xFF, 0xFF, 0xFF, 0xFF, 0xFF, 0xFF, 0xF8, 0x00, 0x00, 0x0D, 0xFF, 0xFF, 0xFF, 0xFF, 0xFF, 0xFF,
  0xFF, 0xF3, 0x00, 0x00, 0xDF, 0xFF, 0xFF, 0xE7, 0x45, 0x9F, 0xFF, 0xFF, 0xA0, 0x00, 0x0D, 0xFF, 0xFF, 0xD1, 0x00, 0x00,
  0x7F, 0xFF, 0xFD, 0x00, 0x00, 0xDF, 0xFF, 0xF6, 0x00, 0x00, 0x01, 0xFF, 0xFF, 0xE0, 0x00, 0x0D, 0xFF, 0xFF, 0x30, 0x00,
  0x00, 0x0D, 0xFF, 0xFF, 0x00, 0x00, 0xDF, 0xFF, 0xF0, 0x00, 0x00, 0x00, 0xCF, 0xFF, 0xF0, 0x00, 0x0D, 0xFF, 0xFE, 0x00,
  0x00, 0x00, 0x0C, 0xFF, 0xFF, 0x00, 0x00, 0xDF, 0xFF, 0xE0, 0x00, 0x00, 0x00, 0xCF, 0xFF, 0xF0, 0x00, 0x0D, 0xFF, 0xFE,
  0x00, 0x00, 0x00, 0x0C, 0xFF, 0xFF, 0x00, 0x00, 0xDF, 0xFF, 0xE0, 0x00, 0x00, 0x00, 0xCF, 0xFF, 0xF0, 0x00, 0x0D, 0xFF,
  0xFE, 0x00, 0x00, 0x00, 0x0C, 0xFF, 0xFF, 0x00, 0x00, 0xDF, 0xFF, 0xE0, 0x00, 0x00, 0x00, 0xCF, 0xFF, 0xF0, 0x00, 0x0D,
  0xFF, 0xFE, 0x00, 0x00, 0x00, 0x0C, 0xFF, 0xFF, 0x00, 0x00, 0xDF, 0xFF, 0xE0, 0x00, 0x00, 0x00, 0xCF, 0xFF, 0xF0, 0x00,
  0x00, 0x02, 0x53, 0x00, 0x00, 0x09, 0xFF, 0xFB, 0x00, 0x04, 0xFF, 0xFF, 0xF6, 0x00, 0x6F, 0xFF, 0xFF, 0x80, 0x02, 0xEF,
  0xFF, 0xF4, 0x00, 0x05, 0xCE, 0xD6, 0x00, 0x00, 0x00, 0x00, 0x00, 0x00, 0x00, 0x00, 0x00, 0x00, 0x00, 0xDF, 0xFF, 0xE0,
  0x00, 0x0D, 0xFF, 0xFE, 0x00, 0x00, 0xDF, 0xFF, 0xE0, 0x00, 0x0D, 0xFF, 0xFE, 0x00, 0x00, 0xDF, 0xFF, 0xE0, 0x00, 0x0D,
  0xFF, 0xFE, 0x00, 0x00, 0xDF, 0xFF, 0xE0, 0x00, 0x0D, 0xFF, 0xFE, 0x00, 0x00, 0xDF, 0xFF, 0xE0, 0x00, 0x0D, 0xFF, 0xFE,
  0x00, 0x00, 0xDF, 0xFF, 0xE0, 0x00, 0x0D, 0xFF, 0xFE, 0x00, 0x00, 0xDF, 0xFF, 0xE0, 0x00, 0x0D, 0xFF, 0xFE, 0x00, 0x00,
  0xDF, 0xFF, 0xE0, 0x00, 0x0D, 0xFF, 0xFE, 0x00, 0x00, 0xDF, 0xFF, 0xE0, 0x00, 0x00, 0x00, 0x00, 0x25, 0x40, 0x00, 0x00,
  0x00, 0x06, 0xEF, 0xFD, 0x20, 0x00, 0x00, 0x1E, 0xFF, 0xFF, 0x90, 0x00, 0x00, 0x2F, 0xFF, 0xFF, 0xB0, 0x00, 0x00, 0x0D,
  0xFF, 0xFF, 0x70, 0x00, 0x00, 0x03, 0xBE, 0xE8, 0x00, 0x00, 0x00, 0x00, 0x00, 0x00, 0x00, 0x00, 0x00, 0x00, 0x00, 0x00,
  0x00, 0x00, 0x00, 0x0A, 0xFF, 0xFF, 0x30, 0x00, 0x00, 0x0A, 0xFF, 0xFF, 0x30, 0x00, 0x00, 0x0A, 0xFF, 0xFF, 0x30, 0x00,
  0x00, 0x0A, 0xFF, 0xFF, 0x30, 0x00, 0x00, 0x0A, 0xFF, 0xFF, 0x30, 0x00, 0x00, 0x0A, 0xFF, 0xFF, 0x30, 0x00, 0x00, 0x0A,
  0xFF, 0xFF, 0x30, 0x00, 0x00, 0x0A, 0xFF, 0xFF, 0x30, 0x00, 0x00, 0x0A, 0xFF, 0xFF, 0x30, 0x00, 0x00, 0x0A, 0xFF, 0xFF,
  0x30, 0x00, 0x00, 0x0A, 0xFF, 0xFF, 0x30, 0x00, 0x00, 0x0A, 0xFF, 0xFF, 0x30, 0x00, 0x00, 0x0A, 0xFF, 0xFF, 0x30, 0x00,
  0x00, 0x0A, 0xFF, 0xFF, 0x30, 0x00, 0x00, 0x0A, 0xFF, 0xFF, 0x30, 0x00, 0x00, 0x0A, 0xFF, 0xFF, 0x30, 0x00, 0x00, 0x0A,
  0xFF, 0xFF, 0x30, 0x00, 0x00, 0x0B, 0xFF, 0xFF, 0x10, 0x03, 0x00, 0x3F, 0xFF, 0xFE, 0x00, 0x0D, 0xED, 0xFF, 0xFF, 0xFA,
  0x00, 0x5F, 0xFF, 0xFF, 0xFF, 0xE2, 0x00, 0xAF, 0xFF, 0xFF, 0xFE, 0x50, 0x00, 0x4A, 0xDE, 0xEC, 0x92, 0x00, 0x00, 0x00,
  0xDF, 0xFF, 0xE0, 0x00, 0x00, 0x00, 0x00, 0x00, 0x00, 0x00, 0x0D, 0xFF, 0xFE, 0x00, 0x00, 0x00, 0x00, 0x00, 0x00, 0x00,
  0x00, 0xDF, 0xFF, 0xE0, 0x00, 0x00, 0x00, 0x00, 0x00, 0x00, 0x00, 0x0D, 0xFF, 0xFE, 0x00, 0x00, 0x00, 0x00, 0x00, 0x00,
  0x00, 0x00, 0xDF, 0xFF, 0xE0, 0x00, 0x00, 0x00, 0x00, 0x00, 0x00, 0x00, 0x0D, 0xFF, 0xFE, 0x00, 0x00, 0x00, 0x00, 0x00,
  0x00, 0x00, 0x00, 0xDF, 0xFF, 0xE0, 0x00, 0x00, 0x0A, 0xFF, 0xFF, 0xE4, 0x00, 0x0D, 0xFF, 0xFE, 0x00, 0x00, 0x0A, 0xFF,
  0xFF, 0xE4, 0x00, 0x00, 0xDF, 0xFF, 0xE0, 0x00, 0x0A, 0xFF, 0xFF, 0xF5, 0x00, 0x00, 0x0D, 0xFF, 0xFE, 0x00, 0x0A, 0xFF,
  0xFF, 0xF5, 0x00, 0x00, 0x00, 0xDF, 0xFF, 0xE0, 0x0A, 0xFF, 0xFF, 0xF6, 0x00, 0x00, 0x00, 0x0D, 0xFF, 0xFE, 0x1B, 0xFF,
  0xFF, 0xF7, 0x00, 0x00, 0x00, 0x00, 0xDF, 0xFF, 0xFB, 0xFF, 0xFF, 0xF8, 0x00, 0x00, 0x00, 0x00, 0x0D, 0xFF, 0xFF, 0xFF,
  0xFF, 0xFE, 0x20, 0x00, 0x00, 0x00, 0x00, 0xDF, 0xFF, 0xFF, 0xFF, 0xFF, 0xFC, 0x00, 0x00, 0x00, 0x00, 0x0D, 0xFF, 0xFF,
  0xFF, 0xFF, 0xFF, 0xF8, 0x00, 0x00, 0x00, 0x00, 0xDF, 0xFF, 0xFF, 0xEB, 0xFF, 0xFF, 0xF5, 0x00, 0x00, 0x00, 0x0D, 0xFF,
  0xFF, 0xE4, 0x1D, 0xFF, 0xFF, 0xE2, 0x00, 0x00, 0x00, 0xDF, 0xFF, 0xF4, 0x00, 0x3E, 0xFF, 0xFF, 0xC0, 0x00, 0x00, 0x0D,
  0xFF, 0xFE, 0x00, 0x00, 0x5F, 0xFF, 0xFF, 0x90, 0x00, 0x00, 0xDF, 0xFF, 0xE0, 0x00, 0x00, 0x8F, 0xFF, 0xFF, 0x60, 0x00,
  0x0D, 0xFF, 0xFE, 0x00, 0x00, 0x00, 0xBF, 0xFF, 0xFE, 0x30, 0x00, 0xDF, 0xFF, 0xE0, 0x00, 0x00, 0x02, 0xDF, 0xFF, 0xFC,
  0x10, 0x00, 0xDF, 0xFF, 0xE0, 0x00, 0x0D, 0xFF, 0xFE, 0x00, 0x00, 0xDF, 0xFF, 0xE0, 0x00, 0x0D, 0xFF, 0xFE, 0x00, 0x00,
  0xDF, 0xFF, 0xE0, 0x00, 0x0D, 0xFF, 0xFE, 0x00, 0x00, 0xDF, 0xFF, 0xE0, 0x00, 0x0D, 0xFF, 0xFE, 0x00, 0x00, 0xDF, 0xFF,
  0xE0, 0x00, 0x0D, 0xFF, 0xFE, 0x00, 0x00, 0xDF, 0xFF, 0xE0, 0x00, 0x0D, 0xFF, 0xFE, 0x00, 0x00, 0xDF, 0xFF, 0xE0, 0x00,
  0x0D, 0xFF, 0xFE, 0x00, 0x00, 0xDF, 0xFF, 0xE0, 0x00, 0x0D, 0xFF, 0xFE, 0x00, 0x00, 0xDF, 0xFF, 0xE0, 0x00, 0x0D, 0xFF,
  0xFE, 0x00, 0x00, 0xDF, 0xFF, 0xE0, 0x00, 0x0D, 0xFF, 0xFE, 0x00, 0x00, 0xDF, 0xFF, 0xE0, 0x00, 0x0D, 0xFF, 0xFE, 0x00,
  0x00, 0xDF, 0xFF, 0xE0, 0x00, 0x00, 0xDF, 0xFF, 0xC0, 0x4A, 0xDF, 0xED, 0x82, 0x00, 0x02, 0x8C, 0xEE, 0xCA, 0x40, 0x00,
  0x00, 0x00, 0xDF, 0xFF, 0xC9, 0xFF, 0xFF, 0xFF, 0xFE, 0x50, 0x7E, 0xFF, 0xFF, 0xFF, 0xFA, 0x10, 0x00, 0x00, 0xDF, 0xFF,
  0xFF, 0xFF, 0xFF, 0xFF, 0xFF, 0xEA, 0xFF, 0xFF, 0xFF, 0xFF, 0xFF, 0x90, 0x00, 0x00, 0xDF, 0xFF, 0xFF, 0xFF, 0xFF, 0xFF,
  0xFF, 0xFF, 0xFF, 0xFF, 0xFF, 0xFF, 0xFF, 0xF3, 0x00, 0x00, 0xDF, 0xFF, 0xFF, 0xD6, 0x46, 0xDF, 0xFF, 0xFF, 0xFF, 0x95,
  0x48, 0xFF, 0xFF, 0xF9, 0x00, 0x00, 0xDF, 0xFF, 0xFC, 0x10, 0x00, 0x1E, 0xFF, 0xFF, 0xF6, 0x00, 0x00, 0x7F, 0xFF, 0xFC,
  0x00, 0x00, 0xDF, 0xFF, 0xF5, 0x00, 0x00, 0x09, 0xFF, 0xFF, 0xC0, 0x00, 0x00, 0x1F, 0xFF, 0xFE, 0x00, 0x00, 0xDF, 0xFF,
  0xF2, 0x00, 0x00, 0x07, 0xFF, 0xFF, 0xA0, 0x00, 0x00, 0x0D, 0xFF, 0xFF, 0x00, 0x00, 0xDF, 0xFF, 0xF0, 0x00, 0x00, 0x06,
  0xFF, 0xFF, 0x80, 0x00, 0x00, 0x0C, 0xFF, 0xFF, 0x00, 0x00, 0xDF, 0xFF, 0xE0, 0x00, 0x00, 0x06, 0xFF, 0xFF, 0x80, 0x00,
  0x00, 0x0C, 0xFF, 0xFF, 0x00, 0x00, 0xDF, 0xFF, 0xE0, 0x00, 0x00, 0x06, 0xFF, 0xFF, 0x80, 0x00, 0x00, 0x0C, 0xFF, 0xFF,
  0x00, 0x00, 0xDF, 0xFF, 0xE0, 0x00, 0x00, 0x06, 0xFF, 0xFF, 0x80, 0x00, 0x00, 0x0C, 0xFF, 0xFF, 0x00, 0x00, 0xDF, 0xFF,
  0xE0, 0x00, 0x00, 0x06, 0xFF, 0xFF, 0x80, 0x00, 0x00, 0x0C, 0xFF, 0xFF, 0x00, 0x00, 0xDF, 0xFF, 0xE0, 0x00, 0x00, 0x06,
  0xFF, 0xFF, 0x80, 0x00, 0x00, 0x0C, 0xFF, 0xFF, 0x00, 0x00, 0xDF, 0xFF, 0xE0, 0x00, 0x00, 0x06, 0xFF, 0xFF, 0x80, 0x00,
  0x00, 0x0C, 0xFF, 0xFF, 0x00, 0x00, 0xDF, 0xFF, 0xE0, 0x00, 0x00, 0x06, 0xFF, 0xFF, 0x80, 0x00, 0x00, 0x0C, 0xFF, 0xFF,
  0x00, 0x00, 0xDF, 0xFF, 0xE0, 0x00, 0x00, 0x06, 0xFF, 0xFF, 0x80, 0x00, 0x00, 0x0C, 0xFF, 0xFF, 0x00, 0x00, 0xDF, 0xFF,
  0xC0, 0x39, 0xDE, 0xEC, 0xA4, 0x00, 0x00, 0x00, 0x0D, 0xFF, 0xFC, 0x8F, 0xFF, 0xFF, 0xFF, 0xF9, 0x10, 0x00, 0x00, 0xDF,
  0xFF, 0xFF, 0xFF, 0xFF, 0xFF, 0xFF, 0xF8, 0x00, 0x00, 0x0D, 0xFF, 0xFF, 0xFF, 0xFF, 0xFF, 0xFF, 0xFF, 0xF3, 0x00, 0x00,
  0xDF, 0xFF, 0xFF, 0xE7, 0x45, 0x9F, 0xFF, 0xFF, 0xA0, 0x00, 0x0D, 0xFF, 0xFF, 0xD1, 0x00, 0x00, 0x7F, 0xFF, 0xFD, 0x00,
  0x00, 0xDF, 0xFF, 0xF6, 0x00, 0x00, 0x01, 0xFF, 0xFF, 0xE0, 0x00, 0x0D, 0xFF, 0xFF, 0x20, 0x00, 0x00, 0x0D, 0xFF, 0xFF,
  0x00, 0x00, 0xDF, 0xFF, 0xF0, 0x00, 0x00, 0x00, 0xCF, 0xFF, 0xF0, 0x00, 0x0D, 0xFF, 0xFE, 0x00, 0x00, 0x00, 0x0C, 0xFF,
  0xFF, 0x00, 0x00, 0xDF, 0xFF, 0xE0, 0x00, 0x00, 0x00, 0xCF, 0xFF, 0xF0, 0x00, 0x0D, 0xFF, 0xFE, 0x00, 0x00, 0x00, 0x0C,
  0xFF, 0xFF, 0x00, 0x00, 0xDF, 0xFF, 0xE0, 0x00, 0x00, 0x00, 0xCF, 0xFF, 0xF0, 0x00, 0x0D, 0xFF, 0xFE, 0x00, 0x00, 0x00,
  0x0C, 0xFF, 0xFF, 0x00, 0x00, 0xDF, 0xFF, 0xE0, 0x00, 0x00, 0x00, 0xCF, 0xFF, 0xF0, 0x00, 0x0D, 0xFF, 0xFE, 0x00, 0x00,
  0x00, 0x0C, 0xFF, 0xFF, 0x00, 0x00, 0xDF, 0xFF, 0xE0, 0x00, 0x00, 0x00, 0xCF, 0xFF, 0xF0, 0x00, 0x00, 0x00, 0x01, 0x7B,
  0xDE, 0xED, 0xB7, 0x10, 0x00, 0x00, 0x00, 0x00, 0x6E, 0xFF, 0xFF, 0xFF, 0xFF, 0xE6, 0x00, 0x00, 0x00, 0x09, 0xFF, 0xFF,
  0xFF, 0xFF, 0xFF, 0xFF, 0x90, 0x00, 0x00, 0x7F, 0xFF, 0xFF, 0xFF, 0xFF, 0xFF, 0xFF, 0xF7, 0x00, 0x02, 0xEF, 0xFF, 0xFC,
  0x41, 0x14, 0xCF, 0xFF, 0xFE, 0x20, 0x08, 0xFF, 0xFF, 0xC0, 0x00, 0x00, 0x0C, 0xFF, 0xFF, 0x80, 0x0C, 0xFF, 0xFF, 0x40,
  0x00, 0x00, 0x04, 0xFF, 0xFF, 0xC0, 0x0E, 0xFF, 0xFE, 0x00, 0x00, 0x00, 0x00, 0xEF, 0xFF, 0xE0, 0x0F, 0xFF, 0xFD, 0x00,
  0x00, 0x00, 0x00, 0xDF, 0xFF, 0xF0, 0x0E, 0xFF, 0xFE, 0x00, 0x00, 0x00, 0x00, 0xEF, 0xFF, 0xE0, 0x0C, 0xFF, 0xFF, 0x40,
  0x00, 0x00, 0x04, 0xFF, 0xFF, 0xC0, 0x08, 0xFF, 0xFF, 0xC0, 0x00, 0x00, 0x0C, 0xFF, 0xFF, 0x80, 0x02, 0xEF, 0xFF, 0xFC,
  0x41, 0x14, 0xCF, 0xFF, 0xFE, 0x20, 0x00, 0x7F, 0xFF, 0xFF, 0xFF, 0xFF, 0xFF, 0xFF, 0xF7, 0x00, 0x00, 0x09, 0xFF, 0xFF,
  0xFF, 0xFF, 0xFF, 0xFF, 0x90, 0x00, 0x00, 0x00, 0x6E, 0xFF, 0xFF, 0xFF, 0xFF, 0xE6, 0x00, 0x00, 0x00, 0x00, 0x01, 0x7B,
  0xDE, 0xED, 0xB7, 0x10, 0x00, 0x00, 0x00, 0xDF, 0xFF, 0xC0, 0x4A, 0xDF, 0xED, 0xA4, 0x00, 0x00, 0x00, 0x0D, 0xFF, 0xFC,
  0x9F, 0xFF, 0xFF, 0xFF, 0xFB, 0x10, 0x00, 0x00, 0xDF, 0xFF, 0xFF, 0xFF, 0xFF, 0xFF, 0xFF, 0xFD, 0x10, 0x00, 0x0D, 0xFF,
  0xFF, 0xFF, 0xFF, 0xFF, 0xFF, 0xFF, 0xFB, 0x00, 0x00, 0xDF, 0xFF, 0xFF, 0xD5, 0x11, 0x4C, 0xFF, 0xFF, 0xF4, 0x00, 0x0D,
  0xFF, 0xFF, 0xD1, 0x00, 0x00, 0x0B, 0xFF, 0xFF, 0xA0, 0x00, 0xDF, 0xFF, 0xF6, 0x00, 0x00, 0x00, 0x3F, 0xFF, 0xFE, 0x00,
  0x0D, 0xFF, 0xFF, 0x20, 0x00, 0x00, 0x00, 0xEF, 0xFF, 0xF1, 0x00, 0xDF, 0xFF, 0xE0, 0x00, 0x00, 0x00, 0x0C, 0xFF, 0xFF,
  0x20, 0x0D, 0xFF, 0xFF, 0x20, 0x00, 0x00, 0x00, 0xEF, 0xFF, 0xF1, 0x00, 0xDF, 0xFF, 0xF5, 0x00, 0x00, 0x00, 0x3F, 0xFF,
  0xFE, 0x00, 0x0D, 0xFF, 0xFF, 0xD1, 0x00, 0x00, 0x0B, 0xFF, 0xFF, 0xA0, 0x00, 0xDF, 0xFF, 0xFF, 0xD5, 0x10, 0x4B, 0xFF,
  0xFF, 0xF4, 0x00, 0x0D, 0xFF, 0xFF, 0xFF, 0xFF, 0xFF, 0xFF, 0xFF, 0xFB, 0x00, 0x00, 0xDF, 0xFF, 0xFF, 0xFF, 0xFF, 0xFF,
  0xFF, 0xFD, 0x10, 0x00, 0x0D, 0xFF, 0xFE, 0x8F, 0xFF, 0xFF, 0xFF, 0xFB, 0x10, 0x00, 0x00, 0xDF, 0xFF, 0xE0, 0x49, 0xCE,
  0xED, 0xA4, 0x00, 0x00, 0x00, 0x0D, 0xFF, 0xFE, 0x00, 0x00, 0x00, 0x00, 0x00, 0x00, 0x00, 0x00, 0xDF, 0xFF, 0xE0, 0x00,
  0x00, 0x00, 0x00, 0x00, 0x00, 0x00, 0x0D, 0xFF, 0xFE, 0x00, 0x00, 0x00, 0x00, 0x00, 0x00, 0x00, 0x00, 0xDF, 0xFF, 0xE0,
  0x00, 0x00, 0x00, 0x00, 0x00, 0x00, 0x00, 0x0D, 0xFF, 0xFE, 0x00, 0x00, 0x00, 0x00, 0x00, 0x00, 0x00, 0x00, 0xDF, 0xFF,
  0xE0, 0x00, 0x00, 0x00, 0x00, 0x00, 0x00, 0x00, 0x00, 0x00, 0x03, 0x9D, 0xEF, 0xDA, 0x50, 0xBF, 0xFF, 0xD0, 0x00, 0x00,
  0x1A, 0xFF, 0xFF, 0xFF, 0xFF, 0xAB, 0xFF, 0xFD, 0x00, 0x00, 0x1C, 0xFF, 0xFF, 0xFF, 0xFF, 0xFF, 0xFF, 0xFF, 0xD0, 0x00,
  0x0A, 0xFF, 0xFF, 0xFF, 0xFF, 0xFF, 0xFF, 0xFF, 0xFD, 0x00, 0x03, 0xFF, 0xFF, 0xFC, 0x41, 0x14, 0xCF, 0xFF, 0xFF, 0xD0,
  0x00, 0x9F, 0xFF, 0xFC, 0x00, 0x00, 0x00, 0xCF, 0xFF, 0xFD, 0x00, 0x0D, 0xFF, 0xFF, 0x40, 0x00, 0x00, 0x04, 0xFF, 0xFF,
  0xD0, 0x00, 0xEF, 0xFF, 0xE0, 0x00, 0x00, 0x00, 0x0E, 0xFF, 0xFD, 0x00, 0x0F, 0xFF, 0xFD, 0x00, 0x00, 0x00, 0x00, 0xDF,
  0xFF, 0xD0, 0x00, 0xEF, 0xFF, 0xF0, 0x00, 0x00, 0x00, 0x0E, 0xFF, 0xFD, 0x00, 0x0D, 0xFF, 0xFF, 0x40, 0x00, 0x00, 0x04,
  0xFF, 0xFF, 0xD0, 0x00, 0x9F, 0xFF, 0xFC, 0x00, 0x00, 0x00, 0xCF, 0xFF, 0xFD, 0x00, 0x03, 0xFF, 0xFF, 0xFC, 0x41, 0x14,
  0xCF, 0xFF, 0xFF, 0xD0, 0x00, 0x0A, 0xFF, 0xFF, 0xFF, 0xFF, 0xFF, 0xFF, 0xFF, 0xFD, 0x00, 0x00, 0x1C, 0xFF, 0xFF, 0xFF,
  0xFF, 0xFF, 0xFF, 0xFF, 0xD0, 0x00, 0x00, 0x1A, 0xFF, 0xFF, 0xFF, 0xFF, 0x9E, 0xFF, 0xFD, 0x00, 0x00, 0x00, 0x04, 0x9D,
  0xEE, 0xCA, 0x40, 0xEF, 0xFF, 0xD0, 0x00, 0x00, 0x00, 0x00, 0x00, 0x00, 0x00, 0x0E, 0xFF, 0xFD, 0x00, 0x00, 0x00, 0x00,
  0x00, 0x00, 0x00, 0x00, 0xEF, 0xFF, 0xD0, 0x00, 0x00, 0x00, 0x00, 0x00, 0x00, 0x00, 0x0E, 0xFF, 0xFD, 0x00, 0x00, 0x00,
  0x00, 0x00, 0x00, 0x00, 0x00, 0xEF, 0xFF, 0xD0, 0x00, 0x00, 0x00, 0x00, 0x00, 0x00, 0x00, 0x0E, 0xFF, 0xFD, 0x00, 0x00,
  0x00, 0x00, 0x00, 0x00, 0x00, 0x00, 0xEF, 0xFF, 0xD0, 0x00, 0x00, 0x00, 0x00, 0x00, 0x00, 0x00, 0x00, 0x0D, 0xFF, 0xFC,
  0x05, 0xBE, 0xF7, 0x00, 0xDF, 0xFF, 0xC9, 0xFF, 0xFF, 0x70, 0x0D, 0xFF, 0xFF, 0xFF, 0xFF, 0xF7, 0x00, 0xDF, 0xFF, 0xFF,
  0xFF, 0xFF, 0x70, 0x0D, 0xFF, 0xFF, 0xFF, 0xB8, 0x63, 0x00, 0xDF, 0xFF, 0xFF, 0x50, 0x00, 0x00, 0x0D, 0xFF, 0xFF, 0x90,
  0x00, 0x00, 0x00, 0xDF, 0xFF, 0xF3, 0x00, 0x00, 0x00, 0x0D, 0xFF, 0xFF, 0x10, 0x00, 0x00, 0x00, 0xDF, 0xFF, 0xE0, 0x00,
  0x00, 0x00, 0x0D, 0xFF, 0xFE, 0x00, 0x00, 0x00, 0x00, 0xDF, 0xFF, 0xE0, 0x00, 0x00, 0x00, 0x0D, 0xFF, 0xFE, 0x00, 0x00,
  0x00, 0x00, 0xDF, 0xFF, 0xE0, 0x00, 0x00, 0x00, 0x0D, 0xFF, 0xFE, 0x00, 0x00, 0x00, 0x00, 0xDF, 0xFF, 0xE0, 0x00, 0x00,
  0x00, 0x0D, 0xFF, 0xFE, 0x00, 0x00, 0x00, 0x00, 0x00, 0x4A, 0xCD, 0xFE, 0xCB, 0x84, 0x00, 0x00, 0x2B, 0xFF, 0xFF, 0xFF,
  0xFF, 0xFF, 0xA0, 0x01, 0xDF, 0xFF, 0xFF, 0xFF, 0xFF, 0xFF, 0x80, 0x0A, 0xFF, 0xFF, 0xEB, 0xAB, 0xDF, 0xFE, 0x10, 0x0E,
  0xFF, 0xFD, 0x10, 0x00, 0x03, 0x98, 0x00, 0x0E, 0xFF, 0xFB, 0x00, 0x00, 0x00, 0x00, 0x00, 0x0C, 0xFF, 0xFF, 0xB6, 0x31,
  0x00, 0x00, 0x00, 0x08, 0xFF, 0xFF, 0xFF, 0xFF, 0xD9, 0x50, 0x00, 0x00, 0xBF, 0xFF, 0xFF, 0xFF, 0xFF, 0xFC, 0x20, 0x00,
  0x06, 0xCF, 0xFF, 0xFF, 0xFF, 0xFF, 0xC0, 0x00, 0x00, 0x01, 0x57, 0xAC, 0xFF, 0xFF, 0xF4, 0x00, 0x10, 0x00, 0x00, 0x00,
  0x6F, 0xFF, 0xF7, 0x03, 0xEA, 0x30, 0x00, 0x00, 0x5F, 0xFF, 0xF7, 0x09, 0xFF, 0xFE, 0xCA, 0xAC, 0xFF, 0xFF, 0xF3, 0x2F,
  0xFF, 0xFF, 0xFF, 0xFF, 0xFF, 0xFF, 0x70, 0x2B, 0xFF, 0xFF, 0xFF, 0xFF, 0xFF, 0xE7, 0x00, 0x00, 0x27, 0xAB, 0xDF, 0xEC,
  0xB7, 0x10, 0x00, 0x00, 0x4F, 0xFF, 0xF9, 0x00, 0x00, 0x00, 0x04, 0xFF, 0xFF, 0x90, 0x00, 0x00, 0x00, 0x4F, 0xFF, 0xF9,
  0x00, 0x00, 0x00, 0x04, 0xFF, 0xFF, 0x90, 0x00, 0x00, 0xCF, 0xFF, 0xFF, 0xFF, 0xFF, 0xFA, 0x0C, 0xFF, 0xFF, 0xFF, 0xFF,
  0xFF, 0xA0, 0xCF, 0xFF, 0xFF, 0xFF, 0xFF, 0xFA, 0x09, 0xBC, 0xFF, 0xFF, 0xDB, 0xBB, 0x70, 0x00, 0x4F, 0xFF, 0xF9, 0x00,
  0x00, 0x00, 0x04, 0xFF, 0xFF, 0x90, 0x00, 0x00, 0x00, 0x4F, 0xFF, 0xF9, 0x00, 0x00, 0x00, 0x04, 0xFF, 0xFF, 0x90, 0x00,
  0x00, 0x00, 0x4F, 0xFF, 0xF9, 0x00, 0x00, 0x00, 0x04, 0xFF, 0xFF, 0x90, 0x00, 0x00, 0x00, 0x3F, 0xFF, 0xFA, 0x00, 0x00,
  0x00, 0x01, 0xFF, 0xFF, 0xE2, 0x00, 0x30, 0x00, 0x0D, 0xFF, 0xFF, 0xFD, 0xED, 0x00, 0x00, 0x5F, 0xFF, 0xFF, 0xFF, 0xF4,
  0x00, 0x00, 0x9F, 0xFF, 0xFF, 0xFF, 0xA0, 0x00, 0x00, 0x3A, 0xCE, 0xED, 0x92, 0x00, 0xEF, 0xFF, 0xD0, 0x00, 0x00, 0x00,
  0xFF, 0xFF, 0xC0, 0x00, 0x0E, 0xFF, 0xFD, 0x00, 0x00, 0x00, 0x0F, 0xFF, 0xFC, 0x00, 0x00, 0xEF, 0xFF, 0xD0, 0x00, 0x00,
  0x00, 0xFF, 0xFF, 0xC0, 0x00, 0x0E, 0xFF, 0xFD, 0x00, 0x00, 0x00, 0x0F, 0xFF, 0xFC, 0x00, 0x00, 0xEF, 0xFF, 0xD0, 0x00,
  0x00, 0x00, 0xFF, 0xFF, 0xC0, 0x00, 0x0E, 0xFF, 0xFD, 0x00, 0x00, 0x00, 0x0F, 0xFF, 0xFC, 0x00, 0x00, 0xEF, 0xFF, 0xD0,
  0x00, 0x00, 0x00, 0xFF, 0xFF, 0xC0, 0x00, 0x0E, 0xFF, 0xFD, 0x00, 0x00, 0x00, 0x0F, 0xFF, 0xFC, 0x00, 0x00, 0xEF, 0xFF,
  0xD0, 0x00, 0x00, 0x01, 0xFF, 0xFF, 0xC0, 0x00, 0x0E, 0xFF, 0xFE, 0x00, 0x00, 0x00, 0x3F, 0xFF, 0xFC, 0x00, 0x00, 0xDF,
  0xFF, 0xF2, 0x00, 0x00, 0x07, 0xFF, 0xFF, 0xC0, 0x00, 0x0B, 0xFF, 0xFF, 0x90, 0x00, 0x01, 0xEF, 0xFF, 0xFC, 0x00, 0x00,
  0x8F, 0xFF, 0xFF, 0x94, 0x46, 0xDF, 0xFF, 0xFF, 0xC0, 0x00, 0x02, 0xEF, 0xFF, 0xFF, 0xFF, 0xFF, 0xFF, 0xFF, 0xFC, 0x00,
  0x00, 0x06, 0xFF, 0xFF, 0xFF, 0xFF, 0xFF, 0xFF, 0xFF, 0xC0, 0x00, 0x00, 0x08, 0xEF, 0xFF, 0xFF, 0xFF, 0x8C, 0xFF, 0xFC,
  0x00, 0x00, 0x00, 0x03, 0x9C, 0xEF, 0xDA, 0x30, 0xCF, 0xFF, 0xC0, 0x00, 0x2F, 0xFF, 0xFD, 0x00, 0x00, 0x00, 0x00, 0x5F,
  0xFF, 0xF5, 0x0A, 0xFF, 0xFF, 0x50, 0x00, 0x00, 0x00, 0xBF, 0xFF, 0xE0, 0x04, 0xFF, 0xFF, 0xA0, 0x00, 0x00, 0x02, 0xFF,
  0xFF, 0x80, 0x00, 0xDF, 0xFF, 0xF2, 0x00, 0x00, 0x08, 0xFF, 0xFF, 0x20, 0x00, 0x7F, 0xFF, 0xF7, 0x00, 0x00, 0x0E, 0xFF,
  0xFB, 0x00, 0x00, 0x1E, 0xFF, 0xFD, 0x00, 0x00, 0x6F, 0xFF, 0xF5, 0x00, 0x00, 0x0A, 0xFF, 0xFF, 0x40, 0x00, 0xBF, 0xFF,
  0xD0, 0x00, 0x00, 0x04, 0xFF, 0xFF, 0xA0, 0x03, 0xFF, 0xFF, 0x80, 0x00, 0x00, 0x00, 0xCF, 0xFF, 0xE1, 0x09, 0xFF, 0xFF,
  0x20, 0x00, 0x00, 0x00, 0x7F, 0xFF, 0xF7, 0x1E, 0xFF, 0xFA, 0x00, 0x00, 0x00, 0x00, 0x1E, 0xFF, 0xFC, 0x6F, 0xFF, 0xF4,
  0x00, 0x00, 0x00, 0x00, 0x09, 0xFF, 0xFF, 0xDF, 0xFF, 0xD0, 0x00, 0x00, 0x00, 0x00, 0x03, 0xFF, 0xFF, 0xFF, 0xFF, 0x70,
  0x00, 0x00, 0x00, 0x00, 0x00, 0xCF, 0xFF, 0xFF, 0xFE, 0x10, 0x00, 0x00, 0x00, 0x00, 0x00, 0x6F, 0xFF, 0xFF, 0xFA, 0x00,
  0x00, 0x00, 0x00, 0x00, 0x00, 0x1E, 0xFF, 0xFF, 0xF4, 0x00, 0x00, 0x00, 0x00, 0x00, 0x00, 0x09, 0xFF, 0xFF, 0xC0, 0x00,
  0x00, 0x00, 0xDF, 0xFF, 0xB0, 0x00, 0x00, 0x00, 0xCF, 0xFF, 0xA0, 0x00, 0x00, 0x00, 0xCF, 0xFF, 0x78, 0xFF, 0xFF, 0x10,
  0x00, 0x00, 0x2F, 0xFF, 0xFE, 0x10, 0x00, 0x00, 0x3F, 0xFF, 0xF2, 0x2F, 0xFF, 0xF6, 0x00, 0x00, 0x07, 0xFF, 0xFF, 0xF5,
  0x00, 0x00, 0x08, 0xFF, 0xFB, 0x00, 0xCF, 0xFF, 0xB0, 0x00, 0x00, 0xCF, 0xFF, 0xFF, 0xA0, 0x00, 0x00, 0xDF, 0xFF, 0x60,
  0x07, 0xFF, 0xFF, 0x10, 0x00, 0x3F, 0xFF, 0xFF, 0xFE, 0x10, 0x00, 0x3F, 0xFF, 0xF1, 0x00, 0x2F, 0xFF, 0xF6, 0x00, 0x08,
  0xFF, 0xFF, 0xFF, 0xF5, 0x00, 0x08, 0xFF, 0xFB, 0x00, 0x00, 0xBF, 0xFF, 0xB0, 0x00, 0xDF, 0xFF, 0xEF, 0xFF, 0xA0, 0x00,
  0xDF, 0xFF, 0x60, 0x00, 0x06, 0xFF, 0xFE, 0x10, 0x3F, 0xFF, 0xF6, 0xFF, 0xFE, 0x10, 0x4F, 0xFF, 0xE1, 0x00, 0x00, 0x1F,
  0xFF, 0xF6, 0x08, 0xFF, 0xFA, 0x1E, 0xFF, 0xF5, 0x09, 0xFF, 0xFA, 0x00, 0x00, 0x00, 0xBF, 0xFF, 0xB0, 0xDF, 0xFF, 0x50,
  0xAF, 0xFF, 0xA0, 0xDF, 0xFF, 0x50, 0x00, 0x00, 0x06, 0xFF, 0xFE, 0x4F, 0xFF, 0xE0, 0x05, 0xFF, 0xFE, 0x5F, 0xFF, 0xE0,
  0x00, 0x00, 0x00, 0x1E, 0xFF, 0xFD, 0xFF, 0xF9, 0x00, 0x0E, 0xFF, 0xFD, 0xFF, 0xF9, 0x00, 0x00, 0x00, 0x00, 0xAF, 0xFF,
  0xFF, 0xFF, 0x30, 0x00, 0x9F, 0xFF, 0xFF, 0xFF, 0x40, 0x00, 0x00, 0x00, 0x05, 0xFF, 0xFF, 0xFF, 0xD0, 0x00, 0x03, 0xFF,
  0xFF, 0xFF, 0xD0, 0x00, 0x00, 0x00, 0x00, 0x0E, 0xFF, 0xFF, 0xF8, 0x00, 0x00, 0x0D, 0xFF, 0xFF, 0xF9, 0x00, 0x00, 0x00,
  0x00, 0x00, 0x9F, 0xFF, 0xFF, 0x20, 0x00, 0x00, 0x8F, 0xFF, 0xFF, 0x30, 0x00, 0x00, 0x00, 0x00, 0x04, 0xFF, 0xFF, 0xB0,
  0x00, 0x00, 0x02, 0xFF, 0xFF, 0xD0, 0x00, 0x00, 0x00, 0x6F, 0xFF, 0xFE, 0x20, 0x00, 0x00, 0xAF, 0xFF, 0xF7, 0x00, 0xAF,
  0xFF, 0xFB, 0x00, 0x00, 0x6F, 0xFF, 0xFB, 0x00, 0x01, 0xDF, 0xFF, 0xF7, 0x00, 0x3E, 0xFF, 0xFE, 0x20, 0x00, 0x03, 0xFF,
  0xFF, 0xF3, 0x0C, 0xFF, 0xFF, 0x50, 0x00, 0x00, 0x07, 0xFF, 0xFF, 0xD9, 0xFF, 0xFF, 0x80, 0x00, 0x00, 0x00, 0x0B, 0xFF,
  0xFF, 0xFF, 0xFF, 0xC0, 0x00, 0x00, 0x00, 0x00, 0x2E, 0xFF, 0xFF, 0xFF, 0xE2, 0x00, 0x00, 0x00, 0x00, 0x00, 0x5F, 0xFF,
  0xFF, 0xF5, 0x00, 0x00, 0x00, 0x00, 0x00, 0x00, 0xCF, 0xFF, 0xFD, 0x10, 0x00, 0x00, 0x00, 0x00, 0x00, 0x6F, 0xFF, 0xFF,
  0xF9, 0x00, 0x00, 0x00, 0x00, 0x00, 0x3E, 0xFF, 0xFF, 0xFF, 0xF5, 0x00, 0x00, 0x00, 0x00, 0x1C, 0xFF, 0xFF, 0xFF, 0xFF,
  0xE2, 0x00, 0x00, 0x00, 0x09, 0xFF, 0xFF, 0x98, 0xFF, 0xFF, 0xC0, 0x00, 0x00, 0x05, 0xFF, 0xFF, 0xC1, 0x0C, 0xFF, 0xFF,
  0x80, 0x00, 0x02, 0xEF, 0xFF, 0xE3, 0x00, 0x3E, 0xFF, 0xFF, 0x50, 0x00, 0xCF, 0xFF, 0xF7, 0x00, 0x00, 0x7F, 0xFF, 0xFE,
  0x20, 0x9F, 0xFF, 0xFB, 0x00, 0x00, 0x00, 0xBF, 0xFF, 0xFB, 0x00, 0x2F, 0xFF, 0xFD, 0x00, 0x00, 0x00, 0x00, 0x5F, 0xFF,
  0xF5, 0x0A, 0xFF, 0xFF, 0x50, 0x00, 0x00, 0x00, 0xBF, 0xFF, 0xD0, 0x04, 0xFF, 0xFF, 0xB0, 0x00, 0x00, 0x02, 0xFF, 0xFF,
  0x80, 0x00, 0xCF, 0xFF, 0xF2, 0x00, 0x00, 0x08, 0xFF, 0xFF, 0x20, 0x00, 0x6F, 0xFF, 0xF8, 0x00, 0x00, 0x0E, 0xFF, 0xFA,
  0x00, 0x00, 0x1E, 0xFF, 0xFE, 0x00, 0x00, 0x6F, 0xFF, 0xF4, 0x00, 0x00, 0x08, 0xFF, 0xFF, 0x50, 0x00, 0xBF, 0xFF, 0xD0,
  0x00, 0x00, 0x02, 0xFF, 0xFF, 0xB0, 0x03, 0xFF, 0xFF, 0x70, 0x00, 0x00, 0x00, 0xBF, 0xFF, 0xF2, 0x09, 0xFF, 0xFE, 0x10,
  0x00, 0x00, 0x00, 0x5F, 0xFF, 0xF9, 0x1E, 0xFF, 0xF9, 0x00, 0x00, 0x00, 0x00, 0x0D, 0xFF, 0xFE, 0x7F, 0xFF, 0xF3, 0x00,
  0x00, 0x00, 0x00, 0x07, 0xFF, 0xFF, 0xEF, 0xFF, 0xB0, 0x00, 0x00, 0x00, 0x00, 0x01, 0xEF, 0xFF, 0xFF, 0xFF, 0x50, 0x00,
  0x00, 0x00, 0x00, 0x00, 0x9F, 0xFF, 0xFF, 0xFD, 0x00, 0x00, 0x00, 0x00, 0x00, 0x00, 0x3F, 0xFF, 0xFF, 0xF8, 0x00, 0x00,
  0x00, 0x00, 0x00, 0x00, 0x0B, 0xFF, 0xFF, 0xF2, 0x00, 0x00, 0x00, 0x00, 0x00, 0x00, 0x05, 0xFF, 0xFF, 0xA0, 0x00, 0x00,
  0x00, 0x00, 0x00, 0x00, 0x07, 0xFF, 0xFF, 0x40, 0x00, 0x00, 0x00, 0x00, 0xA5, 0x00, 0x4E, 0xFF, 0xFB, 0x00, 0x00, 0x00,
  0x00, 0x05, 0xFF, 0xEE, 0xFF, 0xFF, 0xF4, 0x00, 0x00, 0x00, 0x00, 0x0C, 0xFF, 0xFF, 0xFF, 0xFF, 0x90, 0x00, 0x00, 0x00,
  0x00, 0x2E, 0xFF, 0xFF, 0xFF, 0xFA, 0x00, 0x00, 0x00, 0x00, 0x00, 0x01, 0x8B, 0xDF, 0xDB, 0x40, 0x00, 0x00, 0x00, 0x00,
  0x00, 0x0B, 0xFF, 0xFF, 0xFF, 0xFF, 0xFF, 0xFF, 0xF8, 0x00, 0xBF, 0xFF, 0xFF, 0xFF, 0xFF, 0xFF, 0xFF, 0x80, 0x0B, 0xFF,
  0xFF, 0xFF, 0xFF, 0xFF, 0xFF, 0xF8, 0x00, 0x8B, 0xBB, 0xBB, 0xBB, 0xEF, 0xFF, 0xFD, 0x20, 0x00, 0x00, 0x00, 0x00, 0x5F,
  0xFF, 0xFF, 0x40, 0x00, 0x00, 0x00, 0x00, 0x2E, 0xFF, 0xFF, 0x60, 0x00, 0x00, 0x00, 0x00, 0x1C, 0xFF, 0xFF, 0x90, 0x00,
  0x00, 0x00, 0x00, 0x0A, 0xFF, 0xFF, 0xC0, 0x00, 0x00, 0x00, 0x00, 0x07, 0xFF, 0xFF, 0xD2, 0x00, 0x00, 0x00, 0x00, 0x05,
  0xFF, 0xFF, 0xF4, 0x00, 0x00, 0x00, 0x00, 0x02, 0xEF, 0xFF, 0xF6, 0x00, 0x00, 0x00, 0x00, 0x01, 0xCF, 0xFF, 0xF9, 0x00,
  0x00, 0x00, 0x00, 0x00, 0xAF, 0xFF, 0xFC, 0x00, 0x00, 0x00, 0x00, 0x00, 0x7F, 0xFF, 0xFF, 0xBA, 0xAA, 0xAA, 0xAA, 0x80,
  0x0E, 0xFF, 0xFF, 0xFF, 0xFF, 0xFF, 0xFF, 0xFC, 0x00, 0xEF, 0xFF, 0xFF, 0xFF, 0xFF, 0xFF, 0xFF, 0xC0, 0x0E, 0xFF, 0xFF,
  0xFF, 0xFF, 0xFF, 0xFF, 0xFC, 0x00, 0x00, 0x00, 0x00, 0x4B, 0xDF, 0xF8, 0x00, 0x00, 0x09, 0xFF, 0xFF, 0xF8, 0x00, 0x00,
  0x5F, 0xFF, 0xFF, 0xF8, 0x00, 0x00, 0xCF, 0xFF, 0xFF, 0xD6, 0x00, 0x00, 0xEF, 0xFF, 0xF5, 0x00, 0x00, 0x01, 0xFF, 0xFF,
  0xC0, 0x00, 0x00, 0x01, 0xFF, 0xFF, 0xB0, 0x00, 0x00, 0x01, 0xFF, 0xFF, 0xB0, 0x00, 0x00, 0x01, 0xFF, 0xFF, 0xB0, 0x00,
  0x00, 0x01, 0xFF, 0xFF, 0xB0, 0x00, 0x00, 0x01, 0xFF, 0xFF, 0xB0, 0x00, 0x00, 0x02, 0xFF, 0xFF, 0xB0, 0x00, 0x00, 0x19,
  0xFF, 0xFF, 0xA0, 0x00, 0x07, 0xFF, 0xFF, 0xFF, 0x50, 0x00, 0x07, 0xFF, 0xFF, 0xE7, 0x00, 0x00, 0x07, 0xFF, 0xFF, 0xFB,
  0x10, 0x00, 0x06, 0xCF, 0xFF, 0xFF, 0x70, 0x00, 0x00, 0x05, 0xFF, 0xFF, 0xA0, 0x00, 0x00, 0x01, 0xFF, 0xFF, 0xB0, 0x00,
  0x00, 0x01, 0xFF, 0xFF, 0xB0, 0x00, 0x00, 0x01, 0xFF, 0xFF, 0xB0, 0x00, 0x00, 0x01, 0xFF, 0xFF, 0xB0, 0x00, 0x00, 0x01,
  0xFF, 0xFF, 0xB0, 0x00, 0x00, 0x01, 0xFF, 0xFF, 0xC0, 0x00, 0x00, 0x00, 0xEF, 0xFF, 0xF4, 0x00, 0x00, 0x00, 0xCF, 0xFF,
  0xFF, 0xC6, 0x00, 0x00, 0x6F, 0xFF, 0xFF, 0xF8, 0x00, 0x00, 0x09, 0xFF, 0xFF, 0xF8, 0x00, 0x00, 0x00, 0x4B, 0xDF, 0xF8,
  0x00, 0x8F, 0xFF, 0xE0, 0x00, 0x08, 0xFF, 0xFE, 0x00, 0x00, 0x8F, 0xFF, 0xE0, 0x00, 0x08, 0xFF, 0xFE, 0x00, 0x00, 0x8F,
  0xFF, 0xE0, 0x00, 0x08, 0xFF, 0xFE, 0x00, 0x00, 0x8F, 0xFF, 0xE0, 0x00, 0x08, 0xFF, 0xFE, 0x00, 0x00, 0x8F, 0xFF, 0xE0,
  0x00, 0x08, 0xFF, 0xFE, 0x00, 0x00, 0x8F, 0xFF, 0xE0, 0x00, 0x08, 0xFF, 0xFE, 0x00, 0x00, 0x8F, 0xFF, 0xE0, 0x00, 0x08,
  0xFF, 0xFE, 0x00, 0x00, 0x8F, 0xFF, 0xE0, 0x00, 0x08, 0xFF, 0xFE, 0x00, 0x00, 0x8F, 0xFF, 0xE0, 0x00, 0x08, 0xFF, 0xFE,
  0x00, 0x00, 0x8F, 0xFF, 0xE0, 0x00, 0x08, 0xFF, 0xFE, 0x00, 0x00, 0x8F, 0xFF, 0xE0, 0x00, 0x08, 0xFF, 0xFE, 0x00, 0x00,
  0x8F, 0xFF, 0xE0, 0x00, 0x08, 0xFF, 0xFE, 0x00, 0x00, 0x8F, 0xFF, 0xE0, 0x00, 0x08, 0xFF, 0xFE, 0x00, 0x00, 0x8F, 0xFF,
  0xE0, 0x00, 0x08, 0xFF, 0xFE, 0x00, 0x00, 0x8F, 0xFF, 0xE0, 0x00, 0x9F, 0xED, 0xA4, 0x00, 0x00, 0x00, 0x9F, 0xFF, 0xFF,
  0x80, 0x00, 0x00, 0x9F, 0xFF, 0xFF, 0xF4, 0x00, 0x00, 0x7D, 0xFF, 0xFF, 0xFB, 0x00, 0x00, 0x00, 0x6F, 0xFF, 0xFD, 0x00,
  0x00, 0x00, 0x0D, 0xFF, 0xFF, 0x00, 0x00, 0x00, 0x0C, 0xFF, 0xFF, 0x00, 0x00, 0x00, 0x0C, 0xFF, 0xFF, 0x00, 0x00, 0x00,
  0x0C, 0xFF, 0xFF, 0x00, 0x00, 0x00, 0x0C, 0xFF, 0xFF, 0x00, 0x00, 0x00, 0x0C, 0xFF, 0xFF, 0x00, 0x00, 0x00, 0x0C, 0xFF,
  0xFF, 0x10, 0x00, 0x00, 0x0B, 0xFF, 0xFF, 0x81, 0x00, 0x00, 0x06, 0xFF, 0xFF, 0xFF, 0x60, 0x00, 0x00, 0x8F, 0xFF, 0xFF,
  0x60, 0x00, 0x01, 0xBF, 0xFF, 0xFF, 0x60, 0x00, 0x08, 0xFF, 0xFF, 0xFC, 0x50, 0x00, 0x0B, 0xFF, 0xFF, 0x40, 0x00, 0x00,
  0x0C, 0xFF, 0xFF, 0x00, 0x00, 0x00, 0x0C, 0xFF, 0xFF, 0x00, 0x00, 0x00, 0x0C, 0xFF, 0xFF, 0x00, 0x00, 0x00, 0x0C, 0xFF,
  0xFF, 0x00, 0x00, 0x00, 0x0C, 0xFF, 0xFF, 0x00, 0x00, 0x00, 0x0D, 0xFF, 0xFF, 0x00, 0x00, 0x00, 0x5F, 0xFF, 0xFD, 0x00,
  0x00, 0x7C, 0xFF, 0xFF, 0xFB, 0x00, 0x00, 0x9F, 0xFF, 0xFF, 0xF5, 0x00, 0x00, 0x9F, 0xFF, 0xFF, 0x90, 0x00, 0x00, 0x9F,
  0xED, 0xB4, 0x00, 0x00, 0x00, 0x00, 0x02, 0xAD, 0xEB, 0x50, 0x00, 0x02, 0x66, 0x50, 0x00, 0x3E, 0xFF, 0xFF, 0xFA, 0x10,
  0x06, 0xFF, 0xB0, 0x00, 0xBF, 0xFF, 0xFF, 0xFF, 0xC4, 0x3D, 0xFF, 0x80, 0x03, 0xFF, 0xFC, 0xAE, 0xFF, 0xFF, 0xFF, 0xFF,
  0x40, 0x05, 0xFF, 0xD0, 0x02, 0xCF, 0xFF, 0xFF, 0xFB, 0x00, 0x06, 0xDD, 0x80, 0x00, 0x19, 0xFF, 0xFF, 0xB2, 0x00, 0x00,
  0x00, 0x00, 0x00, 0x00, 0x26, 0x74, 0x00, 0x00, 0x00, 0x00, 0x00, 0x00, 0x00, 0x00, 0x00, 0x00, 0x00, 0x00, 0x00, 0x00,
  0x00, 0x00, 0x00, 0x00, 0x00, 0x00, 0x00, 0x00, 0x00, 0x00, 0x00, 0x00, 0x00, 0x00, 0x00, 0x00, 0x00, 0x00, 0x00, 0x00,
  0x00, 0x00, 0x00, 0x00, 0x00, 0x00, 0x00, 0x00, 0x00, 0x00, 0x00, 0x00, 0x00, 0x00, 0x00, 0x00, 0x00, 0x00, 0x00, 0x00,
  0x00, 0x00, 0x00, 0x00, 0x00, 0x00, 0x00, 0x00, 0x00, 0x00, 0x00, 0x0C, 0xFF, 0xFF, 0xFF, 0xFF, 0xFF, 0xFF, 0xFF, 0xB0,
  0x0C, 0xFF, 0xFF, 0xFF, 0xFF, 0xFF, 0xFF, 0xFF, 0xB0, 0x0C, 0xFB, 0x33, 0x33, 0x33, 0x33, 0x33, 0xCF, 0xB0, 0x0C, 0xFA,
  0x00, 0x00, 0x00, 0x00, 0x00, 0xCF, 0xB0, 0x0C, 0xFA, 0x00, 0x00, 0x00, 0x00, 0x00, 0xCF, 0xB0, 0x0C, 0xFA, 0x00, 0x00,
  0x00, 0x00, 0x00, 0xCF, 0xB0, 0x0C, 0xFA, 0x00, 0x00, 0x00, 0x00, 0x00, 0xCF, 0xB0, 0x0C, 0xFA, 0x00, 0x00, 0x00, 0x00,
  0x00, 0xCF, 0xB0, 0x0C, 0xFA, 0x00, 0x00, 0x00, 0x00, 0x00, 0xCF, 0xB0, 0x0C, 0xFA, 0x00, 0x00, 0x00, 0x00, 0x00, 0xCF,
  0xB0, 0x0C, 0xFA, 0x00, 0x00, 0x00, 0x00, 0x00, 0xCF, 0xB0, 0x0C, 0xFA, 0x00, 0x00, 0x00, 0x00, 0x00, 0xCF, 0xB0, 0x0C,
  0xFA, 0x00, 0x00, 0x00, 0x00, 0x00, 0xCF, 0xB0, 0x0C, 0xFA, 0x00, 0x00, 0x00, 0x00, 0x00, 0xCF, 0xB0, 0x0C, 0xFA, 0x00,
  0x00, 0x00, 0x00, 0x00, 0xCF, 0xB0, 0x0C, 0xFA, 0x00, 0x00, 0x00, 0x00, 0x00, 0xCF, 0xB0, 0x0C, 0xFA, 0x00, 0x00, 0x00,
  0x00, 0x00, 0xCF, 0xB0, 0x0C, 0xFA, 0x00, 0x00, 0x00, 0x00, 0x00, 0xCF, 0xB0, 0x0C, 0xFB, 0x33, 0x33, 0x33, 0x33, 0x33,
  0xCF, 0xB0, 0x0C, 0xFF, 0xFF, 0xFF, 0xFF, 0xFF, 0xFF, 0xFF, 0xB0, 0x0C, 0xFF, 0xFF, 0xFF, 0xFF, 0xFF, 0xFF, 0xFF, 0xB0,
  0x9F, 0xFF, 0xFF, 0xFF, 0xFF, 0xFF, 0xFF, 0xFF, 0xFF, 0xFE, 0x00, 0x00, 0x00, 0x9F, 0xFF, 0xFF, 0xFF, 0xFF, 0xFF, 0xFF,
  0xFF, 0xFF, 0xFE, 0x00, 0x00, 0x00, 0x9F, 0xFF, 0xFF, 0xFF, 0xFF, 0xFF, 0xFF, 0xFF, 0xFF, 0xFE, 0x00, 0x00, 0x00, 0x9F,
  0xFF, 0xFF, 0xFF, 0xFF, 0xFF, 0xFF, 0xFF, 0xFF, 0xFE, 0x00, 0x00, 0x00, 0x11, 0x11, 0x11, 0x1B, 0xFF, 0xFF, 0x41, 0x11,
  0x11, 0x11, 0x00, 0x00, 0x00, 0x00, 0x00, 0x00, 0x0B, 0xFF, 0xFF, 0x40, 0x00, 0x00, 0x00, 0x00, 0x00, 0x00, 0x00, 0x00,
  0x00, 0x0B, 0xFF, 0xFF, 0x40, 0x00, 0x00, 0x00, 0x00, 0x00, 0x00, 0x00, 0x00, 0x00, 0x0B, 0xFF, 0xFF, 0x40, 0x00, 0x00,
  0x00, 0x00, 0x00, 0x00, 0x00, 0x00, 0x00, 0x0B, 0xFF, 0xFF, 0x78, 0xBD, 0xEF, 0xDB, 0x92, 0x00, 0x00, 0x00, 0x00, 0x00,
  0x0B, 0xFF, 0xFF, 0xFF, 0xFF, 0xFF, 0xFF, 0xFF, 0x91, 0x00, 0x00, 0x00, 0x00, 0x0B, 0xFF, 0xFF, 0xFF, 0xFF, 0xFF, 0xFF,
  0xFF, 0xFA, 0x00, 0x00, 0x00, 0x00, 0x0B, 0xFF, 0xFF, 0xFF, 0xFF, 0xFF, 0xFF, 0xFF, 0xFF, 0x60, 0x00, 0x00, 0x00, 0x0B,
  0xFF, 0xFF, 0xD8, 0x42, 0x13, 0x8E, 0xFF, 0xFF, 0xC0, 0x00, 0x00, 0x00, 0x0B, 0xFF, 0xFF, 0x40, 0x00, 0x00, 0x05, 0xFF,
  0xFF, 0xF0, 0x00, 0x00, 0x00, 0x0B, 0xFF, 0xFF, 0x40, 0x00, 0x00, 0x00, 0xEF, 0xFF, 0xF1, 0x00, 0x00, 0x00, 0x0B, 0xFF,
  0xFF, 0x40, 0x00, 0x00, 0x01, 0xFF, 0xFF, 0xF0, 0x00, 0x00, 0x00, 0x0B, 0xFF, 0xFF, 0x40, 0x01, 0x00, 0x4C, 0xFF, 0xFF,
  0xC0, 0x00, 0x00, 0x00, 0x0B, 0xFF, 0xFF, 0x40, 0x08, 0xFF, 0xFF, 0xFF, 0xFF, 0x70, 0x00, 0x00, 0x00, 0x0B, 0xFF, 0xFF,
  0x40, 0x0A, 0xFF, 0xFF, 0xFF, 0xFA, 0x00, 0x00, 0x00, 0x00, 0x0B, 0xFF, 0xFF, 0x40, 0x0C, 0xFF, 0xFF, 0xFF, 0xA1, 0x00,
  0x00, 0x00, 0x00, 0x0B, 0xFF, 0xFF, 0x40, 0x0B, 0xEF, 0xEC, 0x93, 0x00, 0x00, 0x00, 0x00, 0x00, 0x00, 0x00, 0x4F, 0xFF,
  0xFB, 0x10, 0x00, 0x00, 0x00, 0x00, 0x04, 0xEF, 0xFF, 0x90, 0x00, 0x00, 0x00, 0x00, 0x00, 0x3E, 0xFF, 0xE6, 0x00, 0x00,
  0x00, 0x00, 0x00, 0x03, 0xEF, 0xFD, 0x30, 0x00, 0x00, 0x00, 0x00, 0x00, 0x05, 0x77, 0x71, 0x00, 0x00, 0x00, 0x00, 0x00,
  0x00, 0x00, 0x00, 0x00, 0x00, 0x00, 0x00, 0x00, 0x6F, 0xFF, 0xFF, 0xFF, 0xFF, 0xFF, 0xFF, 0xFC, 0x00, 0x6F, 0xFF, 0xFF,
  0xFF, 0xFF, 0xFF, 0xFF, 0xFC, 0x00, 0x6F, 0xFF, 0xFF, 0xFF, 0xFF, 0xFF, 0xFF, 0xFB, 0x00, 0x6F, 0xFF, 0xFF, 0xFF, 0xFF,
  0xFF, 0xFF, 0xFB, 0x00, 0x6F, 0xFF, 0xF9, 0x11, 0x11, 0x11, 0x11, 0x11, 0x00, 0x6F, 0xFF, 0xF9, 0x00, 0x00, 0x00, 0x00,
  0x00, 0x00, 0x6F, 0xFF, 0xF9, 0x00, 0x00, 0x00, 0x00, 0x00, 0x00, 0x6F, 0xFF, 0xF9, 0x00, 0x00, 0x00, 0x00, 0x00, 0x00,
  0x6F, 0xFF, 0xF9, 0x00, 0x00, 0x00, 0x00, 0x00, 0x00, 0x6F, 0xFF, 0xF9, 0x00, 0x00, 0x00, 0x00, 0x00, 0x00, 0x6F, 0xFF,
  0xF9, 0x00, 0x00, 0x00, 0x00, 0x00, 0x00, 0x6F, 0xFF, 0xF9, 0x00, 0x00, 0x00, 0x00, 0x00, 0x00, 0x6F, 0xFF, 0xF9, 0x00,
  0x00, 0x00, 0x00, 0x00, 0x00, 0x6F, 0xFF, 0xF9, 0x00, 0x00, 0x00, 0x00, 0x00, 0x00, 0x6F, 0xFF, 0xF9, 0x00, 0x00, 0x00,
  0x00, 0x00, 0x00, 0x6F, 0xFF, 0xF9, 0x00, 0x00, 0x00, 0x00, 0x00, 0x00, 0x6F, 0xFF, 0xF9, 0x00, 0x00, 0x00, 0x00, 0x00,
  0x00, 0x6F, 0xFF, 0xF9, 0x00, 0x00, 0x00, 0x00, 0x00, 0x00, 0x6F, 0xFF, 0xF9, 0x00, 0x00, 0x00, 0x00, 0x00, 0x00, 0x6F,
  0xFF, 0xF9, 0x00, 0x00, 0x00, 0x00, 0x00, 0x00, 0x6F, 0xFF, 0xF9, 0x00, 0x00, 0x00, 0x00, 0x00, 0x00, 0x15, 0x51, 0x00,
  0x03, 0xEF, 0xFE, 0x40, 0x0B, 0xFF, 0xFF, 0xB0, 0x0D, 0xFF, 0xFF, 0xE0, 0x0B, 0xFF, 0xFF, 0xD0, 0x04, 0xDF, 0xFF, 0x90,
  0x00, 0x7F, 0xFF, 0x30, 0x00, 0xBF, 0xFC, 0x00, 0x00, 0xEF, 0xF7, 0x00, 0x04, 0xFF, 0xE1, 0x00, 0x08, 0xFF, 0xA0, 0x00,
  0x00, 0x00, 0x00, 0x00, 0x04, 0xFF, 0xFF, 0xB1, 0x00, 0x00, 0x00, 0x00, 0x4E, 0xFF, 0xF8, 0x00, 0x00, 0x00, 0x00, 0x03,
  0xEF, 0xFE, 0x60, 0x00, 0x00, 0x00, 0x00, 0x3E, 0xFF, 0xD3, 0x00, 0x00, 0x00, 0x00, 0x00, 0x57, 0x77, 0x10, 0x00, 0x00,
  0x00, 0x00, 0x00, 0x00, 0x00, 0x00, 0x00, 0x00, 0x00, 0xBF, 0xFF, 0xFF, 0xFF, 0xFF, 0xFF, 0xF8, 0x00, 0xBF, 0xFF, 0xFF,
  0xFF, 0xFF, 0xFF, 0xF8, 0x00, 0xBF, 0xFF, 0xFF, 0xFF, 0xFF, 0xFF, 0xF8, 0x00, 0xBF, 0xFF, 0xFE, 0xEE, 0xEE, 0xEE, 0xE7,
  0x00, 0xBF, 0xFF, 0xF0, 0x00, 0x00, 0x00, 0x00, 0x00, 0xBF, 0xFF, 0xF0, 0x00, 0x00, 0x00, 0x00, 0x00, 0xBF, 0xFF, 0xF0,
  0x00, 0x00, 0x00, 0x00, 0x00, 0xBF, 0xFF, 0xF0, 0x00, 0x00, 0x00, 0x00, 0x00, 0xBF, 0xFF, 0xF0, 0x00, 0x00, 0x00, 0x00,
  0x00, 0xBF, 0xFF, 0xF0, 0x00, 0x00, 0x00, 0x00, 0x00, 0xBF, 0xFF, 0xF0, 0x00, 0x00, 0x00, 0x00, 0x00, 0xBF, 0xFF, 0xF0,
  0x00, 0x00, 0x00, 0x00, 0x00, 0xBF, 0xFF, 0xF0, 0x00, 0x00, 0x00, 0x00, 0x00, 0xBF, 0xFF, 0xF0, 0x00, 0x00, 0x00, 0x00,
  0x00, 0xBF, 0xFF, 0xF0, 0x00, 0x00, 0x00, 0x00, 0x00, 0xBF, 0xFF, 0xF0, 0x00, 0x00, 0x00, 0x00, 0x00, 0xBF, 0xFF, 0xF0,
  0x00, 0x00, 0x00, 0x00, 0x00, 0x15, 0x51, 0x00, 0x00, 0x56, 0x20, 0x00, 0x3E, 0xFF, 0xE4, 0x01, 0xCF, 0xFF, 0x60, 0x0B,
  0xFF, 0xFF, 0xB0, 0x8F, 0xFF, 0xFE, 0x00, 0xDF, 0xFF, 0xFE, 0x0B, 0xFF, 0xFF, 0xF3, 0x0B, 0xFF, 0xFF, 0xD0, 0x8F, 0xFF,
  0xFF, 0x10, 0x4D, 0xFF, 0xF9, 0x02, 0xCF, 0xFF, 0xC0, 0x00, 0x7F, 0xFF, 0x30, 0x04, 0xFF, 0xF7, 0x00, 0x0B, 0xFF, 0xC0,
  0x00, 0x8F, 0xFE, 0x10, 0x00, 0xEF, 0xF7, 0x00, 0x0C, 0xFF, 0xA0, 0x00, 0x4F, 0xFE, 0x10, 0x01, 0xFF, 0xF4, 0x00, 0x08,
  0xFF, 0xA0, 0x00, 0x5F, 0xFD, 0x00, 0x00, 0x01, 0x8D, 0xD8, 0x00, 0x00, 0x7C, 0xD9, 0x10, 0x00, 0x5C, 0xDA, 0x30, 0x09,
  0xFF, 0xFF, 0x80, 0x06, 0xFF, 0xFF, 0xB0, 0x04, 0xFF, 0xFF, 0xD1, 0x0D, 0xFF, 0xFF, 0xD0, 0x0B, 0xFF, 0xFF, 0xF1, 0x09,
  0xFF, 0xFF, 0xF4, 0x0D, 0xFF, 0xFF, 0xD0, 0x0B, 0xFF, 0xFF, 0xF1, 0x09, 0xFF, 0xFF, 0xF4, 0x09, 0xFF, 0xFF, 0x90, 0x07,
  0xFF, 0xFF, 0xB0, 0x04, 0xFF, 0xFF, 0xD1, 0x01, 0x9E, 0xE9, 0x10, 0x00, 0x8D, 0xEA, 0x20, 0x00, 0x6D, 0xEB, 0x30, 0x00,
  0x00, 0x00, 0x6F, 0xFF, 0xF7, 0x00, 0x00, 0x00, 0x00, 0x00, 0x00, 0x6F, 0xFF, 0xF7, 0x00, 0x00, 0x00, 0x00, 0x00, 0x00,
  0x6F, 0xFF, 0xF7, 0x00, 0x00, 0x00, 0x00, 0x00, 0x00, 0x6F, 0xFF, 0xF7, 0x00, 0x00, 0x00, 0x00, 0x00, 0x00, 0x6F, 0xFF,
  0xF7, 0x00, 0x00, 0x00, 0x00, 0x00, 0x00, 0x6F, 0xFF, 0xF7, 0x00, 0x00, 0x00, 0x00, 0x00, 0x00, 0x6F, 0xFF, 0xF7, 0x00,
  0x00, 0x00, 0x2F, 0xFF, 0xFF, 0xFF, 0xFF, 0xFF, 0xFF, 0xFF, 0xF3, 0x2F, 0xFF, 0xFF, 0xFF, 0xFF, 0xFF, 0xFF, 0xFF, 0xF3,
  0x2F, 0xFF, 0xFF, 0xFF, 0xFF, 0xFF, 0xFF, 0xFF, 0xF3, 0x2E, 0xEE, 0xEE, 0xEF, 0xFF, 0xFE, 0xEE, 0xEE, 0xE3, 0x00, 0x00,
  0x00, 0x6F, 0xFF, 0xF7, 0x00, 0x00, 0x00, 0x00, 0x00, 0x00, 0x6F, 0xFF, 0xF7, 0x00, 0x00, 0x00, 0x00, 0x00, 0x00, 0x6F,
  0xFF, 0xF7, 0x00, 0x00, 0x00, 0x00, 0x00, 0x00, 0x6F, 0xFF, 0xF7, 0x00, 0x00, 0x00, 0x00, 0x00, 0x00, 0x6F, 0xFF, 0xF7,
  0x00, 0x00, 0x00, 0x00, 0x00, 0x00, 0x6F, 0xFF, 0xF7, 0x00, 0x00, 0x00, 0x00, 0x00, 0x00, 0x6F, 0xFF, 0xF7, 0x00, 0x00,
  0x00, 0x00, 0x00, 0x00, 0x6F, 0xFF, 0xF7, 0x00, 0x00, 0x00, 0x00, 0x00, 0x00, 0x6F, 0xFF, 0xF7, 0x00, 0x00, 0x00, 0x00,
  0x00, 0x00, 0x6F, 0xFF, 0xF7, 0x00, 0x00, 0x00, 0x00, 0x00, 0x00, 0x6F, 0xFF, 0xF7, 0x00, 0x00, 0x00, 0x00, 0x00, 0x00,
  0x6F, 0xFF, 0xF7, 0x00, 0x00, 0x00, 0x00, 0x00, 0x00, 0x6F, 0xFF, 0xF7, 0x00, 0x00, 0x00, 0x00, 0x00, 0x00, 0x6F, 0xFF,
  0xF7, 0x00, 0x00, 0x00, 0x00, 0x00, 0x00, 0x6F, 0xFF, 0xF7, 0x00, 0x00, 0x00, 0x00, 0x00, 0x00, 0x6F, 0xFF, 0xF7, 0x00,
  0x00, 0x00, 0x00, 0x00, 0x00, 0x6F, 0xFF, 0xF7, 0x00, 0x00, 0x00, 0x00, 0x00, 0x00, 0x6F, 0xFF, 0xF7, 0x00, 0x00, 0x00,
  0x00, 0x00, 0x00, 0x6F, 0xFF, 0xF7, 0x00, 0x00, 0x00, 0x00, 0x00, 0x00, 0x6F, 0xFF, 0xF7, 0x00, 0x00, 0x00, 0x00, 0x00,
  0x00, 0x6F, 0xFF, 0xF7, 0x00, 0x00, 0x00, 0x00, 0x00, 0x00, 0x6F, 0xFF, 0xF7, 0x00, 0x00, 0x00, 0x00, 0x00, 0x00, 0x6F,
  0xFF, 0xF7, 0x00, 0x00, 0x00, 0x2F, 0xFF, 0xFF, 0xFF, 0xFF, 0xFF, 0xFF, 0xFF, 0xF3, 0x2F, 0xFF, 0xFF, 0xFF, 0xFF, 0xFF,
  0xFF, 0xFF, 0xF3, 0x2F, 0xFF, 0xFF, 0xFF, 0xFF, 0xFF, 0xFF, 0xFF, 0xF3, 0x2E, 0xEE, 0xEE, 0xFF, 0xFF, 0xFF, 0xEE, 0xEE,
  0xE3, 0x00, 0x00, 0x00, 0x6F, 0xFF, 0xF7, 0x00, 0x00, 0x00, 0x00, 0x00, 0x00, 0x6F, 0xFF, 0xF7, 0x00, 0x00, 0x00, 0x00,
  0x00, 0x00, 0x6F, 0xFF, 0xF7, 0x00, 0x00, 0x00, 0x00, 0x00, 0x00, 0x6F, 0xFF, 0xF7, 0x00, 0x00, 0x00, 0x00, 0x00, 0x00,
  0x6F, 0xFF, 0xF7, 0x00, 0x00, 0x00, 0x2E, 0xEE, 0xEE, 0xEF, 0xFF, 0xFF, 0xEE, 0xEE, 0xE3, 0x2F, 0xFF, 0xFF, 0xFF, 0xFF,
  0xFF, 0xFF, 0xFF, 0xF3, 0x2F, 0xFF, 0xFF, 0xFF, 0xFF, 0xFF, 0xFF, 0xFF, 0xF3, 0x2F, 0xFF, 0xFF, 0xFF, 0xFF, 0xFF, 0xFF,
  0xFF, 0xF3, 0x00, 0x00, 0x00, 0x6F, 0xFF, 0xF7, 0x00, 0x00, 0x00, 0x00, 0x00, 0x00, 0x6F, 0xFF, 0xF7, 0x00, 0x00, 0x00,
  0x00, 0x00, 0x00, 0x6F, 0xFF, 0xF7, 0x00, 0x00, 0x00, 0x00, 0x00, 0x00, 0x6F, 0xFF, 0xF7, 0x00, 0x00, 0x00, 0x00, 0x00,
  0x00, 0x6F, 0xFF, 0xF7, 0x00, 0x00, 0x00, 0x00, 0x00, 0x00, 0x6F, 0xFF, 0xF7, 0x00, 0x00, 0x00, 0x00, 0x00, 0x00, 0x6F,
  0xFF, 0xF7, 0x00, 0x00, 0x00, 0x00, 0x00, 0x00, 0x00, 0x00, 0x16, 0xAD, 0xEF, 0xED, 0xA7, 0x20, 0x00, 0x00, 0x00, 0x00,
  0x00, 0x01, 0x7E, 0xFF, 0xFF, 0xFF, 0xFF, 0xFF, 0xA3, 0x00, 0x00, 0x00, 0x00, 0x03, 0xEF, 0xFF, 0xFF, 0xFF, 0xFF, 0xFF,
  0xFF, 0xF9, 0x10, 0x00, 0x00, 0x03, 0xEF, 0xFF, 0xFF, 0xFF, 0xFF, 0xFF, 0xFF, 0xFF, 0xC1, 0x00, 0x00, 0x03, 0xEF, 0xFF,
  0xFF, 0xE9, 0x65, 0x58, 0xCF, 0xFF, 0xD2, 0x00, 0x00, 0x00, 0xCF, 0xFF, 0xFF, 0x80, 0x00, 0x00, 0x00, 0x5E, 0xE3, 0x00,
  0x00, 0x00, 0x5F, 0xFF, 0xFF, 0x70, 0x00, 0x00, 0x00, 0x00, 0x34, 0x00, 0x01, 0x99, 0x9C, 0xFF, 0xFF, 0xE9, 0x99, 0x99,
  0x99, 0x40, 0x00, 0x00, 0x00, 0x2F, 0xFF, 0xFF, 0xFF, 0xFF, 0xFF, 0xFF, 0xFF, 0xF6, 0x00, 0x00, 0x00, 0x02, 0xFF, 0xFF,
  0xFF, 0xFF, 0xFF, 0xFF, 0xFF, 0xFF, 0x60, 0x00, 0x00, 0x00, 0x00, 0x02, 0xFF, 0xFF, 0xD0, 0x00, 0x00, 0x00, 0x00, 0x00,
  0x00, 0x00, 0x02, 0xFF, 0xFF, 0xFF, 0xFF, 0xFF, 0xFF, 0xFF, 0xFF, 0x60, 0x00, 0x00, 0x00, 0x2F, 0xFF, 0xFF, 0xFF, 0xFF,
  0xFF, 0xFF, 0xFF, 0xF6, 0x00, 0x00, 0x00, 0x01, 0x99, 0x9D, 0xFF, 0xFF, 0xE9, 0x99, 0x99, 0x99, 0x40, 0x00, 0x00, 0x00,
  0x00, 0x00, 0x5F, 0xFF, 0xFF, 0x60, 0x00, 0x00, 0x00, 0x00, 0x35, 0x00, 0x00, 0x00, 0x00, 0xCF, 0xFF, 0xFF, 0x80, 0x00,
  0x00, 0x00, 0x5E, 0xF6, 0x00, 0x00, 0x00, 0x03, 0xEF, 0xFF, 0xFF, 0xE9, 0x64, 0x57, 0xCF, 0xFF, 0xF8, 0x00, 0x00, 0x00,
  0x04, 0xEF, 0xFF, 0xFF, 0xFF, 0xFF, 0xFF, 0xFF, 0xFF, 0xD1, 0x00, 0x00, 0x00, 0x03, 0xEF, 0xFF, 0xFF, 0xFF, 0xFF, 0xFF,
  0xFF, 0xD2, 0x00, 0x00, 0x00, 0x00, 0x01, 0x8E, 0xFF, 0xFF, 0xFF, 0xFF, 0xFE, 0x81, 0x00, 0x00, 0x00, 0x00, 0x00, 0x00,
  0x17, 0xAD, 0xEF, 0xED, 0xA6, 0x10, 0x00, 0x00, 0x00, 0x05, 0xBD, 0xEC, 0x70, 0x00, 0x00, 0x00, 0x00, 0x8F, 0xFF, 0x40,
  0x00, 0x00, 0x00, 0x00, 0x00, 0x00, 0x00, 0x00, 0x8F, 0xFF, 0xFF, 0xFC, 0x10, 0x00, 0x00, 0x04, 0xFF, 0xF8, 0x00, 0x00,
  0x00, 0x00, 0x00, 0x00, 0x00, 0x00, 0x05, 0xFF, 0xFB, 0xAE, 0xFF, 0x80, 0x00, 0x00, 0x1D, 0xFF, 0xC0, 0x00, 0x00, 0x00,
  0x00, 0x00, 0x00, 0x00, 0x00, 0x0C, 0xFF, 0x80, 0x04, 0xFF, 0xF1, 0x00, 0x00, 0x9F, 0xFE, 0x30, 0x00, 0x00, 0x00, 0x00,
  0x00, 0x00, 0x00, 0x00, 0x0F, 0xFF, 0x10, 0x00, 0xDF, 0xF4, 0x00, 0x05, 0xFF, 0xF7, 0x00, 0x00, 0x00, 0x00, 0x00, 0x00,
  0x00, 0x00, 0x00, 0x3F, 0xFE, 0x00, 0x00, 0xBF, 0xF6, 0x00, 0x1E, 0xFF, 0xB0, 0x00, 0x00, 0x00, 0x00, 0x00, 0x00, 0x00,
  0x00, 0x00, 0x2F, 0xFF, 0x00, 0x00, 0xBF, 0xF5, 0x00, 0xAF, 0xFE, 0x20, 0x00, 0x00, 0x00, 0x00, 0x00, 0x00, 0x00, 0x00,
  0x00, 0x0E, 0xFF, 0x50, 0x01, 0xEF, 0xF3, 0x06, 0xFF, 0xF5, 0x00, 0x00, 0x00, 0x00, 0x00, 0x00, 0x00, 0x00, 0x00, 0x00,
  0x09, 0xFF, 0xD3, 0x2A, 0xFF, 0xC0, 0x2E, 0xFF, 0xA0, 0x00, 0x00, 0x00, 0x00, 0x00, 0x00, 0x00, 0x00, 0x00, 0x00, 0x01,
  0xEF, 0xFF, 0xFF, 0xFF, 0x40, 0xBF, 0xFD, 0x10, 0x25, 0x86, 0x30, 0x00, 0x00, 0x00, 0x36, 0x85, 0x10, 0x00, 0x00, 0x3C,
  0xFF, 0xFF, 0xE5, 0x07, 0xFF, 0xF4, 0x06, 0xEF, 0xFF, 0xFA, 0x10, 0x00, 0x1A, 0xFF, 0xFF, 0xE6, 0x00, 0x00, 0x00, 0x47,
  0x85, 0x10, 0x3F, 0xFF, 0x80, 0x7F, 0xFF, 0xFF, 0xFF, 0xB0, 0x00, 0xCF, 0xFF, 0xFF, 0xFF, 0x60, 0x00, 0x00, 0x00, 0x00,
  0x01, 0xCF, 0xFC, 0x12, 0xEF, 0xF7, 0x15, 0xEF, 0xF6, 0x06, 0xFF, 0xE4, 0x28, 0xFF, 0xE1, 0x00, 0x00, 0x00, 0x00, 0x09,
  0xFF, 0xF3, 0x06, 0xFF, 0xC0, 0x00, 0x7F, 0xFB, 0x0B, 0xFF, 0x60, 0x00, 0xCF, 0xF5, 0x00, 0x00, 0x00, 0x00, 0x4F, 0xFF,
  0x70, 0x09, 0xFF, 0x80, 0x00, 0x4F, 0xFD, 0x0D, 0xFF, 0x30, 0x00, 0x9F, 0xF8, 0x00, 0x00, 0x00, 0x01, 0xDF, 0xFB, 0x00,
  0x0A, 0xFF, 0x80, 0x00, 0x3F, 0xFE, 0x0E, 0xFF, 0x20, 0x00, 0x8F, 0xF9, 0x00, 0x00, 0x00, 0x0A, 0xFF, 0xE2, 0x00, 0x07,
  0xFF, 0x90, 0x00, 0x5F, 0xFC, 0x0C, 0xFF, 0x40, 0x00, 0xAF, 0xF6, 0x00, 0x00, 0x00, 0x5F, 0xFF, 0x60, 0x00, 0x04, 0xFF,
  0xE2, 0x00, 0xBF, 0xF9, 0x0A, 0xFF, 0xA0, 0x02, 0xEF, 0xF3, 0x00, 0x00, 0x02, 0xEF, 0xFA, 0x00, 0x00, 0x00, 0xBF, 0xFD,
  0x9C, 0xFF, 0xE2, 0x02, 0xEF, 0xFB, 0x9E, 0xFF, 0xB0, 0x00, 0x00, 0x0B, 0xFF, 0xE1, 0x00, 0x00, 0x00, 0x3D, 0xFF, 0xFF,
  0xFE, 0x60, 0x00, 0x6F, 0xFF, 0xFF, 0xFD, 0x20, 0x00, 0x00, 0x7F, 0xFF, 0x50, 0x00, 0x00, 0x00, 0x01, 0x9C, 0xED, 0xA3,
  0x00, 0x00, 0x03, 0xAD, 0xEC, 0x81, 0x00, 0x00, 0x00, 0x0C, 0xFF, 0xFF, 0xFF, 0xFF, 0xFF, 0xFF, 0xFF, 0xFC, 0x00, 0x00,
  0x00, 0x00, 0x00, 0x00, 0x00, 0x00, 0x00, 0x0C, 0xFF, 0xFF, 0xFF, 0xFF, 0xFF, 0xFF, 0xFF, 0xFC, 0x00, 0x00, 0x00, 0x00,
  0x00, 0x00, 0x00, 0x00, 0x00, 0x0D, 0xFF, 0xFF, 0xFF, 0xFF, 0xFF, 0xFF, 0xFF, 0xFC, 0x00, 0x00, 0x00, 0x00, 0x00, 0x00,
  0x00, 0x00, 0x00, 0x0D, 0xFF, 0xFF, 0xFF, 0xFF, 0xFF, 0xFF, 0xFF, 0xFC, 0x00, 0x00, 0x00, 0x00, 0x00, 0x00, 0x00, 0x00,
  0x00, 0x0D, 0xFF, 0xF8, 0x11, 0x11, 0x11, 0x4F, 0xFF, 0xFC, 0x00, 0x00, 0x00, 0x00, 0x00, 0x00, 0x00, 0x00, 0x00, 0x0E,
  0xFF, 0xF8, 0x00, 0x00, 0x00, 0x3F, 0xFF, 0xFC, 0x00, 0x00, 0x00, 0x00, 0x00, 0x00, 0x00, 0x00, 0x00, 0x0E, 0xFF, 0xF7,
  0x00, 0x00, 0x00, 0x3F, 0xFF, 0xFC, 0x00, 0x00, 0x00, 0x00, 0x00, 0x00, 0x00, 0x00, 0x00, 0x0F, 0xFF, 0xF7, 0x00, 0x00,
  0x00, 0x3F, 0xFF, 0xFF, 0xFF, 0xFF, 0xFE, 0xDB, 0x93, 0x00, 0x00, 0x00, 0x00, 0x1F, 0xFF, 0xF6, 0x00, 0x00, 0x00, 0x3F,
  0xFF, 0xFF, 0xFF, 0xFF, 0xFF, 0xFF, 0xFF, 0xA2, 0x00, 0x00, 0x00, 0x2F, 0xFF, 0xF5, 0x00, 0x00, 0x00, 0x3F, 0xFF, 0xFF,
  0xFF, 0xFF, 0xFF, 0xFF, 0xFF, 0xFD, 0x20, 0x00, 0x00, 0x3F, 0xFF, 0xF4, 0x00, 0x00, 0x00, 0x3F, 0xFF, 0xFE, 0xBB, 0xBB,
  0xBD, 0xFF, 0xFF, 0xFF, 0x90, 0x00, 0x00, 0x4F, 0xFF, 0xF3, 0x00, 0x00, 0x00, 0x3F, 0xFF, 0xFC, 0x00, 0x00, 0x00, 0x2B,
  0xFF, 0xFF, 0xE0, 0x00, 0x00, 0x6F, 0xFF, 0xF1, 0x00, 0x00, 0x00, 0x3F, 0xFF, 0xFC, 0x00, 0x00, 0x00, 0x01, 0xEF, 0xFF,
  0xF3, 0x00, 0x00, 0x9F, 0xFF, 0xE0, 0x00, 0x00, 0x00, 0x3F, 0xFF, 0xFC, 0x00, 0x00, 0x00, 0x00, 0xCF, 0xFF, 0xF5, 0x00,
  0x00, 0xCF, 0xFF, 0xC0, 0x00, 0x00, 0x00, 0x3F, 0xFF, 0xFC, 0x00, 0x00, 0x00, 0x00, 0xDF, 0xFF, 0xF4, 0x00, 0x04, 0xFF,
  0xFF, 0x90, 0x00, 0x00, 0x00, 0x3F, 0xFF, 0xFC, 0x00, 0x00, 0x00, 0x03, 0xFF, 0xFF, 0xF2, 0x12, 0x4D, 0xFF, 0xFF, 0x50,
  0x00, 0x00, 0x00, 0x3F, 0xFF, 0xFC, 0x00, 0x00, 0x00, 0x4D, 0xFF, 0xFF, 0xC0, 0x6F, 0xFF, 0xFF, 0xFE, 0x10, 0x00, 0x00,
  0x00, 0x3F, 0xFF, 0xFE, 0xAA, 0xAA, 0xBD, 0xFF, 0xFF, 0xFF, 0x60, 0x7F, 0xFF, 0xFF, 0xF7, 0x00, 0x00, 0x00, 0x00, 0x3F,
  0xFF, 0xFF, 0xFF, 0xFF, 0xFF, 0xFF, 0xFF, 0xF9, 0x00, 0x8F, 0xFF, 0xFF, 0xA0, 0x00, 0x00, 0x00, 0x00, 0x3F, 0xFF, 0xFF,
  0xFF, 0xFF, 0xFF, 0xFF, 0xFD, 0x60, 0x00, 0x9F, 0xFE, 0xC6, 0x00, 0x00, 0x00, 0x00, 0x00, 0x3F, 0xFF, 0xFF, 0xFF, 0xFF,
  0xFD, 0xCA, 0x60, 0x00, 0x00, 0x00, 0x00, 0x2E, 0xFF, 0xF6, 0x00, 0x00, 0xBF, 0xFF, 0xA0, 0x00, 0x07, 0xFF, 0xFD, 0x10,
  0x00, 0x3E, 0xFF, 0xF5, 0x00, 0x01, 0xCF, 0xFF, 0x90, 0x00, 0x09, 0xFF, 0xFD, 0x10, 0x00, 0x09, 0xFF, 0xFD, 0x10, 0x00,
  0x01, 0xCF, 0xFF, 0x90, 0x00, 0x00, 0x3E, 0xFF, 0xF5, 0x00, 0x00, 0x06, 0xFF, 0xFE, 0x20, 0x00, 0x00, 0xAF, 0xFF, 0xB0,
  0x00, 0x00, 0x1D, 0xEE, 0xE6, 0x00, 0x00, 0x00, 0x00, 0x00, 0x00, 0x00, 0x00, 0x00, 0x00, 0x00, 0x6F, 0xFF, 0xF9, 0x00,
  0x00, 0x00, 0x00, 0x1F, 0xFF, 0xFD, 0x00, 0x00, 0x00, 0x00, 0x00, 0x00, 0x00, 0x00, 0x6F, 0xFF, 0xF9, 0x00, 0x00, 0x00,
  0x00, 0x1F, 0xFF, 0xFD, 0x00, 0x00, 0x00, 0x00, 0x00, 0x00, 0x00, 0x00, 0x6F, 0xFF, 0xF9, 0x00, 0x00, 0x00, 0x00, 0x1F,
  0xFF, 0xFD, 0x00, 0x00, 0x00, 0x00, 0x00, 0x00, 0x00, 0x00, 0x6F, 0xFF, 0xF9, 0x00, 0x00, 0x00, 0x00, 0x1F, 0xFF, 0xFD,
  0x00, 0x00, 0x00, 0x00, 0x00, 0x00, 0x00, 0x00, 0x6F, 0xFF, 0xF9, 0x00, 0x00, 0x00, 0x00, 0x1F, 0xFF, 0xFD, 0x00, 0x00,
  0x00, 0x00, 0x00, 0x00, 0x00, 0x00, 0x6F, 0xFF, 0xF9, 0x00, 0x00, 0x00, 0x00, 0x1F, 0xFF, 0xFD, 0x00, 0x00, 0x00, 0x00,
  0x00, 0x00, 0x00, 0x00, 0x6F, 0xFF, 0xF9, 0x00, 0x00, 0x00, 0x00, 0x1F, 0xFF, 0xFD, 0x00, 0x00, 0x00, 0x00, 0x00, 0x00,
  0x00, 0x00, 0x6F, 0xFF, 0xFA, 0x11, 0x11, 0x11, 0x11, 0x2F, 0xFF, 0xFD, 0x00, 0x00, 0x00, 0x00, 0x00, 0x00, 0x00, 0x00,
  0x6F, 0xFF, 0xFF, 0xFF, 0xFF, 0xFF, 0xFF, 0xFF, 0xFF, 0xFF, 0xFF, 0xFF, 0xFF, 0xDB, 0x92, 0x00, 0x00, 0x00, 0x6F, 0xFF,
  0xFF, 0xFF, 0xFF, 0xFF, 0xFF, 0xFF, 0xFF, 0xFF, 0xFF, 0xFF, 0xFF, 0xFF, 0xFE, 0x90, 0x00, 0x00, 0x6F, 0xFF, 0xFF, 0xFF,
  0xFF, 0xFF, 0xFF, 0xFF, 0xFF, 0xFF, 0xFF, 0xFF, 0xFF, 0xFF, 0xFF, 0xF9, 0x00, 0x00, 0x6F, 0xFF, 0xFF, 0xFF, 0xFF, 0xFF,
  0xFF, 0xFF, 0xFF, 0xFE, 0xBB, 0xBB, 0xBD, 0xFF, 0xFF, 0xFF, 0x50, 0x00, 0x6F, 0xFF, 0xF9, 0x00, 0x00, 0x00, 0x00, 0x1F,
  0xFF, 0xFD, 0x00, 0x00, 0x00, 0x4E, 0xFF, 0xFF, 0xB0, 0x00, 0x6F, 0xFF, 0xF9, 0x00, 0x00, 0x00, 0x00, 0x1F, 0xFF, 0xFD,
  0x00, 0x00, 0x00, 0x06, 0xFF, 0xFF, 0xD0, 0x00, 0x6F, 0xFF, 0xF9, 0x00, 0x00, 0x00, 0x00, 0x1F, 0xFF, 0xFD, 0x00, 0x00,
  0x00, 0x03, 0xFF, 0xFF, 0xE0, 0x00, 0x6F, 0xFF, 0xF9, 0x00, 0x00, 0x00, 0x00, 0x1F, 0xFF, 0xFD, 0x00, 0x00, 0x00, 0x06,
  0xFF, 0xFF, 0xC0, 0x00, 0x6F, 0xFF, 0xF9, 0x00, 0x00, 0x00, 0x00, 0x1F, 0xFF, 0xFD, 0x00, 0x00, 0x00, 0x4E, 0xFF, 0xFF,
  0x90, 0x00, 0x6F, 0xFF, 0xF9, 0x00, 0x00, 0x00, 0x00, 0x1F, 0xFF, 0xFE, 0xAA, 0xAA, 0xBD, 0xFF, 0xFF, 0xFF, 0x30, 0x00,
  0x6F, 0xFF, 0xF9, 0x00, 0x00, 0x00, 0x00, 0x1F, 0xFF, 0xFF, 0xFF, 0xFF, 0xFF, 0xFF, 0xFF, 0xF7, 0x00, 0x00, 0x6F, 0xFF,
  0xF9, 0x00, 0x00, 0x00, 0x00, 0x1F, 0xFF, 0xFF, 0xFF, 0xFF, 0xFF, 0xFF, 0xFD, 0x60, 0x00, 0x00, 0x6F, 0xFF, 0xF9, 0x00,
  0x00, 0x00, 0x00, 0x1F, 0xFF, 0xFF, 0xFF, 0xFF, 0xFE, 0xCA, 0x60, 0x00, 0x00, 0x00, 0x00, 0x00, 0x00, 0x00, 0x00, 0xBF,
  0xFF, 0xE6, 0x00, 0x00, 0x00, 0x00, 0x00, 0x00, 0x00, 0x00, 0xAF, 0xFF, 0xD4, 0x00, 0x00, 0x00, 0x00, 0x00, 0x00, 0x00,
  0x00, 0x9F, 0xFF, 0xB2, 0x00, 0x00, 0x00, 0x00, 0x00, 0x00, 0x00, 0x00, 0x8F, 0xFF, 0x90, 0x00, 0x00, 0x00, 0x00, 0x00,
  0x00, 0x00, 0x00, 0x17, 0x77, 0x50, 0x00, 0x00, 0x00, 0x00, 0x00, 0x00, 0x00, 0x00, 0x00, 0x00, 0x00, 0x00, 0x00, 0x00,
  0x00, 0x00, 0x00, 0x7F, 0xFF, 0xF9, 0x00, 0x00, 0x00, 0x00, 0xAF, 0xFF, 0xF9, 0x00, 0x07, 0xFF, 0xFF, 0x90, 0x00, 0x00,
  0x00, 0x5F, 0xFF, 0xFD, 0x10, 0x00, 0x7F, 0xFF, 0xF9, 0x00, 0x00, 0x00, 0x1D, 0xFF, 0xFF, 0x50, 0x00, 0x07, 0xFF, 0xFF,
  0x90, 0x00, 0x00, 0x09, 0xFF, 0xFF, 0xA0, 0x00, 0x00, 0x7F, 0xFF, 0xF9, 0x00, 0x00, 0x03, 0xFF, 0xFF, 0xD1, 0x00, 0x00,
  0x07, 0xFF, 0xFF, 0x90, 0x00, 0x00, 0xCF, 0xFF, 0xF5, 0x00, 0x00, 0x00, 0x7F, 0xFF, 0xF9, 0x00, 0x00, 0x7F, 0xFF, 0xFA,
  0x00, 0x00, 0x00, 0x07, 0xFF, 0xFF, 0x90, 0x00, 0x2E, 0xFF, 0xFD, 0x10, 0x00, 0x00, 0x00, 0x7F, 0xFF, 0xF9, 0x33, 0x3B,
  0xFF, 0xFF, 0x50, 0x00, 0x00, 0x00, 0x07, 0xFF, 0xFF, 0xFF, 0xFF, 0xFF, 0xFF, 0xA0, 0x00, 0x00, 0x00, 0x00, 0x7F, 0xFF,
  0xFF, 0xFF, 0xFF, 0xFF, 0xF2, 0x00, 0x00, 0x00, 0x00, 0x07, 0xFF, 0xFF, 0xFF, 0xFF, 0xFF, 0xFF, 0x90, 0x00, 0x00, 0x00,
  0x00, 0x7F, 0xFF, 0xFF, 0xFF, 0xFF, 0xFF, 0xFF, 0x50, 0x00, 0x00, 0x00, 0x07, 0xFF, 0xFF, 0x90, 0x00, 0xBF, 0xFF, 0xFD,
  0x10, 0x00, 0x00, 0x00, 0x7F, 0xFF, 0xF9, 0x00, 0x02, 0xEF, 0xFF, 0xFA, 0x00, 0x00, 0x00, 0x07, 0xFF, 0xFF, 0x90, 0x00,
  0x06, 0xFF, 0xFF, 0xF6, 0x00, 0x00, 0x00, 0x7F, 0xFF, 0xF9, 0x00, 0x00, 0x0A, 0xFF, 0xFF, 0xE2, 0x00, 0x00, 0x07, 0xFF,
  0xFF, 0x90, 0x00, 0x00, 0x1D, 0xFF, 0xFF, 0xB0, 0x00, 0x00, 0x7F, 0xFF, 0xF9, 0x00, 0x00, 0x00, 0x5F, 0xFF, 0xFF, 0x70,
  0x00, 0x07, 0xFF, 0xFF, 0x90, 0x00, 0x00, 0x00, 0x9F, 0xFF, 0xFE, 0x30, 0x00, 0x7F, 0xFF, 0xF9, 0x00, 0x00, 0x00, 0x01,
  0xDF, 0xFF, 0xFC, 0x00, 0x9F, 0xFF, 0xFF, 0xFF, 0xFF, 0xFF, 0xFF, 0xFF, 0xFF, 0xFB, 0x00, 0x00, 0x00, 0x9F, 0xFF, 0xFF,
  0xFF, 0xFF, 0xFF, 0xFF, 0xFF, 0xFF, 0xFB, 0x00, 0x00, 0x00, 0x9F, 0xFF, 0xFF, 0xFF, 0xFF, 0xFF, 0xFF, 0xFF, 0xFF, 0xFB,
  0x00, 0x00, 0x00, 0x9F, 0xFF, 0xFF, 0xFF, 0xFF, 0xFF, 0xFF, 0xFF, 0xFF, 0xFB, 0x00, 0x00, 0x00, 0x11, 0x11, 0x11, 0x1C,
  0xFF, 0xFF, 0x41, 0x11, 0x11, 0x11, 0x00, 0x00, 0x00, 0x00, 0x00, 0x00, 0x0C, 0xFF, 0xFF, 0x30, 0x00, 0x00, 0x00, 0x00,
  0x00, 0x00, 0x00, 0x00, 0x00, 0x0C, 0xFF, 0xFF, 0x30, 0x00, 0x00, 0x00, 0x00, 0x00, 0x00, 0x00, 0x00, 0x00, 0x0C, 0xFF,
  0xFF, 0x30, 0x00, 0x00, 0x00, 0x00, 0x00, 0x00, 0x00, 0x00, 0x00, 0x0C, 0xFF, 0xFF, 0x68, 0xBD, 0xEE, 0xDB, 0x81, 0x00,
  0x00, 0x00, 0x00, 0x00, 0x0C, 0xFF, 0xFF, 0xFF, 0xFF, 0xFF, 0xFF, 0xFE, 0x60, 0x00, 0x00, 0x00, 0x00, 0x0C, 0xFF, 0xFF,
  0xFF, 0xFF, 0xFF, 0xFF, 0xFF, 0xF6, 0x00, 0x00, 0x00, 0x00, 0x0C, 0xFF, 0xFF, 0xFF, 0xFF, 0xFF, 0xFF, 0xFF, 0xFE, 0x20,
  0x00, 0x00, 0x00, 0x0C, 0xFF, 0xFF, 0xFB, 0x75, 0x57, 0xDF, 0xFF, 0xFF, 0x90, 0x00, 0x00, 0x00, 0x0C, 0xFF, 0xFF, 0x40,
  0x00, 0x00, 0x1C, 0xFF, 0xFF, 0xC0, 0x00, 0x00, 0x00, 0x0C, 0xFF, 0xFF, 0x30, 0x00, 0x00, 0x04, 0xFF, 0xFF, 0xE0, 0x00,
  0x00, 0x00, 0x0C, 0xFF, 0xFF, 0x30, 0x00, 0x00, 0x00, 0xFF, 0xFF, 0xF0, 0x00, 0x00, 0x00, 0x0C, 0xFF, 0xFF, 0x30, 0x00,
  0x00, 0x00, 0xDF, 0xFF, 0xF1, 0x00, 0x00, 0x00, 0x0C, 0xFF, 0xFF, 0x30, 0x00, 0x00, 0x00, 0xDF, 0xFF, 0xF1, 0x00, 0x00,
  0x00, 0x0C, 0xFF, 0xFF, 0x30, 0x00, 0x00, 0x00, 0xDF, 0xFF, 0xF1, 0x00, 0x00, 0x00, 0x0C, 0xFF, 0xFF, 0x30, 0x00, 0x00,
  0x00, 0xDF, 0xFF, 0xF1, 0x00, 0x00, 0x00, 0x0C, 0xFF, 0xFF, 0x30, 0x00, 0x00, 0x00, 0xDF, 0xFF, 0xF1, 0x00, 0x6F, 0xFF,
  0xF9, 0x00, 0x00, 0x00, 0x00, 0x0E, 0xFF, 0xFF, 0x10, 0x00, 0x06, 0xFF, 0xFF, 0x90, 0x00, 0x00, 0x00, 0x00, 0xEF, 0xFF,
  0xF1, 0x00, 0x00, 0x6F, 0xFF, 0xF9, 0x00, 0x00, 0x00, 0x00, 0x0E, 0xFF, 0xFF, 0x10, 0x00, 0x06, 0xFF, 0xFF, 0x90, 0x00,
  0x00, 0x00, 0x00, 0xEF, 0xFF, 0xF1, 0x00, 0x00, 0x6F, 0xFF, 0xF9, 0x00, 0x00, 0x00, 0x00, 0x0E, 0xFF, 0xFF, 0x10, 0x00,
  0x06, 0xFF, 0xFF, 0x90, 0x00, 0x00, 0x00, 0x00, 0xEF, 0xFF, 0xF1, 0x00, 0x00, 0x6F, 0xFF, 0xF9, 0x00, 0x00, 0x00, 0x00,
  0x0E, 0xFF, 0xFF, 0x10, 0x00, 0x06, 0xFF, 0xFF, 0x90, 0x00, 0x00, 0x00, 0x00, 0xEF, 0xFF, 0xF1, 0x00, 0x00, 0x6F, 0xFF,
  0xF9, 0x00, 0x00, 0x00, 0x00, 0x0E, 0xFF, 0xFF, 0x10, 0x00, 0x06, 0xFF, 0xFF, 0x90, 0x00, 0x00, 0x00, 0x00, 0xEF, 0xFF,
  0xF1, 0x00, 0x00, 0x6F, 0xFF, 0xF9, 0x00, 0x00, 0x00, 0x00, 0x0E, 0xFF, 0xFF, 0x10, 0x00, 0x06, 0xFF, 0xFF, 0x90, 0x00,
  0x00, 0x00, 0x00, 0xEF, 0xFF, 0xF1, 0x00, 0x00, 0x6F, 0xFF, 0xF9, 0x00, 0x00, 0x00, 0x00, 0x0E, 0xFF, 0xFF, 0x10, 0x00,
  0x06, 0xFF, 0xFF, 0x90, 0x00, 0x00, 0x00, 0x00, 0xEF, 0xFF, 0xF1, 0x00, 0x00, 0x6F, 0xFF, 0xF9, 0x00, 0x00, 0x00, 0x00,
  0x0E, 0xFF, 0xFF, 0x10, 0x00, 0x06, 0xFF, 0xFF, 0x90, 0x00, 0x00, 0x00, 0x00, 0xEF, 0xFF, 0xF1, 0x00, 0x00, 0x6F, 0xFF,
  0xFA, 0x11, 0x11, 0x11, 0x11, 0x1E, 0xFF, 0xFF, 0x10, 0x00, 0x06, 0xFF, 0xFF, 0xFF, 0xFF, 0xFF, 0xFF, 0xFF, 0xFF, 0xFF,
  0xF1, 0x00, 0x00, 0x6F, 0xFF, 0xFF, 0xFF, 0xFF, 0xFF, 0xFF, 0xFF, 0xFF, 0xFF, 0x10, 0x00, 0x06, 0xFF, 0xFF, 0xFF, 0xFF,
  0xFF, 0xFF, 0xFF, 0xFF, 0xFF, 0xF1, 0x00, 0x00, 0x6F, 0xFF, 0xFF, 0xFF, 0xFF, 0xFF, 0xFF, 0xFF, 0xFF, 0xFF, 0x10, 0x00,
  0x00, 0x00, 0x00, 0x00, 0x0E, 0xFF, 0xFA, 0x00, 0x00, 0x00, 0x00, 0x00, 0x00, 0x00, 0x00, 0x00, 0x00, 0xEF, 0xFF, 0xA0,
  0x00, 0x00, 0x00, 0x00, 0x00, 0x00, 0x00, 0x00, 0x00, 0x0E, 0xFF, 0xFA, 0x00, 0x00, 0x00, 0x00, 0x00, 0x00, 0x00, 0x00,
  0x00, 0x00, 0xEF, 0xFF, 0xA0, 0x00, 0x00, 0x00, 0x00, 0x00, 0x00, 0x00, 0x00, 0x00, 0x08, 0x99, 0x96, 0x00, 0x00, 0x00,
  0x00, 0x00, 0x00, 0x0B, 0xFF, 0xFD, 0x00, 0x00, 0x00, 0x00, 0x00, 0x00, 0x00, 0x00, 0x0B, 0xFF, 0xFD, 0x00, 0x00, 0x00,
  0x00, 0x00, 0x00, 0x00, 0xAF, 0xFF, 0xFF, 0xFF, 0xFF, 0xFF, 0xFF, 0xC0, 0x00, 0x00, 0x00, 0xAF, 0xFF, 0xFF, 0xFF, 0xFF,
  0xFF, 0xFF, 0xC0, 0x00, 0x00, 0x00, 0x7A, 0xAE, 0xFF, 0xFE, 0xAA, 0xAA, 0xAA, 0x80, 0x00, 0x00, 0x00, 0x00, 0x0B, 0xFF,
  0xFD, 0x00, 0x00, 0x00, 0x00, 0x00, 0x00, 0x00, 0x00, 0x0B, 0xFF, 0xFD, 0x02, 0x9C, 0xEE, 0xCA, 0x40, 0x00, 0x00, 0x00,
  0x0B, 0xFF, 0xFD, 0x7F, 0xFF, 0xFF, 0xFF, 0xFA, 0x10, 0x00, 0x00, 0x0B, 0xFF, 0xFF, 0xFF, 0xFF, 0xFF, 0xFF, 0xFF, 0x90,
  0x00, 0x00, 0x0B, 0xFF, 0xFF, 0xFF, 0xFF, 0xFF, 0xFF, 0xFF, 0xF4, 0x00, 0x00, 0x0B, 0xFF, 0xFF, 0xFE, 0x74, 0x48, 0xFF,
  0xFF, 0xFA, 0x00, 0x00, 0x0B, 0xFF, 0xFF, 0xE2, 0x00, 0x00, 0x6F, 0xFF, 0xFE, 0x00, 0x00, 0x0B, 0xFF, 0xFF, 0x80, 0x00,
  0x00, 0x0E, 0xFF, 0xFF, 0x00, 0x00, 0x0B, 0xFF, 0xFF, 0x40, 0x00, 0x00, 0x0C, 0xFF, 0xFF, 0x10, 0x00, 0x0B, 0xFF, 0xFF,
  0x20, 0x00, 0x00, 0x0B, 0xFF, 0xFF, 0x10, 0x00, 0x0B, 0xFF, 0xFF, 0x10, 0x00, 0x00, 0x0B, 0xFF, 0xFF, 0x10, 0x00, 0x0B,
  0xFF, 0xFF, 0x10, 0x00, 0x00, 0x0B, 0xFF, 0xFF, 0x10, 0x00, 0x0B, 0xFF, 0xFF, 0x10, 0x00, 0x00, 0x0B, 0xFF, 0xFF, 0x10,
  0x00, 0x0B, 0xFF, 0xFF, 0x10, 0x00, 0x00, 0x0B, 0xFF, 0xFF, 0x10, 0x00, 0x0B, 0xFF, 0xFF, 0x10, 0x00, 0x00, 0x0B, 0xFF,
  0xFF, 0x10, 0x00, 0x0B, 0xFF, 0xFF, 0x10, 0x00, 0x00, 0x0B, 0xFF, 0xFF, 0x10, 0x00, 0x0B, 0xFF, 0xFF, 0x10, 0x00, 0x00,
  0x0B, 0xFF, 0xFF, 0x10, 0x00, 0x0B, 0xFF, 0xFF, 0x10, 0x00, 0x00, 0x0B, 0xFF, 0xFF, 0x10, 0x00, 0x00, 0x00, 0x00, 0x00,
  0x00, 0x00, 0x0C, 0xFF, 0xFF, 0x00, 0x00, 0x00, 0x00, 0x00, 0x00, 0x03, 0x00, 0x4F, 0xFF, 0xFD, 0x00, 0x00, 0x00, 0x00,
  0x00, 0x00, 0x1E, 0xED, 0xFF, 0xFF, 0xF9, 0x00, 0x00, 0x00, 0x00, 0x00, 0x00, 0x6F, 0xFF, 0xFF, 0xFF, 0xE2, 0x00, 0x00,
  0x00, 0x00, 0x00, 0x00, 0xBF, 0xFF, 0xFF, 0xFE, 0x50, 0x00, 0x00, 0x00, 0x00, 0x00, 0x00, 0x5B, 0xDE, 0xEC, 0x91, 0x00,
  0x00, 0x00, 0x09, 0xFF, 0x90, 0x00, 0x1E, 0xFF, 0x40, 0x00, 0x7F, 0xFE, 0x00, 0x00, 0xCF, 0xFB, 0x00, 0x03, 0xFF, 0xF7,
  0x00, 0x09, 0xFF, 0xFD, 0x30, 0x0D, 0xFF, 0xFF, 0xB0, 0x0E, 0xFF, 0xFF, 0xD0, 0x0C, 0xFF, 0xFF, 0xB0, 0x04, 0xEF, 0xFE,
  0x30, 0x00, 0x26, 0x61, 0x00, 0x00, 0x00, 0x00, 0x00, 0x00, 0x00, 0x00, 0x00, 0x00, 0x00, 0x00, 0x00, 0x00, 0x00, 0x00,
  0x00, 0x00, 0x00, 0x00, 0x00, 0x00, 0x00, 0x00, 0x00, 0x00, 0x00, 0x00, 0x00, 0x00, 0x00, 0x00, 0x00, 0x00, 0x00, 0x00,
  0x00, 0x00, 0x00, 0x00, 0x00, 0x00, 0x00, 0x00, 0x00, 0x00, 0x00, 0x00, 0x00, 0x01, 0x9E, 0xE9, 0x10, 0x09, 0xFF, 0xFF,
  0x90, 0x0D, 0xFF, 0xFF, 0xD0, 0x0C, 0xFF, 0xFF, 0xE0, 0x07, 0xFF, 0xFF, 0xB0, 0x00, 0x9F, 0xFF, 0x60, 0x00, 0x9F, 0xFE,
  0x10, 0x00, 0xDF, 0xF9, 0x00, 0x02, 0xFF, 0xF3, 0x00, 0x07, 0xFF, 0xC0, 0x00, 0x04, 0x77, 0x40, 0x00, 0x00, 0x00, 0x00,
  0x00, 0x00, 0x00, 0x00, 0x00, 0x00, 0x00, 0x00, 0x00, 0x00, 0x00, 0x00, 0x00, 0x00, 0x00, 0x00, 0x00, 0x00, 0x00, 0x00,
  0x00, 0x00, 0x00, 0x00, 0x00, 0x00, 0x00, 0x00, 0x00, 0x00, 0x00, 0x00, 0x00, 0x00, 0x00, 0x00, 0x00, 0x00, 0x00, 0x00,
  0x00, 0x00, 0x00, 0x00, 0x00, 0x00, 0x09, 0xFF, 0x90, 0x00, 0x6F, 0xFC, 0x00, 0x01, 0xEF, 0xF4, 0x00, 0x0C, 0xFF, 0x80,
  0x00, 0x7F, 0xFE, 0x00, 0x03, 0xFF, 0xF3, 0x00, 0x0C, 0xFF, 0xB0, 0x00, 0x9F, 0xFE, 0x00, 0x03, 0xFF, 0xF7, 0x00, 0x1E,
  0xFF, 0xA0, 0x00, 0x9F, 0xFF, 0xD3, 0x06, 0xFF, 0xFE, 0x50, 0x0D, 0xFF, 0xFF, 0xB0, 0xAF, 0xFF, 0xFD, 0x00, 0xEF, 0xFF,
  0xFD, 0x0B, 0xFF, 0xFF, 0xF2, 0x0C, 0xFF, 0xFF, 0xB0, 0x9F, 0xFF, 0xFE, 0x00, 0x4E, 0xFF, 0xE3, 0x02, 0xDF, 0xFF, 0x60,
  0x00, 0x26, 0x61, 0x00, 0x01, 0x56, 0x20, 0x00, 0x00, 0x00, 0x00, 0x00, 0x00, 0x00, 0x00, 0x00, 0x00, 0x00, 0x00, 0x00,
  0x00, 0x00, 0x00, 0x00, 0x00, 0x00, 0x00, 0x00, 0x00, 0x00, 0x00, 0x00, 0x00, 0x00, 0x00, 0x00, 0x00, 0x00, 0x00, 0x00,
  0x00, 0x00, 0x00, 0x00, 0x00, 0x00, 0x00, 0x00, 0x00, 0x00, 0x00, 0x00, 0x00, 0x00, 0x00, 0x00, 0x00, 0x00, 0x00, 0x00,
  0x00, 0x00, 0x00, 0x00, 0x00, 0x00, 0x00, 0x00, 0x00, 0x00, 0x00, 0x00, 0x00, 0x00, 0x00, 0x00, 0x00, 0x00, 0x00, 0x00,
  0x00, 0x00, 0x00, 0x00, 0x00, 0x00, 0x00, 0x00, 0x00, 0x00, 0x00, 0x00, 0x00, 0x00, 0x00, 0x00, 0x00, 0x00, 0x01, 0x9E,
  0xE9, 0x10, 0x07, 0xDE, 0xB2, 0x00, 0x9F, 0xFF, 0xF9, 0x06, 0xFF, 0xFF, 0xC0, 0x0D, 0xFF, 0xFF, 0xD0, 0xAF, 0xFF, 0xFF,
  0x20, 0xCF, 0xFF, 0xFE, 0x09, 0xFF, 0xFF, 0xF2, 0x07, 0xFF, 0xFF, 0xB0, 0x4F, 0xFF, 0xFE, 0x00, 0x09, 0xFF, 0xF6, 0x00,
  0x6F, 0xFF, 0x90, 0x00, 0x9F, 0xFE, 0x10, 0x06, 0xFF, 0xF3, 0x00, 0x0D, 0xFF, 0x90, 0x00, 0xAF, 0xFC, 0x00, 0x02, 0xFF,
  0xF3, 0x00, 0x0E, 0xFF, 0x60, 0x00, 0x7F, 0xFC, 0x00, 0x03, 0xFF, 0xE1, 0x00, 0x04, 0x77, 0x40, 0x00, 0x37, 0x75, 0x00,
  0x00, 0x00, 0x00, 0x00, 0x00, 0x00, 0x00, 0x00, 0x00, 0x00, 0x00, 0x00, 0x00, 0x00, 0x00, 0x00, 0x00, 0x00, 0x00, 0x00,
  0x00, 0x00, 0x00, 0x00, 0x00, 0x00, 0x00, 0x00, 0x00, 0x00, 0x00, 0x00, 0x00, 0x00, 0x00, 0x00, 0x00, 0x00, 0x00, 0x00,
  0x00, 0x00, 0x00, 0x00, 0x00, 0x00, 0x00, 0x00, 0x00, 0x00, 0x00, 0x00, 0x00, 0x00, 0x00, 0x00, 0x00, 0x00, 0x00, 0x00,
  0x00, 0x00, 0x00, 0x00, 0x00, 0x00, 0x00, 0x00, 0x00, 0x00, 0x00, 0x00, 0x00, 0x00, 0x00, 0x00, 0x00, 0x00, 0x00, 0x00,
  0x00, 0x00, 0x00, 0x00, 0x00, 0x00, 0x00, 0x00, 0x00, 0x00, 0x00, 0x00, 0x03, 0x9B, 0x92, 0x00, 0x00, 0x05, 0xFF, 0xFF,
  0xE4, 0x00, 0x01, 0xEF, 0xFF, 0xFF, 0xD0, 0x00, 0x4F, 0xFF, 0xFF, 0xFF, 0x30, 0x05, 0xFF, 0xFF, 0xFF, 0xF4, 0x00, 0x2F,
  0xFF, 0xFF, 0xFE, 0x10, 0x00, 0x8F, 0xFF, 0xFF, 0x70, 0x00, 0x00, 0x7D, 0xEC, 0x60, 0x00, 0x00, 0x00, 0x00, 0x00, 0x00,
  0x00, 0x00, 0x00, 0x00, 0x00, 0x00, 0x00, 0x00, 0x00, 0x00, 0x00, 0x00, 0x00, 0x00, 0x00, 0x00, 0x00, 0x00, 0x00, 0x00,
  0x00, 0x00, 0x00, 0xFF, 0xFF, 0xFF, 0xFF, 0xFF, 0xFF, 0xFF, 0xF5, 0xFF, 0xFF, 0xFF, 0xFF, 0xFF, 0xFF, 0xFF, 0xF5, 0xFF,
  0xFF, 0xFF, 0xFF, 0xFF, 0xFF, 0xFF, 0xF5, 0x00, 0x00, 0x00, 0x00, 0x00, 0x00, 0x00, 0x00, 0x00, 0x00, 0x00, 0x00, 0x00,
  0x00, 0x00, 0x00, 0x00, 0x00, 0x00, 0x00, 0x00, 0x00, 0x00, 0x00, 0x00, 0x00, 0x00, 0x00, 0x00, 0x00, 0x00, 0x00, 0x00,
  0x00, 0x00, 0x00, 0x00, 0x00, 0x00, 0x00, 0x00, 0x00, 0x00, 0x00, 0x00, 0x00, 0x00, 0x00, 0x00, 0x00, 0x00, 0x00, 0x00,
  0x00, 0x00, 0x00, 0xFF, 0xFF, 0xFF, 0xFF, 0xFF, 0xFF, 0xFF, 0xFF, 0xFF, 0xFF, 0xFF, 0xFF, 0xFF, 0xFF, 0xFF, 0x9F, 0xFF,
  0xFF, 0xFF, 0xFF, 0xFF, 0xFF, 0xFF, 0xFF, 0xFF, 0xFF, 0xFF, 0xFF, 0xFF, 0xFF, 0xF9, 0xFF, 0xFF, 0xFF, 0xFF, 0xFF, 0xFF,
  0xFF, 0xFF, 0xFF, 0xFF, 0xFF, 0xFF, 0xFF, 0xFF, 0xFF, 0x90, 0x00, 0x00, 0x00, 0x00, 0x00, 0x00, 0x00, 0x00, 0x00, 0x00,
  0x00, 0x00, 0x00, 0x00, 0x00, 0x00, 0x00, 0x00, 0x00, 0x00, 0x00, 0x00, 0x00, 0x00, 0x00, 0x00, 0x00, 0x00, 0x00, 0x00,
  0x00, 0x00, 0x00, 0x00, 0x00, 0x00, 0x00, 0x00, 0x00, 0x00, 0x00, 0x00, 0x00, 0x00, 0x00, 0x00, 0x00, 0x00, 0x00, 0x00,
  0x00, 0x00, 0x00, 0x00, 0x00, 0x00, 0x00, 0x00, 0x00, 0x00, 0x00, 0x00, 0x00, 0x00, 0x00, 0x00, 0x00, 0x00, 0x00, 0x00,
  0x00, 0x00, 0x00, 0x00, 0x00, 0x00, 0x00, 0x00, 0x00, 0x00, 0x00, 0x00, 0x00, 0x00, 0x00, 0x00, 0x00, 0x00, 0x00, 0x00,
  0x00, 0x00, 0x00, 0x00, 0x00, 0x00, 0x00, 0x00, 0x00, 0x00, 0x00, 0x00, 0x00, 0x00, 0x00, 0x00, 0x00, 0x00, 0xEF, 0xFF,
  0xFF, 0xFF, 0xFF, 0xFF, 0x44, 0xFF, 0xD1, 0x00, 0x00, 0x00, 0x00, 0xBF, 0xF7, 0x00, 0xEF, 0xFF, 0xFF, 0xFF, 0xFF, 0xFF,
  0x44, 0xFF, 0xFA, 0x00, 0x00, 0x00, 0x06, 0xFF, 0xF7, 0x00, 0x9A, 0xAA, 0xDF, 0xFE, 0xAA, 0xAA, 0x24, 0xFF, 0xFF, 0x50,
  0x00, 0x00, 0x2E, 0xFF, 0xF7, 0x00, 0x00, 0x00, 0x9F, 0xFD, 0x00, 0x00, 0x04, 0xFF, 0xFF, 0xD1, 0x00, 0x00, 0xAF, 0xFF,
  0xF7, 0x00, 0x00, 0x00, 0x9F, 0xFD, 0x00, 0x00, 0x04, 0xFF, 0xFF, 0xF9, 0x00, 0x05, 0xFF, 0xFF, 0xF7, 0x00, 0x00, 0x00,
  0x9F, 0xFD, 0x00, 0x00, 0x04, 0xFF, 0xFE, 0xFF, 0x40, 0x1E, 0xFF, 0xEF, 0xF7, 0x00, 0x00, 0x00, 0x9F, 0xFD, 0x00, 0x00,
  0x04, 0xFF, 0xF7, 0xFF, 0xD1, 0xAF, 0xF9, 0xCF, 0xF7, 0x00, 0x00, 0x00, 0x9F, 0xFD, 0x00, 0x00, 0x04, 0xFF, 0xF0, 0xCF,
  0xFB, 0xFF, 0xD1, 0xCF, 0xF7, 0x00, 0x00, 0x00, 0x9F, 0xFD, 0x00, 0x00, 0x04, 0xFF, 0xF0, 0x3E, 0xFF, 0xFF, 0x40, 0xCF,
  0xF7, 0x00, 0x00, 0x00, 0x9F, 0xFD, 0x00, 0x00, 0x04, 0xFF, 0xF0, 0x07, 0xFF, 0xF9, 0x00, 0xCF, 0xF7, 0x00, 0x00, 0x00,
  0x9F, 0xFD, 0x00, 0x00, 0x04, 0xFF, 0xF0, 0x00, 0xCF, 0xD1, 0x00, 0xCF, 0xF7, 0x00, 0x00, 0x00, 0x9F, 0xFD, 0x00, 0x00,
  0x04, 0xFF, 0xF0, 0x00, 0x26, 0x30, 0x00, 0xCF, 0xF8, 0x00, 0x00, 0x00, 0x7B, 0xB9, 0x00, 0x00, 0x03, 0xBB, 0xB0, 0x00,
  0x00, 0x00, 0x00, 0x9B, 0xB6, 0x00, 0x00, 0x00, 0x00, 0x00, 0x00, 0x00, 0x00, 0x00, 0x00, 0x00, 0x00, 0x00, 0x00, 0x00,
  0x00, 0x00, 0x00, 0x00, 0x00, 0x00, 0x00, 0x00, 0x00, 0x00, 0x00, 0x00, 0x00, 0x00, 0x00, 0x00, 0x00, 0x00, 0x00, 0x00,
  0x00, 0x00, 0x00, 0x00, 0x00, 0x00, 0x00, 0x00, 0x00, 0x00, 0x00, 0x00, 0x00, 0x00, 0x00, 0x00, 0x00, 0x00, 0x00, 0x00,
  0x00, 0x00, 0x00, 0x00, 0x00, 0x00, 0x00, 0x00, 0x00, 0x00, 0x00, 0x00, 0x00, 0x00, 0x00, 0x00, 0x00, 0x00, 0x00, 0x00,
  0x00, 0x00, 0x00, 0x00, 0x00, 0x00, 0x00, 0x00, 0x00, 0x00, 0x00, 0x00, 0x00, 0x00, 0x00, 0x00, 0x00, 0x00, 0x00, 0x00,
  0x00, 0x00, 0x00, 0x00, 0x00, 0x00, 0x00, 0x00, 0x00, 0x00, 0x00, 0x00, 0x00, 0x00, 0x00, 0x00, 0x00, 0x00, 0x00, 0x00,
  0x00, 0x00, 0x00, 0x00, 0x00, 0x00, 0x00, 0x00, 0x00, 0x00, 0x00, 0x00, 0x00, 0x00, 0x00, 0x01, 0xFF, 0xFF, 0xFF, 0xFF,
  0xFF, 0xFF, 0xFF, 0x10, 0x00, 0x00, 0x00, 0x00, 0x00, 0x00, 0x01, 0xFF, 0xFF, 0xFF, 0xFF, 0xFF, 0xFF, 0xFF, 0x10, 0x00,
  0x00, 0x00, 0x00, 0x00, 0x00, 0x02, 0xFF, 0xFF, 0xFF, 0xFF, 0xFF, 0xFF, 0xFF, 0x10, 0x00, 0x00, 0x00, 0x00, 0x00, 0x00,
  0x03, 0xFF, 0xFF, 0xEE, 0xEE, 0xEF, 0xFF, 0xFF, 0x10, 0x00, 0x00, 0x00, 0x00, 0x00, 0x00, 0x03, 0xFF, 0xFF, 0x10, 0x00,
  0x0B, 0xFF, 0xFF, 0x10, 0x00, 0x00, 0x00, 0x00, 0x00, 0x00, 0x04, 0xFF, 0xFF, 0x00, 0x00, 0x0B, 0xFF, 0xFF, 0xFF, 0xFF,
  0xED, 0xB6, 0x00, 0x00, 0x00, 0x05, 0xFF, 0xFE, 0x00, 0x00, 0x0B, 0xFF, 0xFF, 0xFF, 0xFF, 0xFF, 0xFF, 0xD3, 0x00, 0x00,
  0x06, 0xFF, 0xFD, 0x00, 0x00, 0x0B, 0xFF, 0xFF, 0xFF, 0xFF, 0xFF, 0xFF, 0xFC, 0x00, 0x00, 0x07, 0xFF, 0xFC, 0x00, 0x00,
  0x0B, 0xFF, 0xFF, 0x32, 0x23, 0x7E, 0xFF, 0xFF, 0x60, 0x00, 0x09, 0xFF, 0xFB, 0x00, 0x00, 0x0B, 0xFF, 0xFF, 0x10, 0x00,
  0x06, 0xFF, 0xFF, 0x90, 0x00, 0x0B, 0xFF, 0xFA, 0x00, 0x00, 0x0B, 0xFF, 0xFF, 0x10, 0x00, 0x02, 0xFF, 0xFF, 0xC0, 0x00,
  0x3F, 0xFF, 0xF8, 0x00, 0x00, 0x0B, 0xFF, 0xFF, 0x10, 0x00, 0x03, 0xFF, 0xFF, 0xB0, 0x35, 0xCF, 0xFF, 0xF5, 0x00, 0x00,
  0x0B, 0xFF, 0xFF, 0x10, 0x00, 0x09, 0xFF, 0xFF, 0x80, 0xAF, 0xFF, 0xFF, 0xE1, 0x00, 0x00, 0x0B, 0xFF, 0xFF, 0x77, 0x78,
  0xBF, 0xFF, 0xFF, 0x50, 0xBF, 0xFF, 0xFF, 0x90, 0x00, 0x00, 0x0B, 0xFF, 0xFF, 0xFF, 0xFF, 0xFF, 0xFF, 0xFA, 0x00, 0xBF,
  0xFF, 0xFD, 0x10, 0x00, 0x00, 0x0B, 0xFF, 0xFF, 0xFF, 0xFF, 0xFF, 0xFF, 0xA1, 0x00, 0x9D, 0xEE, 0xA2, 0x00, 0x00, 0x00,
  0x0B, 0xFF, 0xFF, 0xFF, 0xFF, 0xDC, 0xA3, 0x00, 0x00, 0x1D, 0xFF, 0xF7, 0x00, 0x00, 0x04, 0xFF, 0xFE, 0x30, 0x00, 0x00,
  0x8F, 0xFF, 0xC1, 0x00, 0x00, 0x0C, 0xFF, 0xF9, 0x00, 0x00, 0x03, 0xEF, 0xFF, 0x50, 0x00, 0x00, 0x7F, 0xFF, 0xE2, 0x00,
  0x00, 0x7F, 0xFF, 0xE2, 0x00, 0x03, 0xFF, 0xFF, 0x50, 0x00, 0x1C, 0xFF, 0xF9, 0x00, 0x00, 0x9F, 0xFF, 0xC1, 0x00, 0x04,
  0xFF, 0xFE, 0x30, 0x00, 0x1D, 0xEE, 0xE6, 0x00, 0x00, 0x00, 0x00, 0x00, 0x00, 0x00, 0x00, 0x00, 0x00, 0x00, 0x00, 0x00,
  0xBF, 0xFF, 0xF0, 0x00, 0x00, 0x03, 0xFF, 0xFF, 0xA0, 0x00, 0x00, 0x00, 0x00, 0x00, 0x00, 0xBF, 0xFF, 0xF0, 0x00, 0x00,
  0x03, 0xFF, 0xFF, 0xA0, 0x00, 0x00, 0x00, 0x00, 0x00, 0x00, 0xBF, 0xFF, 0xF0, 0x00, 0x00, 0x03, 0xFF, 0xFF, 0xA0, 0x00,
  0x00, 0x00, 0x00, 0x00, 0x00, 0xBF, 0xFF, 0xF0, 0x00, 0x00, 0x03, 0xFF, 0xFF, 0xA0, 0x00, 0x00, 0x00, 0x00, 0x00, 0x00,
  0xBF, 0xFF, 0xF0, 0x00, 0x00, 0x03, 0xFF, 0xFF, 0xA0, 0x00, 0x00, 0x00, 0x00, 0x00, 0x00, 0xBF, 0xFF, 0xF0, 0x00, 0x00,
  0x03, 0xFF, 0xFF, 0xA0, 0x00, 0x00, 0x00, 0x00, 0x00, 0x00, 0xBF, 0xFF, 0xFD, 0xDD, 0xDD, 0xDE, 0xFF, 0xFF, 0xED, 0xDD,
  0xDC, 0xA8, 0x20, 0x00, 0x00, 0xBF, 0xFF, 0xFF, 0xFF, 0xFF, 0xFF, 0xFF, 0xFF, 0xFF, 0xFF, 0xFF, 0xFF, 0xE7, 0x00, 0x00,
  0xBF, 0xFF, 0xFF, 0xFF, 0xFF, 0xFF, 0xFF, 0xFF, 0xFF, 0xFF, 0xFF, 0xFF, 0xFF, 0x50, 0x00, 0xBF, 0xFF, 0xFF, 0xFF, 0xFF,
  0xFF, 0xFF, 0xFF, 0xC8, 0x88, 0x9E, 0xFF, 0xFF, 0xC0, 0x00, 0xBF, 0xFF, 0xF0, 0x00, 0x00, 0x03, 0xFF, 0xFF, 0xA0, 0x00,
  0x02, 0xEF, 0xFF, 0xE0, 0x00, 0xBF, 0xFF, 0xF0, 0x00, 0x00, 0x03, 0xFF, 0xFF, 0xA0, 0x00, 0x00, 0xCF, 0xFF, 0xF2, 0x00,
  0xBF, 0xFF, 0xF0, 0x00, 0x00, 0x03, 0xFF, 0xFF, 0xA0, 0x00, 0x02, 0xEF, 0xFF, 0xD0, 0x00, 0xBF, 0xFF, 0xF0, 0x00, 0x00,
  0x03, 0xFF, 0xFF, 0xC5, 0x55, 0x7D, 0xFF, 0xFF, 0xA0, 0x00, 0xBF, 0xFF, 0xF0, 0x00, 0x00, 0x03, 0xFF, 0xFF, 0xFF, 0xFF,
  0xFF, 0xFF, 0xFE, 0x20, 0x00, 0xBF, 0xFF, 0xF0, 0x00, 0x00, 0x03, 0xFF, 0xFF, 0xFF, 0xFF, 0xFF, 0xFF, 0xD4, 0x00, 0x00,
  0xBF, 0xFF, 0xF0, 0x00, 0x00, 0x03, 0xFF, 0xFF, 0xFF, 0xFF, 0xED, 0xB6, 0x00, 0x00, 0x00, 0x00, 0x00, 0x00, 0x00, 0x3E,
  0xFF, 0xFD, 0x30, 0x00, 0x00, 0x00, 0x00, 0x00, 0x02, 0xDF, 0xFF, 0xA1, 0x00, 0x00, 0x00, 0x00, 0x00, 0x00, 0x2D, 0xFF,
  0xF7, 0x00, 0x00, 0x00, 0x00, 0x00, 0x00, 0x01, 0xCF, 0xFE, 0x50, 0x00, 0x00, 0x00, 0x00, 0x00, 0x00, 0x04, 0x77, 0x72,
  0x00, 0x00, 0x00, 0x00, 0x00, 0x00, 0x00, 0x00, 0x00, 0x00, 0x00, 0x00, 0x00, 0x00, 0x00, 0xBF, 0xFF, 0xF1, 0x00, 0x00,
  0x05, 0xFF, 0xFF, 0xC0, 0x00, 0xBF, 0xFF, 0xF1, 0x00, 0x00, 0x1D, 0xFF, 0xFF, 0x30, 0x00, 0xBF, 0xFF, 0xF1, 0x00, 0x00,
  0x9F, 0xFF, 0xF8, 0x00, 0x00, 0xBF, 0xFF, 0xF1, 0x00, 0x03, 0xFF, 0xFF, 0xC0, 0x00, 0x00, 0xBF, 0xFF, 0xF1, 0x00, 0x0C,
  0xFF, 0xFF, 0x30, 0x00, 0x00, 0xBF, 0xFF, 0xF1, 0x00, 0x7F, 0xFF, 0xF7, 0x00, 0x00, 0x00, 0xBF, 0xFF, 0xF1, 0x02, 0xEF,
  0xFF, 0xC0, 0x00, 0x00, 0x00, 0xBF, 0xFF, 0xFF, 0xFF, 0xFF, 0xFE, 0x30, 0x00, 0x00, 0x00, 0xBF, 0xFF, 0xFF, 0xFF, 0xFF,
  0xF9, 0x00, 0x00, 0x00, 0x00, 0xBF, 0xFF, 0xFF, 0xFF, 0xFF, 0xFF, 0x30, 0x00, 0x00, 0x00, 0xBF, 0xFF, 0xFD, 0xDE, 0xFF,
  0xFF, 0xD1, 0x00, 0x00, 0x00, 0xBF, 0xFF, 0xF1, 0x02, 0xEF, 0xFF, 0xF9, 0x00, 0x00, 0x00, 0xBF, 0xFF, 0xF1, 0x00, 0x5F,
  0xFF, 0xFF, 0x50, 0x00, 0x00, 0xBF, 0xFF, 0xF1, 0x00, 0x09, 0xFF, 0xFF, 0xE2, 0x00, 0x00, 0xBF, 0xFF, 0xF1, 0x00, 0x01,
  0xDF, 0xFF, 0xFC, 0x00, 0x00, 0xBF, 0xFF, 0xF1, 0x00, 0x00, 0x3F, 0xFF, 0xFF, 0x80, 0x00, 0xBF, 0xFF, 0xF1, 0x00, 0x00,
  0x07, 0xFF, 0xFF, 0xF4, 0x00, 0x00, 0xBF, 0xFF, 0xF1, 0x00, 0x00, 0x00, 0x00, 0x00, 0x00, 0x00, 0x00, 0x0B, 0xFF, 0xFF,
  0x10, 0x00, 0x00, 0x00, 0x00, 0x00, 0x00, 0x7F, 0xFF, 0xFF, 0xFF, 0xFF, 0xFF, 0xFF, 0xF7, 0x00, 0x00, 0x00, 0x07, 0xFF,
  0xFF, 0xFF, 0xFF, 0xFF, 0xFF, 0xFF, 0x70, 0x00, 0x00, 0x00, 0x49, 0x99, 0xDF, 0xFF, 0xF9, 0x99, 0x99, 0x94, 0x00, 0x00,
  0x00, 0x00, 0x00, 0x0B, 0xFF, 0xFF, 0x10, 0x00, 0x00, 0x00, 0x00, 0x00, 0x00, 0x00, 0x00, 0xBF, 0xFF, 0xF1, 0x18, 0xCE,
  0xEC, 0xA4, 0x00, 0x00, 0x00, 0x00, 0x0B, 0xFF, 0xFF, 0x6E, 0xFF, 0xFF, 0xFF, 0xFA, 0x10, 0x00, 0x00, 0x00, 0xBF, 0xFF,
  0xFF, 0xFF, 0xFF, 0xFF, 0xFF, 0xF9, 0x00, 0x00, 0x00, 0x0B, 0xFF, 0xFF, 0xFF, 0xFF, 0xFF, 0xFF, 0xFF, 0xF4, 0x00, 0x00,
  0x00, 0xBF, 0xFF, 0xFF, 0xE7, 0x44, 0x8F, 0xFF, 0xFF, 0xA0, 0x00, 0x00, 0x0B, 0xFF, 0xFF, 0xE2, 0x00, 0x00, 0x6F, 0xFF,
  0xFE, 0x00, 0x00, 0x00, 0xBF, 0xFF, 0xF8, 0x00, 0x00, 0x00, 0xEF, 0xFF, 0xF0, 0x00, 0x00, 0x0B, 0xFF, 0xFF, 0x40, 0x00,
  0x00, 0x0C, 0xFF, 0xFF, 0x10, 0x00, 0x00, 0xBF, 0xFF, 0xF2, 0x00, 0x00, 0x00, 0xBF, 0xFF, 0xF1, 0x00, 0x00, 0x0B, 0xFF,
  0xFF, 0x10, 0x00, 0x00, 0x0B, 0xFF, 0xFF, 0x10, 0x00, 0x00, 0xBF, 0xFF, 0xF1, 0x00, 0x00, 0x00, 0xBF, 0xFF, 0xF1, 0x00,
  0x00, 0x0B, 0xFF, 0xFF, 0x10, 0x00, 0x00, 0x0B, 0xFF, 0xFF, 0x10, 0x00, 0x00, 0xBF, 0xFF, 0xF1, 0x00, 0x00, 0x00, 0xBF,
  0xFF, 0xF1, 0x00, 0x00, 0x0B, 0xFF, 0xFF, 0x10, 0x00, 0x00, 0x0B, 0xFF, 0xFF, 0x10, 0x00, 0x00, 0xBF, 0xFF, 0xF1, 0x00,
  0x00, 0x00, 0xBF, 0xFF, 0xF1, 0x00, 0x00, 0x0B, 0xFF, 0xFF, 0x10, 0x00, 0x00, 0x0B, 0xFF, 0xFF, 0x10, 0x00, 0x00, 0xBF,
  0xFF, 0xF1, 0x00, 0x00, 0x00, 0xBF, 0xFF, 0xF1, 0x00, 0x00, 0xBF, 0xFF, 0xF0, 0x00, 0x00, 0x0D, 0xFF, 0xFE, 0x00, 0x00,
  0xBF, 0xFF, 0xF0, 0x00, 0x00, 0x0D, 0xFF, 0xFE, 0x00, 0x00, 0xBF, 0xFF, 0xF0, 0x00, 0x00, 0x0D, 0xFF, 0xFE, 0x00, 0x00,
  0xBF, 0xFF, 0xF0, 0x00, 0x00, 0x0D, 0xFF, 0xFE, 0x00, 0x00, 0xBF, 0xFF, 0xF0, 0x00, 0x00, 0x0D, 0xFF, 0xFE, 0x00, 0x00,
  0xBF, 0xFF, 0xF0, 0x00, 0x00, 0x0D, 0xFF, 0xFE, 0x00, 0x00, 0xBF, 0xFF, 0xF0, 0x00, 0x00, 0x0D, 0xFF, 0xFE, 0x00, 0x00,
  0xBF, 0xFF, 0xF0, 0x00, 0x00, 0x0D, 0xFF, 0xFE, 0x00, 0x00, 0xBF, 0xFF, 0xF0, 0x00, 0x00, 0x0D, 0xFF, 0xFE, 0x00, 0x00,
  0xBF, 0xFF, 0xF0, 0x00, 0x00, 0x0D, 0xFF, 0xFE, 0x00, 0x00, 0xBF, 0xFF, 0xF0, 0x00, 0x00, 0x0D, 0xFF, 0xFE, 0x00, 0x00,
  0xBF, 0xFF, 0xF0, 0x00, 0x00, 0x0D, 0xFF, 0xFE, 0x00, 0x00, 0xBF, 0xFF, 0xF0, 0x00, 0x00, 0x0D, 0xFF, 0xFE, 0x00, 0x00,
  0xBF, 0xFF, 0xFE, 0xEE, 0xEE, 0xEF, 0xFF, 0xFE, 0x00, 0x00, 0xBF, 0xFF, 0xFF, 0xFF, 0xFF, 0xFF, 0xFF, 0xFE, 0x00, 0x00,
  0xBF, 0xFF, 0xFF, 0xFF, 0xFF, 0xFF, 0xFF, 0xFE, 0x00, 0x00, 0xBF, 0xFF, 0xFF, 0xFF, 0xFF, 0xFF, 0xFF, 0xFE, 0x00, 0x00,
  0x00, 0x00, 0x03, 0xFF, 0xFF, 0x60, 0x00, 0x00, 0x00, 0x00, 0x00, 0x00, 0x03, 0xFF, 0xFF, 0x60, 0x00, 0x00, 0x00, 0x00,
  0x00, 0x00, 0x03, 0xFF, 0xFF, 0x60, 0x00, 0x00, 0x00, 0x00, 0x00, 0x00, 0x02, 0xAA, 0xAA, 0x40, 0x00, 0x00, 0x00, 0x00,
  0x00, 0x04, 0x44, 0x20, 0x00, 0x02, 0x44, 0x40, 0x00, 0x00, 0x00, 0x00, 0x0D, 0xFF, 0x90, 0x00, 0x0A, 0xFF, 0xC0, 0x00,
  0x00, 0x00, 0x00, 0x0A, 0xFF, 0xE6, 0x11, 0x7F, 0xFF, 0x90, 0x00, 0x00, 0x00, 0x00, 0x03, 0xEF, 0xFF, 0xFF, 0xFF, 0xFE,
  0x20, 0x00, 0x00, 0x00, 0x00, 0x00, 0x4C, 0xFF, 0xFF, 0xFF, 0xB3, 0x00, 0x00, 0x00, 0x00, 0x00, 0x00, 0x00, 0x35, 0x77,
  0x53, 0x00, 0x00, 0x00, 0x00, 0x00, 0x00, 0x00, 0x00, 0x00, 0x00, 0x00, 0x00, 0x00, 0x00, 0x00, 0x8F, 0xFF, 0xFD, 0x00,
  0x00, 0x00, 0x00, 0x00, 0x3F, 0xFF, 0xFB, 0x1D, 0xFF, 0xFF, 0x60, 0x00, 0x00, 0x00, 0x00, 0xBF, 0xFF, 0xF3, 0x06, 0xFF,
  0xFF, 0xD0, 0x00, 0x00, 0x00, 0x04, 0xFF, 0xFF, 0x90, 0x00, 0xCF, 0xFF, 0xF7, 0x00, 0x00, 0x00, 0x0C, 0xFF, 0xFE, 0x10,
  0x00, 0x4F, 0xFF, 0xFD, 0x10, 0x00, 0x00, 0x6F, 0xFF, 0xF7, 0x00, 0x00, 0x0A, 0xFF, 0xFF, 0x70, 0x00, 0x00, 0xDF, 0xFF,
  0xD0, 0x00, 0x00, 0x02, 0xEF, 0xFF, 0xE1, 0x00, 0x07, 0xFF, 0xFF, 0x50, 0x00, 0x00, 0x00, 0x8F, 0xFF, 0xF8, 0x00, 0x1E,
  0xFF, 0xFB, 0x00, 0x00, 0x00, 0x00, 0x1E, 0xFF, 0xFE, 0x10, 0x8F, 0xFF, 0xF3, 0x00, 0x00, 0x00, 0x00, 0x06, 0xFF, 0xFF,
  0x82, 0xEF, 0xFF, 0xA0, 0x00, 0x00, 0x00, 0x00, 0x00, 0xCF, 0xFF, 0xEA, 0xFF, 0xFE, 0x20, 0x00, 0x00, 0x00, 0x00, 0x00,
  0x5F, 0xFF, 0xFF, 0xFF, 0xF8, 0x00, 0x00, 0x00, 0x00, 0x00, 0x00, 0x0B, 0xFF, 0xFF, 0xFF, 0xD1, 0x00, 0x00, 0x00, 0x00,
  0x00, 0x00, 0x03, 0xFF, 0xFF, 0xFF, 0x60, 0x00, 0x00, 0x00, 0x00, 0x00, 0x00, 0x00, 0x9F, 0xFF, 0xFC, 0x00, 0x00, 0x00,
  0x00, 0x00, 0x00, 0x00, 0x00, 0xCF, 0xFF, 0xF4, 0x00, 0x00, 0x00, 0x00, 0x00, 0x05, 0x53, 0x6C, 0xFF, 0xFF, 0x90, 0x00,
  0x00, 0x00, 0x00, 0x00, 0x0E, 0xFF, 0xFF, 0xFF, 0xFD, 0x10, 0x00, 0x00, 0x00, 0x00, 0x00, 0x4F, 0xFF, 0xFF, 0xFF, 0xE3,
  0x00, 0x00, 0x00, 0x00, 0x00, 0x00, 0x9F, 0xFF, 0xFF, 0xFD, 0x30, 0x00, 0x00, 0x00, 0x00, 0x00, 0x00, 0x6B, 0xDF, 0xDB,
  0x60, 0x00, 0x00, 0x00, 0x00, 0x00, 0x00, 0x00, 0x00, 0x5F, 0xFD, 0x00, 0x00, 0xDF, 0xF7, 0x00, 0x00, 0x00, 0x00, 0x2F,
  0xFF, 0x60, 0x28, 0xFF, 0xF4, 0x00, 0x00, 0x00, 0x00, 0x0C, 0xFF, 0xFF, 0xFF, 0xFF, 0xD1, 0x00, 0x00, 0x00, 0x00, 0x02,
  0xDF, 0xFF, 0xFF, 0xFD, 0x30, 0x00, 0x00, 0x00, 0x00, 0x00, 0x06, 0x9B, 0xB9, 0x60, 0x00, 0x00, 0x00, 0x00, 0x00, 0x00,
  0x00, 0x00, 0x00, 0x00, 0x00, 0x00, 0x00, 0x0C, 0xFF, 0xFF, 0x20, 0x00, 0x00, 0x00, 0x2F, 0xFF, 0xF9, 0x06, 0xFF, 0xFF,
  0x80, 0x00, 0x00, 0x00, 0x7F, 0xFF, 0xF3, 0x01, 0xEF, 0xFF, 0xE0, 0x00, 0x00, 0x00, 0xDF, 0xFF, 0xB0, 0x00, 0x9F, 0xFF,
  0xF6, 0x00, 0x00, 0x05, 0xFF, 0xFF, 0x50, 0x00, 0x3F, 0xFF, 0xFB, 0x00, 0x00, 0x0B, 0xFF, 0xFD, 0x00, 0x00, 0x0B, 0xFF,
  0xFF, 0x30, 0x00, 0x2F, 0xFF, 0xF8, 0x00, 0x00, 0x05, 0xFF, 0xFF, 0x90, 0x00, 0x8F, 0xFF, 0xF2, 0x00, 0x00, 0x00, 0xDF,
  0xFF, 0xE1, 0x00, 0xDF, 0xFF, 0xA0, 0x00, 0x00, 0x00, 0x7F, 0xFF, 0xF6, 0x05, 0xFF, 0xFF, 0x40, 0x00, 0x00, 0x00, 0x1E,
  0xFF, 0xFC, 0x0B, 0xFF, 0xFC, 0x00, 0x00, 0x00, 0x00, 0x0A, 0xFF, 0xFF, 0x5F, 0xFF, 0xF7, 0x00, 0x00, 0x00, 0x00, 0x03,
  0xFF, 0xFF, 0xEF, 0xFF, 0xE1, 0x00, 0x00, 0x00, 0x00, 0x00, 0xCF, 0xFF, 0xFF, 0xFF, 0x90, 0x00, 0x00, 0x00, 0x00, 0x00,
  0x6F, 0xFF, 0xFF, 0xFF, 0x30, 0x00, 0x00, 0x00, 0x00, 0x00, 0x0E, 0xFF, 0xFF, 0xFB, 0x00, 0x00, 0x00, 0x00, 0x00, 0x00,
  0x08, 0xFF, 0xFF, 0xF5, 0x00, 0x00, 0x00, 0x00, 0x00, 0x00, 0x02, 0xFF, 0xFF, 0xD0, 0x00, 0x00, 0x00, 0x00, 0x00, 0x00,
  0x04, 0xFF, 0xFF, 0x80, 0x00, 0x00, 0x00, 0x00, 0x87, 0x10, 0x2D, 0xFF, 0xFE, 0x10, 0x00, 0x00, 0x00, 0x02, 0xEF, 0xFD,
  0xFF, 0xFF, 0xF7, 0x00, 0x00, 0x00, 0x00, 0x09, 0xFF, 0xFF, 0xFF, 0xFF, 0xC1, 0x00, 0x00, 0x00, 0x00, 0x0C, 0xFF, 0xFF,
  0xFF, 0xFC, 0x10, 0x00, 0x00, 0x00, 0x00, 0x00, 0x6B, 0xDF, 0xEC, 0x60, 0x00, 0x00, 0x00, 0x00, 0x00, 0x00, 0x7F, 0xFF,
  0xFF, 0xFF, 0xFF, 0xFF, 0xF1, 0x00, 0x07, 0xFF, 0xFF, 0xFF, 0xFF, 0xFF, 0xFF, 0x10, 0x00, 0x7F, 0xFF, 0xFF, 0xFF, 0xFF,
  0xFF, 0xF1, 0x00, 0x07, 0xFF, 0xFF, 0xFF, 0xFF, 0xFF, 0xFF, 0x10, 0x00, 0x00, 0x00, 0x00, 0x00, 0xEF, 0xFF, 0xF1, 0x00,
  0x00, 0x00, 0x00, 0x00, 0x0E, 0xFF, 0xFF, 0x10, 0x00, 0x00, 0x00, 0x00, 0x00, 0xEF, 0xFF, 0xF1, 0x00, 0x00, 0x00, 0x00,
  0x00, 0x0E, 0xFF, 0xFF, 0x10, 0x00, 0x00, 0x00, 0x00, 0x00, 0xEF, 0xFF, 0xF1, 0x00, 0x00, 0x00, 0x00, 0x00, 0x0E, 0xFF,
  0xFF, 0x10, 0x00, 0x00, 0x00, 0x00, 0x00, 0xEF, 0xFF, 0xF1, 0x00, 0x00, 0x00, 0x00, 0x00, 0x0E, 0xFF, 0xFF, 0x10, 0x00,
  0x00, 0x00, 0x00, 0x00, 0xEF, 0xFF, 0xF1, 0x00, 0x00, 0x00, 0x00, 0x00, 0x0E, 0xFF, 0xFF, 0x00, 0x00, 0x01, 0x00, 0x00,
  0x01, 0xFF, 0xFF, 0xD0, 0x00, 0x09, 0xC2, 0x00, 0x00, 0x6F, 0xFF, 0xFB, 0x00, 0x07, 0xFF, 0xE7, 0x33, 0x7E, 0xFF, 0xFF,
  0x90, 0x05, 0xFF, 0xFF, 0xFF, 0xFF, 0xFF, 0xFF, 0xE2, 0x00, 0x3E, 0xFF, 0xFF, 0xFF, 0xFF, 0xFF, 0xF7, 0x00, 0x00, 0x3B,
  0xFF, 0xFF, 0xFF, 0xFF, 0xE7, 0x00, 0x00, 0x00, 0x04, 0x9D, 0xEF, 0xDB, 0x92, 0x00, 0x00, 0x00, 0x00, 0x00, 0x00, 0x00,
  0x00, 0x00, 0x00, 0x00, 0x00, 0x00, 0x00, 0x01, 0x91, 0x00, 0x00, 0x00, 0x00, 0x00, 0x00, 0xA7, 0x00, 0x01, 0xCF, 0xB1,
  0x00, 0x00, 0x00, 0x00, 0x00, 0xAF, 0xF5, 0x01, 0xCF, 0xFF, 0xB1, 0x39, 0xCE, 0xEC, 0x83, 0xAF, 0xFF, 0xE4, 0x1B, 0xFF,
  0xFF, 0xDF, 0xFF, 0xFF, 0xFF, 0xFF, 0xFF, 0xFE, 0x30, 0x1B, 0xFF, 0xFF, 0xFF, 0xFF, 0xFF, 0xFF, 0xFF, 0xFE, 0x30, 0x00,
  0x1B, 0xFF, 0xFF, 0xFF, 0xDE, 0xFF, 0xFF, 0xFE, 0x30, 0x00, 0x00, 0x8F, 0xFF, 0xF8, 0x10, 0x05, 0xDF, 0xFF, 0xD0, 0x00,
  0x00, 0x0E, 0xFF, 0xF6, 0x00, 0x00, 0x01, 0xDF, 0xFF, 0x50, 0x00, 0x03, 0xFF, 0xFB, 0x00, 0x00, 0x00, 0x06, 0xFF, 0xF9,
  0x00, 0x00, 0x5F, 0xFF, 0x80, 0x00, 0x00, 0x00, 0x2F, 0xFF, 0xB0, 0x00, 0x05, 0xFF, 0xF9, 0x00, 0x00, 0x00, 0x03, 0xFF,
  0xFA, 0x00, 0x00, 0x3F, 0xFF, 0xC0, 0x00, 0x00, 0x00, 0x7F, 0xFF, 0x80, 0x00, 0x00, 0xDF, 0xFF, 0x80, 0x00, 0x00, 0x3E,
  0xFF, 0xF4, 0x00, 0x00, 0x06, 0xFF, 0xFF, 0xA4, 0x13, 0x7E, 0xFF, 0xFC, 0x00, 0x00, 0x00, 0xAF, 0xFF, 0xFF, 0xFF, 0xFF,
  0xFF, 0xFF, 0xD2, 0x00, 0x00, 0xAF, 0xFF, 0xFF, 0xFF, 0xFF, 0xFF, 0xFF, 0xFF, 0xD2, 0x00, 0xAF, 0xFF, 0xFD, 0xFF, 0xFF,
  0xFF, 0xFD, 0xFF, 0xFF, 0xD2, 0x1D, 0xFF, 0xFD, 0x22, 0x7A, 0xBB, 0x94, 0x09, 0xFF, 0xFF, 0x50, 0x2D, 0xFD, 0x20, 0x00,
  0x00, 0x00, 0x00, 0x09, 0xFF, 0x60, 0x00, 0x3C, 0x20, 0x00, 0x00, 0x00, 0x00, 0x00, 0x09, 0x70, 0x00, 0x00, 0x00, 0x00,
  0x00, 0x00, 0x00, 0x06, 0x77, 0x75, 0x00, 0x00, 0x00, 0x00, 0x00, 0x00, 0x0D, 0xFF, 0xFC, 0x00, 0x00, 0x00, 0x00, 0x00,
  0x00, 0x0D, 0xFF, 0xFC, 0x00, 0x00, 0x00, 0x00, 0x00, 0x00, 0x0D, 0xFF, 0xFC, 0x00, 0x00, 0x00, 0x00, 0x00, 0x00, 0x0D,
  0xFF, 0xFC, 0x00, 0x6F, 0xFF, 0xFF, 0xFF, 0xFF, 0xFF, 0xFF, 0xFC, 0x00, 0x6F, 0xFF, 0xFF, 0xFF, 0xFF, 0xFF, 0xFF, 0xFC,
  0x00, 0x6F, 0xFF, 0xFF, 0xFF, 0xFF, 0xFF, 0xFF, 0xFC, 0x00, 0x6F, 0xFF, 0xFF, 0xFF, 0xFF, 0xFF, 0xFF, 0xFC, 0x00, 0x6F,
  0xFF, 0xFA, 0x11, 0x11, 0x11, 0x11, 0x11, 0x00, 0x6F, 0xFF, 0xF9, 0x00, 0x00, 0x00, 0x00, 0x00, 0x00, 0x6F, 0xFF, 0xF9,
  0x00, 0x00, 0x00, 0x00, 0x00, 0x00, 0x6F, 0xFF, 0xF9, 0x00, 0x00, 0x00, 0x00, 0x00, 0x00, 0x6F, 0xFF, 0xF9, 0x00, 0x00,
  0x00, 0x00, 0x00, 0x00, 0x6F, 0xFF, 0xF9, 0x00, 0x00, 0x00, 0x00, 0x00, 0x00, 0x6F, 0xFF, 0xF9, 0x00, 0x00, 0x00, 0x00,
  0x00, 0x00, 0x6F, 0xFF, 0xF9, 0x00, 0x00, 0x00, 0x00, 0x00, 0x00, 0x6F, 0xFF, 0xF9, 0x00, 0x00, 0x00, 0x00, 0x00, 0x00,
  0x6F, 0xFF, 0xF9, 0x00, 0x00, 0x00, 0x00, 0x00, 0x00, 0x6F, 0xFF, 0xF9, 0x00, 0x00, 0x00, 0x00, 0x00, 0x00, 0x6F, 0xFF,
  0xF9, 0x00, 0x00, 0x00, 0x00, 0x00, 0x00, 0x6F, 0xFF, 0xF9, 0x00, 0x00, 0x00, 0x00, 0x00, 0x00, 0x6F, 0xFF, 0xF9, 0x00,
  0x00, 0x00, 0x00, 0x00, 0x00, 0x6F, 0xFF, 0xF9, 0x00, 0x00, 0x00, 0x00, 0x00, 0x00, 0x6F, 0xFF, 0xF9, 0x00, 0x00, 0x00,
  0x00, 0x00, 0x00, 0x6F, 0xFF, 0xF9, 0x00, 0x00, 0x00, 0x00, 0x00, 0x00, 0x8F, 0xFF, 0xE0, 0x00, 0x08, 0xFF, 0xFE, 0x00,
  0x00, 0x8F, 0xFF, 0xE0, 0x00, 0x08, 0xFF, 0xFE, 0x00, 0x00, 0x8F, 0xFF, 0xE0, 0x00, 0x08, 0xFF, 0xFE, 0x00, 0x00, 0x8F,
  0xFF, 0xE0, 0x00, 0x08, 0xFF, 0xFE, 0x00, 0x00, 0x8F, 0xFF, 0xE0, 0x00, 0x08, 0xFF, 0xFE, 0x00, 0x00, 0x7D, 0xDD, 0xC0,
  0x00, 0x00, 0x00, 0x00, 0x00, 0x00, 0x00, 0x00, 0x00, 0x00, 0x00, 0x00, 0x00, 0x00, 0x00, 0x00, 0x00, 0x00, 0x00, 0x00,
  0x00, 0x00, 0x00, 0x00, 0x00, 0x00, 0x00, 0x00, 0x00, 0x00, 0x00, 0x00, 0x00, 0x7D, 0xDD, 0xC0, 0x00, 0x08, 0xFF, 0xFE,
  0x00, 0x00, 0x8F, 0xFF, 0xE0, 0x00, 0x08, 0xFF, 0xFE, 0x00, 0x00, 0x8F, 0xFF, 0xE0, 0x00, 0x08, 0xFF, 0xFE, 0x00, 0x00,
  0x8F, 0xFF, 0xE0, 0x00, 0x08, 0xFF, 0xFE, 0x00, 0x00, 0x8F, 0xFF, 0xE0, 0x00, 0x08, 0xFF, 0xFE, 0x00, 0x00, 0x8F, 0xFF,
  0xE0, 0x00, 0x00, 0x00, 0x17, 0xBC, 0xEE, 0xDB, 0xA5, 0x10, 0x00, 0x07, 0xEF, 0xFF, 0xFF, 0xFF, 0xFF, 0xE3, 0x00, 0x7F,
  0xFF, 0xFF, 0xFF, 0xFF, 0xFF, 0xD0, 0x02, 0xFF, 0xFF, 0xEA, 0x99, 0xAC, 0xFF, 0x80, 0x06, 0xFF, 0xFE, 0x20, 0x00, 0x00,
  0x39, 0x20, 0x08, 0xFF, 0xFD, 0x00, 0x00, 0x00, 0x00, 0x00, 0x05, 0xFF, 0xFF, 0xC6, 0x20, 0x00, 0x00, 0x00, 0x01, 0xDF,
  0xFF, 0xFF, 0xFD, 0xA5, 0x00, 0x00, 0x00, 0x7F, 0xFF, 0xFF, 0xFF, 0xFF, 0xD5, 0x00, 0x04, 0xFF, 0xFF, 0xFF, 0xFF, 0xFF,
  0xFF, 0x40, 0x0D, 0xFF, 0xFA, 0x13, 0x6B, 0xFF, 0xFF, 0xC0, 0x2F, 0xFF, 0xF2, 0x00, 0x00, 0x7F, 0xFF, 0xE0, 0x2F, 0xFF,
  0xF5, 0x00, 0x00, 0x4F, 0xFF, 0xF0, 0x0D, 0xFF, 0xFF, 0xA6, 0x21, 0xBF, 0xFF, 0xC0, 0x06, 0xFF, 0xFF, 0xFF, 0xFF, 0xFF,
  0xFE, 0x30, 0x00, 0x6D, 0xFF, 0xFF, 0xFF, 0xFF, 0xF6, 0x00, 0x00, 0x01, 0x59, 0xCF, 0xFF, 0xFF, 0xFC, 0x10, 0x00, 0x00,
  0x00, 0x01, 0x5B, 0xFF, 0xFF, 0x40, 0x00, 0x00, 0x00, 0x00, 0x00, 0xDF, 0xFF, 0x70, 0x04, 0xD7, 0x10, 0x00, 0x02, 0xEF,
  0xFF, 0x50, 0x0A, 0xFF, 0xEC, 0xA8, 0xAE, 0xFF, 0xFF, 0x20, 0x2F, 0xFF, 0xFF, 0xFF, 0xFF, 0xFF, 0xF7, 0x00, 0x2B, 0xFF,
  0xFF, 0xFF, 0xFF, 0xFE, 0x80, 0x00, 0x00, 0x28, 0xBD, 0xEF, 0xDB, 0x92, 0x00, 0x00, 0x00, 0x00, 0x00, 0x03, 0x10, 0x00,
  0x03, 0x20, 0x00, 0x00, 0x00, 0x00, 0x00, 0x1D, 0xFE, 0x40, 0x0B, 0xFF, 0x70, 0x00, 0x00, 0x00, 0x00, 0x07, 0xFF, 0xFB,
  0x04, 0xFF, 0xFE, 0x00, 0x00, 0x00, 0x00, 0x00, 0x6F, 0xFF, 0xA0, 0x3F, 0xFF, 0xD0, 0x00, 0x00, 0x00, 0x00, 0x00, 0xAE,
  0xC3, 0x00, 0x8E, 0xD5, 0x00, 0x00, 0x00, 0x00, 0x00, 0x00, 0x00, 0x00, 0x00, 0x00, 0x00, 0x00, 0x00, 0x00, 0x00, 0x00,
  0x00, 0x00, 0x00, 0x00, 0x00, 0x00, 0x00, 0x00, 0x06, 0xFF, 0xFF, 0xFF, 0xFF, 0xFF, 0xFF, 0xFF, 0xFD, 0x00, 0x00, 0x6F,
  0xFF, 0xFF, 0xFF, 0xFF, 0xFF, 0xFF, 0xFF, 0xD0, 0x00, 0x06, 0xFF, 0xFF, 0xFF, 0xFF, 0xFF, 0xFF, 0xFF, 0xFD, 0x00, 0x00,
  0x6F, 0xFF, 0xFF, 0xFF, 0xFF, 0xFF, 0xFF, 0xFF, 0xC0, 0x00, 0x06, 0xFF, 0xFF, 0x90, 0x00, 0x00, 0x00, 0x00, 0x00, 0x00,
  0x00, 0x6F, 0xFF, 0xF9, 0x00, 0x00, 0x00, 0x00, 0x00, 0x00, 0x00, 0x06, 0xFF, 0xFF, 0x90, 0x00, 0x00, 0x00, 0x00, 0x00,
  0x00, 0x00, 0x6F, 0xFF, 0xF9, 0x00, 0x00, 0x00, 0x00, 0x00, 0x00, 0x00, 0x06, 0xFF, 0xFF, 0xED, 0xDD, 0xDD, 0xDD, 0xDD,
  0x70, 0x00, 0x00, 0x6F, 0xFF, 0xFF, 0xFF, 0xFF, 0xFF, 0xFF, 0xF8, 0x00, 0x00, 0x06, 0xFF, 0xFF, 0xFF, 0xFF, 0xFF, 0xFF,
  0xFF, 0x80, 0x00, 0x00, 0x6F, 0xFF, 0xFF, 0xFF, 0xFF, 0xFF, 0xFF, 0xF8, 0x00, 0x00, 0x06, 0xFF, 0xFF, 0x90, 0x00, 0x00,
  0x00, 0x00, 0x00, 0x00, 0x00, 0x6F, 0xFF, 0xF9, 0x00, 0x00, 0x00, 0x00, 0x00, 0x00, 0x00, 0x06, 0xFF, 0xFF, 0x90, 0x00,
  0x00, 0x00, 0x00, 0x00, 0x00, 0x00, 0x6F, 0xFF, 0xF9, 0x00, 0x00, 0x00, 0x00, 0x00, 0x00, 0x00, 0x06, 0xFF, 0xFF, 0x90,
  0x00, 0x00, 0x00, 0x00, 0x00, 0x00, 0x00, 0x6F, 0xFF, 0xFF, 0xFF, 0xFF, 0xFF, 0xFF, 0xFF, 0xF4, 0x00, 0x06, 0xFF, 0xFF,
  0xFF, 0xFF, 0xFF, 0xFF, 0xFF, 0xFF, 0x40, 0x00, 0x6F, 0xFF, 0xFF, 0xFF, 0xFF, 0xFF, 0xFF, 0xFF, 0xF4, 0x00, 0x06, 0xFF,
  0xFF, 0xFF, 0xFF, 0xFF, 0xFF, 0xFF, 0xFF, 0x40, 0x00, 0x00, 0x00, 0x03, 0x8C, 0xDE, 0xED, 0xC8, 0x30, 0x00, 0x00, 0x00,
  0x00, 0x00, 0x03, 0xBF, 0xFF, 0xFF, 0xFF, 0xFF, 0xFB, 0x30, 0x00, 0x00, 0x00, 0x00, 0x6E, 0xFF, 0xA6, 0x31, 0x13, 0x6A,
  0xEF, 0xE6, 0x00, 0x00, 0x00, 0x06, 0xFF, 0xC4, 0x00, 0x00, 0x00, 0x00, 0x2A, 0xFF, 0x60, 0x00, 0x00, 0x3F, 0xF9, 0x00,
  0x07, 0xBD, 0xFD, 0xA4, 0x00, 0x8F, 0xF3, 0x00, 0x00, 0xBF, 0xB0, 0x03, 0xCF, 0xFF, 0xFF, 0xFF, 0x70, 0x0B, 0xFB, 0x00,
  0x03, 0xFF, 0x30, 0x1D, 0xFF, 0xFF, 0xFF, 0xFF, 0xF5, 0x02, 0xFF, 0x30, 0x08, 0xFB, 0x00, 0x9F, 0xFF, 0xC5, 0x37, 0xEF,
  0x81, 0x00, 0xBF, 0x70, 0x0B, 0xF8, 0x00, 0xDF, 0xFD, 0x10, 0x00, 0x42, 0x00, 0x00, 0x8F, 0xA0, 0x0C, 0xF6, 0x02, 0xFF,
  0xF8, 0x00, 0x00, 0x00, 0x00, 0x00, 0x6F, 0xB0, 0x0C, 0xF6, 0x02, 0xFF, 0xF8, 0x00, 0x00, 0x00, 0x00, 0x00, 0x6F, 0xB0,
  0x0B, 0xF7, 0x00, 0xEF, 0xFC, 0x00, 0x00, 0x31, 0x00, 0x00, 0x8F, 0xA0, 0x08, 0xFA, 0x00, 0xAF, 0xFF, 0xA3, 0x15, 0xEE,
  0x71, 0x00, 0xBF, 0x80, 0x04, 0xFE, 0x10, 0x2E, 0xFF, 0xFF, 0xFF, 0xFF, 0xF5, 0x02, 0xEF, 0x30, 0x00, 0xDF, 0x80, 0x04,
  0xDF, 0xFF, 0xFF, 0xFF, 0x90, 0x09, 0xFC, 0x00, 0x00, 0x6F, 0xE3, 0x00, 0x18, 0xCE, 0xFE, 0xB5, 0x00, 0x4F, 0xF5, 0x00,
  0x00, 0x0B, 0xFD, 0x20, 0x00, 0x00, 0x10, 0x00, 0x03, 0xEF, 0xA0, 0x00, 0x00, 0x01, 0xDF, 0xE5, 0x00, 0x00, 0x00, 0x00,
  0x6E, 0xFC, 0x10, 0x00, 0x00, 0x00, 0x2C, 0xFF, 0xB6, 0x31, 0x13, 0x7C, 0xFF, 0xB1, 0x00, 0x00, 0x00, 0x00, 0x01, 0x8E,
  0xFF, 0xFF, 0xFF, 0xFF, 0xE7, 0x00, 0x00, 0x00, 0x00, 0x00, 0x00, 0x01, 0x7B, 0xDE, 0xED, 0xB6, 0x10, 0x00, 0x00, 0x00,
  0x00, 0x00, 0x00, 0x01, 0x6A, 0xDE, 0xFE, 0xCA, 0x62, 0x00, 0x00, 0x00, 0x00, 0x01, 0x8E, 0xFF, 0xFF, 0xFF, 0xFF, 0xFF,
  0xA3, 0x00, 0x00, 0x00, 0x3D, 0xFF, 0xFF, 0xFF, 0xFF, 0xFF, 0xFF, 0xFF, 0x80, 0x00, 0x02, 0xEF, 0xFF, 0xFF, 0xFF, 0xFF,
  0xFF, 0xFF, 0xFF, 0xC1, 0x00, 0x1C, 0xFF, 0xFF, 0xFE, 0x97, 0x56, 0x8D, 0xFF, 0xFD, 0x20, 0x00, 0x7F, 0xFF, 0xFF, 0xA2,
  0x00, 0x00, 0x00, 0x6E, 0xE3, 0x00, 0x00, 0xEF, 0xFF, 0xFB, 0x00, 0x00, 0x00, 0x00, 0x03, 0x40, 0x00, 0x05, 0xFF, 0xFF,
  0xF2, 0x00, 0x00, 0x00, 0x00, 0x00, 0x00, 0x00, 0x09, 0xFF, 0xFF, 0xA0, 0x00, 0x00, 0x00, 0x00, 0x00, 0x00, 0x00, 0x0B,
  0xFF, 0xFF, 0xFF, 0xFF, 0xFF, 0xFF, 0xF3, 0x00, 0x00, 0x00, 0x0C, 0xFF, 0xFF, 0xFF, 0xFF, 0xFF, 0xFF, 0xF3, 0x00, 0x00,
  0x00, 0x0B, 0xFF, 0xFF, 0xFF, 0xFF, 0xFF, 0xFF, 0xF3, 0x00, 0x00, 0x00, 0x0A, 0xFF, 0xFF, 0xEC, 0xCC, 0xCC, 0xCC, 0xC2,
  0x00, 0x00, 0x00, 0x06, 0xFF, 0xFF, 0xD0, 0x00, 0x00, 0x00, 0x00, 0x00, 0x00, 0x00, 0x01, 0xFF, 0xFF, 0xF7, 0x00, 0x00,
  0x00, 0x00, 0x01, 0x20, 0x00, 0x00, 0x9F, 0xFF, 0xFF, 0x80, 0x00, 0x00, 0x00, 0x4D, 0xE4, 0x00, 0x00, 0x1D, 0xFF, 0xFF,
  0xFD, 0x86, 0x45, 0x7C, 0xFF, 0xFF, 0x70, 0x00, 0x03, 0xEF, 0xFF, 0xFF, 0xFF, 0xFF, 0xFF, 0xFF, 0xFF, 0xD1, 0x00, 0x00,
  0x3D, 0xFF, 0xFF, 0xFF, 0xFF, 0xFF, 0xFF, 0xFC, 0x20, 0x00, 0x00, 0x01, 0x9E, 0xFF, 0xFF, 0xFF, 0xFF, 0xFE, 0x70, 0x00,
  0x00, 0x00, 0x00, 0x02, 0x7B, 0xDE, 0xFE, 0xCA, 0x51, 0x00, 0x00, 0x00, 0x00, 0x2E, 0xFF, 0xF6, 0x02, 0xEF, 0xFF, 0x50,
  0x00, 0x0B, 0xFF, 0xFA, 0x00, 0xCF, 0xFF, 0x90, 0x00, 0x07, 0xFF, 0xFD, 0x10, 0x8F, 0xFF, 0xD1, 0x00, 0x03, 0xEF, 0xFF,
  0x50, 0x4F, 0xFF, 0xF3, 0x00, 0x01, 0xCF, 0xFF, 0x90, 0x1D, 0xFF, 0xF8, 0x00, 0x00, 0x9F, 0xFF, 0xD1, 0x0A, 0xFF, 0xFC,
  0x00, 0x00, 0x09, 0xFF, 0xFD, 0x10, 0xAF, 0xFF, 0xC0, 0x00, 0x00, 0x1C, 0xFF, 0xF9, 0x01, 0xDF, 0xFF, 0x80, 0x00, 0x00,
  0x3E, 0xFF, 0xF5, 0x04, 0xFF, 0xFF, 0x40, 0x00, 0x00, 0x6F, 0xFF, 0xE2, 0x08, 0xFF, 0xFD, 0x10, 0x00, 0x00, 0xAF, 0xFF,
  0xB0, 0x0C, 0xFF, 0xF9, 0x00, 0x00, 0x01, 0xDE, 0xEE, 0x60, 0x2E, 0xEE, 0xE5, 0x00, 0x00, 0x00, 0x00, 0x00, 0x00, 0x00,
  0x00, 0x00, 0x00, 0x00, 0x00, 0x00, 0x00, 0x00, 0x00, 0x00, 0x02, 0xBB, 0xBB, 0xBB, 0xBB, 0xBB, 0xBB, 0xBB, 0x50, 0x02,
  0xFF, 0xFF, 0xFF, 0xFF, 0xFF, 0xFF, 0xFF, 0x70, 0x02, 0xFF, 0xFF, 0xFF, 0xFF, 0xFF, 0xFF, 0xFF, 0x70, 0x02, 0xFF, 0xFF,
  0xFF, 0xFF, 0xFF, 0xFF, 0xFF, 0x70, 0x00, 0x00, 0x00, 0x00, 0x00, 0x00, 0x8F, 0xFF, 0x70, 0x00, 0x00, 0x00, 0x00, 0x00,
  0x00, 0x8F, 0xFF, 0x70, 0x00, 0x00, 0x00, 0x00, 0x00, 0x00, 0x8F, 0xFF, 0x70, 0x00, 0x00, 0x00, 0x00, 0x00, 0x00, 0x8F,
  0xFF, 0x70, 0x00, 0x00, 0x00, 0x00, 0x00, 0x00, 0x8F, 0xFF, 0x70, 0x00, 0x00, 0x00, 0x00, 0x00, 0x00, 0x36, 0x66, 0x30,
  0x00, 0x00, 0x00, 0x00, 0x00, 0x00, 0x00, 0x00, 0x00, 0x00, 0x00, 0x00, 0x00, 0x00, 0x00, 0x00, 0x00, 0x00, 0x00, 0x00,
  0x00, 0x00, 0x00, 0x00, 0x00, 0x00, 0x00, 0x06, 0xDD, 0xDD, 0xDD, 0xDD, 0x40, 0x07, 0xFF, 0xFF, 0xFF, 0xFF, 0x40, 0x07,
  0xFF, 0xFF, 0xFF, 0xFF, 0x40, 0x07, 0xFF, 0xFF, 0xFF, 0xFF, 0x40, 0x00, 0x00, 0x00, 0x00, 0x00, 0x00, 0x00, 0x00, 0x00,
  0x00, 0x00, 0x00, 0x00, 0x00, 0x00, 0x00, 0x00, 0x00, 0x00, 0x00, 0x00, 0x00, 0x00, 0x00, 0x00, 0x00, 0x00, 0x00, 0x00,
  0x00, 0x00, 0x00, 0x00, 0x00, 0x00, 0x00, 0x00, 0x00, 0x00, 0x00, 0x00, 0x00, 0x00, 0x00, 0x00, 0x03, 0x8C, 0xDE, 0xED,
  0xC8, 0x40, 0x00, 0x00, 0x00, 0x00, 0x00, 0x04, 0xBF, 0xFF, 0xFF, 0xFF, 0xFF, 0xFC, 0x40, 0x00, 0x00, 0x00, 0x00, 0x7F,
  0xFF, 0xA5, 0x21, 0x12, 0x59, 0xFF, 0xF7, 0x00, 0x00, 0x00, 0x07, 0xFF, 0xB3, 0x00, 0x00, 0x00, 0x00, 0x3A, 0xFF, 0x70,
  0x00, 0x00, 0x4F, 0xF7, 0x0B, 0xFF, 0xFF, 0xFD, 0xB5, 0x00, 0x6F, 0xF4, 0x00, 0x00, 0xCF, 0x90, 0x0B, 0xFF, 0xFF, 0xFF,
  0xFF, 0x90, 0x09, 0xFC, 0x00, 0x04, 0xFE, 0x20, 0x0B, 0xFF, 0xA6, 0x7A, 0xFF, 0xF4, 0x01, 0xEF, 0x30, 0x09, 0xFB, 0x00,
  0x0B, 0xFF, 0x70, 0x00, 0xBF, 0xF8, 0x00, 0xBF, 0x80, 0x0B, 0xF7, 0x00, 0x0B, 0xFF, 0x70, 0x00, 0x9F, 0xF9, 0x00, 0x8F,
  0xA0, 0x0C, 0xF6, 0x00, 0x0B, 0xFF, 0x70, 0x15, 0xEF, 0xF7, 0x00, 0x6F, 0xB0, 0x0C, 0xF6, 0x00, 0x0B, 0xFF, 0xFF, 0xFF,
  0xFF, 0xD1, 0x00, 0x7F, 0xB0, 0x0B, 0xF8, 0x00, 0x0B, 0xFF, 0xFF, 0xFF, 0xFC, 0x30, 0x00, 0x8F, 0xA0, 0x08, 0xFB, 0x00,
  0x0B, 0xFF, 0xB7, 0x9F, 0xFC, 0x00, 0x00, 0xBF, 0x70, 0x04, 0xFE, 0x10, 0x0B, 0xFF, 0x80, 0x0C, 0xFF, 0x70, 0x02, 0xFF,
  0x30, 0x00, 0xDF, 0x80, 0x0B, 0xFF, 0x80, 0x03, 0xFF, 0xE2, 0x09, 0xFC, 0x00, 0x00, 0x6F, 0xE3, 0x0B, 0xFF, 0x80, 0x00,
  0x8F, 0xFB, 0x4F, 0xF5, 0x00, 0x00, 0x0B, 0xFD, 0x20, 0x00, 0x00, 0x00, 0x00, 0x03, 0xDF, 0xA0, 0x00, 0x00, 0x02, 0xDF,
  0xD5, 0x00, 0x00, 0x00, 0x00, 0x6E, 0xFC, 0x10, 0x00, 0x00, 0x00, 0x2C, 0xFF, 0xB6, 0x31, 0x13, 0x7C, 0xFF, 0xB1, 0x00,
  0x00, 0x00, 0x00, 0x01, 0x8E, 0xFF, 0xFF, 0xFF, 0xFF, 0xE7, 0x00, 0x00, 0x00, 0x00, 0x00, 0x00, 0x02, 0x7B, 0xDE, 0xED,
  0xB6, 0x10, 0x00, 0x00, 0x00, 0x00, 0x32, 0x00, 0x00, 0x23, 0x00, 0x0A, 0xFF, 0x80, 0x07, 0xFF, 0xA0, 0x3F, 0xFF, 0xE0,
  0x0E, 0xFF, 0xF3, 0x2F, 0xFF, 0xE0, 0x0E, 0xFF, 0xF2, 0x07, 0xEE, 0x50, 0x05, 0xDE, 0x70, 0x00, 0x00, 0x00, 0x00, 0x00,
  0x00, 0x00, 0x00, 0x00, 0x00, 0x00, 0x00, 0x00, 0x08, 0xFF, 0xFF, 0x80, 0x00, 0x00, 0x08, 0xFF, 0xFF, 0x80, 0x00, 0x00,
  0x08, 0xFF, 0xFF, 0x80, 0x00, 0x00, 0x08, 0xFF, 0xFF, 0x80, 0x00, 0x00, 0x08, 0xFF, 0xFF, 0x80, 0x00, 0x00, 0x08, 0xFF,
  0xFF, 0x80, 0x00, 0x00, 0x08, 0xFF, 0xFF, 0x80, 0x00, 0x00, 0x08, 0xFF, 0xFF, 0x80, 0x00, 0x00, 0x08, 0xFF, 0xFF, 0x80,
  0x00, 0x00, 0x08, 0xFF, 0xFF, 0x80, 0x00, 0x00, 0x08, 0xFF, 0xFF, 0x80, 0x00, 0x00, 0x08, 0xFF, 0xFF, 0x80, 0x00, 0x00,
  0x08, 0xFF, 0xFF, 0x80, 0x00, 0x00, 0x08, 0xFF, 0xFF, 0x80, 0x00, 0x00, 0x08, 0xFF, 0xFF, 0x80, 0x00, 0x00, 0x08, 0xFF,
  0xFF, 0x80, 0x00, 0x00, 0x08, 0xFF, 0xFF, 0x80, 0x00, 0x00, 0x08, 0xFF, 0xFF, 0x80, 0x00, 0x00, 0x08, 0xFF, 0xFF, 0x80,
  0x00, 0x00, 0x08, 0xFF, 0xFF, 0x80, 0x00, 0x00, 0x08, 0xFF, 0xFF, 0x80, 0x00, 0x00, 0x03, 0xAD, 0xEC, 0x91, 0x00, 0x00,
  0x06, 0xEF, 0xFF, 0xFF, 0xD3, 0x00, 0x03, 0xEF, 0xE9, 0x8B, 0xFF, 0xD1, 0x00, 0xAF, 0xF4, 0x00, 0x07, 0xFF, 0x60, 0x0D,
  0xFB, 0x00, 0x00, 0x0E, 0xFA, 0x00, 0xEF, 0xA0, 0x00, 0x00, 0xDF, 0xB0, 0x0C, 0xFD, 0x10, 0x00, 0x3F, 0xF8, 0x00, 0x6F,
  0xFB, 0x31, 0x5D, 0xFF, 0x30, 0x00, 0xBF, 0xFF, 0xFF, 0xFF, 0x70, 0x00, 0x00, 0x8E, 0xFF, 0xFD, 0x50, 0x00, 0x00, 0x00,
  0x14, 0x63, 0x00, 0x00, 0x00, 0x00, 0x00, 0x00, 0x00, 0x00, 0x00, 0x00, 0x00, 0x00, 0x00, 0x00, 0x00, 0x00, 0x00, 0x00,
  0x00, 0x00, 0x00, 0x00, 0x00, 0x00, 0x00, 0x00, 0x00, 0x00, 0x00, 0x00, 0x00, 0x00, 0x00, 0x00, 0x00, 0x00, 0x00, 0x00,
  0x00, 0x00, 0x00, 0x00, 0x00, 0x00, 0x00, 0x00, 0x00, 0x00, 0x00, 0x00, 0x00, 0x00, 0x00, 0x00, 0x00, 0x00, 0x00, 0x00,
  0x00, 0x00, 0x00, 0x00, 0x00, 0x00, 0x00, 0x00, 0x00, 0x00, 0x00, 0x00, 0x00, 0x0D, 0xFF, 0xF3, 0x00, 0x00, 0x00, 0x00,
  0x00, 0x00, 0x0D, 0xFF, 0xF3, 0x00, 0x00, 0x00, 0x00, 0x00, 0x00, 0x0D, 0xFF, 0xF3, 0x00, 0x00, 0x00, 0x00, 0x00, 0x00,
  0x0D, 0xFF, 0xF3, 0x00, 0x00, 0x00, 0x00, 0x00, 0x00, 0x0D, 0xFF, 0xF3, 0x00, 0x00, 0x00, 0x02, 0xFF, 0xFF, 0xFF, 0xFF,
  0xFF, 0xFF, 0xFF, 0x70, 0x02, 0xFF, 0xFF, 0xFF, 0xFF, 0xFF, 0xFF, 0xFF, 0x70, 0x02, 0xFF, 0xFF, 0xFF, 0xFF, 0xFF, 0xFF,
  0xFF, 0x70, 0x02, 0xAA, 0xAA, 0xAE, 0xFF, 0xFB, 0xAA, 0xAA, 0x50, 0x00, 0x00, 0x00, 0x0D, 0xFF, 0xF3, 0x00, 0x00, 0x00,
  0x00, 0x00, 0x00, 0x0D, 0xFF, 0xF3, 0x00, 0x00, 0x00, 0x00, 0x00, 0x00, 0x0D, 0xFF, 0xF3, 0x00, 0x00, 0x00, 0x00, 0x00,
  0x00, 0x0D, 0xFF, 0xF3, 0x00, 0x00, 0x00, 0x00, 0x00, 0x00, 0x09, 0xAA, 0xA2, 0x00, 0x00, 0x00, 0x00, 0x00, 0x00, 0x00,
  0x00, 0x00, 0x00, 0x00, 0x00, 0x00, 0x00, 0x00, 0x00, 0x00, 0x00, 0x00, 0x00, 0x00, 0x02, 0xBB, 0xBB, 0xBB, 0xBB, 0xBB,
  0xBB, 0xBB, 0x60, 0x02, 0xFF, 0xFF, 0xFF, 0xFF, 0xFF, 0xFF, 0xFF, 0x70, 0x02, 0xFF, 0xFF, 0xFF, 0xFF, 0xFF, 0xFF, 0xFF,
  0x70, 0x02, 0xFF, 0xFF, 0xFF, 0xFF, 0xFF, 0xFF, 0xFF, 0x70, 0x00, 0x6F, 0xFF, 0xF9, 0x00, 0x00, 0x6F, 0xFF, 0xF9, 0x00,
  0x00, 0x6F, 0xFF, 0xF9, 0x00, 0x00, 0x6F, 0xFF, 0xF9, 0x00, 0x00, 0x6F, 0xFF, 0xF9, 0x00, 0x00, 0x6F, 0xFF, 0xF9, 0x00,
  0x00, 0x6F, 0xFF, 0xF9, 0x00, 0x00, 0x6F, 0xFF, 0xF9, 0x00, 0x00, 0x6F, 0xFF, 0xF9, 0x00, 0x00, 0x6F, 0xFF, 0xF9, 0x00,
  0x00, 0x6F, 0xFF, 0xF9, 0x00, 0x00, 0x6F, 0xFF, 0xF9, 0x00, 0x00, 0x6F, 0xFF, 0xF9, 0x00, 0x00, 0x6F, 0xFF, 0xF9, 0x00,
  0x00, 0x6F, 0xFF, 0xF9, 0x00, 0x00, 0x6F, 0xFF, 0xF9, 0x00, 0x00, 0x6F, 0xFF, 0xF9, 0x00, 0x00, 0x6F, 0xFF, 0xF9, 0x00,
  0x00, 0x6F, 0xFF, 0xF9, 0x00, 0x00, 0x6F, 0xFF, 0xF9, 0x00, 0x00, 0x6F, 0xFF, 0xF9, 0x00, 0x00, 0x02, 0x53, 0x00, 0x00,
  0x08, 0xFF, 0xFB, 0x10, 0x03, 0xFF, 0xFF, 0xF7, 0x00, 0x5F, 0xFF, 0xFF, 0x90, 0x02, 0xEF, 0xFF, 0xF5, 0x00, 0x04, 0xCE,
  0xD7, 0x00, 0x00, 0x00, 0x00, 0x00, 0x00, 0x00, 0x00, 0x00, 0x00, 0x00, 0xCF, 0xFF, 0xF0, 0x00, 0x0C, 0xFF, 0xFF, 0x00,
  0x00, 0xCF, 0xFF, 0xF0, 0x00, 0x0C, 0xFF, 0xFF, 0x00, 0x00, 0xCF, 0xFF, 0xF0, 0x00, 0x0C, 0xFF, 0xFF, 0x00, 0x00, 0xCF,
  0xFF, 0xF0, 0x00, 0x0C, 0xFF, 0xFF, 0x00, 0x00, 0xCF, 0xFF, 0xF0, 0x00, 0x0C, 0xFF, 0xFF, 0x00, 0x00, 0xCF, 0xFF, 0xF0,
  0x00, 0x0C, 0xFF, 0xFF, 0x00, 0x00, 0xCF, 0xFF, 0xF0, 0x00, 0x0C, 0xFF, 0xFF, 0x00, 0x00, 0xCF, 0xFF, 0xF0, 0x00, 0x0C,
  0xFF, 0xFF, 0x00, 0x00, 0xCF, 0xFF, 0xF0, 0x00, 0x00, 0x00, 0x00, 0x00, 0x00, 0x36, 0x66, 0x61, 0x00, 0x00, 0x00, 0x00,
  0x00, 0x6F, 0xFF, 0xF1, 0x00, 0x00, 0x00, 0x00, 0x00, 0x6F, 0xFF, 0xF1, 0x00, 0x00, 0x00, 0x00, 0x00, 0x6F, 0xFF, 0xF1,
  0x00, 0xBF, 0xFF, 0xFF, 0xFF, 0xFF, 0xFF, 0xF1, 0x00, 0xBF, 0xFF, 0xFF, 0xFF, 0xFF, 0xFF, 0xF1, 0x00, 0xBF, 0xFF, 0xFF,
  0xFF, 0xFF, 0xFF, 0xF1, 0x00, 0xBF, 0xFF, 0xFE, 0xEE, 0xEE, 0xEE, 0xE1, 0x00, 0xBF, 0xFF, 0xF0, 0x00, 0x00, 0x00, 0x00,
  0x00, 0xBF, 0xFF, 0xF0, 0x00, 0x00, 0x00, 0x00, 0x00, 0xBF, 0xFF, 0xF0, 0x00, 0x00, 0x00, 0x00, 0x00, 0xBF, 0xFF, 0xF0,
  0x00, 0x00, 0x00, 0x00, 0x00, 0xBF, 0xFF, 0xF0, 0x00, 0x00, 0x00, 0x00, 0x00, 0xBF, 0xFF, 0xF0, 0x00, 0x00, 0x00, 0x00,
  0x00, 0xBF, 0xFF, 0xF0, 0x00, 0x00, 0x00, 0x00, 0x00, 0xBF, 0xFF, 0xF0, 0x00, 0x00, 0x00, 0x00, 0x00, 0xBF, 0xFF, 0xF0,
  0x00, 0x00, 0x00, 0x00, 0x00, 0xBF, 0xFF, 0xF0, 0x00, 0x00, 0x00, 0x00, 0x00, 0xBF, 0xFF, 0xF0, 0x00, 0x00, 0x00, 0x00,
  0x00, 0xBF, 0xFF, 0xF0, 0x00, 0x00, 0x00, 0x00, 0x00, 0xBF, 0xFF, 0xF0, 0x00, 0x00, 0x00, 0x00, 0x00, 0xDF, 0xFF, 0xE0,
  0x00, 0x00, 0x00, 0xEF, 0xFF, 0xD0, 0x00, 0x0D, 0xFF, 0xFE, 0x00, 0x00, 0x00, 0x0E, 0xFF, 0xFD, 0x00, 0x00, 0xDF, 0xFF,
  0xE0, 0x00, 0x00, 0x00, 0xEF, 0xFF, 0xD0, 0x00, 0x0D, 0xFF, 0xFE, 0x00, 0x00, 0x00, 0x0E, 0xFF, 0xFD, 0x00, 0x00, 0xDF,
  0xFF, 0xE0, 0x00, 0x00, 0x00, 0xEF, 0xFF, 0xD0, 0x00, 0x0D, 0xFF, 0xFE, 0x00, 0x00, 0x00, 0x0E, 0xFF, 0xFD, 0x00, 0x00,
  0xDF, 0xFF, 0xE0, 0x00, 0x00, 0x00, 0xEF, 0xFF, 0xD0, 0x00, 0x0D, 0xFF, 0xFE, 0x00, 0x00, 0x00, 0x0E, 0xFF, 0xFD, 0x00,
  0x00, 0xDF, 0xFF, 0xE0, 0x00, 0x00, 0x00, 0xEF, 0xFF, 0xD0, 0x00, 0x0D, 0xFF, 0xFF, 0x10, 0x00, 0x00, 0x1F, 0xFF, 0xFD,
  0x00, 0x00, 0xDF, 0xFF, 0xF4, 0x00, 0x00, 0x05, 0xFF, 0xFF, 0xD0, 0x00, 0x0D, 0xFF, 0xFF, 0xA0, 0x00, 0x01, 0xCF, 0xFF,
  0xFD, 0x00, 0x00, 0xDF, 0xFF, 0xFF, 0xA5, 0x36, 0xDF, 0xFF, 0xFF, 0xD0, 0x00, 0x0D, 0xFF, 0xFF, 0xFF, 0xFF, 0xFF, 0xFF,
  0xFF, 0xFD, 0x00, 0x00, 0xDF, 0xFF, 0xFF, 0xFF, 0xFF, 0xFF, 0xFF, 0xFF, 0xD0, 0x00, 0x0D, 0xFF, 0xFF, 0xFF, 0xFF, 0xFF,
  0xD8, 0xFF, 0xFD, 0x00, 0x00, 0xDF, 0xFF, 0xE4, 0xBE, 0xFD, 0x81, 0x7F, 0xFF, 0xD0, 0x00, 0x0D, 0xFF, 0xFE, 0x00, 0x00,
  0x00, 0x00, 0x00, 0x00, 0x00, 0x00, 0xDF, 0xFF, 0xE0, 0x00, 0x00, 0x00, 0x00, 0x00, 0x00, 0x00, 0x0D, 0xFF, 0xFE, 0x00,
  0x00, 0x00, 0x00, 0x00, 0x00, 0x00, 0x00, 0xDF, 0xFF, 0xE0, 0x00, 0x00, 0x00, 0x00, 0x00, 0x00, 0x00, 0x0D, 0xFF, 0xFE,
  0x00, 0x00, 0x00, 0x00, 0x00, 0x00, 0x00, 0x00, 0xDF, 0xFF, 0xE0, 0x00, 0x00, 0x00, 0x00, 0x00, 0x00, 0x00, 0x00, 0x01,
  0x8B, 0xDE, 0xFF, 0xFF, 0xFF, 0xFF, 0xFF, 0x70, 0x00, 0x07, 0xEF, 0xFF, 0xFF, 0xFF, 0xFF, 0xFF, 0xFF, 0xF7, 0x00, 0x06,
  0xFF, 0xFF, 0xFF, 0xFF, 0xFF, 0xFF, 0xFF, 0xFF, 0x70, 0x02, 0xEF, 0xFF, 0xFF, 0xFF, 0xFE, 0x88, 0x8B, 0xFF, 0xF7, 0x00,
  0x7F, 0xFF, 0xFF, 0xFF, 0xFF, 0xD0, 0x00, 0x8F, 0xFF, 0x70, 0x09, 0xFF, 0xFF, 0xFF, 0xFF, 0xFD, 0x00, 0x08, 0xFF, 0xF7,
  0x00, 0x8F, 0xFF, 0xFF, 0xFF, 0xFF, 0xD0, 0x00, 0x8F, 0xFF, 0x70, 0x05, 0xFF, 0xFF, 0xFF, 0xFF, 0xFD, 0x00, 0x08, 0xFF,
  0xF7, 0x00, 0x1D, 0xFF, 0xFF, 0xFF, 0xFF, 0xD0, 0x00, 0x8F, 0xFF, 0x70, 0x00, 0x4F, 0xFF, 0xFF, 0xFF, 0xFD, 0x00, 0x08,
  0xFF, 0xF7, 0x00, 0x00, 0x5D, 0xFF, 0xFF, 0xFF, 0xD0, 0x00, 0x8F, 0xFF, 0x70, 0x00, 0x00, 0x06, 0x9B, 0xFF, 0xFD, 0x00,
  0x08, 0xFF, 0xF7, 0x00, 0x00, 0x00, 0x00, 0x1F, 0xFF, 0xD0, 0x00, 0x8F, 0xFF, 0x70, 0x00, 0x00, 0x00, 0x01, 0xFF, 0xFD,
  0x00, 0x08, 0xFF, 0xF7, 0x00, 0x00, 0x00, 0x00, 0x1F, 0xFF, 0xD0, 0x00, 0x8F, 0xFF, 0x70, 0x00, 0x00, 0x00, 0x01, 0xFF,
  0xFD, 0x00, 0x08, 0xFF, 0xF7, 0x00, 0x00, 0x00, 0x00, 0x1F, 0xFF, 0xD0, 0x00, 0x8F, 0xFF, 0x70, 0x00, 0x00, 0x00, 0x01,
  0xFF, 0xFD, 0x00, 0x08, 0xFF, 0xF7, 0x00, 0x00, 0x00, 0x00, 0x1F, 0xFF, 0xD0, 0x00, 0x8F, 0xFF, 0x70, 0x00, 0x00, 0x00,
  0x01, 0xFF, 0xFD, 0x00, 0x08, 0xFF, 0xF7, 0x00, 0x00, 0x00, 0x00, 0x1F, 0xFF, 0xD0, 0x00, 0x8F, 0xFF, 0x70, 0x00, 0x00,
  0x00, 0x01, 0xFF, 0xFD, 0x00, 0x08, 0xFF, 0xF7, 0x00, 0x00, 0x00, 0x00, 0x1F, 0xFF, 0xD0, 0x00, 0x8F, 0xFF, 0x70, 0x00,
  0x00, 0x00, 0x01, 0xFF, 0xFD, 0x00, 0x08, 0xFF, 0xF7, 0x00, 0x00, 0x00, 0x00, 0x1F, 0xFF, 0xD0, 0x00, 0x8F, 0xFF, 0x70,
  0x00, 0x00, 0x00, 0x01, 0xFF, 0xFD, 0x00, 0x08, 0xFF, 0xF7, 0x00, 0x00, 0x3B, 0xEC, 0x50, 0x00, 0x1E, 0xFF, 0xFF, 0x30,
  0x05, 0xFF, 0xFF, 0xF8, 0x00, 0x5F, 0xFF, 0xFF, 0x80, 0x01, 0xEF, 0xFF, 0xF4, 0x00, 0x04, 0xCE, 0xD6, 0x00, 0x00, 0x00,
  0x00, 0x00, 0x00, 0x00, 0x00, 0x00, 0x00, 0x00, 0x00, 0x00, 0x00, 0x00, 0x00, 0x00, 0x00, 0x00, 0x00, 0x00, 0x00, 0x00,
  0x00, 0x00, 0x00, 0x00, 0x00, 0x00, 0x00, 0x1B, 0xEB, 0x20, 0x0A, 0xEC, 0x30, 0x00, 0x00, 0x00, 0x00, 0x8F, 0xFF, 0x80,
  0x5F, 0xFF, 0xB0, 0x00, 0x00, 0x00, 0x00, 0x9F, 0xFF, 0x90, 0x6F, 0xFF, 0xC0, 0x00, 0x00, 0x00, 0x00, 0x3E, 0xFE, 0x30,
  0x1C, 0xFF, 0x50, 0x00, 0x00, 0x00, 0x00, 0x01, 0x31, 0x00, 0x00, 0x32, 0x00, 0x00, 0x00, 0x00, 0x00, 0x00, 0x00, 0x00,
  0x00, 0x00, 0x00, 0x00, 0x00, 0x00, 0x00, 0x01, 0x7B, 0xEF, 0xED, 0x94, 0x00, 0x00, 0x00, 0x00, 0x00, 0x7E, 0xFF, 0xFF,
  0xFF, 0xFF, 0xB2, 0x00, 0x00, 0x00, 0x0A, 0xFF, 0xFF, 0xFF, 0xFF, 0xFF, 0xFD, 0x20, 0x00, 0x00, 0x8F, 0xFF, 0xFF, 0xDB,
  0xCE, 0xFF, 0xFF, 0xC0, 0x00, 0x03, 0xFF, 0xFF, 0xE5, 0x00, 0x02, 0xBF, 0xFF, 0xF6, 0x00, 0x09, 0xFF, 0xFF, 0x50, 0x00,
  0x00, 0x1C, 0xFF, 0xFC, 0x00, 0x0D, 0xFF, 0xFD, 0x00, 0x00, 0x00, 0x07, 0xFF, 0xFF, 0x10, 0x0F, 0xFF, 0xFF, 0xFF, 0xFF,
  0xFF, 0xFF, 0xFF, 0xFF, 0x30, 0x1F, 0xFF, 0xFF, 0xFF, 0xFF, 0xFF, 0xFF, 0xFF, 0xFF, 0x50, 0x0F, 0xFF, 0xFE, 0xCC, 0xCC,
  0xCC, 0xCC, 0xCC, 0xCC, 0x30, 0x0D, 0xFF, 0xFE, 0x10, 0x00, 0x00, 0x00, 0x00, 0x00, 0x00, 0x09, 0xFF, 0xFF, 0xA0, 0x00,
  0x00, 0x00, 0x40, 0x00, 0x00, 0x02, 0xEF, 0xFF, 0xFB, 0x30, 0x01, 0x4B, 0xF7, 0x00, 0x00, 0x00, 0x8F, 0xFF, 0xFF, 0xFE,
  0xDF, 0xFF, 0xFF, 0x60, 0x00, 0x00, 0x09, 0xFF, 0xFF, 0xFF, 0xFF, 0xFF, 0xFF, 0xC0, 0x00, 0x00, 0x00, 0x6E, 0xFF, 0xFF,
  0xFF, 0xFF, 0xFB, 0x10, 0x00, 0x00, 0x00, 0x01, 0x6A, 0xDE, 0xFE, 0xC9, 0x40, 0x00, 0x00, 0x00, 0x8F, 0xFF, 0xE2, 0x00,
  0x00, 0x00, 0x00, 0x0C, 0xFF, 0xFF, 0x30, 0x00, 0x17, 0xBE, 0xEC, 0x92, 0x00, 0x00, 0x08, 0xFF, 0xFF, 0xC1, 0x00, 0x00,
  0x00, 0x00, 0xCF, 0xFF, 0xF3, 0x00, 0x3D, 0xFF, 0xFF, 0xFF, 0xE6, 0x00, 0x00, 0x8F, 0xFF, 0xFF, 0xA0, 0x00, 0x00, 0x00,
  0x0C, 0xFF, 0xFF, 0x30, 0x1C, 0xFF, 0xFB, 0xAD, 0xFF, 0xE3, 0x00, 0x08, 0xFF, 0xFF, 0xFF, 0x80, 0x00, 0x00, 0x00, 0xCF,
  0xFF, 0xF3, 0x05, 0xFF, 0xE3, 0x00, 0x1C, 0xFF, 0xA0, 0x00, 0x8F, 0xFF, 0xFF, 0xFF, 0x50, 0x00, 0x00, 0x0C, 0xFF, 0xFF,
  0x30, 0x9F, 0xFB, 0x00, 0x00, 0x7F, 0xFD, 0x00, 0x08, 0xFF, 0xFF, 0xFF, 0xFE, 0x30, 0x00, 0x00, 0xCF, 0xFF, 0xF3, 0x09,
  0xFF, 0xB0, 0x00, 0x07, 0xFF, 0xD0, 0x00, 0x8F, 0xFF, 0xFF, 0xFF, 0xFD, 0x10, 0x00, 0x0C, 0xFF, 0xFF, 0x30, 0x5F, 0xFE,
  0x30, 0x01, 0xCF, 0xFA, 0x00, 0x08, 0xFF, 0xFF, 0xFF, 0xFF, 0xFB, 0x00, 0x00, 0xCF, 0xFF, 0xF3, 0x01, 0xCF, 0xFE, 0xAA,
  0xDF, 0xFE, 0x30, 0x00, 0x8F, 0xFF, 0xFE, 0xFF, 0xFF, 0xF8, 0x00, 0x0C, 0xFF, 0xFF, 0x30, 0x03, 0xDF, 0xFF, 0xFF, 0xFE,
  0x60, 0x00, 0x08, 0xFF, 0xFF, 0x8C, 0xFF, 0xFF, 0xF6, 0x00, 0xCF, 0xFF, 0xF3, 0x00, 0x01, 0x7C, 0xEE, 0xC9, 0x20, 0x00,
  0x00, 0x8F, 0xFF, 0xF7, 0x2D, 0xFF, 0xFF, 0xE3, 0x0C, 0xFF, 0xFF, 0x30, 0x00, 0x00, 0x00, 0x00, 0x00, 0x00, 0x00, 0x08,
  0xFF, 0xFF, 0x70, 0x3E, 0xFF, 0xFF, 0xD2, 0xCF, 0xFF, 0xF3, 0x00, 0x00, 0x00, 0x00, 0x00, 0x00, 0x00, 0x00, 0x8F, 0xFF,
  0xF7, 0x00, 0x4F, 0xFF, 0xFF, 0xCC, 0xFF, 0xFF, 0x30, 0x0F, 0xFF, 0xFF, 0xFF, 0xFF, 0xF6, 0x00, 0x08, 0xFF, 0xFF, 0x70,
  0x00, 0x6F, 0xFF, 0xFF, 0xFF, 0xFF, 0xF3, 0x00, 0xFF, 0xFF, 0xFF, 0xFF, 0xFF, 0x60, 0x00, 0x8F, 0xFF, 0xF7, 0x00, 0x00,
  0x8F, 0xFF, 0xFF, 0xFF, 0xFF, 0x30, 0x0E, 0xEE, 0xEE, 0xEE, 0xEE, 0xE5, 0x00, 0x08, 0xFF, 0xFF, 0x70, 0x00, 0x00, 0xAF,
  0xFF, 0xFF, 0xFF, 0xF3, 0x00, 0x00, 0x00, 0x00, 0x00, 0x00, 0x00, 0x00, 0x8F, 0xFF, 0xF7, 0x00, 0x00, 0x01, 0xCF, 0xFF,
  0xFF, 0xFF, 0x30, 0x00, 0x00, 0x00, 0x00, 0x00, 0x00, 0x00, 0x08, 0xFF, 0xFF, 0x70, 0x00, 0x00, 0x02, 0xDF, 0xFF, 0xFF,
  0xF3, 0x00, 0x00, 0x00, 0x00, 0x00, 0x00, 0x00, 0x00, 0x8F, 0xFF, 0xF7, 0x00, 0x00, 0x00, 0x03, 0xEF, 0xFF, 0xFF, 0x30,
  0x00, 0x00, 0x00, 0x00, 0x00, 0x00, 0x00, 0x08, 0xFF, 0xFF, 0x70, 0x00, 0x00, 0x00, 0x04, 0xFF, 0xFF, 0xF3, 0x00, 0x00,
  0x00, 0x00, 0x00, 0x00, 0x00, 0x00, 0x8F, 0xFF, 0xF7, 0x00, 0x00, 0x00, 0x00, 0x06, 0xFF, 0xFF, 0x30, 0x00, 0x00, 0x00,
  0x00, 0x00, 0x00, 0x00, 0x00, 0x00, 0x00, 0x6A, 0xDE, 0xFD, 0xC8, 0x30, 0x00, 0x00, 0x00, 0x5D, 0xFF, 0xFF, 0xFF, 0xFF,
  0xFA, 0x20, 0x00, 0x08, 0xFF, 0xFF, 0xFF, 0xFF, 0xFF, 0xFF, 0xD3, 0x00, 0x6F, 0xFF, 0xFF, 0xEC, 0xBC, 0xFF, 0xFF, 0xE4,
  0x02, 0xEF, 0xFF, 0xF9, 0x10, 0x00, 0x2A, 0xFE, 0x30, 0x08, 0xFF, 0xFF, 0x70, 0x00, 0x00, 0x00, 0x63, 0x00, 0x0C, 0xFF,
  0xFD, 0x00, 0x00, 0x00, 0x00, 0x00, 0x00, 0x0E, 0xFF, 0xFF, 0xFF, 0xFF, 0xFF, 0x80, 0x00, 0x00, 0x0F, 0xFF, 0xFF, 0xFF,
  0xFF, 0xFF, 0x80, 0x00, 0x00, 0x0E, 0xFF, 0xFF, 0xFF, 0xFF, 0xFF, 0x80, 0x00, 0x00, 0x0C, 0xFF, 0xFD, 0x55, 0x55, 0x55,
  0x30, 0x00, 0x00, 0x08, 0xFF, 0xFF, 0x60, 0x00, 0x00, 0x00, 0x52, 0x00, 0x02, 0xEF, 0xFF, 0xF7, 0x10, 0x00, 0x19, 0xFD,
  0x30, 0x00, 0x7F, 0xFF, 0xFF, 0xEC, 0xBD, 0xFF, 0xFF, 0xE4, 0x00, 0x08, 0xFF, 0xFF, 0xFF, 0xFF, 0xFF, 0xFF, 0xD3, 0x00,
  0x00, 0x6D, 0xFF, 0xFF, 0xFF, 0xFF, 0xFA, 0x20, 0x00, 0x00, 0x01, 0x6A, 0xDE, 0xFE, 0xC8, 0x30, 0x00, 0x1D, 0xFF, 0xF7,
  0x02, 0xEF, 0xFF, 0x50, 0x00, 0x00, 0x4F, 0xFF, 0xE3, 0x05, 0xFF, 0xFE, 0x20, 0x00, 0x00, 0x8F, 0xFF, 0xC1, 0x0A, 0xFF,
  0xFB, 0x00, 0x00, 0x00, 0xCF, 0xFF, 0x90, 0x1D, 0xFF, 0xF8, 0x00, 0x00, 0x03, 0xEF, 0xFF, 0x50, 0x4F, 0xFF, 0xF4, 0x00,
  0x00, 0x07, 0xFF, 0xFE, 0x20, 0x8F, 0xFF, 0xD1, 0x00, 0x00, 0x7F, 0xFF, 0xE2, 0x08, 0xFF, 0xFD, 0x10, 0x00, 0x3F, 0xFF,
  0xF5, 0x04, 0xFF, 0xFF, 0x40, 0x00, 0x1C, 0xFF, 0xF9, 0x01, 0xDF, 0xFF, 0x70, 0x00, 0x09, 0xFF, 0xFC, 0x10, 0xAF, 0xFF,
  0xB0, 0x00, 0x04, 0xFF, 0xFE, 0x30, 0x6F, 0xFF, 0xE2, 0x00, 0x01, 0xDE, 0xEE, 0x60, 0x2D, 0xEE, 0xE5, 0x00, 0x00, 0x00,
  0x00, 0x00, 0x00, 0x00, 0x00, 0x00, 0x00, 0x00, 0x00, 0x00, 0x00, 0x00, 0x00, 0x00, 0x00, 0x00, 0x00, 0x00, 0x00, 0x25,
  0x30, 0x00, 0x00, 0x00, 0x07, 0xFF, 0xFC, 0x10, 0x00, 0x00, 0x2F, 0xFF, 0xFF, 0x80, 0x00, 0x00, 0x4F, 0xFF, 0xFF, 0xA0,
  0x00, 0x00, 0x1E, 0xFF, 0xFF, 0x60, 0x00, 0x00, 0x04, 0xCE, 0xD7, 0x00, 0x00, 0x00, 0x00, 0x00, 0x00, 0x00, 0x00, 0x00,
  0x00, 0x00, 0x00, 0x00, 0x00, 0x00, 0x0B, 0xFF, 0xFF, 0x20, 0x00, 0x00, 0x0B, 0xFF, 0xFF, 0x20, 0x00, 0x00, 0x0B, 0xFF,
  0xFF, 0x20, 0x00, 0x00, 0x0B, 0xFF, 0xFF, 0x20, 0x00, 0x00, 0x0B, 0xFF, 0xFF, 0x20, 0x00, 0x00, 0x0B, 0xFF, 0xFF, 0x20,
  0x00, 0x00, 0x0B, 0xFF, 0xFF, 0x20, 0x00, 0x00, 0x0B, 0xFF, 0xFF, 0x20, 0x00, 0x00, 0x0B, 0xFF, 0xFF, 0x20, 0x00, 0x00,
  0x0B, 0xFF, 0xFF, 0x20, 0x00, 0x00, 0x0B, 0xFF, 0xFF, 0x20, 0x00, 0x00, 0x0B, 0xFF, 0xFF, 0x20, 0x00, 0x00, 0x0B, 0xFF,
  0xFF, 0x20, 0x00, 0x00, 0x0B, 0xFF, 0xFF, 0x20, 0x00, 0x00, 0x0B, 0xFF, 0xFF, 0x20, 0x00, 0x00, 0x0B, 0xFF, 0xFF, 0x20,
  0x00, 0x00, 0x0B, 0xFF, 0xFF, 0x20, 0x00, 0x00, 0x0C, 0xFF, 0xFE, 0x00, 0x03, 0x00, 0x4F, 0xFF, 0xFC, 0x00, 0x1E, 0xED,
  0xFF, 0xFF, 0xF9, 0x00, 0x6F, 0xFF, 0xFF, 0xFF, 0xE1, 0x00, 0xBF, 0xFF, 0xFF, 0xFE, 0x50, 0x00, 0x5B, 0xDF, 0xEC, 0x91,
  0x00, 0x00, 0x00, 0x00, 0x02, 0x7B, 0xDE, 0xFE, 0xCA, 0x83, 0x00, 0x00, 0x00, 0x01, 0x8F, 0xFF, 0xFF, 0xFF, 0xFF, 0xFF,
  0xB5, 0x00, 0x00, 0x1C, 0xFF, 0xFF, 0xFF, 0xFF, 0xFF, 0xFF, 0xFC, 0x00, 0x00, 0x9F, 0xFF, 0xFF, 0xFF, 0xFF, 0xFF, 0xFF,
  0xF6, 0x00, 0x02, 0xFF, 0xFF, 0xFB, 0x52, 0x02, 0x57, 0xCF, 0xE1, 0x00, 0x06, 0xFF, 0xFF, 0xB0, 0x00, 0x00, 0x00, 0x04,
  0x50, 0x00, 0x07, 0xFF, 0xFF, 0x90, 0x00, 0x00, 0x00, 0x00, 0x00, 0x00, 0x06, 0xFF, 0xFF, 0xE5, 0x00, 0x00, 0x00, 0x00,
  0x00, 0x00, 0x02, 0xFF, 0xFF, 0xFF, 0xC8, 0x41, 0x00, 0x00, 0x00, 0x00, 0x00, 0x8F, 0xFF, 0xFF, 0xFF, 0xFF, 0xC8, 0x40,
  0x00, 0x00, 0x00, 0x09, 0xFF, 0xFF, 0xFF, 0xFF, 0xFF, 0xFC, 0x50, 0x00, 0x00, 0x00, 0x3A, 0xEF, 0xFF, 0xFF, 0xFF, 0xFF,
  0xF8, 0x00, 0x00, 0x00, 0x00, 0x15, 0x9C, 0xFF, 0xFF, 0xFF, 0xFF, 0x50, 0x00, 0x00, 0x00, 0x00, 0x00, 0x15, 0xAF, 0xFF,
  0xFF, 0xB0, 0x00, 0x00, 0x00, 0x00, 0x00, 0x00, 0x05, 0xFF, 0xFF, 0xD0, 0x00, 0x68, 0x10, 0x00, 0x00, 0x00, 0x03, 0xFF,
  0xFF, 0xD0, 0x00, 0xDF, 0xEA, 0x74, 0x10, 0x02, 0x6D, 0xFF, 0xFF, 0x90, 0x06, 0xFF, 0xFF, 0xFF, 0xFF, 0xFF, 0xFF, 0xFF,
  0xFE, 0x30, 0x0A, 0xFF, 0xFF, 0xFF, 0xFF, 0xFF, 0xFF, 0xFF, 0xF6, 0x00, 0x00, 0x6C, 0xFF, 0xFF, 0xFF, 0xFF, 0xFF, 0xFC,
  0x40, 0x00, 0x00, 0x00, 0x38, 0xAD, 0xEF, 0xEE, 0xC9, 0x40, 0x00, 0x00, 0x00, 0x00, 0x28, 0xBD, 0xEE, 0xDB, 0x95, 0x10,
  0x00, 0x00, 0x8E, 0xFF, 0xFF, 0xFF, 0xFF, 0xFE, 0x20, 0x00, 0x8F, 0xFF, 0xFF, 0xFF, 0xFF, 0xFF, 0xD0, 0x00, 0x4F, 0xFF,
  0xFF, 0xCA, 0xBC, 0xEF, 0xF6, 0x00, 0x09, 0xFF, 0xFF, 0x50, 0x00, 0x01, 0x7B, 0x00, 0x00, 0x9F, 0xFF, 0xF2, 0x00, 0x00,
  0x00, 0x00, 0x00, 0x07, 0xFF, 0xFF, 0xD8, 0x51, 0x00, 0x00, 0x00, 0x00, 0x3F, 0xFF, 0xFF, 0xFF, 0xFE, 0xB7, 0x10, 0x00,
  0x00, 0x6F, 0xFF, 0xFF, 0xFF, 0xFF, 0xFE, 0x60, 0x00, 0x00, 0x3A, 0xEF, 0xFF, 0xFF, 0xFF, 0xFF, 0x40, 0x00, 0x00, 0x00,
  0x36, 0x9B, 0xFF, 0xFF, 0xF9, 0x00, 0x01, 0x00, 0x00, 0x00, 0x02, 0xEF, 0xFF, 0xC0, 0x00, 0xCC, 0x60, 0x00, 0x00, 0x1D,
  0xFF, 0xFC, 0x00, 0x4F, 0xFF, 0xFD, 0xBA, 0xBE, 0xFF, 0xFF, 0x80, 0x0B, 0xFF, 0xFF, 0xFF, 0xFF, 0xFF, 0xFF, 0xC1, 0x00,
  0x8E, 0xFF, 0xFF, 0xFF, 0xFF, 0xFF, 0xB1, 0x00, 0x00, 0x16, 0x9B, 0xCE, 0xED, 0xB9, 0x30, 0x00, 0x00, 0x5D, 0xE6, 0x05,
  0xDE, 0x60, 0xCF, 0xFE, 0x0D, 0xFF, 0xE0, 0xDF, 0xFF, 0x1D, 0xFF, 0xF0, 0x6F, 0xF8, 0x06, 0xFF, 0x80, 0x01, 0x20, 0x00,
  0x12, 0x00, 0x00, 0x00, 0x00, 0x00, 0x00, 0x00, 0xDF, 0xFF, 0xE0, 0x00, 0x00, 0xDF, 0xFF, 0xE0, 0x00, 0x00, 0xDF, 0xFF,
  0xE0, 0x00, 0x00, 0xDF, 0xFF, 0xE0, 0x00, 0x00, 0xDF, 0xFF, 0xE0, 0x00, 0x00, 0xDF, 0xFF, 0xE0, 0x00, 0x00, 0xDF, 0xFF,
  0xE0, 0x00, 0x00, 0xDF, 0xFF, 0xE0, 0x00, 0x00, 0xDF, 0xFF, 0xE0, 0x00, 0x00, 0xDF, 0xFF, 0xE0, 0x00, 0x00, 0xDF, 0xFF,
  0xE0, 0x00, 0x00, 0xDF, 0xFF, 0xE0, 0x00, 0x00, 0xDF, 0xFF, 0xE0, 0x00, 0x00, 0xDF, 0xFF, 0xE0, 0x00, 0x00, 0xDF, 0xFF,
  0xE0, 0x00, 0x00, 0xDF, 0xFF, 0xE0, 0x00, 0x00, 0xDF, 0xFF, 0xE0, 0x00, 0x00, 0x00, 0x00, 0x00, 0x08, 0xFF, 0xFF, 0xD0,
  0x00, 0x00, 0x00, 0x00, 0x00, 0x00, 0x00, 0x00, 0x01, 0xEF, 0xFF, 0xFF, 0x60, 0x00, 0x00, 0x00, 0x00, 0x00, 0x00, 0x00,
  0x00, 0x6F, 0xFF, 0xFF, 0xFC, 0x00, 0x00, 0x00, 0x00, 0x00, 0x00, 0x00, 0x00, 0x0D, 0xFF, 0xFF, 0xFF, 0xF5, 0x00, 0x00,
  0x00, 0x00, 0x00, 0x00, 0x00, 0x05, 0xFF, 0xFF, 0xFF, 0xFF, 0xB0, 0x00, 0x00, 0x00, 0x00, 0x00, 0x00, 0x00, 0xCF, 0xFF,
  0xE9, 0xFF, 0xFF, 0x30, 0x00, 0x00, 0x00, 0x00, 0x00, 0x00, 0x4F, 0xFF, 0xF8, 0x3F, 0xFF, 0xFA, 0x00, 0x00, 0x00, 0x00,
  0x00, 0x00, 0x0A, 0xFF, 0xFF, 0x20, 0xBF, 0xFF, 0xF2, 0x00, 0x00, 0x00, 0x00, 0x00, 0x02, 0xFF, 0xFF, 0xB0, 0x05, 0xFF,
  0xFF, 0x90, 0x00, 0x00, 0x00, 0x00, 0x00, 0x9F, 0xFF, 0xF5, 0x00, 0x0D, 0xFF, 0xFE, 0x10, 0x00, 0x00, 0x00, 0x00, 0x1E,
  0xFF, 0xFD, 0x00, 0x00, 0x8F, 0xFF, 0xF8, 0x00, 0x00, 0x00, 0x00, 0x08, 0xFF, 0xFF, 0x70, 0x00, 0x02, 0xFF, 0xFF, 0xD0,
  0x00, 0x00, 0x00, 0x01, 0xEF, 0xFF, 0xE1, 0x00, 0x00, 0x0A, 0xFF, 0xFF, 0x60, 0x00, 0x00, 0x00, 0x6F, 0xFF, 0xFF, 0xFF,
  0xFF, 0xFF, 0xFF, 0xFF, 0xFD, 0x00, 0x00, 0x00, 0x0D, 0xFF, 0xFF, 0xFF, 0xFF, 0xFF, 0xFF, 0xFF, 0xFF, 0xF5, 0x00, 0x00,
  0x05, 0xFF, 0xFF, 0xFF, 0xFF, 0xFF, 0xFF, 0xFF, 0xFF, 0xFF, 0xB0, 0x00, 0x00, 0xBF, 0xFF, 0xFC, 0xCC, 0xCC, 0xCC, 0xCC,
  0xCE, 0xFF, 0xFF, 0x30, 0x00, 0x3F, 0xFF, 0xFD, 0x00, 0x00, 0x00, 0x00, 0x00, 0x9F, 0xFF, 0xFA, 0x00, 0x0A, 0xFF, 0xFF,
  0x70, 0x00, 0x00, 0x00, 0x00, 0x02, 0xFF, 0xFF, 0xF2, 0x02, 0xFF, 0xFF, 0xE1, 0x00, 0x00, 0x00, 0x00, 0x00, 0x0A, 0xFF,
  0xFF, 0x90, 0x9F, 0xFF, 0xF9, 0x00, 0x00, 0x00, 0x00, 0x00, 0x00, 0x4F, 0xFF, 0xFE, 0x10, 0x00, 0x6F, 0xFF, 0xFF, 0xFF,
  0xFF, 0xFF, 0xFF, 0xFF, 0xFE, 0x00, 0x00, 0x06, 0xFF, 0xFF, 0xFF, 0xFF, 0xFF, 0xFF, 0xFF, 0xFF, 0xE0, 0x00, 0x00, 0x6F,
  0xFF, 0xFF, 0xFF, 0xFF, 0xFF, 0xFF, 0xFF, 0xFE, 0x00, 0x00, 0x06, 0xFF, 0xFF, 0xFE, 0xEE, 0xEE, 0xEE, 0xEE, 0xEE, 0xD0,
  0x00, 0x00, 0x6F, 0xFF, 0xF9, 0x00, 0x00, 0x00, 0x00, 0x00, 0x00, 0x00, 0x00, 0x06, 0xFF, 0xFF, 0x90, 0x00, 0x00, 0x00,
  0x00, 0x00, 0x00, 0x00, 0x00, 0x6F, 0xFF, 0xF9, 0x00, 0x00, 0x00, 0x00, 0x00, 0x00, 0x00, 0x00, 0x06, 0xFF, 0xFF, 0x90,
  0x00, 0x00, 0x00, 0x00, 0x00, 0x00, 0x00, 0x00, 0x6F, 0xFF, 0xFF, 0xFF, 0xFF, 0xFF, 0xDC, 0xA5, 0x00, 0x00, 0x00, 0x06,
  0xFF, 0xFF, 0xFF, 0xFF, 0xFF, 0xFF, 0xFF, 0xFD, 0x50, 0x00, 0x00, 0x6F, 0xFF, 0xFF, 0xFF, 0xFF, 0xFF, 0xFF, 0xFF, 0xFE,
  0x30, 0x00, 0x06, 0xFF, 0xFF, 0xDA, 0xAA, 0xAA, 0xCE, 0xFF, 0xFF, 0xFD, 0x00, 0x00, 0x6F, 0xFF, 0xF9, 0x00, 0x00, 0x00,
  0x18, 0xFF, 0xFF, 0xF4, 0x00, 0x06, 0xFF, 0xFF, 0x90, 0x00, 0x00, 0x00, 0x0C, 0xFF, 0xFF, 0x70, 0x00, 0x6F, 0xFF, 0xF9,
  0x00, 0x00, 0x00, 0x00, 0xAF, 0xFF, 0xF7, 0x00, 0x06, 0xFF, 0xFF, 0x90, 0x00, 0x00, 0x00, 0x0D, 0xFF, 0xFF, 0x60, 0x00,
  0x6F, 0xFF, 0xF9, 0x00, 0x00, 0x00, 0x19, 0xFF, 0xFF, 0xF2, 0x00, 0x06, 0xFF, 0xFF, 0xDA, 0xAA, 0xAB, 0xCE, 0xFF, 0xFF,
  0xFA, 0x00, 0x00, 0x6F, 0xFF, 0xFF, 0xFF, 0xFF, 0xFF, 0xFF, 0xFF, 0xFD, 0x20, 0x00, 0x06, 0xFF, 0xFF, 0xFF, 0xFF, 0xFF,
  0xFF, 0xFF, 0xFB, 0x20, 0x00, 0x00, 0x6F, 0xFF, 0xFF, 0xFF, 0xFF, 0xFE, 0xCB, 0x93, 0x00, 0x00, 0x00, 0x00, 0x6F, 0xFF,
  0xFF, 0xFF, 0xFF, 0xFE, 0xCB, 0x71, 0x00, 0x00, 0x00, 0x06, 0xFF, 0xFF, 0xFF, 0xFF, 0xFF, 0xFF, 0xFF, 0xE7, 0x00, 0x00,
  0x00, 0x6F, 0xFF, 0xFF, 0xFF, 0xFF, 0xFF, 0xFF, 0xFF, 0xF7, 0x00, 0x00, 0x06, 0xFF, 0xFF, 0xDB, 0xBB, 0xBB, 0xDF, 0xFF,
  0xFF, 0xF2, 0x00, 0x00, 0x6F, 0xFF, 0xF9, 0x00, 0x00, 0x00, 0x5F, 0xFF, 0xFF, 0x70, 0x00, 0x06, 0xFF, 0xFF, 0x90, 0x00,
  0x00, 0x00, 0xBF, 0xFF, 0xF8, 0x00, 0x00, 0x6F, 0xFF, 0xF9, 0x00, 0x00, 0x00, 0x0A, 0xFF, 0xFF, 0x60, 0x00, 0x06, 0xFF,
  0xFF, 0x90, 0x00, 0x00, 0x02, 0xEF, 0xFF, 0xE1, 0x00, 0x00, 0x6F, 0xFF, 0xFC, 0x88, 0x88, 0x8A, 0xEF, 0xFF, 0xF6, 0x00,
  0x00, 0x06, 0xFF, 0xFF, 0xFF, 0xFF, 0xFF, 0xFF, 0xFF, 0xD5, 0x00, 0x00, 0x00, 0x6F, 0xFF, 0xFF, 0xFF, 0xFF, 0xFF, 0xFF,
  0xFF, 0xA3, 0x00, 0x00, 0x06, 0xFF, 0xFF, 0xFF, 0xFF, 0xFF, 0xFF, 0xFF, 0xFF, 0xE4, 0x00, 0x00, 0x6F, 0xFF, 0xF9, 0x00,
  0x00, 0x01, 0x4A, 0xFF, 0xFF, 0xD0, 0x00, 0x06, 0xFF, 0xFF, 0x90, 0x00, 0x00, 0x00, 0x0C, 0xFF, 0xFF, 0x50, 0x00, 0x6F,
  0xFF, 0xF9, 0x00, 0x00, 0x00, 0x00, 0x9F, 0xFF, 0xF7, 0x00, 0x06, 0xFF, 0xFF, 0x90, 0x00, 0x00, 0x00, 0x0B, 0xFF, 0xFF,
  0x80, 0x00, 0x6F, 0xFF, 0xF9, 0x00, 0x00, 0x00, 0x06, 0xFF, 0xFF, 0xF6, 0x00, 0x06, 0xFF, 0xFF, 0xDA, 0xAA, 0xAA, 0xBD,
  0xFF, 0xFF, 0xFE, 0x10, 0x00, 0x6F, 0xFF, 0xFF, 0xFF, 0xFF, 0xFF, 0xFF, 0xFF, 0xFF, 0x50, 0x00, 0x06, 0xFF, 0xFF, 0xFF,
  0xFF, 0xFF, 0xFF, 0xFF, 0xFC, 0x50, 0x00, 0x00, 0x6F, 0xFF, 0xFF, 0xFF, 0xFF, 0xFF, 0xDC, 0xA5, 0x00, 0x00, 0x00, 0x00,
  0x6F, 0xFF, 0xFF, 0xFF, 0xFF, 0xFF, 0xFF, 0xFC, 0x00, 0x6F, 0xFF, 0xFF, 0xFF, 0xFF, 0xFF, 0xFF, 0xFC, 0x00, 0x6F, 0xFF,
  0xFF, 0xFF, 0xFF, 0xFF, 0xFF, 0xFB, 0x00, 0x6F, 0xFF, 0xFF, 0xFF, 0xFF, 0xFF, 0xFF, 0xFB, 0x00, 0x6F, 0xFF, 0xF9, 0x11,
  0x11, 0x11, 0x11, 0x11, 0x00, 0x6F, 0xFF, 0xF9, 0x00, 0x00, 0x00, 0x00, 0x00, 0x00, 0x6F, 0xFF, 0xF9, 0x00, 0x00, 0x00,
  0x00, 0x00, 0x00, 0x6F, 0xFF, 0xF9, 0x00, 0x00, 0x00, 0x00, 0x00, 0x00, 0x6F, 0xFF, 0xF9, 0x00, 0x00, 0x00, 0x00, 0x00,
  0x00, 0x6F, 0xFF, 0xF9, 0x00, 0x00, 0x00, 0x00, 0x00, 0x00, 0x6F, 0xFF, 0xF9, 0x00, 0x00, 0x00, 0x00, 0x00, 0x00, 0x6F,
  0xFF, 0xF9, 0x00, 0x00, 0x00, 0x00, 0x00, 0x00, 0x6F, 0xFF, 0xF9, 0x00, 0x00, 0x00, 0x00, 0x00, 0x00, 0x6F, 0xFF, 0xF9,
  0x00, 0x00, 0x00, 0x00, 0x00, 0x00, 0x6F, 0xFF, 0xF9, 0x00, 0x00, 0x00, 0x00, 0x00, 0x00, 0x6F, 0xFF, 0xF9, 0x00, 0x00,
  0x00, 0x00, 0x00, 0x00, 0x6F, 0xFF, 0xF9, 0x00, 0x00, 0x00, 0x00, 0x00, 0x00, 0x6F, 0xFF, 0xF9, 0x00, 0x00, 0x00, 0x00,
  0x00, 0x00, 0x6F, 0xFF, 0xF9, 0x00, 0x00, 0x00, 0x00, 0x00, 0x00, 0x6F, 0xFF, 0xF9, 0x00, 0x00, 0x00, 0x00, 0x00, 0x00,
  0x6F, 0xFF, 0xF9, 0x00, 0x00, 0x00, 0x00, 0x00, 0x00, 0x00, 0x0C, 0xFF, 0xFF, 0xFF, 0xFF, 0xFF, 0xFF, 0xFF, 0xFB, 0x00,
  0x00, 0x00, 0x00, 0xCF, 0xFF, 0xFF, 0xFF, 0xFF, 0xFF, 0xFF, 0xFF, 0xB0, 0x00, 0x00, 0x00, 0x0D, 0xFF, 0xFF, 0xFF, 0xFF,
  0xFF, 0xFF, 0xFF, 0xFB, 0x00, 0x00, 0x00, 0x00, 0xDF, 0xFF, 0xFF, 0xFF, 0xFF, 0xFF, 0xFF, 0xFF, 0xB0, 0x00, 0x00, 0x00,
  0x0E, 0xFF, 0xF8, 0x11, 0x11, 0x11, 0x4F, 0xFF, 0xFB, 0x00, 0x00, 0x00, 0x00, 0xEF, 0xFF, 0x80, 0x00, 0x00, 0x03, 0xFF,
  0xFF, 0xB0, 0x00, 0x00, 0x00, 0x0F, 0xFF, 0xF7, 0x00, 0x00, 0x00, 0x3F, 0xFF, 0xFB, 0x00, 0x00, 0x00, 0x01, 0xFF, 0xFF,
  0x70, 0x00, 0x00, 0x03, 0xFF, 0xFF, 0xB0, 0x00, 0x00, 0x00, 0x2F, 0xFF, 0xF6, 0x00, 0x00, 0x00, 0x3F, 0xFF, 0xFB, 0x00,
  0x00, 0x00, 0x03, 0xFF, 0xFF, 0x50, 0x00, 0x00, 0x03, 0xFF, 0xFF, 0xB0, 0x00, 0x00, 0x00, 0x4F, 0xFF, 0xF3, 0x00, 0x00,
  0x00, 0x3F, 0xFF, 0xFB, 0x00, 0x00, 0x00, 0x07, 0xFF, 0xFF, 0x10, 0x00, 0x00, 0x03, 0xFF, 0xFF, 0xB0, 0x00, 0x00, 0x00,
  0x9F, 0xFF, 0xE0, 0x00, 0x00, 0x00, 0x3F, 0xFF, 0xFB, 0x00, 0x00, 0x00, 0x0C, 0xFF, 0xFB, 0x00, 0x00, 0x00, 0x03, 0xFF,
  0xFF, 0xB0, 0x00, 0x00, 0x02, 0xFF, 0xFF, 0x70, 0x00, 0x00, 0x00, 0x3F, 0xFF, 0xFB, 0x00, 0x00, 0x00, 0x9F, 0xFF, 0xF2,
  0x00, 0x00, 0x00, 0x03, 0xFF, 0xFF, 0xB0, 0x00, 0x02, 0x8F, 0xFF, 0xF9, 0x11, 0x11, 0x11, 0x11, 0x4F, 0xFF, 0xFB, 0x11,
  0x19, 0xFF, 0xFF, 0xFF, 0xFF, 0xFF, 0xFF, 0xFF, 0xFF, 0xFF, 0xFF, 0xFF, 0xFB, 0x9F, 0xFF, 0xFF, 0xFF, 0xFF, 0xFF, 0xFF,
  0xFF, 0xFF, 0xFF, 0xFF, 0xFF, 0xB9, 0xFF, 0xFF, 0xFF, 0xFF, 0xFF, 0xFF, 0xFF, 0xFF, 0xFF, 0xFF, 0xFF, 0xFB, 0x9F, 0xFF,
  0xFF, 0xFF, 0xFF, 0xFF, 0xFF, 0xFF, 0xFF, 0xFF, 0xFF, 0xFF, 0xB9, 0xFF, 0xFF, 0x10, 0x00, 0x00, 0x00, 0x00, 0x00, 0x00,
  0x0D, 0xFF, 0xFB, 0x9F, 0xFF, 0xF1, 0x00, 0x00, 0x00, 0x00, 0x00, 0x00, 0x00, 0xDF, 0xFF, 0xB9, 0xFF, 0xFF, 0x10, 0x00,
  0x00, 0x00, 0x00, 0x00, 0x00, 0x0D, 0xFF, 0xFB, 0x9F, 0xFF, 0xF1, 0x00, 0x00, 0x00, 0x00, 0x00, 0x00, 0x00, 0xDF, 0xFF,
  0xB4, 0x77, 0x77, 0x00, 0x00, 0x00, 0x00, 0x00, 0x00, 0x00, 0x07, 0x77, 0x76, 0x00, 0x6F, 0xFF, 0xFF, 0xFF, 0xFF, 0xFF,
  0xFF, 0xFF, 0xD0, 0x00, 0x06, 0xFF, 0xFF, 0xFF, 0xFF, 0xFF, 0xFF, 0xFF, 0xFD, 0x00, 0x00, 0x6F, 0xFF, 0xFF, 0xFF, 0xFF,
  0xFF, 0xFF, 0xFF, 0xD0, 0x00, 0x06, 0xFF, 0xFF, 0xFF, 0xFF, 0xFF, 0xFF, 0xFF, 0xFC, 0x00, 0x00, 0x6F, 0xFF, 0xF9, 0x00,
  0x00, 0x00, 0x00, 0x00, 0x00, 0x00, 0x06, 0xFF, 0xFF, 0x90, 0x00, 0x00, 0x00, 0x00, 0x00, 0x00, 0x00, 0x6F, 0xFF, 0xF9,
  0x00, 0x00, 0x00, 0x00, 0x00, 0x00, 0x00, 0x06, 0xFF, 0xFF, 0x90, 0x00, 0x00, 0x00, 0x00, 0x00, 0x00, 0x00, 0x6F, 0xFF,
  0xFE, 0xDD, 0xDD, 0xDD, 0xDD, 0xD7, 0x00, 0x00, 0x06, 0xFF, 0xFF, 0xFF, 0xFF, 0xFF, 0xFF, 0xFF, 0x80, 0x00, 0x00, 0x6F,
  0xFF, 0xFF, 0xFF, 0xFF, 0xFF, 0xFF, 0xF8, 0x00, 0x00, 0x06, 0xFF, 0xFF, 0xFF, 0xFF, 0xFF, 0xFF, 0xFF, 0x80, 0x00, 0x00,
  0x6F, 0xFF, 0xF9, 0x00, 0x00, 0x00, 0x00, 0x00, 0x00, 0x00, 0x06, 0xFF, 0xFF, 0x90, 0x00, 0x00, 0x00, 0x00, 0x00, 0x00,
  0x00, 0x6F, 0xFF, 0xF9, 0x00, 0x00, 0x00, 0x00, 0x00, 0x00, 0x00, 0x06, 0xFF, 0xFF, 0x90, 0x00, 0x00, 0x00, 0x00, 0x00,
  0x00, 0x00, 0x6F, 0xFF, 0xF9, 0x00, 0x00, 0x00, 0x00, 0x00, 0x00, 0x00, 0x06, 0xFF, 0xFF, 0xFF, 0xFF, 0xFF, 0xFF, 0xFF,
  0xFF, 0x40, 0x00, 0x6F, 0xFF, 0xFF, 0xFF, 0xFF, 0xFF, 0xFF, 0xFF, 0xF4, 0x00, 0x06, 0xFF, 0xFF, 0xFF, 0xFF, 0xFF, 0xFF,
  0xFF, 0xFF, 0x40, 0x00, 0x6F, 0xFF, 0xFF, 0xFF, 0xFF, 0xFF, 0xFF, 0xFF, 0xF4, 0x00, 0x1E, 0xFF, 0xFF, 0x50, 0x00, 0x00,
  0x00, 0xEF, 0xFF, 0xE0, 0x00, 0x00, 0x00, 0x6F, 0xFF, 0xFD, 0x10, 0x6F, 0xFF, 0xFD, 0x00, 0x00, 0x00, 0x0E, 0xFF, 0xFE,
  0x00, 0x00, 0x00, 0x0D, 0xFF, 0xFF, 0x60, 0x00, 0xCF, 0xFF, 0xF6, 0x00, 0x00, 0x00, 0xEF, 0xFF, 0xE0, 0x00, 0x00, 0x07,
  0xFF, 0xFF, 0xC0, 0x00, 0x04, 0xFF, 0xFF, 0xD1, 0x00, 0x00, 0x0E, 0xFF, 0xFE, 0x00, 0x00, 0x01, 0xEF, 0xFF, 0xF3, 0x00,
  0x00, 0x0A, 0xFF, 0xFF, 0x80, 0x00, 0x00, 0xEF, 0xFF, 0xE0, 0x00, 0x00, 0x8F, 0xFF, 0xFA, 0x00, 0x00, 0x00, 0x2E, 0xFF,
  0xFE, 0x10, 0x00, 0x0E, 0xFF, 0xFE, 0x00, 0x00, 0x2E, 0xFF, 0xFE, 0x20, 0x00, 0x00, 0x00, 0x8F, 0xFF, 0xF9, 0x00, 0x00,
  0xEF, 0xFF, 0xE0, 0x00, 0x0A, 0xFF, 0xFF, 0x80, 0x00, 0x00, 0x00, 0x01, 0xDF, 0xFF, 0xF2, 0x00, 0x0E, 0xFF, 0xFE, 0x00,
  0x03, 0xFF, 0xFF, 0xD1, 0x00, 0x00, 0x00, 0x00, 0x05, 0xFF, 0xFF, 0xA3, 0x33, 0xEF, 0xFF, 0xE3, 0x33, 0xBF, 0xFF, 0xF5,
  0x00, 0x00, 0x00, 0x00, 0x00, 0x0C, 0xFF, 0xFF, 0xFF, 0xFF, 0xFF, 0xFF, 0xFF, 0xFF, 0xFF, 0xFB, 0x00, 0x00, 0x00, 0x00,
  0x00, 0x00, 0x6F, 0xFF, 0xFF, 0xFF, 0xFF, 0xFF, 0xFF, 0xFF, 0xFF, 0xFF, 0x60, 0x00, 0x00, 0x00, 0x00, 0x00, 0x0D, 0xFF,
  0xFF, 0xFF, 0xFF, 0xFF, 0xFF, 0xFF, 0xFF, 0xFF, 0xFD, 0x00, 0x00, 0x00, 0x00, 0x00, 0x08, 0xFF, 0xFF, 0xFF, 0xFF, 0xFF,
  0xFF, 0xFF, 0xFF, 0xFF, 0xFF, 0xF7, 0x00, 0x00, 0x00, 0x00, 0x02, 0xEF, 0xFF, 0xFA, 0x00, 0x0E, 0xFF, 0xFE, 0x00, 0x0A,
  0xFF, 0xFF, 0xE2, 0x00, 0x00, 0x00, 0x00, 0xBF, 0xFF, 0xFE, 0x20, 0x00, 0xEF, 0xFF, 0xE0, 0x00, 0x2E, 0xFF, 0xFF, 0xA0,
  0x00, 0x00, 0x00, 0x5F, 0xFF, 0xFF, 0x70, 0x00, 0x0E, 0xFF, 0xFE, 0x00, 0x00, 0x7F, 0xFF, 0xFF, 0x50, 0x00, 0x00, 0x1D,
  0xFF, 0xFF, 0xC0, 0x00, 0x00, 0xEF, 0xFF, 0xE0, 0x00, 0x00, 0xDF, 0xFF, 0xFD, 0x10, 0x00, 0x08, 0xFF, 0xFF, 0xF4, 0x00,
  0x00, 0x0E, 0xFF, 0xFE, 0x00, 0x00, 0x05, 0xFF, 0xFF, 0xF8, 0x00, 0x03, 0xFF, 0xFF, 0xFA, 0x00, 0x00, 0x00, 0xEF, 0xFF,
  0xE0, 0x00, 0x00, 0x0A, 0xFF, 0xFF, 0xE2, 0x00, 0xBF, 0xFF, 0xFE, 0x20, 0x00, 0x00, 0x0E, 0xFF, 0xFE, 0x00, 0x00, 0x00,
  0x2E, 0xFF, 0xFF, 0xB0, 0x5F, 0xFF, 0xFF, 0x70, 0x00, 0x00, 0x00, 0xEF, 0xFF, 0xE0, 0x00, 0x00, 0x00, 0x7F, 0xFF, 0xFF,
  0x50, 0x00, 0x01, 0x7A, 0xCD, 0xFE, 0xCB, 0x82, 0x00, 0x00, 0x00, 0x04, 0xBF, 0xFF, 0xFF, 0xFF, 0xFF, 0xFF, 0xB3, 0x00,
  0x00, 0x06, 0xFF, 0xFF, 0xFF, 0xFF, 0xFF, 0xFF, 0xFF, 0x60, 0x00, 0x01, 0xEF, 0xFF, 0xFF, 0xFF, 0xFF, 0xFF, 0xFF, 0xF4,
  0x00, 0x00, 0x9F, 0xD8, 0x64, 0x23, 0x5A, 0xFF, 0xFF, 0xFA, 0x00, 0x00, 0x23, 0x00, 0x00, 0x00, 0x00, 0x8F, 0xFF, 0xFD,
  0x00, 0x00, 0x00, 0x00, 0x00, 0x00, 0x00, 0x4F, 0xFF, 0xFC, 0x00, 0x00, 0x00, 0x00, 0x00, 0x00, 0x01, 0xBF, 0xFF, 0xF8,
  0x00, 0x00, 0x00, 0x2B, 0xBB, 0xBB, 0xCF, 0xFF, 0xFF, 0xC1, 0x00, 0x00, 0x00, 0x3F, 0xFF, 0xFF, 0xFF, 0xFF, 0xF9, 0x10,
  0x00, 0x00, 0x00, 0x3F, 0xFF, 0xFF, 0xFF, 0xFF, 0xFB, 0x40, 0x00, 0x00, 0x00, 0x3F, 0xFF, 0xFF, 0xFF, 0xFF, 0xFF, 0xF6,
  0x00, 0x00, 0x00, 0x00, 0x00, 0x00, 0x13, 0x8F, 0xFF, 0xFE, 0x20, 0x00, 0x00, 0x00, 0x00, 0x00, 0x00, 0x07, 0xFF, 0xFF,
  0x90, 0x00, 0x00, 0x00, 0x00, 0x00, 0x00, 0x06, 0xFF, 0xFF, 0xB0, 0x00, 0x73, 0x00, 0x00, 0x00, 0x00, 0x1C, 0xFF, 0xFF,
  0xB0, 0x05, 0xFF, 0xC7, 0x53, 0x12, 0x48, 0xDF, 0xFF, 0xFF, 0x70, 0x0B, 0xFF, 0xFF, 0xFF, 0xFF, 0xFF, 0xFF, 0xFF, 0xFD,
  0x10, 0x2F, 0xFF, 0xFF, 0xFF, 0xFF, 0xFF, 0xFF, 0xFF, 0xD3, 0x00, 0x03, 0xAF, 0xFF, 0xFF, 0xFF, 0xFF, 0xFF, 0xE9, 0x20,
  0x00, 0x00, 0x01, 0x69, 0xCE, 0xEF, 0xDC, 0xA6, 0x10, 0x00, 0x00, 0x00, 0x6F, 0xFF, 0xF9, 0x00, 0x00, 0x00, 0x00, 0x0A,
  0xFF, 0xFF, 0x70, 0x00, 0x06, 0xFF, 0xFF, 0x90, 0x00, 0x00, 0x00, 0x06, 0xFF, 0xFF, 0xF7, 0x00, 0x00, 0x6F, 0xFF, 0xF9,
  0x00, 0x00, 0x00, 0x03, 0xEF, 0xFF, 0xFF, 0x70, 0x00, 0x06, 0xFF, 0xFF, 0x90, 0x00, 0x00, 0x01, 0xCF, 0xFF, 0xFF, 0xF7,
  0x00, 0x00, 0x6F, 0xFF, 0xF9, 0x00, 0x00, 0x00, 0x9F, 0xFF, 0xFF, 0xFF, 0x70, 0x00, 0x06, 0xFF, 0xFF, 0x90, 0x00, 0x00,
  0x6F, 0xFF, 0xFF, 0xFF, 0xF7, 0x00, 0x00, 0x6F, 0xFF, 0xF9, 0x00, 0x00, 0x3E, 0xFF, 0xFF, 0xFF, 0xFF, 0x70, 0x00, 0x06,
  0xFF, 0xFF, 0x90, 0x00, 0x1C, 0xFF, 0xFF, 0xDF, 0xFF, 0xF7, 0x00, 0x00, 0x6F, 0xFF, 0xF9, 0x00, 0x09, 0xFF, 0xFF, 0xB8,
  0xFF, 0xFF, 0x70, 0x00, 0x06, 0xFF, 0xFF, 0x90, 0x05, 0xFF, 0xFF, 0xD1, 0x8F, 0xFF, 0xF7, 0x00, 0x00, 0x6F, 0xFF, 0xF9,
  0x02, 0xEF, 0xFF, 0xF4, 0x08, 0xFF, 0xFF, 0x70, 0x00, 0x06, 0xFF, 0xFF, 0x90, 0xCF, 0xFF, 0xF7, 0x00, 0x8F, 0xFF, 0xF7,
  0x00, 0x00, 0x6F, 0xFF, 0xF9, 0x9F, 0xFF, 0xFB, 0x00, 0x08, 0xFF, 0xFF, 0x70, 0x00, 0x06, 0xFF, 0xFF, 0xDF, 0xFF, 0xFD,
  0x10, 0x00, 0x8F, 0xFF, 0xF7, 0x00, 0x00, 0x6F, 0xFF, 0xFF, 0xFF, 0xFF, 0x40, 0x00, 0x08, 0xFF, 0xFF, 0x70, 0x00, 0x06,
  0xFF, 0xFF, 0xFF, 0xFF, 0x70, 0x00, 0x00, 0x8F, 0xFF, 0xF7, 0x00, 0x00, 0x6F, 0xFF, 0xFF, 0xFF, 0xB0, 0x00, 0x00, 0x08,
  0xFF, 0xFF, 0x70, 0x00, 0x06, 0xFF, 0xFF, 0xFF, 0xD2, 0x00, 0x00, 0x00, 0x8F, 0xFF, 0xF7, 0x00, 0x00, 0x6F, 0xFF, 0xFF,
  0xF4, 0x00, 0x00, 0x00, 0x08, 0xFF, 0xFF, 0x70, 0x00, 0x06, 0xFF, 0xFF, 0xF8, 0x00, 0x00, 0x00, 0x00, 0x8F, 0xFF, 0xF7,
  0x00, 0x00, 0x6F, 0xFF, 0xFB, 0x00, 0x00, 0x00, 0x00, 0x08, 0xFF, 0xFF, 0x70, 0x00, 0x00, 0x00, 0x00, 0x24, 0x44, 0x00,
  0x00, 0x04, 0x44, 0x20, 0x00, 0x00, 0x00, 0x00, 0x00, 0x05, 0xFF, 0xF3, 0x00, 0x02, 0xFF, 0xF6, 0x00, 0x00, 0x00, 0x00,
  0x00, 0x00, 0x2F, 0xFF, 0xC3, 0x13, 0xBF, 0xFF, 0x20, 0x00, 0x00, 0x00, 0x00, 0x00, 0x00, 0x8F, 0xFF, 0xFF, 0xFF, 0xFF,
  0x90, 0x00, 0x00, 0x00, 0x00, 0x00, 0x00, 0x00, 0x8E, 0xFF, 0xFF, 0xFE, 0x80, 0x00, 0x00, 0x00, 0x00, 0x00, 0x00, 0x00,
  0x00, 0x14, 0x67, 0x64, 0x10, 0x00, 0x00, 0x00, 0x00, 0x00, 0x00, 0x00, 0x00, 0x00, 0x00, 0x00, 0x00, 0x00, 0x00, 0x00,
  0x00, 0x00, 0x06, 0xFF, 0xFF, 0x90, 0x00, 0x00, 0x00, 0x00, 0xAF, 0xFF, 0xF7, 0x00, 0x00, 0x6F, 0xFF, 0xF9, 0x00, 0x00,
  0x00, 0x00, 0x6F, 0xFF, 0xFF, 0x70, 0x00, 0x06, 0xFF, 0xFF, 0x90, 0x00, 0x00, 0x00, 0x3E, 0xFF, 0xFF, 0xF7, 0x00, 0x00,
  0x6F, 0xFF, 0xF9, 0x00, 0x00, 0x00, 0x1C, 0xFF, 0xFF, 0xFF, 0x70, 0x00, 0x06, 0xFF, 0xFF, 0x90, 0x00, 0x00, 0x09, 0xFF,
  0xFF, 0xFF, 0xF7, 0x00, 0x00, 0x6F, 0xFF, 0xF9, 0x00, 0x00, 0x06, 0xFF, 0xFF, 0xFF, 0xFF, 0x70, 0x00, 0x06, 0xFF, 0xFF,
  0x90, 0x00, 0x03, 0xEF, 0xFF, 0xFF, 0xFF, 0xF7, 0x00, 0x00, 0x6F, 0xFF, 0xF9, 0x00, 0x01, 0xCF, 0xFF, 0xFD, 0xFF, 0xFF,
  0x70, 0x00, 0x06, 0xFF, 0xFF, 0x90, 0x00, 0x9F, 0xFF, 0xFB, 0x8F, 0xFF, 0xF7, 0x00, 0x00, 0x6F, 0xFF, 0xF9, 0x00, 0x5F,
  0xFF, 0xFD, 0x18, 0xFF, 0xFF, 0x70, 0x00, 0x06, 0xFF, 0xFF, 0x90, 0x2E, 0xFF, 0xFF, 0x40, 0x8F, 0xFF, 0xF7, 0x00, 0x00,
  0x6F, 0xFF, 0xF9, 0x0C, 0xFF, 0xFF, 0x70, 0x08, 0xFF, 0xFF, 0x70, 0x00, 0x06, 0xFF, 0xFF, 0x99, 0xFF, 0xFF, 0xB0, 0x00,
  0x8F, 0xFF, 0xF7, 0x00, 0x00, 0x6F, 0xFF, 0xFD, 0xFF, 0xFF, 0xD1, 0x00, 0x08, 0xFF, 0xFF, 0x70, 0x00, 0x06, 0xFF, 0xFF,
  0xFF, 0xFF, 0xF4, 0x00, 0x00, 0x8F, 0xFF, 0xF7, 0x00, 0x00, 0x6F, 0xFF, 0xFF, 0xFF, 0xF7, 0x00, 0x00, 0x08, 0xFF, 0xFF,
  0x70, 0x00, 0x06, 0xFF, 0xFF, 0xFF, 0xFB, 0x00, 0x00, 0x00, 0x8F, 0xFF, 0xF7, 0x00, 0x00, 0x6F, 0xFF, 0xFF, 0xFD, 0x20,
  0x00, 0x00, 0x08, 0xFF, 0xFF, 0x70, 0x00, 0x06, 0xFF, 0xFF, 0xFF, 0x40, 0x00, 0x00, 0x00, 0x8F, 0xFF, 0xF7, 0x00, 0x00,
  0x6F, 0xFF, 0xFF, 0x80, 0x00, 0x00, 0x00, 0x08, 0xFF, 0xFF, 0x70, 0x00, 0x06, 0xFF, 0xFF, 0xB0, 0x00, 0x00, 0x00, 0x00,
  0x8F, 0xFF, 0xF7, 0x00, 0x00, 0x7F, 0xFF, 0xF9, 0x00, 0x00, 0x00, 0x00, 0xAF, 0xFF, 0xF9, 0x00, 0x07, 0xFF, 0xFF, 0x90,
  0x00, 0x00, 0x00, 0x5F, 0xFF, 0xFD, 0x10, 0x00, 0x7F, 0xFF, 0xF9, 0x00, 0x00, 0x00, 0x1D, 0xFF, 0xFF, 0x50, 0x00, 0x07,
  0xFF, 0xFF, 0x90, 0x00, 0x00, 0x09, 0xFF, 0xFF, 0xA0, 0x00, 0x00, 0x7F, 0xFF, 0xF9, 0x00, 0x00, 0x03, 0xFF, 0xFF, 0xD1,
  0x00, 0x00, 0x07, 0xFF, 0xFF, 0x90, 0x00, 0x00, 0xCF, 0xFF, 0xF5, 0x00, 0x00, 0x00, 0x7F, 0xFF, 0xF9, 0x00, 0x00, 0x7F,
  0xFF, 0xFA, 0x00, 0x00, 0x00, 0x07, 0xFF, 0xFF, 0x90, 0x00, 0x2E, 0xFF, 0xFD, 0x10, 0x00, 0x00, 0x00, 0x7F, 0xFF, 0xF9,
  0x33, 0x3B, 0xFF, 0xFF, 0x50, 0x00, 0x00, 0x00, 0x07, 0xFF, 0xFF, 0xFF, 0xFF, 0xFF, 0xFF, 0xA0, 0x00, 0x00, 0x00, 0x00,
  0x7F, 0xFF, 0xFF, 0xFF, 0xFF, 0xFF, 0xF2, 0x00, 0x00, 0x00, 0x00, 0x07, 0xFF, 0xFF, 0xFF, 0xFF, 0xFF, 0xFF, 0x90, 0x00,
  0x00, 0x00, 0x00, 0x7F, 0xFF, 0xFF, 0xFF, 0xFF, 0xFF, 0xFF, 0x50, 0x00, 0x00, 0x00, 0x07, 0xFF, 0xFF, 0x90, 0x00, 0xBF,
  0xFF, 0xFD, 0x10, 0x00, 0x00, 0x00, 0x7F, 0xFF, 0xF9, 0x00, 0x02, 0xEF, 0xFF, 0xFA, 0x00, 0x00, 0x00, 0x07, 0xFF, 0xFF,
  0x90, 0x00, 0x06, 0xFF, 0xFF, 0xF6, 0x00, 0x00, 0x00, 0x7F, 0xFF, 0xF9, 0x00, 0x00, 0x0A, 0xFF, 0xFF, 0xE2, 0x00, 0x00,
  0x07, 0xFF, 0xFF, 0x90, 0x00, 0x00, 0x1D, 0xFF, 0xFF, 0xB0, 0x00, 0x00, 0x7F, 0xFF, 0xF9, 0x00, 0x00, 0x00, 0x5F, 0xFF,
  0xFF, 0x70, 0x00, 0x07, 0xFF, 0xFF, 0x90, 0x00, 0x00, 0x00, 0x9F, 0xFF, 0xFE, 0x30, 0x00, 0x7F, 0xFF, 0xF9, 0x00, 0x00,
  0x00, 0x01, 0xDF, 0xFF, 0xFC, 0x00, 0x00, 0x00, 0x0C, 0xFF, 0xFF, 0xFF, 0xFF, 0xFF, 0xFF, 0xFF, 0xFB, 0x00, 0x00, 0x00,
  0x0C, 0xFF, 0xFF, 0xFF, 0xFF, 0xFF, 0xFF, 0xFF, 0xFB, 0x00, 0x00, 0x00, 0x0D, 0xFF, 0xFF, 0xFF, 0xFF, 0xFF, 0xFF, 0xFF,
  0xFB, 0x00, 0x00, 0x00, 0x0D, 0xFF, 0xFF, 0xFF, 0xFF, 0xFF, 0xFF, 0xFF, 0xFB, 0x00, 0x00, 0x00, 0x0E, 0xFF, 0xF8, 0x11,
  0x11, 0x11, 0x4F, 0xFF, 0xFB, 0x00, 0x00, 0x00, 0x0E, 0xFF, 0xF8, 0x00, 0x00, 0x00, 0x3F, 0xFF, 0xFB, 0x00, 0x00, 0x00,
  0x0E, 0xFF, 0xF7, 0x00, 0x00, 0x00, 0x3F, 0xFF, 0xFB, 0x00, 0x00, 0x00, 0x0F, 0xFF, 0xF6, 0x00, 0x00, 0x00, 0x3F, 0xFF,
  0xFB, 0x00, 0x00, 0x00, 0x1F, 0xFF, 0xF6, 0x00, 0x00, 0x00, 0x3F, 0xFF, 0xFB, 0x00, 0x00, 0x00, 0x2F, 0xFF, 0xF5, 0x00,
  0x00, 0x00, 0x3F, 0xFF, 0xFB, 0x00, 0x00, 0x00, 0x3F, 0xFF, 0xF4, 0x00, 0x00, 0x00, 0x3F, 0xFF, 0xFB, 0x00, 0x00, 0x00,
  0x5F, 0xFF, 0xF3, 0x00, 0x00, 0x00, 0x3F, 0xFF, 0xFB, 0x00, 0x00, 0x00, 0x7F, 0xFF, 0xF1, 0x00, 0x00, 0x00, 0x3F, 0xFF,
  0xFB, 0x00, 0x00, 0x00, 0xAF, 0xFF, 0xE0, 0x00, 0x00, 0x00, 0x3F, 0xFF, 0xFB, 0x00, 0x00, 0x00, 0xDF, 0xFF, 0xC0, 0x00,
  0x00, 0x00, 0x3F, 0xFF, 0xFB, 0x00, 0x00, 0x07, 0xFF, 0xFF, 0x90, 0x00, 0x00, 0x00, 0x3F, 0xFF, 0xFB, 0x00, 0x37, 0xAF,
  0xFF, 0xFF, 0x50, 0x00, 0x00, 0x00, 0x3F, 0xFF, 0xFB, 0x00, 0x6F, 0xFF, 0xFF, 0xFE, 0x00, 0x00, 0x00, 0x00, 0x3F, 0xFF,
  0xFB, 0x00, 0x7F, 0xFF, 0xFF, 0xF6, 0x00, 0x00, 0x00, 0x00, 0x3F, 0xFF, 0xFB, 0x00, 0x8F, 0xFF, 0xFF, 0xA0, 0x00, 0x00,
  0x00, 0x00, 0x3F, 0xFF, 0xFB, 0x00, 0x9F, 0xFE, 0xC6, 0x00, 0x00, 0x00, 0x00, 0x00, 0x3F, 0xFF, 0xFB, 0x00, 0x00, 0x6F,
  0xFF, 0xE2, 0x00, 0x00, 0x00, 0x00, 0x00, 0x00, 0x00, 0xBF, 0xFF, 0xC0, 0x00, 0x06, 0xFF, 0xFF, 0xB0, 0x00, 0x00, 0x00,
  0x00, 0x00, 0x00, 0x5F, 0xFF, 0xFC, 0x00, 0x00, 0x6F, 0xFF, 0xFF, 0x50, 0x00, 0x00, 0x00, 0x00, 0x00, 0x1D, 0xFF, 0xFF,
  0xC0, 0x00, 0x06, 0xFF, 0xFF, 0xFD, 0x10, 0x00, 0x00, 0x00, 0x00, 0x08, 0xFF, 0xFF, 0xFC, 0x00, 0x00, 0x6F, 0xFF, 0xFF,
  0xF8, 0x00, 0x00, 0x00, 0x00, 0x02, 0xEF, 0xFF, 0xFF, 0xC0, 0x00, 0x06, 0xFF, 0xFF, 0xFF, 0xF3, 0x00, 0x00, 0x00, 0x00,
  0xBF, 0xFF, 0xFF, 0xFC, 0x00, 0x00, 0x6F, 0xFF, 0xFF, 0xFF, 0xB0, 0x00, 0x00, 0x00, 0x5F, 0xFF, 0xFF, 0xFF, 0xC0, 0x00,
  0x06, 0xFF, 0xFF, 0xFF, 0xFF, 0x60, 0x00, 0x00, 0x1D, 0xFF, 0xFF, 0xFF, 0xFC, 0x00, 0x00, 0x6F, 0xFF, 0xFF, 0xFF, 0xFE,
  0x10, 0x00, 0x08, 0xFF, 0xFE, 0xEF, 0xFF, 0xC0, 0x00, 0x06, 0xFF, 0xFF, 0x8F, 0xFF, 0xF9, 0x00, 0x03, 0xFF, 0xFF, 0x8E,
  0xFF, 0xFC, 0x00, 0x00, 0x6F, 0xFF, 0xF5, 0x9F, 0xFF, 0xF4, 0x00, 0xBF, 0xFF, 0xD0, 0xEF, 0xFF, 0xC0, 0x00, 0x06, 0xFF,
  0xFF, 0x51, 0xEF, 0xFF, 0xC0, 0x5F, 0xFF, 0xF4, 0x0E, 0xFF, 0xFC, 0x00, 0x00, 0x6F, 0xFF, 0xF5, 0x06, 0xFF, 0xFF, 0x8D,
  0xFF, 0xFA, 0x00, 0xEF, 0xFF, 0xC0, 0x00, 0x06, 0xFF, 0xFF, 0x50, 0x0B, 0xFF, 0xFF, 0xFF, 0xFE, 0x20, 0x0E, 0xFF, 0xFC,
  0x00, 0x00, 0x6F, 0xFF, 0xF5, 0x00, 0x2E, 0xFF, 0xFF, 0xFF, 0x70, 0x00, 0xEF, 0xFF, 0xC0, 0x00, 0x06, 0xFF, 0xFF, 0x50,
  0x00, 0x8F, 0xFF, 0xFF, 0xC0, 0x00, 0x0E, 0xFF, 0xFC, 0x00, 0x00, 0x6F, 0xFF, 0xF5, 0x00, 0x00, 0xDF, 0xFF, 0xF4, 0x00,
  0x00, 0xEF, 0xFF, 0xC0, 0x00, 0x06, 0xFF, 0xFF, 0x50, 0x00, 0x04, 0xFF, 0xF9, 0x00, 0x00, 0x0E, 0xFF, 0xFC, 0x00, 0x00,
  0x6F, 0xFF, 0xF5, 0x00, 0x00, 0x08, 0xCC, 0x10, 0x00, 0x00, 0xDF, 0xFF, 0xC0, 0x00, 0x06, 0xFF, 0xFF, 0x50, 0x00, 0x00,
  0x00, 0x00, 0x00, 0x00, 0x0D, 0xFF, 0xFC, 0x00, 0x00, 0x6F, 0xFF, 0xF5, 0x00, 0x00, 0x00, 0x00, 0x00, 0x00, 0x00, 0xDF,
  0xFF, 0xC0, 0x00, 0x00, 0x6F, 0xFF, 0xFA, 0x00, 0x00, 0x00, 0x00, 0x0B, 0xFF, 0xFF, 0x50, 0x00, 0x06, 0xFF, 0xFF, 0xA0,
  0x00, 0x00, 0x00, 0x00, 0xBF, 0xFF, 0xF5, 0x00, 0x00, 0x6F, 0xFF, 0xFA, 0x00, 0x00, 0x00, 0x00, 0x0B, 0xFF, 0xFF, 0x50,
  0x00, 0x06, 0xFF, 0xFF, 0xA0, 0x00, 0x00, 0x00, 0x00, 0xBF, 0xFF, 0xF5, 0x00, 0x00, 0x6F, 0xFF, 0xFA, 0x00, 0x00, 0x00,
  0x00, 0x0B, 0xFF, 0xFF, 0x50, 0x00, 0x06, 0xFF, 0xFF, 0xA0, 0x00, 0x00, 0x00, 0x00, 0xBF, 0xFF, 0xF5, 0x00, 0x00, 0x6F,
  0xFF, 0xFA, 0x00, 0x00, 0x00, 0x00, 0x0B, 0xFF, 0xFF, 0x50, 0x00, 0x06, 0xFF, 0xFF, 0xA0, 0x00, 0x00, 0x00, 0x00, 0xBF,
  0xFF, 0xF5, 0x00, 0x00, 0x6F, 0xFF, 0xFF, 0xFF, 0xFF, 0xFF, 0xFF, 0xFF, 0xFF, 0xFF, 0x50, 0x00, 0x06, 0xFF, 0xFF, 0xFF,
  0xFF, 0xFF, 0xFF, 0xFF, 0xFF, 0xFF, 0xF5, 0x00, 0x00, 0x6F, 0xFF, 0xFF, 0xFF, 0xFF, 0xFF, 0xFF, 0xFF, 0xFF, 0xFF, 0x50,
  0x00, 0x06, 0xFF, 0xFF, 0xFF, 0xFF, 0xFF, 0xFF, 0xFF, 0xFF, 0xFF, 0xF5, 0x00, 0x00, 0x6F, 0xFF, 0xFB, 0x44, 0x44, 0x44,
  0x44, 0x4C, 0xFF, 0xFF, 0x50, 0x00, 0x06, 0xFF, 0xFF, 0xA0, 0x00, 0x00, 0x00, 0x00, 0xBF, 0xFF, 0xF5, 0x00, 0x00, 0x6F,
  0xFF, 0xFA, 0x00, 0x00, 0x00, 0x00, 0x0B, 0xFF, 0xFF, 0x50, 0x00, 0x06, 0xFF, 0xFF, 0xA0, 0x00, 0x00, 0x00, 0x00, 0xBF,
  0xFF, 0xF5, 0x00, 0x00, 0x6F, 0xFF, 0xFA, 0x00, 0x00, 0x00, 0x00, 0x0B, 0xFF, 0xFF, 0x50, 0x00, 0x06, 0xFF, 0xFF, 0xA0,
  0x00, 0x00, 0x00, 0x00, 0xBF, 0xFF, 0xF5, 0x00, 0x00, 0x6F, 0xFF, 0xFA, 0x00, 0x00, 0x00, 0x00, 0x0B, 0xFF, 0xFF, 0x50,
  0x00, 0x06, 0xFF, 0xFF, 0xA0, 0x00, 0x00, 0x00, 0x00, 0xBF, 0xFF, 0xF5, 0x00, 0x00, 0x6F, 0xFF, 0xFA, 0x00, 0x00, 0x00,
  0x00, 0x0B, 0xFF, 0xFF, 0x50, 0x00, 0x00, 0x00, 0x00, 0x00, 0x59, 0xCD, 0xFE, 0xDB, 0x83, 0x00, 0x00, 0x00, 0x00, 0x00,
  0x00, 0x00, 0x6D, 0xFF, 0xFF, 0xFF, 0xFF, 0xFF, 0xB4, 0x00, 0x00, 0x00, 0x00, 0x00, 0x2B, 0xFF, 0xFF, 0xFF, 0xFF, 0xFF,
  0xFF, 0xFF, 0x80, 0x00, 0x00, 0x00, 0x02, 0xDF, 0xFF, 0xFF, 0xFF, 0xFF, 0xFF, 0xFF, 0xFF, 0xFA, 0x00, 0x00, 0x00, 0x0C,
  0xFF, 0xFF, 0xFF, 0xA8, 0x56, 0x8B, 0xFF, 0xFF, 0xFF, 0x80, 0x00, 0x00, 0x7F, 0xFF, 0xFF, 0xB3, 0x00, 0x00, 0x00, 0x5D,
  0xFF, 0xFF, 0xF3, 0x00, 0x01, 0xEF, 0xFF, 0xFB, 0x00, 0x00, 0x00, 0x00, 0x02, 0xEF, 0xFF, 0xFB, 0x00, 0x06, 0xFF, 0xFF,
  0xE2, 0x00, 0x00, 0x00, 0x00, 0x00, 0x5F, 0xFF, 0xFF, 0x10, 0x0A, 0xFF, 0xFF, 0x80, 0x00, 0x00, 0x00, 0x00, 0x00, 0x0C,
  0xFF, 0xFF, 0x60, 0x0C, 0xFF, 0xFF, 0x50, 0x00, 0x00, 0x00, 0x00, 0x00, 0x09, 0xFF, 0xFF, 0x80, 0x0D, 0xFF, 0xFF, 0x40,
  0x00, 0x00, 0x00, 0x00, 0x00, 0x08, 0xFF, 0xFF, 0x90, 0x0C, 0xFF, 0xFF, 0x50, 0x00, 0x00, 0x00, 0x00, 0x00, 0x09, 0xFF,
  0xFF, 0x80, 0x0A, 0xFF, 0xFF, 0x80, 0x00, 0x00, 0x00, 0x00, 0x00, 0x0C, 0xFF, 0xFF, 0x60, 0x06, 0xFF, 0xFF, 0xE2, 0x00,
  0x00, 0x00, 0x00, 0x00, 0x5F, 0xFF, 0xFF, 0x20, 0x01, 0xEF, 0xFF, 0xFB, 0x00, 0x00, 0x00, 0x00, 0x02, 0xEF, 0xFF, 0xFB,
  0x00, 0x00, 0x8F, 0xFF, 0xFF, 0xB3, 0x00, 0x00, 0x00, 0x5D, 0xFF, 0xFF, 0xF3, 0x00, 0x00, 0x1C, 0xFF, 0xFF, 0xFE, 0xA7,
  0x56, 0x8B, 0xFF, 0xFF, 0xFF, 0x90, 0x00, 0x00, 0x02, 0xDF, 0xFF, 0xFF, 0xFF, 0xFF, 0xFF, 0xFF, 0xFF, 0xFA, 0x00, 0x00,
  0x00, 0x00, 0x2B, 0xFF, 0xFF, 0xFF, 0xFF, 0xFF, 0xFF, 0xFF, 0x80, 0x00, 0x00, 0x00, 0x00, 0x00, 0x6D, 0xFF, 0xFF, 0xFF,
  0xFF, 0xFF, 0xB4, 0x00, 0x00, 0x00, 0x00, 0x00, 0x00, 0x00, 0x59, 0xCE, 0xFE, 0xDB, 0x83, 0x00, 0x00, 0x00, 0x00, 0x00,
  0x6F, 0xFF, 0xFF, 0xFF, 0xFF, 0xFF, 0xFF, 0xFF, 0xFF, 0xFF, 0x30, 0x00, 0x06, 0xFF, 0xFF, 0xFF, 0xFF, 0xFF, 0xFF, 0xFF,
  0xFF, 0xFF, 0xF3, 0x00, 0x00, 0x6F, 0xFF, 0xFF, 0xFF, 0xFF, 0xFF, 0xFF, 0xFF, 0xFF, 0xFF, 0x30, 0x00, 0x06, 0xFF, 0xFF,
  0xFF, 0xFF, 0xFF, 0xFF, 0xFF, 0xFF, 0xFF, 0xF3, 0x00, 0x00, 0x6F, 0xFF, 0xFA, 0x11, 0x11, 0x11, 0x11, 0x1C, 0xFF, 0xFF,
  0x30, 0x00, 0x06, 0xFF, 0xFF, 0x90, 0x00, 0x00, 0x00, 0x00, 0xCF, 0xFF, 0xF3, 0x00, 0x00, 0x6F, 0xFF, 0xF9, 0x00, 0x00,
  0x00, 0x00, 0x0C, 0xFF, 0xFF, 0x30, 0x00, 0x06, 0xFF, 0xFF, 0x90, 0x00, 0x00, 0x00, 0x00, 0xCF, 0xFF, 0xF3, 0x00, 0x00,
  0x6F, 0xFF, 0xF9, 0x00, 0x00, 0x00, 0x00, 0x0C, 0xFF, 0xFF, 0x30, 0x00, 0x06, 0xFF, 0xFF, 0x90, 0x00, 0x00, 0x00, 0x00,
  0xCF, 0xFF, 0xF3, 0x00, 0x00, 0x6F, 0xFF, 0xF9, 0x00, 0x00, 0x00, 0x00, 0x0C, 0xFF, 0xFF, 0x30, 0x00, 0x06, 0xFF, 0xFF,
  0x90, 0x00, 0x00, 0x00, 0x00, 0xCF, 0xFF, 0xF3, 0x00, 0x00, 0x6F, 0xFF, 0xF9, 0x00, 0x00, 0x00, 0x00, 0x0C, 0xFF, 0xFF,
  0x30, 0x00, 0x06, 0xFF, 0xFF, 0x90, 0x00, 0x00, 0x00, 0x00, 0xCF, 0xFF, 0xF3, 0x00, 0x00, 0x6F, 0xFF, 0xF9, 0x00, 0x00,
  0x00, 0x00, 0x0C, 0xFF, 0xFF, 0x30, 0x00, 0x06, 0xFF, 0xFF, 0x90, 0x00, 0x00, 0x00, 0x00, 0xCF, 0xFF, 0xF3, 0x00, 0x00,
  0x6F, 0xFF, 0xF9, 0x00, 0x00, 0x00, 0x00, 0x0C, 0xFF, 0xFF, 0x30, 0x00, 0x06, 0xFF, 0xFF, 0x90, 0x00, 0x00, 0x00, 0x00,
  0xCF, 0xFF, 0xF3, 0x00, 0x00, 0x6F, 0xFF, 0xF9, 0x00, 0x00, 0x00, 0x00, 0x0C, 0xFF, 0xFF, 0x30, 0x00, 0x06, 0xFF, 0xFF,
  0x90, 0x00, 0x00, 0x00, 0x00, 0xCF, 0xFF, 0xF3, 0x00, 0x00, 0x6F, 0xFF, 0xF9, 0x00, 0x00, 0x00, 0x00, 0x0C, 0xFF, 0xFF,
  0x30, 0x00, 0x00, 0x6F, 0xFF, 0xFF, 0xFF, 0xFF, 0xEE, 0xC9, 0x30, 0x00, 0x00, 0x00, 0x6F, 0xFF, 0xFF, 0xFF, 0xFF, 0xFF,
  0xFF, 0xFB, 0x30, 0x00, 0x00, 0x6F, 0xFF, 0xFF, 0xFF, 0xFF, 0xFF, 0xFF, 0xFF, 0xE4, 0x00, 0x00, 0x6F, 0xFF, 0xFF, 0xFF,
  0xFF, 0xFF, 0xFF, 0xFF, 0xFE, 0x20, 0x00, 0x6F, 0xFF, 0xFA, 0x11, 0x11, 0x35, 0xBF, 0xFF, 0xFF, 0x90, 0x00, 0x6F, 0xFF,
  0xFA, 0x00, 0x00, 0x00, 0x09, 0xFF, 0xFF, 0xE0, 0x00, 0x6F, 0xFF, 0xFA, 0x00, 0x00, 0x00, 0x01, 0xFF, 0xFF, 0xF2, 0x00,
  0x6F, 0xFF, 0xFA, 0x00, 0x00, 0x00, 0x00, 0xDF, 0xFF, 0xF3, 0x00, 0x6F, 0xFF, 0xFA, 0x00, 0x00, 0x00, 0x01, 0xFF, 0xFF,
  0xF2, 0x00, 0x6F, 0xFF, 0xFA, 0x00, 0x00, 0x00, 0x08, 0xFF, 0xFF, 0xE0, 0x00, 0x6F, 0xFF, 0xFA, 0x00, 0x00, 0x25, 0xAF,
  0xFF, 0xFF, 0x90, 0x00, 0x6F, 0xFF, 0xFF, 0xFF, 0xFF, 0xFF, 0xFF, 0xFF, 0xFE, 0x20, 0x00, 0x6F, 0xFF, 0xFF, 0xFF, 0xFF,
  0xFF, 0xFF, 0xFF, 0xE4, 0x00, 0x00, 0x6F, 0xFF, 0xFF, 0xFF, 0xFF, 0xFF, 0xFF, 0xFC, 0x30, 0x00, 0x00, 0x6F, 0xFF, 0xFF,
  0xFF, 0xFF, 0xFE, 0xC9, 0x40, 0x00, 0x00, 0x00, 0x6F, 0xFF, 0xFA, 0x11, 0x11, 0x00, 0x00, 0x00, 0x00, 0x00, 0x00, 0x6F,
  0xFF, 0xFA, 0x00, 0x00, 0x00, 0x00, 0x00, 0x00, 0x00, 0x00, 0x6F, 0xFF, 0xFA, 0x00, 0x00, 0x00, 0x00, 0x00, 0x00, 0x00,
  0x00, 0x6F, 0xFF, 0xFA, 0x00, 0x00, 0x00, 0x00, 0x00, 0x00, 0x00, 0x00, 0x6F, 0xFF, 0xFA, 0x00, 0x00, 0x00, 0x00, 0x00,
  0x00, 0x00, 0x00, 0x6F, 0xFF, 0xFA, 0x00, 0x00, 0x00, 0x00, 0x00, 0x00, 0x00, 0x00, 0x00, 0x00, 0x00, 0x59, 0xCE, 0xFE,
  0xDB, 0x84, 0x00, 0x00, 0x00, 0x00, 0x00, 0x6D, 0xFF, 0xFF, 0xFF, 0xFF, 0xFF, 0xC6, 0x00, 0x00, 0x00, 0x2B, 0xFF, 0xFF,
  0xFF, 0xFF, 0xFF, 0xFF, 0xFF, 0xC2, 0x00, 0x02, 0xDF, 0xFF, 0xFF, 0xFF, 0xFF, 0xFF, 0xFF, 0xFF, 0xE4, 0x00, 0x0C, 0xFF,
  0xFF, 0xFF, 0xB8, 0x65, 0x7A, 0xFF, 0xFF, 0x50, 0x00, 0x7F, 0xFF, 0xFF, 0xC3, 0x00, 0x00, 0x00, 0x3B, 0xF6, 0x00, 0x01,
  0xEF, 0xFF, 0xFC, 0x00, 0x00, 0x00, 0x00, 0x00, 0x50, 0x00, 0x05, 0xFF, 0xFF, 0xE2, 0x00, 0x00, 0x00, 0x00, 0x00, 0x00,
  0x00, 0x0A, 0xFF, 0xFF, 0x90, 0x00, 0x00, 0x00, 0x00, 0x00, 0x00, 0x00, 0x0B, 0xFF, 0xFF, 0x50, 0x00, 0x00, 0x00, 0x00,
  0x00, 0x00, 0x00, 0x0C, 0xFF, 0xFF, 0x40, 0x00, 0x00, 0x00, 0x00, 0x00, 0x00, 0x00, 0x0B, 0xFF, 0xFF, 0x50, 0x00, 0x00,
  0x00, 0x00, 0x00, 0x00, 0x00, 0x0A, 0xFF, 0xFF, 0x90, 0x00, 0x00, 0x00, 0x00, 0x00, 0x00, 0x00, 0x06, 0xFF, 0xFF, 0xE2,
  0x00, 0x00, 0x00, 0x00, 0x00, 0x00, 0x00, 0x01, 0xEF, 0xFF, 0xFB, 0x00, 0x00, 0x00, 0x00, 0x00, 0x60, 0x00, 0x00, 0x8F,
  0xFF, 0xFF, 0xB3, 0x00, 0x00, 0x00, 0x2B, 0xFA, 0x00, 0x00, 0x1C, 0xFF, 0xFF, 0xFF, 0xA8, 0x55, 0x6A, 0xFF, 0xFF, 0xC1,
  0x00, 0x02, 0xDF, 0xFF, 0xFF, 0xFF, 0xFF, 0xFF, 0xFF, 0xFF, 0xF5, 0x00, 0x00, 0x2B, 0xFF, 0xFF, 0xFF, 0xFF, 0xFF, 0xFF,
  0xFE, 0x50, 0x00, 0x00, 0x00, 0x7D, 0xFF, 0xFF, 0xFF, 0xFF, 0xFF, 0xA2, 0x00, 0x00, 0x00, 0x00, 0x00, 0x59, 0xCE, 0xFE,
  0xDB, 0x72, 0x00, 0x00, 0x9F, 0xFF, 0xFF, 0xFF, 0xFF, 0xFF, 0xFF, 0xFF, 0xFF, 0xF9, 0xFF, 0xFF, 0xFF, 0xFF, 0xFF, 0xFF,
  0xFF, 0xFF, 0xFF, 0x9F, 0xFF, 0xFF, 0xFF, 0xFF, 0xFF, 0xFF, 0xFF, 0xFF, 0xF9, 0xFF, 0xFF, 0xFF, 0xFF, 0xFF, 0xFF, 0xFF,
  0xFF, 0xFF, 0x11, 0x11, 0x11, 0x1C, 0xFF, 0xFF, 0x41, 0x11, 0x11, 0x10, 0x00, 0x00, 0x00, 0xCF, 0xFF, 0xF3, 0x00, 0x00,
  0x00, 0x00, 0x00, 0x00, 0x0C, 0xFF, 0xFF, 0x30, 0x00, 0x00, 0x00, 0x00, 0x00, 0x00, 0xCF, 0xFF, 0xF3, 0x00, 0x00, 0x00,
  0x00, 0x00, 0x00, 0x0C, 0xFF, 0xFF, 0x30, 0x00, 0x00, 0x00, 0x00, 0x00, 0x00, 0xCF, 0xFF, 0xF3, 0x00, 0x00, 0x00, 0x00,
  0x00, 0x00, 0x0C, 0xFF, 0xFF, 0x30, 0x00, 0x00, 0x00, 0x00, 0x00, 0x00, 0xCF, 0xFF, 0xF3, 0x00, 0x00, 0x00, 0x00, 0x00,
  0x00, 0x0C, 0xFF, 0xFF, 0x30, 0x00, 0x00, 0x00, 0x00, 0x00, 0x00, 0xCF, 0xFF, 0xF3, 0x00, 0x00, 0x00, 0x00, 0x00, 0x00,
  0x0C, 0xFF, 0xFF, 0x30, 0x00, 0x00, 0x00, 0x00, 0x00, 0x00, 0xCF, 0xFF, 0xF3, 0x00, 0x00, 0x00, 0x00, 0x00, 0x00, 0x0C,
  0xFF, 0xFF, 0x30, 0x00, 0x00, 0x00, 0x00, 0x00, 0x00, 0xCF, 0xFF, 0xF3, 0x00, 0x00, 0x00, 0x00, 0x00, 0x00, 0x0C, 0xFF,
  0xFF, 0x30, 0x00, 0x00, 0x00, 0x00, 0x00, 0x00, 0xCF, 0xFF, 0xF3, 0x00, 0x00, 0x00, 0x00, 0x00, 0x00, 0x0C, 0xFF, 0xFF,
  0x30, 0x00, 0x00, 0x00, 0x8F, 0xFF, 0xFD, 0x00, 0x00, 0x00, 0x00, 0x00, 0x3F, 0xFF, 0xFB, 0x1D, 0xFF, 0xFF, 0x60, 0x00,
  0x00, 0x00, 0x00, 0xBF, 0xFF, 0xF3, 0x06, 0xFF, 0xFF, 0xD0, 0x00, 0x00, 0x00, 0x04, 0xFF, 0xFF, 0x90, 0x00, 0xCF, 0xFF,
  0xF7, 0x00, 0x00, 0x00, 0x0C, 0xFF, 0xFE, 0x10, 0x00, 0x4F, 0xFF, 0xFD, 0x10, 0x00, 0x00, 0x6F, 0xFF, 0xF7, 0x00, 0x00,
  0x0A, 0xFF, 0xFF, 0x70, 0x00, 0x00, 0xDF, 0xFF, 0xD0, 0x00, 0x00, 0x02, 0xEF, 0xFF, 0xE1, 0x00, 0x07, 0xFF, 0xFF, 0x50,
  0x00, 0x00, 0x00, 0x8F, 0xFF, 0xF8, 0x00, 0x1E, 0xFF, 0xFB, 0x00, 0x00, 0x00, 0x00, 0x1E, 0xFF, 0xFE, 0x10, 0x8F, 0xFF,
  0xF3, 0x00, 0x00, 0x00, 0x00, 0x06, 0xFF, 0xFF, 0x82, 0xEF, 0xFF, 0xA0, 0x00, 0x00, 0x00, 0x00, 0x00, 0xCF, 0xFF, 0xEA,
  0xFF, 0xFE, 0x20, 0x00, 0x00, 0x00, 0x00, 0x00, 0x5F, 0xFF, 0xFF, 0xFF, 0xF8, 0x00, 0x00, 0x00, 0x00, 0x00, 0x00, 0x0B,
  0xFF, 0xFF, 0xFF, 0xD1, 0x00, 0x00, 0x00, 0x00, 0x00, 0x00, 0x03, 0xFF, 0xFF, 0xFF, 0x60, 0x00, 0x00, 0x00, 0x00, 0x00,
  0x00, 0x00, 0x9F, 0xFF, 0xFC, 0x00, 0x00, 0x00, 0x00, 0x00, 0x00, 0x00, 0x00, 0xCF, 0xFF, 0xF4, 0x00, 0x00, 0x00, 0x00,
  0x00, 0x05, 0x53, 0x6C, 0xFF, 0xFF, 0x90, 0x00, 0x00, 0x00, 0x00, 0x00, 0x0E, 0xFF, 0xFF, 0xFF, 0xFD, 0x10, 0x00, 0x00,
  0x00, 0x00, 0x00, 0x4F, 0xFF, 0xFF, 0xFF, 0xE3, 0x00, 0x00, 0x00, 0x00, 0x00, 0x00, 0x9F, 0xFF, 0xFF, 0xFD, 0x30, 0x00,
  0x00, 0x00, 0x00, 0x00, 0x00, 0x6B, 0xDF, 0xDB, 0x60, 0x00, 0x00, 0x00, 0x00, 0x00, 0x00, 0x00, 0x00, 0x00, 0x00, 0x00,
  0x00, 0x12, 0x22, 0x10, 0x00, 0x00, 0x00, 0x00, 0x00, 0x00, 0x00, 0x00, 0x00, 0x00, 0x00, 0x0C, 0xFF, 0xFC, 0x00, 0x00,
  0x00, 0x00, 0x00, 0x00, 0x00, 0x00, 0x00, 0x00, 0x00, 0x00, 0xCF, 0xFF, 0xC0, 0x00, 0x00, 0x00, 0x00, 0x00, 0x00, 0x00,
  0x00, 0x00, 0x15, 0x9B, 0xCF, 0xFF, 0xFF, 0xDB, 0x96, 0x20, 0x00, 0x00, 0x00, 0x00, 0x00, 0x03, 0xAF, 0xFF, 0xFF, 0xFF,
  0xFF, 0xFF, 0xFF, 0xFF, 0xA4, 0x00, 0x00, 0x00, 0x00, 0x19, 0xFF, 0xFF, 0xFF, 0xFF, 0xFF, 0xFF, 0xFF, 0xFF, 0xFF, 0xF9,
  0x10, 0x00, 0x00, 0x0B, 0xFF, 0xFF, 0xFF, 0xFF, 0xFF, 0xFF, 0xFF, 0xFF, 0xFF, 0xFF, 0xFB, 0x00, 0x00, 0x09, 0xFF, 0xFF,
  0xFE, 0x96, 0x3C, 0xFF, 0xFC, 0x36, 0x9E, 0xFF, 0xFF, 0xF9, 0x00, 0x03, 0xFF, 0xFF, 0xFA, 0x20, 0x00, 0xCF, 0xFF, 0xC0,
  0x00, 0x2A, 0xFF, 0xFF, 0xF3, 0x00, 0x8F, 0xFF, 0xFC, 0x00, 0x00, 0x0C, 0xFF, 0xFC, 0x00, 0x00, 0x0C, 0xFF, 0xFF, 0x80,
  0x0C, 0xFF, 0xFF, 0x40, 0x00, 0x00, 0xCF, 0xFF, 0xC0, 0x00, 0x00, 0x3F, 0xFF, 0xFC, 0x00, 0xDF, 0xFF, 0xF1, 0x00, 0x00,
  0x0C, 0xFF, 0xFC, 0x00, 0x00, 0x00, 0xEF, 0xFF, 0xE0, 0x0E, 0xFF, 0xFD, 0x00, 0x00, 0x00, 0xCF, 0xFF, 0xC0, 0x00, 0x00,
  0x0D, 0xFF, 0xFE, 0x00, 0xDF, 0xFF, 0xF1, 0x00, 0x00, 0x0C, 0xFF, 0xFC, 0x00, 0x00, 0x00, 0xEF, 0xFF, 0xE0, 0x0C, 0xFF,
  0xFF, 0x40, 0x00, 0x00, 0xCF, 0xFF, 0xC0, 0x00, 0x00, 0x3F, 0xFF, 0xFC, 0x00, 0x8F, 0xFF, 0xFD, 0x10, 0x00, 0x0C, 0xFF,
  0xFC, 0x00, 0x00, 0x0C, 0xFF, 0xFF, 0x80, 0x03, 0xFF, 0xFF, 0xFB, 0x30, 0x00, 0xCF, 0xFF, 0xC0, 0x00, 0x2A, 0xFF, 0xFF,
  0xF3, 0x00, 0x08, 0xFF, 0xFF, 0xFF, 0xA6, 0x3C, 0xFF, 0xFC, 0x36, 0x9E, 0xFF, 0xFF, 0xF9, 0x00, 0x00, 0x0B, 0xFF, 0xFF,
  0xFF, 0xFF, 0xFF, 0xFF, 0xFF, 0xFF, 0xFF, 0xFF, 0xFB, 0x10, 0x00, 0x00, 0x08, 0xFF, 0xFF, 0xFF, 0xFF, 0xFF, 0xFF, 0xFF,
  0xFF, 0xFF, 0xF9, 0x10, 0x00, 0x00, 0x00, 0x03, 0xAF, 0xFF, 0xFF, 0xFF, 0xFF, 0xFF, 0xFF, 0xFF, 0xB4, 0x00, 0x00, 0x00,
  0x00, 0x00, 0x00, 0x15, 0x9B, 0xCF, 0xFF, 0xFF, 0xDB, 0x96, 0x20, 0x00, 0x00, 0x00, 0x00, 0x00, 0x00, 0x00, 0x00, 0x00,
  0xCF, 0xFF, 0xC0, 0x00, 0x00, 0x00, 0x00, 0x00, 0x00, 0x00, 0x00, 0x00, 0x00, 0x00, 0x0C, 0xFF, 0xFC, 0x00, 0x00, 0x00,
  0x00, 0x00, 0x00, 0x00, 0x00, 0x00, 0x00, 0x00, 0x00, 0x34, 0x44, 0x30, 0x00, 0x00, 0x00, 0x00, 0x00, 0x00, 0x1D, 0xFF,
  0xFF, 0xD1, 0x00, 0x00, 0x00, 0x2E, 0xFF, 0xFF, 0xC1, 0x04, 0xFF, 0xFF, 0xF9, 0x00, 0x00, 0x00, 0xBF, 0xFF, 0xFE, 0x30,
  0x00, 0x8F, 0xFF, 0xFF, 0x50, 0x00, 0x07, 0xFF, 0xFF, 0xF7, 0x00, 0x00, 0x0C, 0xFF, 0xFF, 0xD1, 0x00, 0x3E, 0xFF, 0xFF,
  0xB0, 0x00, 0x00, 0x03, 0xEF, 0xFF, 0xFA, 0x00, 0xCF, 0xFF, 0xFE, 0x20, 0x00, 0x00, 0x00, 0x7F, 0xFF, 0xFF, 0x68, 0xFF,
  0xFF, 0xF5, 0x00, 0x00, 0x00, 0x00, 0x0B, 0xFF, 0xFF, 0xEF, 0xFF, 0xFF, 0x90, 0x00, 0x00, 0x00, 0x00, 0x02, 0xEF, 0xFF,
  0xFF, 0xFF, 0xFD, 0x10, 0x00, 0x00, 0x00, 0x00, 0x00, 0x5F, 0xFF, 0xFF, 0xFF, 0xF3, 0x00, 0x00, 0x00, 0x00, 0x00, 0x00,
  0x0A, 0xFF, 0xFF, 0xFF, 0x80, 0x00, 0x00, 0x00, 0x00, 0x00, 0x00, 0x05, 0xFF, 0xFF, 0xFF, 0x60, 0x00, 0x00, 0x00, 0x00,
  0x00, 0x00, 0x1D, 0xFF, 0xFF, 0xFF, 0xE2, 0x00, 0x00, 0x00, 0x00, 0x00, 0x00, 0xAF, 0xFF, 0xFF, 0xFF, 0xFC, 0x00, 0x00,
  0x00, 0x00, 0x00, 0x06, 0xFF, 0xFF, 0xFF, 0xFF, 0xFF, 0x80, 0x00, 0x00, 0x00, 0x00, 0x3E, 0xFF, 0xFF, 0xAC, 0xFF, 0xFF,
  0xF4, 0x00, 0x00, 0x00, 0x00, 0xCF, 0xFF, 0xFD, 0x12, 0xEF, 0xFF, 0xFD, 0x10, 0x00, 0x00, 0x08, 0xFF, 0xFF, 0xF4, 0x00,
  0x5F, 0xFF, 0xFF, 0x90, 0x00, 0x00, 0x4F, 0xFF, 0xFF, 0x80, 0x00, 0x0A, 0xFF, 0xFF, 0xF5, 0x00, 0x01, 0xDF, 0xFF, 0xFC,
  0x00, 0x00, 0x01, 0xDF, 0xFF, 0xFE, 0x20, 0x0A, 0xFF, 0xFF, 0xE3, 0x00, 0x00, 0x00, 0x4F, 0xFF, 0xFF, 0xB0, 0x6F, 0xFF,
  0xFF, 0x60, 0x00, 0x00, 0x00, 0x07, 0xFF, 0xFF, 0xF7, 0x00, 0x6F, 0xFF, 0xF9, 0x00, 0x00, 0x00, 0x00, 0x0E, 0xFF, 0xFF,
  0x10, 0x00, 0x00, 0x6F, 0xFF, 0xF9, 0x00, 0x00, 0x00, 0x00, 0x0E, 0xFF, 0xFF, 0x10, 0x00, 0x00, 0x6F, 0xFF, 0xF9, 0x00,
  0x00, 0x00, 0x00, 0x0E, 0xFF, 0xFF, 0x10, 0x00, 0x00, 0x6F, 0xFF, 0xF9, 0x00, 0x00, 0x00, 0x00, 0x0E, 0xFF, 0xFF, 0x10,
  0x00, 0x00, 0x6F, 0xFF, 0xF9, 0x00, 0x00, 0x00, 0x00, 0x0E, 0xFF, 0xFF, 0x10, 0x00, 0x00, 0x6F, 0xFF, 0xF9, 0x00, 0x00,
  0x00, 0x00, 0x0E, 0xFF, 0xFF, 0x10, 0x00, 0x00, 0x6F, 0xFF, 0xF9, 0x00, 0x00, 0x00, 0x00, 0x0E, 0xFF, 0xFF, 0x10, 0x00,
  0x00, 0x6F, 0xFF, 0xF9, 0x00, 0x00, 0x00, 0x00, 0x0E, 0xFF, 0xFF, 0x10, 0x00, 0x00, 0x6F, 0xFF, 0xF9, 0x00, 0x00, 0x00,
  0x00, 0x0E, 0xFF, 0xFF, 0x10, 0x00, 0x00, 0x6F, 0xFF, 0xF9, 0x00, 0x00, 0x00, 0x00, 0x0E, 0xFF, 0xFF, 0x10, 0x00, 0x00,
  0x6F, 0xFF, 0xF9, 0x00, 0x00, 0x00, 0x00, 0x0E, 0xFF, 0xFF, 0x10, 0x00, 0x00, 0x6F, 0xFF, 0xF9, 0x00, 0x00, 0x00, 0x00,
  0x0E, 0xFF, 0xFF, 0x10, 0x00, 0x00, 0x6F, 0xFF, 0xF9, 0x00, 0x00, 0x00, 0x00, 0x0E, 0xFF, 0xFF, 0x10, 0x00, 0x00, 0x6F,
  0xFF, 0xF9, 0x00, 0x00, 0x00, 0x00, 0x0E, 0xFF, 0xFF, 0x10, 0x00, 0x00, 0x6F, 0xFF, 0xF9, 0x00, 0x00, 0x00, 0x00, 0x0E,
  0xFF, 0xFF, 0x10, 0x00, 0x00, 0x6F, 0xFF, 0xF9, 0x00, 0x00, 0x00, 0x00, 0x0E, 0xFF, 0xFF, 0x10, 0x00, 0x00, 0x6F, 0xFF,
  0xFA, 0x11, 0x11, 0x11, 0x11, 0x1E, 0xFF, 0xFF, 0x11, 0x10, 0x00, 0x6F, 0xFF, 0xFF, 0xFF, 0xFF, 0xFF, 0xFF, 0xFF, 0xFF,
  0xFF, 0xFF, 0xF2, 0x00, 0x6F, 0xFF, 0xFF, 0xFF, 0xFF, 0xFF, 0xFF, 0xFF, 0xFF, 0xFF, 0xFF, 0xF2, 0x00, 0x6F, 0xFF, 0xFF,
  0xFF, 0xFF, 0xFF, 0xFF, 0xFF, 0xFF, 0xFF, 0xFF, 0xF2, 0x00, 0x6F, 0xFF, 0xFF, 0xFF, 0xFF, 0xFF, 0xFF, 0xFF, 0xFF, 0xFF,
  0xFF, 0xF2, 0x00, 0x00, 0x00, 0x00, 0x00, 0x00, 0x00, 0x00, 0x00, 0x00, 0x8F, 0xFF, 0xF2, 0x00, 0x00, 0x00, 0x00, 0x00,
  0x00, 0x00, 0x00, 0x00, 0x00, 0x8F, 0xFF, 0xF2, 0x00, 0x00, 0x00, 0x00, 0x00, 0x00, 0x00, 0x00, 0x00, 0x00, 0x8F, 0xFF,
  0xF2, 0x00, 0x00, 0x00, 0x00, 0x00, 0x00, 0x00, 0x00, 0x00, 0x00, 0x8F, 0xFF, 0xF2, 0x00, 0x00, 0x00, 0x00, 0x00, 0x00,
  0x00, 0x00, 0x00, 0x00, 0x59, 0x99, 0x91, 0x0B, 0xFF, 0xFF, 0x30, 0x00, 0x00, 0x00, 0x0B, 0xFF, 0xFF, 0x40, 0x00, 0xBF,
  0xFF, 0xF3, 0x00, 0x00, 0x00, 0x00, 0xBF, 0xFF, 0xF4, 0x00, 0x0B, 0xFF, 0xFF, 0x30, 0x00, 0x00, 0x00, 0x0B, 0xFF, 0xFF,
  0x40, 0x00, 0xBF, 0xFF, 0xF3, 0x00, 0x00, 0x00, 0x00, 0xBF, 0xFF, 0xF4, 0x00, 0x0B, 0xFF, 0xFF, 0x30, 0x00, 0x00, 0x00,
  0x0B, 0xFF, 0xFF, 0x40, 0x00, 0xBF, 0xFF, 0xF3, 0x00, 0x00, 0x00, 0x00, 0xBF, 0xFF, 0xF4, 0x00, 0x0B, 0xFF, 0xFF, 0x50,
  0x00, 0x00, 0x00, 0x0B, 0xFF, 0xFF, 0x40, 0x00, 0xAF, 0xFF, 0xF8, 0x00, 0x00, 0x00, 0x00, 0xBF, 0xFF, 0xF4, 0x00, 0x08,
  0xFF, 0xFF, 0xE2, 0x00, 0x00, 0x00, 0x0B, 0xFF, 0xFF, 0x40, 0x00, 0x3F, 0xFF, 0xFF, 0xE7, 0x31, 0x23, 0x6A, 0xEF, 0xFF,
  0xF4, 0x00, 0x00, 0xBF, 0xFF, 0xFF, 0xFF, 0xFF, 0xFF, 0xFF, 0xFF, 0xFF, 0x40, 0x00, 0x02, 0xDF, 0xFF, 0xFF, 0xFF, 0xFF,
  0xFF, 0xFF, 0xFF, 0xF4, 0x00, 0x00, 0x02, 0xCF, 0xFF, 0xFF, 0xFF, 0xFF, 0xFF, 0xFF, 0xFF, 0x40, 0x00, 0x00, 0x00, 0x5A,
  0xDF, 0xFF, 0xFE, 0xA6, 0xBF, 0xFF, 0xF4, 0x00, 0x00, 0x00, 0x00, 0x00, 0x12, 0x20, 0x00, 0x0B, 0xFF, 0xFF, 0x40, 0x00,
  0x00, 0x00, 0x00, 0x00, 0x00, 0x00, 0x00, 0xBF, 0xFF, 0xF4, 0x00, 0x00, 0x00, 0x00, 0x00, 0x00, 0x00, 0x00, 0x0B, 0xFF,
  0xFF, 0x40, 0x00, 0x00, 0x00, 0x00, 0x00, 0x00, 0x00, 0x00, 0xBF, 0xFF, 0xF4, 0x00, 0x00, 0x00, 0x00, 0x00, 0x00, 0x00,
  0x00, 0x0B, 0xFF, 0xFF, 0x40, 0x00, 0x00, 0x00, 0x00, 0x00, 0x00, 0x00, 0x00, 0xBF, 0xFF, 0xF4, 0x00, 0x00, 0x00, 0x00,
  0x00, 0x00, 0x00, 0x00, 0x0B, 0xFF, 0xFF, 0x40, 0x00, 0x00, 0x6F, 0xFF, 0xF9, 0x00, 0x00, 0x00, 0xBF, 0xFF, 0xF5, 0x00,
  0x00, 0x01, 0xFF, 0xFF, 0xE0, 0x00, 0x00, 0x6F, 0xFF, 0xF9, 0x00, 0x00, 0x00, 0xBF, 0xFF, 0xF5, 0x00, 0x00, 0x01, 0xFF,
  0xFF, 0xE0, 0x00, 0x00, 0x6F, 0xFF, 0xF9, 0x00, 0x00, 0x00, 0xBF, 0xFF, 0xF5, 0x00, 0x00, 0x01, 0xFF, 0xFF, 0xE0, 0x00,
  0x00, 0x6F, 0xFF, 0xF9, 0x00, 0x00, 0x00, 0xBF, 0xFF, 0xF5, 0x00, 0x00, 0x01, 0xFF, 0xFF, 0xE0, 0x00, 0x00, 0x6F, 0xFF,
  0xF9, 0x00, 0x00, 0x00, 0xBF, 0xFF, 0xF5, 0x00, 0x00, 0x01, 0xFF, 0xFF, 0xE0, 0x00, 0x00, 0x6F, 0xFF, 0xF9, 0x00, 0x00,
  0x00, 0xBF, 0xFF, 0xF5, 0x00, 0x00, 0x01, 0xFF, 0xFF, 0xE0, 0x00, 0x00, 0x6F, 0xFF, 0xF9, 0x00, 0x00, 0x00, 0xBF, 0xFF,
  0xF5, 0x00, 0x00, 0x01, 0xFF, 0xFF, 0xE0, 0x00, 0x00, 0x6F, 0xFF, 0xF9, 0x00, 0x00, 0x00, 0xBF, 0xFF, 0xF5, 0x00, 0x00,
  0x01, 0xFF, 0xFF, 0xE0, 0x00, 0x00, 0x6F, 0xFF, 0xF9, 0x00, 0x00, 0x00, 0xBF, 0xFF, 0xF5, 0x00, 0x00, 0x01, 0xFF, 0xFF,
  0xE0, 0x00, 0x00, 0x6F, 0xFF, 0xF9, 0x00, 0x00, 0x00, 0xBF, 0xFF, 0xF5, 0x00, 0x00, 0x01, 0xFF, 0xFF, 0xE0, 0x00, 0x00,
  0x6F, 0xFF, 0xF9, 0x00, 0x00, 0x00, 0xBF, 0xFF, 0xF5, 0x00, 0x00, 0x01, 0xFF, 0xFF, 0xE0, 0x00, 0x00, 0x6F, 0xFF, 0xF9,
  0x00, 0x00, 0x00, 0xBF, 0xFF, 0xF5, 0x00, 0x00, 0x01, 0xFF, 0xFF, 0xE0, 0x00, 0x00, 0x6F, 0xFF, 0xF9, 0x00, 0x00, 0x00,
  0xBF, 0xFF, 0xF5, 0x00, 0x00, 0x01, 0xFF, 0xFF, 0xE0, 0x00, 0x00, 0x6F, 0xFF, 0xF9, 0x00, 0x00, 0x00, 0xBF, 0xFF, 0xF5,
  0x00, 0x00, 0x01, 0xFF, 0xFF, 0xE0, 0x00, 0x00, 0x6F, 0xFF, 0xF9, 0x00, 0x00, 0x00, 0xBF, 0xFF, 0xF5, 0x00, 0x00, 0x01,
  0xFF, 0xFF, 0xE0, 0x00, 0x00, 0x6F, 0xFF, 0xF9, 0x00, 0x00, 0x00, 0xBF, 0xFF, 0xF5, 0x00, 0x00, 0x01, 0xFF, 0xFF, 0xE0,
  0x00, 0x00, 0x6F, 0xFF, 0xFA, 0x11, 0x11, 0x11, 0xBF, 0xFF, 0xF5, 0x11, 0x11, 0x11, 0xFF, 0xFF, 0xE0, 0x00, 0x00, 0x6F,
  0xFF, 0xFF, 0xFF, 0xFF, 0xFF, 0xFF, 0xFF, 0xFF, 0xFF, 0xFF, 0xFF, 0xFF, 0xFF, 0xE0, 0x00, 0x00, 0x6F, 0xFF, 0xFF, 0xFF,
  0xFF, 0xFF, 0xFF, 0xFF, 0xFF, 0xFF, 0xFF, 0xFF, 0xFF, 0xFF, 0xE0, 0x00, 0x00, 0x6F, 0xFF, 0xFF, 0xFF, 0xFF, 0xFF, 0xFF,
  0xFF, 0xFF, 0xFF, 0xFF, 0xFF, 0xFF, 0xFF, 0xE0, 0x00, 0x00, 0x6F, 0xFF, 0xFF, 0xFF, 0xFF, 0xFF, 0xFF, 0xFF, 0xFF, 0xFF,
  0xFF, 0xFF, 0xFF, 0xFF, 0xE0, 0x00, 0x00, 0x6F, 0xFF, 0xF9, 0x00, 0x00, 0x00, 0xBF, 0xFF, 0xF5, 0x00, 0x00, 0x01, 0xFF,
  0xFF, 0xE0, 0x00, 0x00, 0x06, 0xFF, 0xFF, 0x90, 0x00, 0x00, 0x0B, 0xFF, 0xFF, 0x50, 0x00, 0x00, 0x1F, 0xFF, 0xFE, 0x00,
  0x00, 0x00, 0x6F, 0xFF, 0xF9, 0x00, 0x00, 0x00, 0xBF, 0xFF, 0xF5, 0x00, 0x00, 0x01, 0xFF, 0xFF, 0xE0, 0x00, 0x00, 0x06,
  0xFF, 0xFF, 0x90, 0x00, 0x00, 0x0B, 0xFF, 0xFF, 0x50, 0x00, 0x00, 0x1F, 0xFF, 0xFE, 0x00, 0x00, 0x00, 0x6F, 0xFF, 0xF9,
  0x00, 0x00, 0x00, 0xBF, 0xFF, 0xF5, 0x00, 0x00, 0x01, 0xFF, 0xFF, 0xE0, 0x00, 0x00, 0x06, 0xFF, 0xFF, 0x90, 0x00, 0x00,
  0x0B, 0xFF, 0xFF, 0x50, 0x00, 0x00, 0x1F, 0xFF, 0xFE, 0x00, 0x00, 0x00, 0x6F, 0xFF, 0xF9, 0x00, 0x00, 0x00, 0xBF, 0xFF,
  0xF5, 0x00, 0x00, 0x01, 0xFF, 0xFF, 0xE0, 0x00, 0x00, 0x06, 0xFF, 0xFF, 0x90, 0x00, 0x00, 0x0B, 0xFF, 0xFF, 0x50, 0x00,
  0x00, 0x1F, 0xFF, 0xFE, 0x00, 0x00, 0x00, 0x6F, 0xFF, 0xF9, 0x00, 0x00, 0x00, 0xBF, 0xFF, 0xF5, 0x00, 0x00, 0x01, 0xFF,
  0xFF, 0xE0, 0x00, 0x00, 0x06, 0xFF, 0xFF, 0x90, 0x00, 0x00, 0x0B, 0xFF, 0xFF, 0x50, 0x00, 0x00, 0x1F, 0xFF, 0xFE, 0x00,
  0x00, 0x00, 0x6F, 0xFF, 0xF9, 0x00, 0x00, 0x00, 0xBF, 0xFF, 0xF5, 0x00, 0x00, 0x01, 0xFF, 0xFF, 0xE0, 0x00, 0x00, 0x06,
  0xFF, 0xFF, 0x90, 0x00, 0x00, 0x0B, 0xFF, 0xFF, 0x50, 0x00, 0x00, 0x1F, 0xFF, 0xFE, 0x00, 0x00, 0x00, 0x6F, 0xFF, 0xF9,
  0x00, 0x00, 0x00, 0xBF, 0xFF, 0xF5, 0x00, 0x00, 0x01, 0xFF, 0xFF, 0xE0, 0x00, 0x00, 0x06, 0xFF, 0xFF, 0x90, 0x00, 0x00,
  0x0B, 0xFF, 0xFF, 0x50, 0x00, 0x00, 0x1F, 0xFF, 0xFE, 0x00, 0x00, 0x00, 0x6F, 0xFF, 0xF9, 0x00, 0x00, 0x00, 0xBF, 0xFF,
  0xF5, 0x00, 0x00, 0x01, 0xFF, 0xFF, 0xE0, 0x00, 0x00, 0x06, 0xFF, 0xFF, 0x90, 0x00, 0x00, 0x0B, 0xFF, 0xFF, 0x50, 0x00,
  0x00, 0x1F, 0xFF, 0xFE, 0x00, 0x00, 0x00, 0x6F, 0xFF, 0xFA, 0x11, 0x11, 0x11, 0xBF, 0xFF, 0xF5, 0x11, 0x11, 0x11, 0xFF,
  0xFF, 0xE1, 0x11, 0x00, 0x06, 0xFF, 0xFF, 0xFF, 0xFF, 0xFF, 0xFF, 0xFF, 0xFF, 0xFF, 0xFF, 0xFF, 0xFF, 0xFF, 0xFF, 0xFF,
  0xC0, 0x00, 0x6F, 0xFF, 0xFF, 0xFF, 0xFF, 0xFF, 0xFF, 0xFF, 0xFF, 0xFF, 0xFF, 0xFF, 0xFF, 0xFF, 0xFF, 0xFC, 0x00, 0x06,
  0xFF, 0xFF, 0xFF, 0xFF, 0xFF, 0xFF, 0xFF, 0xFF, 0xFF, 0xFF, 0xFF, 0xFF, 0xFF, 0xFF, 0xFF, 0xC0, 0x00, 0x6F, 0xFF, 0xFF,
  0xFF, 0xFF, 0xFF, 0xFF, 0xFF, 0xFF, 0xFF, 0xFF, 0xFF, 0xFF, 0xFF, 0xFF, 0xFC, 0x00, 0x00, 0x00, 0x00, 0x00, 0x00, 0x00,
  0x00, 0x00, 0x00, 0x00, 0x00, 0x00, 0x00, 0x00, 0xCF, 0xFF, 0xC0, 0x00, 0x00, 0x00, 0x00, 0x00, 0x00, 0x00, 0x00, 0x00,
  0x00, 0x00, 0x00, 0x00, 0x00, 0x0C, 0xFF, 0xFC, 0x00, 0x00, 0x00, 0x00, 0x00, 0x00, 0x00, 0x00, 0x00, 0x00, 0x00, 0x00,
  0x00, 0x00, 0x00, 0xCF, 0xFF, 0xC0, 0x00, 0x00, 0x00, 0x00, 0x00, 0x00, 0x00, 0x00, 0x00, 0x00, 0x00, 0x00, 0x00, 0x00,
  0x0C, 0xFF, 0xFC, 0x00, 0x00, 0x00, 0x00, 0x00, 0x00, 0x00, 0x00, 0x00, 0x00, 0x00, 0x00, 0x00, 0x00, 0x00, 0x67, 0x77,
  0x60, 0x9F, 0xFF, 0xFF, 0xFF, 0xFF, 0xF6, 0x00, 0x00, 0x00, 0x00, 0x00, 0x00, 0x00, 0x9F, 0xFF, 0xFF, 0xFF, 0xFF, 0xF6,
  0x00, 0x00, 0x00, 0x00, 0x00, 0x00, 0x00, 0x9F, 0xFF, 0xFF, 0xFF, 0xFF, 0xF6, 0x00, 0x00, 0x00, 0x00, 0x00, 0x00, 0x00,
  0x9F, 0xFF, 0xFF, 0xFF, 0xFF, 0xF6, 0x00, 0x00, 0x00, 0x00, 0x00, 0x00, 0x00, 0x11, 0x11, 0x11, 0x9F, 0xFF, 0xF6, 0x00,
  0x00, 0x00, 0x00, 0x00, 0x00, 0x00, 0x00, 0x00, 0x00, 0x9F, 0xFF, 0xF6, 0x00, 0x00, 0x00, 0x00, 0x00, 0x00, 0x00, 0x00,
  0x00, 0x00, 0x9F, 0xFF, 0xF6, 0x00, 0x00, 0x00, 0x00, 0x00, 0x00, 0x00, 0x00, 0x00, 0x00, 0x9F, 0xFF, 0xFF, 0xFF, 0xFF,
  0xFE, 0xCB, 0x71, 0x00, 0x00, 0x00, 0x00, 0x00, 0x9F, 0xFF, 0xFF, 0xFF, 0xFF, 0xFF, 0xFF, 0xFE, 0x70, 0x00, 0x00, 0x00,
  0x00, 0x9F, 0xFF, 0xFF, 0xFF, 0xFF, 0xFF, 0xFF, 0xFF, 0xF9, 0x00, 0x00, 0x00, 0x00, 0x9F, 0xFF, 0xFC, 0xBB, 0xBB, 0xCD,
  0xFF, 0xFF, 0xFF, 0x40, 0x00, 0x00, 0x00, 0x9F, 0xFF, 0xF6, 0x00, 0x00, 0x00, 0x5E, 0xFF, 0xFF, 0x90, 0x00, 0x00, 0x00,
  0x9F, 0xFF, 0xF6, 0x00, 0x00, 0x00, 0x07, 0xFF, 0xFF, 0xC0, 0x00, 0x00, 0x00, 0x9F, 0xFF, 0xF6, 0x00, 0x00, 0x00, 0x03,
  0xFF, 0xFF, 0xD0, 0x00, 0x00, 0x00, 0x9F, 0xFF, 0xF6, 0x00, 0x00, 0x00, 0x04, 0xFF, 0xFF, 0xD0, 0x00, 0x00, 0x00, 0x9F,
  0xFF, 0xF6, 0x00, 0x00, 0x00, 0x08, 0xFF, 0xFF, 0xB0, 0x00, 0x00, 0x00, 0x9F, 0xFF, 0xF6, 0x00, 0x00, 0x00, 0x7F, 0xFF,
  0xFF, 0x70, 0x00, 0x00, 0x00, 0x9F, 0xFF, 0xFC, 0xAA, 0xAB, 0xCE, 0xFF, 0xFF, 0xFE, 0x10, 0x00, 0x00, 0x00, 0x9F, 0xFF,
  0xFF, 0xFF, 0xFF, 0xFF, 0xFF, 0xFF, 0xE4, 0x00, 0x00, 0x00, 0x00, 0x9F, 0xFF, 0xFF, 0xFF, 0xFF, 0xFF, 0xFF, 0xFB, 0x30,
  0x00, 0x00, 0x00, 0x00, 0x9F, 0xFF, 0xFF, 0xFF, 0xFF, 0xED, 0xB9, 0x30, 0x00, 0x00, 0x00, 0x6F, 0xFF, 0xF9, 0x00, 0x00,
  0x00, 0x00, 0x00, 0x00, 0x00, 0x03, 0xFF, 0xFF, 0xC0, 0x00, 0x06, 0xFF, 0xFF, 0x90, 0x00, 0x00, 0x00, 0x00, 0x00, 0x00,
  0x00, 0x3F, 0xFF, 0xFC, 0x00, 0x00, 0x6F, 0xFF, 0xF9, 0x00, 0x00, 0x00, 0x00, 0x00, 0x00, 0x00, 0x03, 0xFF, 0xFF, 0xC0,
  0x00, 0x06, 0xFF, 0xFF, 0x90, 0x00, 0x00, 0x00, 0x00, 0x00, 0x00, 0x00, 0x3F, 0xFF, 0xFC, 0x00, 0x00, 0x6F, 0xFF, 0xF9,
  0x00, 0x00, 0x00, 0x00, 0x00, 0x00, 0x00, 0x03, 0xFF, 0xFF, 0xC0, 0x00, 0x06, 0xFF, 0xFF, 0x90, 0x00, 0x00, 0x00, 0x00,
  0x00, 0x00, 0x00, 0x3F, 0xFF, 0xFC, 0x00, 0x00, 0x6F, 0xFF, 0xF9, 0x00, 0x00, 0x00, 0x00, 0x00, 0x00, 0x00, 0x03, 0xFF,
  0xFF, 0xC0, 0x00, 0x06, 0xFF, 0xFF, 0xFF, 0xFF, 0xFF, 0xED, 0xB8, 0x20, 0x00, 0x00, 0x3F, 0xFF, 0xFC, 0x00, 0x00, 0x6F,
  0xFF, 0xFF, 0xFF, 0xFF, 0xFF, 0xFF, 0xFE, 0x91, 0x00, 0x03, 0xFF, 0xFF, 0xC0, 0x00, 0x06, 0xFF, 0xFF, 0xFF, 0xFF, 0xFF,
  0xFF, 0xFF, 0xFF, 0xB0, 0x00, 0x3F, 0xFF, 0xFC, 0x00, 0x00, 0x6F, 0xFF, 0xFD, 0xBB, 0xBB, 0xBD, 0xFF, 0xFF, 0xFF, 0x70,
  0x03, 0xFF, 0xFF, 0xC0, 0x00, 0x06, 0xFF, 0xFF, 0x90, 0x00, 0x00, 0x04, 0xDF, 0xFF, 0xFC, 0x00, 0x3F, 0xFF, 0xFC, 0x00,
  0x00, 0x6F, 0xFF, 0xF9, 0x00, 0x00, 0x00, 0x04, 0xFF, 0xFF, 0xF0, 0x03, 0xFF, 0xFF, 0xC0, 0x00, 0x06, 0xFF, 0xFF, 0x90,
  0x00, 0x00, 0x00, 0x0E, 0xFF, 0xFF, 0x20, 0x3F, 0xFF, 0xFC, 0x00, 0x00, 0x6F, 0xFF, 0xF9, 0x00, 0x00, 0x00, 0x01, 0xFF,
  0xFF, 0xF1, 0x03, 0xFF, 0xFF, 0xC0, 0x00, 0x06, 0xFF, 0xFF, 0x90, 0x00, 0x00, 0x00, 0x5F, 0xFF, 0xFE, 0x00, 0x3F, 0xFF,
  0xFC, 0x00, 0x00, 0x6F, 0xFF, 0xF9, 0x00, 0x00, 0x00, 0x5E, 0xFF, 0xFF, 0xA0, 0x03, 0xFF, 0xFF, 0xC0, 0x00, 0x06, 0xFF,
  0xFF, 0xDA, 0xAA, 0xAB, 0xDF, 0xFF, 0xFF, 0xF3, 0x00, 0x3F, 0xFF, 0xFC, 0x00, 0x00, 0x6F, 0xFF, 0xFF, 0xFF, 0xFF, 0xFF,
  0xFF, 0xFF, 0xF7, 0x00, 0x03, 0xFF, 0xFF, 0xC0, 0x00, 0x06, 0xFF, 0xFF, 0xFF, 0xFF, 0xFF, 0xFF, 0xFF, 0xC5, 0x00, 0x00,
  0x3F, 0xFF, 0xFC, 0x00, 0x00, 0x6F, 0xFF, 0xFF, 0xFF, 0xFF, 0xFD, 0xBA, 0x50, 0x00, 0x00, 0x03, 0xFF, 0xFF, 0xC0, 0x00,
  0x00, 0x6F, 0xFF, 0xF9, 0x00, 0x00, 0x00, 0x00, 0x00, 0x00, 0x00, 0x00, 0x6F, 0xFF, 0xF9, 0x00, 0x00, 0x00, 0x00, 0x00,
  0x00, 0x00, 0x00, 0x6F, 0xFF, 0xF9, 0x00, 0x00, 0x00, 0x00, 0x00, 0x00, 0x00, 0x00, 0x6F, 0xFF, 0xF9, 0x00, 0x00, 0x00,
  0x00, 0x00, 0x00, 0x00, 0x00, 0x6F, 0xFF, 0xF9, 0x00, 0x00, 0x00, 0x00, 0x00, 0x00, 0x00, 0x00, 0x6F, 0xFF, 0xF9, 0x00,
  0x00, 0x00, 0x00, 0x00, 0x00, 0x00, 0x00, 0x6F, 0xFF, 0xF9, 0x00, 0x00, 0x00, 0x00, 0x00, 0x00, 0x00, 0x00, 0x6F, 0xFF,
  0xFF, 0xFF, 0xFF, 0xFE, 0xDB, 0x82, 0x00, 0x00, 0x00, 0x6F, 0xFF, 0xFF, 0xFF, 0xFF, 0xFF, 0xFF, 0xFE, 0x91, 0x00, 0x00,
  0x6F, 0xFF, 0xFF, 0xFF, 0xFF, 0xFF, 0xFF, 0xFF, 0xFB, 0x00, 0x00, 0x6F, 0xFF, 0xFD, 0xBB, 0xBB, 0xBD, 0xFF, 0xFF, 0xFF,
  0x70, 0x00, 0x6F, 0xFF, 0xF9, 0x00, 0x00, 0x00, 0x4D, 0xFF, 0xFF, 0xC0, 0x00, 0x6F, 0xFF, 0xF9, 0x00, 0x00, 0x00, 0x04,
  0xFF, 0xFF, 0xF0, 0x00, 0x6F, 0xFF, 0xF9, 0x00, 0x00, 0x00, 0x00, 0xEF, 0xFF, 0xF2, 0x00, 0x6F, 0xFF, 0xF9, 0x00, 0x00,
  0x00, 0x01, 0xFF, 0xFF, 0xF1, 0x00, 0x6F, 0xFF, 0xF9, 0x00, 0x00, 0x00, 0x05, 0xFF, 0xFF, 0xE0, 0x00, 0x6F, 0xFF, 0xF9,
  0x00, 0x00, 0x00, 0x5E, 0xFF, 0xFF, 0xA0, 0x00, 0x6F, 0xFF, 0xFD, 0xAA, 0xAA, 0xBD, 0xFF, 0xFF, 0xFF, 0x30, 0x00, 0x6F,
  0xFF, 0xFF, 0xFF, 0xFF, 0xFF, 0xFF, 0xFF, 0xF7, 0x00, 0x00, 0x6F, 0xFF, 0xFF, 0xFF, 0xFF, 0xFF, 0xFF, 0xFC, 0x50, 0x00,
  0x00, 0x6F, 0xFF, 0xFF, 0xFF, 0xFF, 0xFD, 0xBA, 0x50, 0x00, 0x00, 0x00, 0x00, 0x26, 0xAD, 0xEF, 0xED, 0xA6, 0x10, 0x00,
  0x00, 0x00, 0x00, 0x18, 0xFF, 0xFF, 0xFF, 0xFF, 0xFF, 0xE7, 0x00, 0x00, 0x00, 0x03, 0xDF, 0xFF, 0xFF, 0xFF, 0xFF, 0xFF,
  0xFF, 0xC2, 0x00, 0x00, 0x3E, 0xFF, 0xFF, 0xFF, 0xFF, 0xFF, 0xFF, 0xFF, 0xFD, 0x10, 0x00, 0x09, 0xFF, 0xFF, 0xB7, 0x55,
  0x79, 0xEF, 0xFF, 0xFF, 0xC0, 0x00, 0x00, 0x6F, 0xB3, 0x00, 0x00, 0x00, 0x1A, 0xFF, 0xFF, 0xF6, 0x00, 0x00, 0x03, 0x00,
  0x00, 0x00, 0x00, 0x00, 0xAF, 0xFF, 0xFD, 0x00, 0x00, 0x00, 0x00, 0x00, 0x00, 0x00, 0x00, 0x2F, 0xFF, 0xFF, 0x30, 0x00,
  0x00, 0x00, 0x5C, 0xCC, 0xCC, 0xCC, 0xCE, 0xFF, 0xFF, 0x70, 0x00, 0x00, 0x00, 0x6F, 0xFF, 0xFF, 0xFF, 0xFF, 0xFF, 0xFF,
  0x90, 0x00, 0x00, 0x00, 0x6F, 0xFF, 0xFF, 0xFF, 0xFF, 0xFF, 0xFF, 0x90, 0x00, 0x00, 0x00, 0x6F, 0xFF, 0xFF, 0xFF, 0xFF,
  0xFF, 0xFF, 0x80, 0x00, 0x00, 0x00, 0x00, 0x00, 0x00, 0x00, 0x0D, 0xFF, 0xFF, 0x60, 0x00, 0x00, 0x00, 0x00, 0x00, 0x00,
  0x00, 0x4F, 0xFF, 0xFF, 0x20, 0x00, 0x06, 0x20, 0x00, 0x00, 0x00, 0x01, 0xDF, 0xFF, 0xFC, 0x00, 0x00, 0x9F, 0xD4, 0x00,
  0x00, 0x00, 0x3C, 0xFF, 0xFF, 0xF4, 0x00, 0x0A, 0xFF, 0xFF, 0xB7, 0x55, 0x7A, 0xFF, 0xFF, 0xFF, 0xA0, 0x00, 0x3E, 0xFF,
  0xFF, 0xFF, 0xFF, 0xFF, 0xFF, 0xFF, 0xFC, 0x10, 0x00, 0x03, 0xEF, 0xFF, 0xFF, 0xFF, 0xFF, 0xFF, 0xFF, 0xB1, 0x00, 0x00,
  0x00, 0x19, 0xFF, 0xFF, 0xFF, 0xFF, 0xFF, 0xD7, 0x00, 0x00, 0x00, 0x00, 0x00, 0x26, 0xBD, 0xEF, 0xED, 0xA6, 0x10, 0x00,
  0x00, 0x00, 0x00, 0x6F, 0xFF, 0xF9, 0x00, 0x00, 0x00, 0x00, 0x06, 0xAD, 0xEF, 0xED, 0xA6, 0x10, 0x00, 0x00, 0x00, 0x00,
  0x6F, 0xFF, 0xF9, 0x00, 0x00, 0x00, 0x06, 0xDF, 0xFF, 0xFF, 0xFF, 0xFF, 0xE8, 0x10, 0x00, 0x00, 0x00, 0x6F, 0xFF, 0xF9,
  0x00, 0x00, 0x02, 0xCF, 0xFF, 0xFF, 0xFF, 0xFF, 0xFF, 0xFF, 0xD3, 0x00, 0x00, 0x00, 0x6F, 0xFF, 0xF9, 0x00, 0x00, 0x3E,
  0xFF, 0xFF, 0xFF, 0xFF, 0xFF, 0xFF, 0xFF, 0xFE, 0x30, 0x00, 0x00, 0x6F, 0xFF, 0xF9, 0x00, 0x01, 0xDF, 0xFF, 0xFF, 0xE9,
  0x75, 0x79, 0xEF, 0xFF, 0xFF, 0xD1, 0x00, 0x00, 0x6F, 0xFF, 0xF9, 0x00, 0x09, 0xFF, 0xFF, 0xFA, 0x10, 0x00, 0x00, 0x19,
  0xFF, 0xFF, 0xF9, 0x00, 0x00, 0x6F, 0xFF, 0xF9, 0x00, 0x2F, 0xFF, 0xFF, 0xA0, 0x00, 0x00, 0x00, 0x00, 0x9F, 0xFF, 0xFF,
  0x20, 0x00, 0x6F, 0xFF, 0xF9, 0x00, 0x7F, 0xFF, 0xFD, 0x10, 0x00, 0x00, 0x00, 0x00, 0x1D, 0xFF, 0xFF, 0x70, 0x00, 0x6F,
  0xFF, 0xFF, 0xFF, 0xFF, 0xFF, 0xFA, 0x00, 0x00, 0x00, 0x00, 0x00, 0x09, 0xFF, 0xFF, 0xA0, 0x00, 0x6F, 0xFF, 0xFF, 0xFF,
  0xFF, 0xFF, 0xF7, 0x00, 0x00, 0x00, 0x00, 0x00, 0x06, 0xFF, 0xFF, 0xC0, 0x00, 0x6F, 0xFF, 0xFF, 0xFF, 0xFF, 0xFF, 0xF5,
  0x00, 0x00, 0x00, 0x00, 0x00, 0x04, 0xFF, 0xFF, 0xD0, 0x00, 0x6F, 0xFF, 0xFF, 0xFF, 0xFF, 0xFF, 0xF8, 0x00, 0x00, 0x00,
  0x00, 0x00, 0x07, 0xFF, 0xFF, 0xB0, 0x00, 0x6F, 0xFF, 0xFB, 0x55, 0xAF, 0xFF, 0xFA, 0x00, 0x00, 0x00, 0x00, 0x00, 0x09,
  0xFF, 0xFF, 0xA0, 0x00, 0x6F, 0xFF, 0xF9, 0x00, 0x5F, 0xFF, 0xFE, 0x30, 0x00, 0x00, 0x00, 0x00, 0x2E, 0xFF, 0xFF, 0x50,
  0x00, 0x6F, 0xFF, 0xF9, 0x00, 0x1E, 0xFF, 0xFF, 0xB0, 0x00, 0x00, 0x00, 0x00, 0xAF, 0xFF, 0xFE, 0x10, 0x00, 0x6F, 0xFF,
  0xF9, 0x00, 0x07, 0xFF, 0xFF, 0xFB, 0x20, 0x00, 0x00, 0x2A, 0xFF, 0xFF, 0xF8, 0x00, 0x00, 0x6F, 0xFF, 0xF9, 0x00, 0x00,
  0xCF, 0xFF, 0xFF, 0xEA, 0x75, 0x79, 0xEF, 0xFF, 0xFF, 0xD1, 0x00, 0x00, 0x6F, 0xFF, 0xF9, 0x00, 0x00, 0x2D, 0xFF, 0xFF,
  0xFF, 0xFF, 0xFF, 0xFF, 0xFF, 0xFE, 0x20, 0x00, 0x00, 0x6F, 0xFF, 0xF9, 0x00, 0x00, 0x02, 0xCF, 0xFF, 0xFF, 0xFF, 0xFF,
  0xFF, 0xFF, 0xC2, 0x00, 0x00, 0x00, 0x6F, 0xFF, 0xF9, 0x00, 0x00, 0x00, 0x07, 0xEF, 0xFF, 0xFF, 0xFF, 0xFF, 0xE8, 0x10,
  0x00, 0x00, 0x00, 0x6F, 0xFF, 0xF9, 0x00, 0x00, 0x00, 0x00, 0x16, 0xAD, 0xEF, 0xED, 0xA6, 0x10, 0x00, 0x00, 0x00, 0x00,
  0x00, 0x01, 0x6A, 0xDE, 0xFF, 0xFF, 0xFF, 0xFF, 0xFC, 0x00, 0x00, 0x00, 0x6E, 0xFF, 0xFF, 0xFF, 0xFF, 0xFF, 0xFF, 0xFC,
  0x00, 0x00, 0x09, 0xFF, 0xFF, 0xFF, 0xFF, 0xFF, 0xFF, 0xFF, 0xFC, 0x00, 0x00, 0x7F, 0xFF, 0xFF, 0xFF, 0xFF, 0xFF, 0xFF,
  0xFF, 0xFC, 0x00, 0x01, 0xEF, 0xFF, 0xFE, 0x84, 0x21, 0x11, 0x4F, 0xFF, 0xFC, 0x00, 0x06, 0xFF, 0xFF, 0xE3, 0x00, 0x00,
  0x00, 0x3F, 0xFF, 0xFC, 0x00, 0x09, 0xFF, 0xFF, 0x90, 0x00, 0x00, 0x00, 0x3F, 0xFF, 0xFC, 0x00, 0x0B, 0xFF, 0xFF, 0x60,
  0x00, 0x00, 0x00, 0x3F, 0xFF, 0xFC, 0x00, 0x0B, 0xFF, 0xFF, 0x60, 0x00, 0x00, 0x00, 0x3F, 0xFF, 0xFC, 0x00, 0x09, 0xFF,
  0xFF, 0x90, 0x00, 0x00, 0x00, 0x3F, 0xFF, 0xFC, 0x00, 0x07, 0xFF, 0xFF, 0xE2, 0x00, 0x00, 0x00, 0x3F, 0xFF, 0xFC, 0x00,
  0x01, 0xEF, 0xFF, 0xFE, 0x73, 0x00, 0x00, 0x3F, 0xFF, 0xFC, 0x00, 0x00, 0x8F, 0xFF, 0xFF, 0xFF, 0xFF, 0xFF, 0xFF, 0xFF,
  0xFC, 0x00, 0x00, 0x0A, 0xFF, 0xFF, 0xFF, 0xFF, 0xFF, 0xFF, 0xFF, 0xFC, 0x00, 0x00, 0x00, 0x7E, 0xFF, 0xFF, 0xFF, 0xFF,
  0xFF, 0xFF, 0xFC, 0x00, 0x00, 0x00, 0x09, 0xFF, 0xFF, 0xEE, 0xEE, 0xEF, 0xFF, 0xFC, 0x00, 0x00, 0x00, 0x5F, 0xFF, 0xFD,
  0x10, 0x00, 0x3F, 0xFF, 0xFC, 0x00, 0x00, 0x02, 0xEF, 0xFF, 0xF3, 0x00, 0x00, 0x3F, 0xFF, 0xFC, 0x00, 0x00, 0x0C, 0xFF,
  0xFF, 0x70, 0x00, 0x00, 0x3F, 0xFF, 0xFC, 0x00, 0x00, 0x9F, 0xFF, 0xFA, 0x00, 0x00, 0x00, 0x3F, 0xFF, 0xFC, 0x00, 0x06,
  0xFF, 0xFF, 0xD1, 0x00, 0x00, 0x00, 0x3F, 0xFF, 0xFC, 0x00, 0x00, 0x01, 0x6A, 0xDE, 0xFE, 0xCA, 0x50, 0x00, 0x00, 0x01,
  0x9E, 0xFF, 0xFF, 0xFF, 0xFF, 0xFC, 0x40, 0x00, 0x03, 0xFF, 0xFF, 0xFF, 0xFF, 0xFF, 0xFF, 0xE2, 0x00, 0x00, 0xAF, 0xFF,
  0xFD, 0xDF, 0xFF, 0xFF, 0xFB, 0x00, 0x00, 0x3F, 0xB4, 0x10, 0x01, 0x8F, 0xFF, 0xFF, 0x30, 0x00, 0x02, 0x00, 0x00, 0x00,
  0x09, 0xFF, 0xFF, 0x70, 0x00, 0x00, 0x00, 0x00, 0x00, 0x05, 0xFF, 0xFF, 0x90, 0x00, 0x02, 0x8C, 0xEF, 0xFF, 0xFF, 0xFF,
  0xFF, 0xA0, 0x00, 0x7E, 0xFF, 0xFF, 0xFF, 0xFF, 0xFF, 0xFF, 0xA0, 0x05, 0xFF, 0xFF, 0xFE, 0xDC, 0xCD, 0xFF, 0xFF, 0xA0,
  0x0C, 0xFF, 0xFE, 0x50, 0x00, 0x04, 0xFF, 0xFF, 0xA0, 0x0E, 0xFF, 0xFB, 0x00, 0x00, 0x05, 0xFF, 0xFF, 0xA0, 0x0E, 0xFF,
  0xFD, 0x00, 0x00, 0x1C, 0xFF, 0xFF, 0xA0, 0x0B, 0xFF, 0xFF, 0xB6, 0x47, 0xDF, 0xFF, 0xFF, 0xA0, 0x04, 0xFF, 0xFF, 0xFF,
  0xFF, 0xFF, 0xFF, 0xFF, 0xA0, 0x00, 0x7F, 0xFF, 0xFF, 0xFF, 0xF8, 0xDF, 0xFF, 0xA0, 0x00, 0x02, 0x9C, 0xEF, 0xDA, 0x40,
  0xDF, 0xFF, 0xA0, 0x00, 0x00, 0x00, 0x00, 0x00, 0x00, 0x00, 0x00, 0x02, 0x00, 0x00, 0x00, 0x00, 0x00, 0x00, 0x00, 0x02,
  0x69, 0xBE, 0xF2, 0x00, 0x00, 0x00, 0x00, 0x00, 0x48, 0xBE, 0xFF, 0xFF, 0xFF, 0x50, 0x00, 0x00, 0x00, 0x06, 0xCF, 0xFF,
  0xFF, 0xFF, 0xFF, 0xF7, 0x00, 0x00, 0x00, 0x1B, 0xFF, 0xFF, 0xFF, 0xFF, 0xFF, 0xFF, 0x90, 0x00, 0x00, 0x1C, 0xFF, 0xFF,
  0xFF, 0xFF, 0xEB, 0x85, 0x20, 0x00, 0x00, 0x0A, 0xFF, 0xFF, 0xFE, 0xA6, 0x20, 0x00, 0x00, 0x00, 0x00, 0x04, 0xFF, 0xFF,
  0xF8, 0x00, 0x00, 0x00, 0x00, 0x00, 0x00, 0x00, 0xBF, 0xFF, 0xF5, 0x00, 0x00, 0x00, 0x00, 0x00, 0x00, 0x00, 0x1F, 0xFF,
  0xFA, 0x02, 0x69, 0xAA, 0x95, 0x00, 0x00, 0x00, 0x04, 0xFF, 0xFF, 0x58, 0xEF, 0xFF, 0xFF, 0xFD, 0x40, 0x00, 0x00, 0x7F,
  0xFF, 0xFC, 0xFF, 0xFF, 0xFF, 0xFF, 0xFF, 0x80, 0x00, 0x09, 0xFF, 0xFF, 0xFF, 0xFF, 0xFF, 0xFF, 0xFF, 0xFF, 0x40, 0x00,
  0x9F, 0xFF, 0xFF, 0xFA, 0x41, 0x37, 0xEF, 0xFF, 0xFC, 0x00, 0x0A, 0xFF, 0xFF, 0xF7, 0x00, 0x00, 0x03, 0xFF, 0xFF, 0xF4,
  0x00, 0x9F, 0xFF, 0xFD, 0x00, 0x00, 0x00, 0x0A, 0xFF, 0xFF, 0x80, 0x08, 0xFF, 0xFF, 0xA0, 0x00, 0x00, 0x00, 0x7F, 0xFF,
  0xF9, 0x00, 0x5F, 0xFF, 0xFA, 0x00, 0x00, 0x00, 0x06, 0xFF, 0xFF, 0x90, 0x01, 0xFF, 0xFF, 0xC0, 0x00, 0x00, 0x00, 0x9F,
  0xFF, 0xF8, 0x00, 0x0B, 0xFF, 0xFF, 0x50, 0x00, 0x00, 0x2E, 0xFF, 0xFF, 0x40, 0x00, 0x5F, 0xFF, 0xFE, 0x60, 0x00, 0x3C,
  0xFF, 0xFF, 0xD0, 0x00, 0x00, 0xBF, 0xFF, 0xFF, 0xEC, 0xDF, 0xFF, 0xFF, 0xF4, 0x00, 0x00, 0x01, 0xCF, 0xFF, 0xFF, 0xFF,
  0xFF, 0xFF, 0xF6, 0x00, 0x00, 0x00, 0x01, 0xAF, 0xFF, 0xFF, 0xFF, 0xFF, 0xD4, 0x00, 0x00, 0x00, 0x00, 0x00, 0x39, 0xCE,
  0xFE, 0xDA, 0x50, 0x00, 0x00, 0x00, 0x00, 0xBF, 0xFF, 0xFF, 0xFF, 0xFE, 0xDB, 0x50, 0x00, 0x00, 0x0B, 0xFF, 0xFF, 0xFF,
  0xFF, 0xFF, 0xFF, 0xC1, 0x00, 0x00, 0xBF, 0xFF, 0xFF, 0xFF, 0xFF, 0xFF, 0xFF, 0xC0, 0x00, 0x0B, 0xFF, 0xFC, 0x55, 0x55,
  0x8E, 0xFF, 0xFF, 0x20, 0x00, 0xBF, 0xFF, 0xA0, 0x00, 0x00, 0x7F, 0xFF, 0xF4, 0x00, 0x0B, 0xFF, 0xFA, 0x00, 0x00, 0x06,
  0xFF, 0xFF, 0x20, 0x00, 0xBF, 0xFF, 0xA0, 0x00, 0x14, 0xDF, 0xFF, 0xA0, 0x00, 0x0B, 0xFF, 0xFF, 0xFF, 0xFF, 0xFF, 0xFF,
  0xB1, 0x00, 0x00, 0xBF, 0xFF, 0xFF, 0xFF, 0xFF, 0xFF, 0xF9, 0x20, 0x00, 0x0B, 0xFF, 0xFE, 0xDD, 0xDD, 0xEF, 0xFF, 0xFD,
  0x10, 0x00, 0xBF, 0xFF, 0xA0, 0x00, 0x00, 0x5F, 0xFF, 0xF7, 0x00, 0x0B, 0xFF, 0xFA, 0x00, 0x00, 0x00, 0xCF, 0xFF, 0xB0,
  0x00, 0xBF, 0xFF, 0xA0, 0x00, 0x00, 0x0D, 0xFF, 0xFB, 0x00, 0x0B, 0xFF, 0xFC, 0x44, 0x44, 0x6B, 0xFF, 0xFF, 0x80, 0x00,
  0xBF, 0xFF, 0xFF, 0xFF, 0xFF, 0xFF, 0xFF, 0xE3, 0x00, 0x0B, 0xFF, 0xFF, 0xFF, 0xFF, 0xFF, 0xFF, 0xE5, 0x00, 0x00, 0xBF,
  0xFF, 0xFF, 0xFF, 0xFE, 0xDC, 0x81, 0x00, 0x00, 0x00, 0xBF, 0xFF, 0xFF, 0xFF, 0xFF, 0xFF, 0xF8, 0x00, 0xBF, 0xFF, 0xFF,
  0xFF, 0xFF, 0xFF, 0xF8, 0x00, 0xBF, 0xFF, 0xFF, 0xFF, 0xFF, 0xFF, 0xF8, 0x00, 0xBF, 0xFF, 0xFE, 0xEE, 0xEE, 0xEE, 0xE7,
  0x00, 0xBF, 0xFF, 0xF0, 0x00, 0x00, 0x00, 0x00, 0x00, 0xBF, 0xFF, 0xF0, 0x00, 0x00, 0x00, 0x00, 0x00, 0xBF, 0xFF, 0xF0,
  0x00, 0x00, 0x00, 0x00, 0x00, 0xBF, 0xFF, 0xF0, 0x00, 0x00, 0x00, 0x00, 0x00, 0xBF, 0xFF, 0xF0, 0x00, 0x00, 0x00, 0x00,
  0x00, 0xBF, 0xFF, 0xF0, 0x00, 0x00, 0x00, 0x00, 0x00, 0xBF, 0xFF, 0xF0, 0x00, 0x00, 0x00, 0x00, 0x00, 0xBF, 0xFF, 0xF0,
  0x00, 0x00, 0x00, 0x00, 0x00, 0xBF, 0xFF, 0xF0, 0x00, 0x00, 0x00, 0x00, 0x00, 0xBF, 0xFF, 0xF0, 0x00, 0x00, 0x00, 0x00,
  0x00, 0xBF, 0xFF, 0xF0, 0x00, 0x00, 0x00, 0x00, 0x00, 0xBF, 0xFF, 0xF0, 0x00, 0x00, 0x00, 0x00, 0x00, 0xBF, 0xFF, 0xF0,
  0x00, 0x00, 0x00, 0x00, 0x00, 0x00, 0xFF, 0xFF, 0xFF, 0xFF, 0xFF, 0xFF, 0xFF, 0x60, 0x00, 0x00, 0x1F, 0xFF, 0xFF, 0xFF,
  0xFF, 0xFF, 0xFF, 0xF6, 0x00, 0x00, 0x01, 0xFF, 0xFF, 0xFF, 0xFF, 0xFF, 0xFF, 0xFF, 0x60, 0x00, 0x00, 0x2F, 0xFF, 0xFE,
  0xEE, 0xEE, 0xEF, 0xFF, 0xF6, 0x00, 0x00, 0x03, 0xFF, 0xFF, 0x40, 0x00, 0x07, 0xFF, 0xFF, 0x60, 0x00, 0x00, 0x3F, 0xFF,
  0xF3, 0x00, 0x00, 0x7F, 0xFF, 0xF6, 0x00, 0x00, 0x04, 0xFF, 0xFF, 0x20, 0x00, 0x07, 0xFF, 0xFF, 0x60, 0x00, 0x00, 0x6F,
  0xFF, 0xF0, 0x00, 0x00, 0x7F, 0xFF, 0xF6, 0x00, 0x00, 0x07, 0xFF, 0xFE, 0x00, 0x00, 0x07, 0xFF, 0xFF, 0x60, 0x00, 0x00,
  0x9F, 0xFF, 0xD0, 0x00, 0x00, 0x7F, 0xFF, 0xF6, 0x00, 0x00, 0x0C, 0xFF, 0xFB, 0x00, 0x00, 0x07, 0xFF, 0xFF, 0x60, 0x00,
  0x03, 0xFF, 0xFF, 0x80, 0x00, 0x00, 0x7F, 0xFF, 0xF6, 0x00, 0x01, 0xCF, 0xFF, 0xE2, 0x00, 0x00, 0x07, 0xFF, 0xFF, 0x60,
  0x0A, 0xFF, 0xFF, 0xFF, 0xEE, 0xEE, 0xEE, 0xEF, 0xFF, 0xFE, 0xEA, 0xBF, 0xFF, 0xFF, 0xFF, 0xFF, 0xFF, 0xFF, 0xFF, 0xFF,
  0xFF, 0xBB, 0xFF, 0xFF, 0xFF, 0xFF, 0xFF, 0xFF, 0xFF, 0xFF, 0xFF, 0xFB, 0xBF, 0xFF, 0xFF, 0xFF, 0xFF, 0xFF, 0xFF, 0xFF,
  0xFF, 0xFF, 0xBB, 0xFF, 0xFC, 0x00, 0x00, 0x00, 0x00, 0x00, 0x0B, 0xFF, 0xFB, 0xBF, 0xFF, 0xC0, 0x00, 0x00, 0x00, 0x00,
  0x00, 0xBF, 0xFF, 0xBB, 0xFF, 0xFC, 0x00, 0x00, 0x00, 0x00, 0x00, 0x0B, 0xFF, 0xFB, 0x00, 0x00, 0x01, 0x7B, 0xEF, 0xED,
  0x94, 0x00, 0x00, 0x00, 0x00, 0x00, 0x7E, 0xFF, 0xFF, 0xFF, 0xFF, 0xB2, 0x00, 0x00, 0x00, 0x0A, 0xFF, 0xFF, 0xFF, 0xFF,
  0xFF, 0xFD, 0x20, 0x00, 0x00, 0x8F, 0xFF, 0xFF, 0xDB, 0xCE, 0xFF, 0xFF, 0xC0, 0x00, 0x03, 0xFF, 0xFF, 0xE5, 0x00, 0x02,
  0xBF, 0xFF, 0xF6, 0x00, 0x09, 0xFF, 0xFF, 0x50, 0x00, 0x00, 0x1C, 0xFF, 0xFC, 0x00, 0x0D, 0xFF, 0xFD, 0x00, 0x00, 0x00,
  0x07, 0xFF, 0xFF, 0x10, 0x0F, 0xFF, 0xFF, 0xFF, 0xFF, 0xFF, 0xFF, 0xFF, 0xFF, 0x30, 0x1F, 0xFF, 0xFF, 0xFF, 0xFF, 0xFF,
  0xFF, 0xFF, 0xFF, 0x50, 0x0F, 0xFF, 0xFE, 0xCC, 0xCC, 0xCC, 0xCC, 0xCC, 0xCC, 0x30, 0x0D, 0xFF, 0xFE, 0x10, 0x00, 0x00,
  0x00, 0x00, 0x00, 0x00, 0x09, 0xFF, 0xFF, 0xA0, 0x00, 0x00, 0x00, 0x40, 0x00, 0x00, 0x02, 0xEF, 0xFF, 0xFB, 0x30, 0x01,
  0x4B, 0xF7, 0x00, 0x00, 0x00, 0x8F, 0xFF, 0xFF, 0xFE, 0xDF, 0xFF, 0xFF, 0x60, 0x00, 0x00, 0x09, 0xFF, 0xFF, 0xFF, 0xFF,
  0xFF, 0xFF, 0xC0, 0x00, 0x00, 0x00, 0x6E, 0xFF, 0xFF, 0xFF, 0xFF, 0xFB, 0x10, 0x00, 0x00, 0x00, 0x01, 0x6A, 0xDE, 0xFE,
  0xC9, 0x40, 0x00, 0x00, 0x4F, 0xFF, 0xFD, 0x00, 0x00, 0x07, 0xFF, 0xFF, 0x50, 0x00, 0x01, 0xEF, 0xFF, 0xE2, 0x0A, 0xFF,
  0xFF, 0x60, 0x00, 0x07, 0xFF, 0xFF, 0x50, 0x00, 0x09, 0xFF, 0xFF, 0x80, 0x02, 0xEF, 0xFF, 0xD0, 0x00, 0x07, 0xFF, 0xFF,
  0x50, 0x00, 0x2E, 0xFF, 0xFD, 0x10, 0x00, 0x8F, 0xFF, 0xF7, 0x00, 0x07, 0xFF, 0xFF, 0x50, 0x00, 0x9F, 0xFF, 0xF6, 0x00,
  0x00, 0x1E, 0xFF, 0xFE, 0x10, 0x07, 0xFF, 0xFF, 0x50, 0x02, 0xFF, 0xFF, 0xC0, 0x00, 0x00, 0x06, 0xFF, 0xFF, 0x70, 0x07,
  0xFF, 0xFF, 0x50, 0x0A, 0xFF, 0xFF, 0x40, 0x00, 0x00, 0x00, 0xDF, 0xFF, 0xE1, 0x07, 0xFF, 0xFF, 0x50, 0x3F, 0xFF, 0xFB,
  0x00, 0x00, 0x00, 0x00, 0x5F, 0xFF, 0xFF, 0xFF, 0xFF, 0xFF, 0xFF, 0xFF, 0xFF, 0xF3, 0x00, 0x00, 0x00, 0x00, 0x0C, 0xFF,
  0xFF, 0xFF, 0xFF, 0xFF, 0xFF, 0xFF, 0xFF, 0xB0, 0x00, 0x00, 0x00, 0x00, 0x4F, 0xFF, 0xFF, 0xFF, 0xFF, 0xFF, 0xFF, 0xFF,
  0xFF, 0xF3, 0x00, 0x00, 0x00, 0x00, 0xDF, 0xFF, 0xFD, 0xDE, 0xFF, 0xFF, 0xDD, 0xEF, 0xFF, 0xFB, 0x00, 0x00, 0x00, 0x08,
  0xFF, 0xFF, 0xD1, 0x07, 0xFF, 0xFF, 0x50, 0x2E, 0xFF, 0xFF, 0x60, 0x00, 0x00, 0x2E, 0xFF, 0xFF, 0x60, 0x07, 0xFF, 0xFF,
  0x50, 0x08, 0xFF, 0xFF, 0xE1, 0x00, 0x00, 0xBF, 0xFF, 0xFC, 0x00, 0x07, 0xFF, 0xFF, 0x50, 0x01, 0xDF, 0xFF, 0xF9, 0x00,
  0x05, 0xFF, 0xFF, 0xF4, 0x00, 0x07, 0xFF, 0xFF, 0x50, 0x00, 0x6F, 0xFF, 0xFF, 0x40, 0x1D, 0xFF, 0xFF, 0xA0, 0x00, 0x07,
  0xFF, 0xFF, 0x50, 0x00, 0x0C, 0xFF, 0xFF, 0xC0, 0x9F, 0xFF, 0xFF, 0x20, 0x00, 0x07, 0xFF, 0xFF, 0x50, 0x00, 0x04, 0xFF,
  0xFF, 0xF7, 0x00, 0x05, 0xAB, 0xDE, 0xED, 0xB8, 0x20, 0x00, 0x00, 0x8E, 0xFF, 0xFF, 0xFF, 0xFF, 0xFF, 0xA1, 0x00, 0x08,
  0xFF, 0xFF, 0xFF, 0xFF, 0xFF, 0xFF, 0xB0, 0x00, 0x3F, 0xFF, 0xEC, 0xBC, 0xEF, 0xFF, 0xFF, 0x60, 0x00, 0xA8, 0x30, 0x00,
  0x01, 0xBF, 0xFF, 0xF9, 0x00, 0x00, 0x00, 0x00, 0x00, 0x06, 0xFF, 0xFF, 0x70, 0x00, 0x00, 0x00, 0x00, 0x14, 0xCF, 0xFF,
  0xE2, 0x00, 0x00, 0x00, 0xCF, 0xFF, 0xFF, 0xFF, 0xE5, 0x00, 0x00, 0x00, 0x0C, 0xFF, 0xFF, 0xFF, 0xF8, 0x10, 0x00, 0x00,
  0x00, 0xCF, 0xFF, 0xFF, 0xFF, 0xFD, 0x20, 0x00, 0x00, 0x00, 0x00, 0x01, 0x7F, 0xFF, 0xFB, 0x00, 0x00, 0x00, 0x00, 0x00,
  0x00, 0xDF, 0xFF, 0xE0, 0x05, 0xA6, 0x10, 0x00, 0x00, 0x6F, 0xFF, 0xFE, 0x00, 0xBF, 0xFF, 0xDC, 0xBB, 0xEF, 0xFF, 0xFF,
  0xA0, 0x2F, 0xFF, 0xFF, 0xFF, 0xFF, 0xFF, 0xFF, 0xE2, 0x03, 0xCF, 0xFF, 0xFF, 0xFF, 0xFF, 0xFF, 0xB2, 0x00, 0x00, 0x27,
  0xBC, 0xDF, 0xED, 0xB8, 0x20, 0x00, 0x00, 0x00, 0xBF, 0xFF, 0xF0, 0x00, 0x00, 0x00, 0x6F, 0xFF, 0xF7, 0x00, 0x00, 0xBF,
  0xFF, 0xF0, 0x00, 0x00, 0x04, 0xFF, 0xFF, 0xF7, 0x00, 0x00, 0xBF, 0xFF, 0xF0, 0x00, 0x00, 0x2D, 0xFF, 0xFF, 0xF7, 0x00,
  0x00, 0xBF, 0xFF, 0xF0, 0x00, 0x00, 0xBF, 0xFF, 0xFF, 0xF7, 0x00, 0x00, 0xBF, 0xFF, 0xF0, 0x00, 0x09, 0xFF, 0xFF, 0xFF,
  0xF7, 0x00, 0x00, 0xBF, 0xFF, 0xF0, 0x00, 0x6F, 0xFF, 0xFF, 0xFF, 0xF7, 0x00, 0x00, 0xBF, 0xFF, 0xF0, 0x03, 0xEF, 0xFF,
  0xFF, 0xFF, 0xF7, 0x00, 0x00, 0xBF, 0xFF, 0xF0, 0x1D, 0xFF, 0xFF, 0x9F, 0xFF, 0xF7, 0x00, 0x00, 0xBF, 0xFF, 0xF1, 0xBF,
  0xFF, 0xF7, 0x6F, 0xFF, 0xF7, 0x00, 0x00, 0xBF, 0xFF, 0xF8, 0xFF, 0xFF, 0xA0, 0x6F, 0xFF, 0xF7, 0x00, 0x00, 0xBF, 0xFF,
  0xFF, 0xFF, 0xFC, 0x10, 0x6F, 0xFF, 0xF7, 0x00, 0x00, 0xBF, 0xFF, 0xFF, 0xFF, 0xE2, 0x00, 0x6F, 0xFF, 0xF7, 0x00, 0x00,
  0xBF, 0xFF, 0xFF, 0xFF, 0x50, 0x00, 0x6F, 0xFF, 0xF7, 0x00, 0x00, 0xBF, 0xFF, 0xFF, 0xF8, 0x00, 0x00, 0x6F, 0xFF, 0xF7,
  0x00, 0x00, 0xBF, 0xFF, 0xFF, 0xA0, 0x00, 0x00, 0x6F, 0xFF, 0xF7, 0x00, 0x00, 0xBF, 0xFF, 0xFD, 0x10, 0x00, 0x00, 0x6F,
  0xFF, 0xF7, 0x00, 0x00, 0xBF, 0xFF, 0xE3, 0x00, 0x00, 0x00, 0x6F, 0xFF, 0xF7, 0x00, 0x00, 0x00, 0x0C, 0xFF, 0x60, 0x00,
  0x6F, 0xFE, 0x00, 0x00, 0x00, 0x00, 0x00, 0x0A, 0xFF, 0xC2, 0x04, 0xDF, 0xFB, 0x00, 0x00, 0x00, 0x00, 0x00, 0x05, 0xFF,
  0xFF, 0xFF, 0xFF, 0xF6, 0x00, 0x00, 0x00, 0x00, 0x00, 0x00, 0x8F, 0xFF, 0xFF, 0xFF, 0x90, 0x00, 0x00, 0x00, 0x00, 0x00,
  0x00, 0x03, 0x8A, 0xBA, 0x83, 0x00, 0x00, 0x00, 0x00, 0x00, 0x00, 0x00, 0x00, 0x00, 0x00, 0x00, 0x00, 0x00, 0x00, 0x00,
  0x00, 0xBF, 0xFF, 0xF0, 0x00, 0x00, 0x00, 0x6F, 0xFF, 0xF7, 0x00, 0x00, 0xBF, 0xFF, 0xF0, 0x00, 0x00, 0x04, 0xFF, 0xFF,
  0xF7, 0x00, 0x00, 0xBF, 0xFF, 0xF0, 0x00, 0x00, 0x2D, 0xFF, 0xFF, 0xF7, 0x00, 0x00, 0xBF, 0xFF, 0xF0, 0x00, 0x00, 0xBF,
  0xFF, 0xFF, 0xF7, 0x00, 0x00, 0xBF, 0xFF, 0xF0, 0x00, 0x09, 0xFF, 0xFF, 0xFF, 0xF7, 0x00, 0x00, 0xBF, 0xFF, 0xF0, 0x00,
  0x6F, 0xFF, 0xFF, 0xFF, 0xF7, 0x00, 0x00, 0xBF, 0xFF, 0xF0, 0x03, 0xEF, 0xFF, 0xFF, 0xFF, 0xF7, 0x00, 0x00, 0xBF, 0xFF,
  0xF0, 0x1D, 0xFF, 0xFF, 0x9F, 0xFF, 0xF7, 0x00, 0x00, 0xBF, 0xFF, 0xF1, 0xBF, 0xFF, 0xF7, 0x6F, 0xFF, 0xF7, 0x00, 0x00,
  0xBF, 0xFF, 0xF8, 0xFF, 0xFF, 0xA0, 0x6F, 0xFF, 0xF7, 0x00, 0x00, 0xBF, 0xFF, 0xFF, 0xFF, 0xFC, 0x10, 0x6F, 0xFF, 0xF7,
  0x00, 0x00, 0xBF, 0xFF, 0xFF, 0xFF, 0xE2, 0x00, 0x6F, 0xFF, 0xF7, 0x00, 0x00, 0xBF, 0xFF, 0xFF, 0xFF, 0x50, 0x00, 0x6F,
  0xFF, 0xF7, 0x00, 0x00, 0xBF, 0xFF, 0xFF, 0xF8, 0x00, 0x00, 0x6F, 0xFF, 0xF7, 0x00, 0x00, 0xBF, 0xFF, 0xFF, 0xA0, 0x00,
  0x00, 0x6F, 0xFF, 0xF7, 0x00, 0x00, 0xBF, 0xFF, 0xFD, 0x10, 0x00, 0x00, 0x6F, 0xFF, 0xF7, 0x00, 0x00, 0xBF, 0xFF, 0xE3,
  0x00, 0x00, 0x00, 0x6F, 0xFF, 0xF7, 0x00, 0x00, 0xBF, 0xFF, 0xF1, 0x00, 0x00, 0x05, 0xFF, 0xFF, 0xC0, 0x00, 0xBF, 0xFF,
  0xF1, 0x00, 0x00, 0x1D, 0xFF, 0xFF, 0x30, 0x00, 0xBF, 0xFF, 0xF1, 0x00, 0x00, 0x9F, 0xFF, 0xF8, 0x00, 0x00, 0xBF, 0xFF,
  0xF1, 0x00, 0x03, 0xFF, 0xFF, 0xC0, 0x00, 0x00, 0xBF, 0xFF, 0xF1, 0x00, 0x0C, 0xFF, 0xFF, 0x30, 0x00, 0x00, 0xBF, 0xFF,
  0xF1, 0x00, 0x7F, 0xFF, 0xF7, 0x00, 0x00, 0x00, 0xBF, 0xFF, 0xF1, 0x02, 0xEF, 0xFF, 0xC0, 0x00, 0x00, 0x00, 0xBF, 0xFF,
  0xFF, 0xFF, 0xFF, 0xFE, 0x30, 0x00, 0x00, 0x00, 0xBF, 0xFF, 0xFF, 0xFF, 0xFF, 0xF9, 0x00, 0x00, 0x00, 0x00, 0xBF, 0xFF,
  0xFF, 0xFF, 0xFF, 0xFF, 0x30, 0x00, 0x00, 0x00, 0xBF, 0xFF, 0xFD, 0xDE, 0xFF, 0xFF, 0xD1, 0x00, 0x00, 0x00, 0xBF, 0xFF,
  0xF1, 0x02, 0xEF, 0xFF, 0xF9, 0x00, 0x00, 0x00, 0xBF, 0xFF, 0xF1, 0x00, 0x5F, 0xFF, 0xFF, 0x50, 0x00, 0x00, 0xBF, 0xFF,
  0xF1, 0x00, 0x09, 0xFF, 0xFF, 0xE2, 0x00, 0x00, 0xBF, 0xFF, 0xF1, 0x00, 0x01, 0xDF, 0xFF, 0xFC, 0x00, 0x00, 0xBF, 0xFF,
  0xF1, 0x00, 0x00, 0x3F, 0xFF, 0xFF, 0x80, 0x00, 0xBF, 0xFF, 0xF1, 0x00, 0x00, 0x07, 0xFF, 0xFF, 0xF4, 0x00, 0x01, 0xFF,
  0xFF, 0xFF, 0xFF, 0xFF, 0xFF, 0xFF, 0x10, 0x00, 0x01, 0xFF, 0xFF, 0xFF, 0xFF, 0xFF, 0xFF, 0xFF, 0x10, 0x00, 0x02, 0xFF,
  0xFF, 0xFF, 0xFF, 0xFF, 0xFF, 0xFF, 0x10, 0x00, 0x03, 0xFF, 0xFF, 0xEE, 0xEE, 0xEF, 0xFF, 0xFF, 0x10, 0x00, 0x03, 0xFF,
  0xFF, 0x10, 0x00, 0x0B, 0xFF, 0xFF, 0x10, 0x00, 0x04, 0xFF, 0xFF, 0x00, 0x00, 0x0B, 0xFF, 0xFF, 0x10, 0x00, 0x05, 0xFF,
  0xFE, 0x00, 0x00, 0x0B, 0xFF, 0xFF, 0x10, 0x00, 0x05, 0xFF, 0xFD, 0x00, 0x00, 0x0B, 0xFF, 0xFF, 0x10, 0x00, 0x06, 0xFF,
  0xFC, 0x00, 0x00, 0x0B, 0xFF, 0xFF, 0x10, 0x00, 0x08, 0xFF, 0xFB, 0x00, 0x00, 0x0B, 0xFF, 0xFF, 0x10, 0x00, 0x0B, 0xFF,
  0xFA, 0x00, 0x00, 0x0B, 0xFF, 0xFF, 0x10, 0x00, 0x2E, 0xFF, 0xF8, 0x00, 0x00, 0x0B, 0xFF, 0xFF, 0x10, 0x35, 0xCF, 0xFF,
  0xF5, 0x00, 0x00, 0x0B, 0xFF, 0xFF, 0x10, 0xAF, 0xFF, 0xFF, 0xE1, 0x00, 0x00, 0x0B, 0xFF, 0xFF, 0x10, 0xBF, 0xFF, 0xFF,
  0x90, 0x00, 0x00, 0x0B, 0xFF, 0xFF, 0x10, 0xBF, 0xFF, 0xFD, 0x20, 0x00, 0x00, 0x0B, 0xFF, 0xFF, 0x10, 0x9D, 0xEE, 0xA2,
  0x00, 0x00, 0x00, 0x0B, 0xFF, 0xFF, 0x10, 0x00, 0xBF, 0xFF, 0xF9, 0x00, 0x00, 0x00, 0x00, 0x04, 0xFF, 0xFF, 0x90, 0x00,
  0x0B, 0xFF, 0xFF, 0xF2, 0x00, 0x00, 0x00, 0x00, 0xCF, 0xFF, 0xF9, 0x00, 0x00, 0xBF, 0xFF, 0xFF, 0xA0, 0x00, 0x00, 0x00,
  0x6F, 0xFF, 0xFF, 0xA0, 0x00, 0x0B, 0xFF, 0xFF, 0xFF, 0x30, 0x00, 0x00, 0x1D, 0xFF, 0xFF, 0xFA, 0x00, 0x00, 0xBF, 0xFF,
  0xFF, 0xFB, 0x00, 0x00, 0x08, 0xFF, 0xFF, 0xFF, 0xA0, 0x00, 0x0B, 0xFF, 0xFF, 0xFF, 0xF4, 0x00, 0x02, 0xEF, 0xFF, 0xFF,
  0xFA, 0x00, 0x00, 0xBF, 0xFF, 0xFF, 0xFF, 0xC0, 0x00, 0xAF, 0xFF, 0xFF, 0xFF, 0xA0, 0x00, 0x0B, 0xFF, 0xFB, 0xEF, 0xFF,
  0x50, 0x3F, 0xFF, 0xEB, 0xFF, 0xFA, 0x00, 0x00, 0xBF, 0xFF, 0xA8, 0xFF, 0xFC, 0x0B, 0xFF, 0xF6, 0xBF, 0xFF, 0xA0, 0x00,
  0x0B, 0xFF, 0xFA, 0x1D, 0xFF, 0xFA, 0xFF, 0xFC, 0x0B, 0xFF, 0xFA, 0x00, 0x00, 0xBF, 0xFF, 0xA0, 0x6F, 0xFF, 0xFF, 0xFF,
  0x40, 0xBF, 0xFF, 0xA0, 0x00, 0x0B, 0xFF, 0xFA, 0x00, 0xCF, 0xFF, 0xFF, 0xA0, 0x0B, 0xFF, 0xFA, 0x00, 0x00, 0xBF, 0xFF,
  0xA0, 0x04, 0xFF, 0xFF, 0xE2, 0x00, 0xBF, 0xFF, 0xA0, 0x00, 0x0B, 0xFF, 0xFA, 0x00, 0x0A, 0xFF, 0xF8, 0x00, 0x0B, 0xFF,
  0xFA, 0x00, 0x00, 0xBF, 0xFF, 0xA0, 0x00, 0x3F, 0xFD, 0x10, 0x00, 0xBF, 0xFF, 0xA0, 0x00, 0x0B, 0xFF, 0xFA, 0x00, 0x00,
  0x56, 0x30, 0x00, 0x0B, 0xFF, 0xFA, 0x00, 0x00, 0xBF, 0xFF, 0xA0, 0x00, 0x00, 0x00, 0x00, 0x00, 0xBF, 0xFF, 0xA0, 0x00,
  0x00, 0xBF, 0xFF, 0xF0, 0x00, 0x00, 0x00, 0xDF, 0xFF, 0xE0, 0x00, 0x0B, 0xFF, 0xFF, 0x00, 0x00, 0x00, 0x0D, 0xFF, 0xFE,
  0x00, 0x00, 0xBF, 0xFF, 0xF0, 0x00, 0x00, 0x00, 0xDF, 0xFF, 0xE0, 0x00, 0x0B, 0xFF, 0xFF, 0x00, 0x00, 0x00, 0x0D, 0xFF,
  0xFE, 0x00, 0x00, 0xBF, 0xFF, 0xF0, 0x00, 0x00, 0x00, 0xDF, 0xFF, 0xE0, 0x00, 0x0B, 0xFF, 0xFF, 0x00, 0x00, 0x00, 0x0D,
  0xFF, 0xFE, 0x00, 0x00, 0xBF, 0xFF, 0xF0, 0x00, 0x00, 0x00, 0xDF, 0xFF, 0xE0, 0x00, 0x0B, 0xFF, 0xFF, 0xFF, 0xFF, 0xFF,
  0xFF, 0xFF, 0xFE, 0x00, 0x00, 0xBF, 0xFF, 0xFF, 0xFF, 0xFF, 0xFF, 0xFF, 0xFF, 0xE0, 0x00, 0x0B, 0xFF, 0xFF, 0xFF, 0xFF,
  0xFF, 0xFF, 0xFF, 0xFE, 0x00, 0x00, 0xBF, 0xFF, 0xFE, 0xEE, 0xEE, 0xEE, 0xFF, 0xFF, 0xE0, 0x00, 0x0B, 0xFF, 0xFF, 0x00,
  0x00, 0x00, 0x0D, 0xFF, 0xFE, 0x00, 0x00, 0xBF, 0xFF, 0xF0, 0x00, 0x00, 0x00, 0xDF, 0xFF, 0xE0, 0x00, 0x0B, 0xFF, 0xFF,
  0x00, 0x00, 0x00, 0x0D, 0xFF, 0xFE, 0x00, 0x00, 0xBF, 0xFF, 0xF0, 0x00, 0x00, 0x00, 0xDF, 0xFF, 0xE0, 0x00, 0x0B, 0xFF,
  0xFF, 0x00, 0x00, 0x00, 0x0D, 0xFF, 0xFE, 0x00, 0x00, 0xBF, 0xFF, 0xF0, 0x00, 0x00, 0x00, 0xDF, 0xFF, 0xE0, 0x00, 0x00,
  0x00, 0x01, 0x7B, 0xDE, 0xED, 0xB7, 0x10, 0x00, 0x00, 0x00, 0x00, 0x6E, 0xFF, 0xFF, 0xFF, 0xFF, 0xE6, 0x00, 0x00, 0x00,
  0x09, 0xFF, 0xFF, 0xFF, 0xFF, 0xFF, 0xFF, 0x90, 0x00, 0x00, 0x8F, 0xFF, 0xFF, 0xFF, 0xFF, 0xFF, 0xFF, 0xF7, 0x00, 0x02,
  0xEF, 0xFF, 0xFC, 0x41, 0x15, 0xCF, 0xFF, 0xFE, 0x20, 0x09, 0xFF, 0xFF, 0xC0, 0x00, 0x00, 0x0C, 0xFF, 0xFF, 0x80, 0x0D,
  0xFF, 0xFF, 0x30, 0x00, 0x00, 0x04, 0xFF, 0xFF, 0xC0, 0x0F, 0xFF, 0xFE, 0x00, 0x00, 0x00, 0x00, 0xFF, 0xFF, 0xE0, 0x1F,
  0xFF, 0xFD, 0x00, 0x00, 0x00, 0x00, 0xDF, 0xFF, 0xF0, 0x0F, 0xFF, 0xFE, 0x00, 0x00, 0x00, 0x00, 0xFF, 0xFF, 0xE0, 0x0D,
  0xFF, 0xFF, 0x30, 0x00, 0x00, 0x04, 0xFF, 0xFF, 0xC0, 0x09, 0xFF, 0xFF, 0xC0, 0x00, 0x00, 0x0C, 0xFF, 0xFF, 0x80, 0x02,
  0xFF, 0xFF, 0xFC, 0x41, 0x14, 0xCF, 0xFF, 0xFE, 0x20, 0x00, 0x8F, 0xFF, 0xFF, 0xFF, 0xFF, 0xFF, 0xFF, 0xF7, 0x00, 0x00,
  0x09, 0xFF, 0xFF, 0xFF, 0xFF, 0xFF, 0xFF, 0x90, 0x00, 0x00, 0x00, 0x7E, 0xFF, 0xFF, 0xFF, 0xFF, 0xE6, 0x00, 0x00, 0x00,
  0x00, 0x01, 0x7B, 0xDE, 0xED, 0xB7, 0x10, 0x00, 0x00, 0x00, 0xBF, 0xFF, 0xFF, 0xFF, 0xFF, 0xFF, 0xFF, 0xFF, 0xA0, 0x00,
  0x0B, 0xFF, 0xFF, 0xFF, 0xFF, 0xFF, 0xFF, 0xFF, 0xFA, 0x00, 0x00, 0xBF, 0xFF, 0xFF, 0xFF, 0xFF, 0xFF, 0xFF, 0xFF, 0xA0,
  0x00, 0x0B, 0xFF, 0xFF, 0xEE, 0xEE, 0xEE, 0xEF, 0xFF, 0xFA, 0x00, 0x00, 0xBF, 0xFF, 0xF0, 0x00, 0x00, 0x03, 0xFF, 0xFF,
  0xA0, 0x00, 0x0B, 0xFF, 0xFF, 0x00, 0x00, 0x00, 0x3F, 0xFF, 0xFA, 0x00, 0x00, 0xBF, 0xFF, 0xF0, 0x00, 0x00, 0x03, 0xFF,
  0xFF, 0xA0, 0x00, 0x0B, 0xFF, 0xFF, 0x00, 0x00, 0x00, 0x3F, 0xFF, 0xFA, 0x00, 0x00, 0xBF, 0xFF, 0xF0, 0x00, 0x00, 0x03,
  0xFF, 0xFF, 0xA0, 0x00, 0x0B, 0xFF, 0xFF, 0x00, 0x00, 0x00, 0x3F, 0xFF, 0xFA, 0x00, 0x00, 0xBF, 0xFF, 0xF0, 0x00, 0x00,
  0x03, 0xFF, 0xFF, 0xA0, 0x00, 0x0B, 0xFF, 0xFF, 0x00, 0x00, 0x00, 0x3F, 0xFF, 0xFA, 0x00, 0x00, 0xBF, 0xFF, 0xF0, 0x00,
  0x00, 0x03, 0xFF, 0xFF, 0xA0, 0x00, 0x0B, 0xFF, 0xFF, 0x00, 0x00, 0x00, 0x3F, 0xFF, 0xFA, 0x00, 0x00, 0xBF, 0xFF, 0xF0,
  0x00, 0x00, 0x03, 0xFF, 0xFF, 0xA0, 0x00, 0x0B, 0xFF, 0xFF, 0x00, 0x00, 0x00, 0x3F, 0xFF, 0xFA, 0x00, 0x00, 0xBF, 0xFF,
  0xF0, 0x00, 0x00, 0x03, 0xFF, 0xFF, 0xA0, 0x00, 0x00, 0xCF, 0xFF, 0xD0, 0x4A, 0xDE, 0xED, 0xA4, 0x00, 0x00, 0x00, 0x0C,
  0xFF, 0xFD, 0x8F, 0xFF, 0xFF, 0xFF, 0xFB, 0x20, 0x00, 0x00, 0xCF, 0xFF, 0xFF, 0xFF, 0xFF, 0xFF, 0xFF, 0xFD, 0x20, 0x00,
  0x0C, 0xFF, 0xFF, 0xFF, 0xFF, 0xFF, 0xFF, 0xFF, 0xFC, 0x00, 0x00, 0xCF, 0xFF, 0xFF, 0xD5, 0x10, 0x4B, 0xFF, 0xFF, 0xF5,
  0x00, 0x0C, 0xFF, 0xFF, 0xE1, 0x00, 0x00, 0x0B, 0xFF, 0xFF, 0xB0, 0x00, 0xCF, 0xFF, 0xF6, 0x00, 0x00, 0x00, 0x2F, 0xFF,
  0xFE, 0x00, 0x0C, 0xFF, 0xFF, 0x20, 0x00, 0x00, 0x00, 0xDF, 0xFF, 0xF2, 0x00, 0xCF, 0xFF, 0xF0, 0x00, 0x00, 0x00, 0x0B,
  0xFF, 0xFF, 0x30, 0x0C, 0xFF, 0xFF, 0x20, 0x00, 0x00, 0x00, 0xDF, 0xFF, 0xF1, 0x00, 0xCF, 0xFF, 0xF6, 0x00, 0x00, 0x00,
  0x2F, 0xFF, 0xFE, 0x00, 0x0C, 0xFF, 0xFF, 0xD1, 0x00, 0x00, 0x0A, 0xFF, 0xFF, 0xB0, 0x00, 0xCF, 0xFF, 0xFF, 0xD5, 0x10,
  0x3B, 0xFF, 0xFF, 0xF5, 0x00, 0x0C, 0xFF, 0xFF, 0xFF, 0xFF, 0xFF, 0xFF, 0xFF, 0xFB, 0x00, 0x00, 0xCF, 0xFF, 0xFF, 0xFF,
  0xFF, 0xFF, 0xFF, 0xFD, 0x20, 0x00, 0x0C, 0xFF, 0xFF, 0x8F, 0xFF, 0xFF, 0xFF, 0xFB, 0x20, 0x00, 0x00, 0xCF, 0xFF, 0xF0,
  0x39, 0xCE, 0xED, 0xA5, 0x00, 0x00, 0x00, 0x0C, 0xFF, 0xFF, 0x00, 0x00, 0x00, 0x00, 0x00, 0x00, 0x00, 0x00, 0xCF, 0xFF,
  0xF0, 0x00, 0x00, 0x00, 0x00, 0x00, 0x00, 0x00, 0x0C, 0xFF, 0xFF, 0x00, 0x00, 0x00, 0x00, 0x00, 0x00, 0x00, 0x00, 0xCF,
  0xFF, 0xF0, 0x00, 0x00, 0x00, 0x00, 0x00, 0x00, 0x00, 0x0C, 0xFF, 0xFF, 0x00, 0x00, 0x00, 0x00, 0x00, 0x00, 0x00, 0x00,
  0xCF, 0xFF, 0xF0, 0x00, 0x00, 0x00, 0x00, 0x00, 0x00, 0x00, 0x00, 0x00, 0x01, 0x6A, 0xDE, 0xED, 0xB6, 0x10, 0x00, 0x00,
  0x00, 0x6E, 0xFF, 0xFF, 0xFF, 0xFF, 0xE5, 0x00, 0x00, 0x09, 0xFF, 0xFF, 0xFF, 0xFF, 0xFF, 0xFF, 0x60, 0x00, 0x8F, 0xFF,
  0xFF, 0xFF, 0xFF, 0xFF, 0xFF, 0xE2, 0x02, 0xEF, 0xFF, 0xFC, 0x51, 0x04, 0xCF, 0xFF, 0xB3, 0x09, 0xFF, 0xFF, 0xC0, 0x00,
  0x00, 0x0B, 0xD5, 0x00, 0x0D, 0xFF, 0xFF, 0x30, 0x00, 0x00, 0x01, 0x00, 0x00, 0x0F, 0xFF, 0xFE, 0x00, 0x00, 0x00, 0x00,
  0x00, 0x00, 0x1F, 0xFF, 0xFD, 0x00, 0x00, 0x00, 0x00, 0x00, 0x00, 0x0F, 0xFF, 0xFE, 0x00, 0x00, 0x00, 0x00, 0x00, 0x00,
  0x0D, 0xFF, 0xFF, 0x30, 0x00, 0x00, 0x01, 0x00, 0x00, 0x09, 0xFF, 0xFF, 0xC0, 0x00, 0x00, 0x0B, 0xC4, 0x00, 0x02, 0xFF,
  0xFF, 0xFC, 0x41, 0x03, 0xBF, 0xFF, 0xB3, 0x00, 0x8F, 0xFF, 0xFF, 0xFF, 0xEF, 0xFF, 0xFF, 0xE2, 0x00, 0x09, 0xFF, 0xFF,
  0xFF, 0xFF, 0xFF, 0xFF, 0x60, 0x00, 0x00, 0x6E, 0xFF, 0xFF, 0xFF, 0xFF, 0xE5, 0x00, 0x00, 0x00, 0x01, 0x7B, 0xDE, 0xED,
  0xB6, 0x10, 0x00, 0xCF, 0xFF, 0xFF, 0xFF, 0xFF, 0xFF, 0xFF, 0xFF, 0x2C, 0xFF, 0xFF, 0xFF, 0xFF, 0xFF, 0xFF, 0xFF, 0xF2,
  0xCF, 0xFF, 0xFF, 0xFF, 0xFF, 0xFF, 0xFF, 0xFF, 0x2B, 0xEE, 0xEE, 0xEF, 0xFF, 0xFF, 0xEE, 0xEE, 0xE2, 0x00, 0x00, 0x04,
  0xFF, 0xFF, 0x90, 0x00, 0x00, 0x00, 0x00, 0x00, 0x4F, 0xFF, 0xF9, 0x00, 0x00, 0x00, 0x00, 0x00, 0x04, 0xFF, 0xFF, 0x90,
  0x00, 0x00, 0x00, 0x00, 0x00, 0x4F, 0xFF, 0xF9, 0x00, 0x00, 0x00, 0x00, 0x00, 0x04, 0xFF, 0xFF, 0x90, 0x00, 0x00, 0x00,
  0x00, 0x00, 0x4F, 0xFF, 0xF9, 0x00, 0x00, 0x00, 0x00, 0x00, 0x04, 0xFF, 0xFF, 0x90, 0x00, 0x00, 0x00, 0x00, 0x00, 0x4F,
  0xFF, 0xF9, 0x00, 0x00, 0x00, 0x00, 0x00, 0x04, 0xFF, 0xFF, 0x90, 0x00, 0x00, 0x00, 0x00, 0x00, 0x4F, 0xFF, 0xF9, 0x00,
  0x00, 0x00, 0x00, 0x00, 0x04, 0xFF, 0xFF, 0x90, 0x00, 0x00, 0x00, 0x00, 0x00, 0x4F, 0xFF, 0xF9, 0x00, 0x00, 0x00, 0x00,
  0x00, 0x04, 0xFF, 0xFF, 0x90, 0x00, 0x00, 0x00, 0x0C, 0xFF, 0xFF, 0x20, 0x00, 0x00, 0x00, 0x2F, 0xFF, 0xF9, 0x06, 0xFF,
  0xFF, 0x80, 0x00, 0x00, 0x00, 0x7F, 0xFF, 0xF3, 0x01, 0xEF, 0xFF, 0xE0, 0x00, 0x00, 0x00, 0xDF, 0xFF, 0xB0, 0x00, 0x9F,
  0xFF, 0xF6, 0x00, 0x00, 0x05, 0xFF, 0xFF, 0x50, 0x00, 0x3F, 0xFF, 0xFB, 0x00, 0x00, 0x0B, 0xFF, 0xFD, 0x00, 0x00, 0x0B,
  0xFF, 0xFF, 0x30, 0x00, 0x2F, 0xFF, 0xF8, 0x00, 0x00, 0x05, 0xFF, 0xFF, 0x90, 0x00, 0x8F, 0xFF, 0xF2, 0x00, 0x00, 0x00,
  0xDF, 0xFF, 0xE1, 0x00, 0xDF, 0xFF, 0xA0, 0x00, 0x00, 0x00, 0x7F, 0xFF, 0xF6, 0x05, 0xFF, 0xFF, 0x40, 0x00, 0x00, 0x00,
  0x1E, 0xFF, 0xFC, 0x0B, 0xFF, 0xFC, 0x00, 0x00, 0x00, 0x00, 0x0A, 0xFF, 0xFF, 0x5F, 0xFF, 0xF7, 0x00, 0x00, 0x00, 0x00,
  0x03, 0xFF, 0xFF, 0xEF, 0xFF, 0xE1, 0x00, 0x00, 0x00, 0x00, 0x00, 0xCF, 0xFF, 0xFF, 0xFF, 0x90, 0x00, 0x00, 0x00, 0x00,
  0x00, 0x6F, 0xFF, 0xFF, 0xFF, 0x30, 0x00, 0x00, 0x00, 0x00, 0x00, 0x0E, 0xFF, 0xFF, 0xFB, 0x00, 0x00, 0x00, 0x00, 0x00,
  0x00, 0x08, 0xFF, 0xFF, 0xF5, 0x00, 0x00, 0x00, 0x00, 0x00, 0x00, 0x02, 0xFF, 0xFF, 0xD0, 0x00, 0x00, 0x00, 0x00, 0x00,
  0x00, 0x04, 0xFF, 0xFF, 0x80, 0x00, 0x00, 0x00, 0x00, 0x87, 0x10, 0x2D, 0xFF, 0xFE, 0x10, 0x00, 0x00, 0x00, 0x02, 0xEF,
  0xFD, 0xFF, 0xFF, 0xF7, 0x00, 0x00, 0x00, 0x00, 0x09, 0xFF, 0xFF, 0xFF, 0xFF, 0xC1, 0x00, 0x00, 0x00, 0x00, 0x0C, 0xFF,
  0xFF, 0xFF, 0xFC, 0x10, 0x00, 0x00, 0x00, 0x00, 0x00, 0x6B, 0xDF, 0xEC, 0x60, 0x00, 0x00, 0x00, 0x00, 0x00, 0x00, 0x00,
  0x00, 0x00, 0x00, 0x4F, 0xFF, 0xF3, 0x00, 0x00, 0x00, 0x00, 0x00, 0x00, 0x00, 0x00, 0x00, 0x00, 0x4F, 0xFF, 0xF3, 0x00,
  0x00, 0x00, 0x00, 0x00, 0x00, 0x00, 0x00, 0x00, 0x00, 0x4F, 0xFF, 0xF3, 0x00, 0x00, 0x00, 0x00, 0x00, 0x00, 0x00, 0x00,
  0x00, 0x00, 0x4F, 0xFF, 0xF3, 0x00, 0x00, 0x00, 0x00, 0x00, 0x00, 0x00, 0x00, 0x00, 0x00, 0x4F, 0xFF, 0xF3, 0x00, 0x00,
  0x00, 0x00, 0x00, 0x00, 0x00, 0x00, 0x00, 0x00, 0x4F, 0xFF, 0xF3, 0x00, 0x00, 0x00, 0x00, 0x00, 0x00, 0x00, 0x00, 0x38,
  0xBD, 0xFF, 0xFF, 0xFE, 0xDB, 0x73, 0x00, 0x00, 0x00, 0x00, 0x00, 0x5C, 0xFF, 0xFF, 0xFF, 0xFF, 0xFF, 0xFF, 0xFF, 0xB4,
  0x00, 0x00, 0x00, 0x09, 0xFF, 0xFF, 0xFF, 0xFF, 0xFF, 0xFF, 0xFF, 0xFF, 0xFF, 0x70, 0x00, 0x00, 0x8F, 0xFF, 0xFF, 0xFF,
  0xDF, 0xFF, 0xFD, 0xFF, 0xFF, 0xFF, 0xF7, 0x00, 0x03, 0xFF, 0xFF, 0xFC, 0x40, 0x4F, 0xFF, 0xF3, 0x15, 0xCF, 0xFF, 0xFE,
  0x20, 0x09, 0xFF, 0xFF, 0x90, 0x00, 0x4F, 0xFF, 0xF3, 0x00, 0x0A, 0xFF, 0xFF, 0x80, 0x0D, 0xFF, 0xFE, 0x10, 0x00, 0x4F,
  0xFF, 0xF3, 0x00, 0x01, 0xEF, 0xFF, 0xC0, 0x0F, 0xFF, 0xFB, 0x00, 0x00, 0x4F, 0xFF, 0xF3, 0x00, 0x00, 0xCF, 0xFF, 0xE0,
  0x1F, 0xFF, 0xFA, 0x00, 0x00, 0x4F, 0xFF, 0xF3, 0x00, 0x00, 0xAF, 0xFF, 0xF0, 0x0F, 0xFF, 0xFB, 0x00, 0x00, 0x4F, 0xFF,
  0xF3, 0x00, 0x00, 0xCF, 0xFF, 0xE0, 0x0D, 0xFF, 0xFE, 0x10, 0x00, 0x4F, 0xFF, 0xF3, 0x00, 0x02, 0xEF, 0xFF, 0xC0, 0x09,
  0xFF, 0xFF, 0xA0, 0x00, 0x4F, 0xFF, 0xF3, 0x00, 0x0B, 0xFF, 0xFF, 0x80, 0x02, 0xEF, 0xFF, 0xFC, 0x41, 0x4F, 0xFF, 0xF3,
  0x15, 0xCF, 0xFF, 0xFE, 0x10, 0x00, 0x7F, 0xFF, 0xFF, 0xFF, 0xDF, 0xFF, 0xFD, 0xFF, 0xFF, 0xFF, 0xF6, 0x00, 0x00, 0x08,
  0xFF, 0xFF, 0xFF, 0xFF, 0xFF, 0xFF, 0xFF, 0xFF, 0xFE, 0x60, 0x00, 0x00, 0x00, 0x4C, 0xFF, 0xFF, 0xFF, 0xFF, 0xFF, 0xFF,
  0xFF, 0xB3, 0x00, 0x00, 0x00, 0x00, 0x00, 0x38, 0xBD, 0xFF, 0xFF, 0xFE, 0xDB, 0x72, 0x00, 0x00, 0x00, 0x00, 0x00, 0x00,
  0x00, 0x00, 0x4F, 0xFF, 0xF3, 0x00, 0x00, 0x00, 0x00, 0x00, 0x00, 0x00, 0x00, 0x00, 0x00, 0x4F, 0xFF, 0xF3, 0x00, 0x00,
  0x00, 0x00, 0x00, 0x00, 0x00, 0x00, 0x00, 0x00, 0x4F, 0xFF, 0xF3, 0x00, 0x00, 0x00, 0x00, 0x00, 0x00, 0x00, 0x00, 0x00,
  0x00, 0x4F, 0xFF, 0xF3, 0x00, 0x00, 0x00, 0x00, 0x00, 0x00, 0x00, 0x00, 0x00, 0x00, 0x4F, 0xFF, 0xF3, 0x00, 0x00, 0x00,
  0x00, 0x00, 0x00, 0x00, 0x00, 0x00, 0x00, 0x4F, 0xFF, 0xF3, 0x00, 0x00, 0x00, 0x00, 0x00, 0x6F, 0xFF, 0xFE, 0x20, 0x00,
  0x00, 0xBF, 0xFF, 0xF7, 0x00, 0xAF, 0xFF, 0xFB, 0x00, 0x00, 0x7F, 0xFF, 0xFB, 0x00, 0x01, 0xDF, 0xFF, 0xF7, 0x00, 0x3E,
  0xFF, 0xFD, 0x10, 0x00, 0x04, 0xFF, 0xFF, 0xE3, 0x1C, 0xFF, 0xFF, 0x40, 0x00, 0x00, 0x08, 0xFF, 0xFF, 0xC9, 0xFF, 0xFF,
  0x80, 0x00, 0x00, 0x00, 0x0B, 0xFF, 0xFF, 0xFF, 0xFF, 0xC0, 0x00, 0x00, 0x00, 0x00, 0x2E, 0xFF, 0xFF, 0xFF, 0xE2, 0x00,
  0x00, 0x00, 0x00, 0x00, 0x5F, 0xFF, 0xFF, 0xF5, 0x00, 0x00, 0x00, 0x00, 0x00, 0x00, 0xCF, 0xFF, 0xFD, 0x10, 0x00, 0x00,
  0x00, 0x00, 0x00, 0x7F, 0xFF, 0xFF, 0xF9, 0x00, 0x00, 0x00, 0x00, 0x00, 0x3E, 0xFF, 0xFF, 0xFF, 0xF5, 0x00, 0x00, 0x00,
  0x00, 0x1D, 0xFF, 0xFF, 0xFF, 0xFF, 0xE2, 0x00, 0x00, 0x00, 0x0A, 0xFF, 0xFF, 0x88, 0xFF, 0xFF, 0xB0, 0x00, 0x00, 0x06,
  0xFF, 0xFF, 0xC0, 0x0C, 0xFF, 0xFF, 0x80, 0x00, 0x03, 0xEF, 0xFF, 0xE3, 0x00, 0x3F, 0xFF, 0xFF, 0x40, 0x01, 0xCF, 0xFF,
  0xF6, 0x00, 0x00, 0x7F, 0xFF, 0xFD, 0x10, 0x9F, 0xFF, 0xFA, 0x00, 0x00, 0x00, 0xCF, 0xFF, 0xFB, 0x00, 0x00, 0xBF, 0xFF,
  0xF0, 0x00, 0x00, 0x06, 0xFF, 0xFF, 0x70, 0x00, 0x00, 0xBF, 0xFF, 0xF0, 0x00, 0x00, 0x06, 0xFF, 0xFF, 0x70, 0x00, 0x00,
  0xBF, 0xFF, 0xF0, 0x00, 0x00, 0x06, 0xFF, 0xFF, 0x70, 0x00, 0x00, 0xBF, 0xFF, 0xF0, 0x00, 0x00, 0x06, 0xFF, 0xFF, 0x70,
  0x00, 0x00, 0xBF, 0xFF, 0xF0, 0x00, 0x00, 0x06, 0xFF, 0xFF, 0x70, 0x00, 0x00, 0xBF, 0xFF, 0xF0, 0x00, 0x00, 0x06, 0xFF,
  0xFF, 0x70, 0x00, 0x00, 0xBF, 0xFF, 0xF0, 0x00, 0x00, 0x06, 0xFF, 0xFF, 0x70, 0x00, 0x00, 0xBF, 0xFF, 0xF0, 0x00, 0x00,
  0x06, 0xFF, 0xFF, 0x70, 0x00, 0x00, 0xBF, 0xFF, 0xF0, 0x00, 0x00, 0x06, 0xFF, 0xFF, 0x70, 0x00, 0x00, 0xBF, 0xFF, 0xF0,
  0x00, 0x00, 0x06, 0xFF, 0xFF, 0x70, 0x00, 0x00, 0xBF, 0xFF, 0xF0, 0x00, 0x00, 0x06, 0xFF, 0xFF, 0x70, 0x00, 0x00, 0xBF,
  0xFF, 0xF0, 0x00, 0x00, 0x06, 0xFF, 0xFF, 0x70, 0x00, 0x00, 0xBF, 0xFF, 0xF0, 0x00, 0x00, 0x06, 0xFF, 0xFF, 0x70, 0x00,
  0x00, 0xBF, 0xFF, 0xFE, 0xEE, 0xEE, 0xEE, 0xFF, 0xFF, 0xEE, 0xC0, 0x00, 0xBF, 0xFF, 0xFF, 0xFF, 0xFF, 0xFF, 0xFF, 0xFF,
  0xFF, 0xD0, 0x00, 0xBF, 0xFF, 0xFF, 0xFF, 0xFF, 0xFF, 0xFF, 0xFF, 0xFF, 0xD0, 0x00, 0xBF, 0xFF, 0xFF, 0xFF, 0xFF, 0xFF,
  0xFF, 0xFF, 0xFF, 0xD0, 0x00, 0x00, 0x00, 0x00, 0x00, 0x00, 0x00, 0x00, 0xAF, 0xFF, 0xD0, 0x00, 0x00, 0x00, 0x00, 0x00,
  0x00, 0x00, 0x00, 0xAF, 0xFF, 0xD0, 0x00, 0x00, 0x00, 0x00, 0x00, 0x00, 0x00, 0x00, 0xAF, 0xFF, 0xD0, 0x00, 0x00, 0x00,
  0x00, 0x00, 0x00, 0x00, 0x00, 0x7A, 0xAA, 0x80, 0x0F, 0xFF, 0xFC, 0x00, 0x00, 0x00, 0xBF, 0xFF, 0xF2, 0x00, 0xFF, 0xFF,
  0xC0, 0x00, 0x00, 0x0B, 0xFF, 0xFF, 0x20, 0x0F, 0xFF, 0xFC, 0x00, 0x00, 0x00, 0xBF, 0xFF, 0xF2, 0x00, 0xFF, 0xFF, 0xC0,
  0x00, 0x00, 0x0B, 0xFF, 0xFF, 0x20, 0x0F, 0xFF, 0xFC, 0x00, 0x00, 0x00, 0xBF, 0xFF, 0xF2, 0x00, 0xFF, 0xFF, 0xD0, 0x00,
  0x00, 0x0B, 0xFF, 0xFF, 0x20, 0x0D, 0xFF, 0xFF, 0x20, 0x00, 0x00, 0xBF, 0xFF, 0xF2, 0x00, 0xBF, 0xFF, 0xFC, 0x41, 0x24,
  0x9E, 0xFF, 0xFF, 0x20, 0x06, 0xFF, 0xFF, 0xFF, 0xFF, 0xFF, 0xFF, 0xFF, 0xF2, 0x00, 0x0B, 0xFF, 0xFF, 0xFF, 0xFF, 0xFF,
  0xFF, 0xFF, 0x20, 0x00, 0x2A, 0xFF, 0xFF, 0xFF, 0xFE, 0xEF, 0xFF, 0xF2, 0x00, 0x00, 0x03, 0x79, 0xAA, 0x85, 0x0B, 0xFF,
  0xFF, 0x20, 0x00, 0x00, 0x00, 0x00, 0x00, 0x00, 0xBF, 0xFF, 0xF2, 0x00, 0x00, 0x00, 0x00, 0x00, 0x00, 0x0B, 0xFF, 0xFF,
  0x20, 0x00, 0x00, 0x00, 0x00, 0x00, 0x00, 0xBF, 0xFF, 0xF2, 0x00, 0x00, 0x00, 0x00, 0x00, 0x00, 0x0B, 0xFF, 0xFF, 0x20,
  0x00, 0x00, 0x00, 0x00, 0x00, 0x00, 0xBF, 0xFF, 0xF2, 0x00, 0x00, 0xBF, 0xFF, 0xF0, 0x00, 0x00, 0x8F, 0xFF, 0xF4, 0x00,
  0x00, 0x6F, 0xFF, 0xF6, 0x00, 0x00, 0xBF, 0xFF, 0xF0, 0x00, 0x00, 0x8F, 0xFF, 0xF4, 0x00, 0x00, 0x6F, 0xFF, 0xF6, 0x00,
  0x00, 0xBF, 0xFF, 0xF0, 0x00, 0x00, 0x8F, 0xFF, 0xF4, 0x00, 0x00, 0x6F, 0xFF, 0xF6, 0x00, 0x00, 0xBF, 0xFF, 0xF0, 0x00,
  0x00, 0x8F, 0xFF, 0xF4, 0x00, 0x00, 0x6F, 0xFF, 0xF6, 0x00, 0x00, 0xBF, 0xFF, 0xF0, 0x00, 0x00, 0x8F, 0xFF, 0xF4, 0x00,
  0x00, 0x6F, 0xFF, 0xF6, 0x00, 0x00, 0xBF, 0xFF, 0xF0, 0x00, 0x00, 0x8F, 0xFF, 0xF4, 0x00, 0x00, 0x6F, 0xFF, 0xF6, 0x00,
  0x00, 0xBF, 0xFF, 0xF0, 0x00, 0x00, 0x8F, 0xFF, 0xF4, 0x00, 0x00, 0x6F, 0xFF, 0xF6, 0x00, 0x00, 0xBF, 0xFF, 0xF0, 0x00,
  0x00, 0x8F, 0xFF, 0xF4, 0x00, 0x00, 0x6F, 0xFF, 0xF6, 0x00, 0x00, 0xBF, 0xFF, 0xF0, 0x00, 0x00, 0x8F, 0xFF, 0xF4, 0x00,
  0x00, 0x6F, 0xFF, 0xF6, 0x00, 0x00, 0xBF, 0xFF, 0xF0, 0x00, 0x00, 0x8F, 0xFF, 0xF4, 0x00, 0x00, 0x6F, 0xFF, 0xF6, 0x00,
  0x00, 0xBF, 0xFF, 0xF0, 0x00, 0x00, 0x8F, 0xFF, 0xF4, 0x00, 0x00, 0x6F, 0xFF, 0xF6, 0x00, 0x00, 0xBF, 0xFF, 0xF0, 0x00,
  0x00, 0x8F, 0xFF, 0xF4, 0x00, 0x00, 0x6F, 0xFF, 0xF6, 0x00, 0x00, 0xBF, 0xFF, 0xF0, 0x00, 0x00, 0x8F, 0xFF, 0xF4, 0x00,
  0x00, 0x6F, 0xFF, 0xF6, 0x00, 0x00, 0xBF, 0xFF, 0xFE, 0xEE, 0xEE, 0xEF, 0xFF, 0xFE, 0xEE, 0xEE, 0xEF, 0xFF, 0xF6, 0x00,
  0x00, 0xBF, 0xFF, 0xFF, 0xFF, 0xFF, 0xFF, 0xFF, 0xFF, 0xFF, 0xFF, 0xFF, 0xFF, 0xF6, 0x00, 0x00, 0xBF, 0xFF, 0xFF, 0xFF,
  0xFF, 0xFF, 0xFF, 0xFF, 0xFF, 0xFF, 0xFF, 0xFF, 0xF6, 0x00, 0x00, 0xBF, 0xFF, 0xFF, 0xFF, 0xFF, 0xFF, 0xFF, 0xFF, 0xFF,
  0xFF, 0xFF, 0xFF, 0xF6, 0x00, 0x00, 0xBF, 0xFF, 0xF0, 0x00, 0x00, 0x8F, 0xFF, 0xF4, 0x00, 0x00, 0x6F, 0xFF, 0xF6, 0x00,
  0x00, 0xBF, 0xFF, 0xF0, 0x00, 0x00, 0x8F, 0xFF, 0xF4, 0x00, 0x00, 0x6F, 0xFF, 0xF6, 0x00, 0x00, 0xBF, 0xFF, 0xF0, 0x00,
  0x00, 0x8F, 0xFF, 0xF4, 0x00, 0x00, 0x6F, 0xFF, 0xF6, 0x00, 0x00, 0xBF, 0xFF, 0xF0, 0x00, 0x00, 0x8F, 0xFF, 0xF4, 0x00,
  0x00, 0x6F, 0xFF, 0xF6, 0x00, 0x00, 0xBF, 0xFF, 0xF0, 0x00, 0x00, 0x8F, 0xFF, 0xF4, 0x00, 0x00, 0x6F, 0xFF, 0xF6, 0x00,
  0x00, 0xBF, 0xFF, 0xF0, 0x00, 0x00, 0x8F, 0xFF, 0xF4, 0x00, 0x00, 0x6F, 0xFF, 0xF6, 0x00, 0x00, 0xBF, 0xFF, 0xF0, 0x00,
  0x00, 0x8F, 0xFF, 0xF4, 0x00, 0x00, 0x6F, 0xFF, 0xF6, 0x00, 0x00, 0xBF, 0xFF, 0xF0, 0x00, 0x00, 0x8F, 0xFF, 0xF4, 0x00,
  0x00, 0x6F, 0xFF, 0xF6, 0x00, 0x00, 0xBF, 0xFF, 0xF0, 0x00, 0x00, 0x8F, 0xFF, 0xF4, 0x00, 0x00, 0x6F, 0xFF, 0xF6, 0x00,
  0x00, 0xBF, 0xFF, 0xF0, 0x00, 0x00, 0x8F, 0xFF, 0xF4, 0x00, 0x00, 0x6F, 0xFF, 0xF6, 0x00, 0x00, 0xBF, 0xFF, 0xF0, 0x00,
  0x00, 0x8F, 0xFF, 0xF4, 0x00, 0x00, 0x6F, 0xFF, 0xF6, 0x00, 0x00, 0xBF, 0xFF, 0xF0, 0x00, 0x00, 0x8F, 0xFF, 0xF4, 0x00,
  0x00, 0x6F, 0xFF, 0xF6, 0x00, 0x00, 0xBF, 0xFF, 0xF0, 0x00, 0x00, 0x8F, 0xFF, 0xF4, 0x00, 0x00, 0x6F, 0xFF, 0xF6, 0x00,
  0x00, 0xBF, 0xFF, 0xFE, 0xEE, 0xEE, 0xEF, 0xFF, 0xFE, 0xEE, 0xEE, 0xEF, 0xFF, 0xFE, 0xEA, 0x00, 0xBF, 0xFF, 0xFF, 0xFF,
  0xFF, 0xFF, 0xFF, 0xFF, 0xFF, 0xFF, 0xFF, 0xFF, 0xFF, 0xFB, 0x00, 0xBF, 0xFF, 0xFF, 0xFF, 0xFF, 0xFF, 0xFF, 0xFF, 0xFF,
  0xFF, 0xFF, 0xFF, 0xFF, 0xFB, 0x00, 0xBF, 0xFF, 0xFF, 0xFF, 0xFF, 0xFF, 0xFF, 0xFF, 0xFF, 0xFF, 0xFF, 0xFF, 0xFF, 0xFB,
  0x00, 0x00, 0x00, 0x00, 0x00, 0x00, 0x00, 0x00, 0x00, 0x00, 0x00, 0x00, 0x0C, 0xFF, 0xFB, 0x00, 0x00, 0x00, 0x00, 0x00,
  0x00, 0x00, 0x00, 0x00, 0x00, 0x00, 0x00, 0x0C, 0xFF, 0xFB, 0x00, 0x00, 0x00, 0x00, 0x00, 0x00, 0x00, 0x00, 0x00, 0x00,
  0x00, 0x00, 0x0C, 0xFF, 0xFB, 0xCF, 0xFF, 0xFF, 0xFF, 0xFC, 0x00, 0x00, 0x00, 0x00, 0x00, 0x0C, 0xFF, 0xFF, 0xFF, 0xFF,
  0xC0, 0x00, 0x00, 0x00, 0x00, 0x00, 0xCF, 0xFF, 0xFF, 0xFF, 0xFC, 0x00, 0x00, 0x00, 0x00, 0x00, 0x0B, 0xEE, 0xEE, 0xFF,
  0xFF, 0xC0, 0x00, 0x00, 0x00, 0x00, 0x00, 0x00, 0x00, 0x1F, 0xFF, 0xFC, 0x00, 0x00, 0x00, 0x00, 0x00, 0x00, 0x00, 0x01,
  0xFF, 0xFF, 0xFF, 0xFF, 0xFD, 0xC9, 0x20, 0x00, 0x00, 0x00, 0x1F, 0xFF, 0xFF, 0xFF, 0xFF, 0xFF, 0xFE, 0x70, 0x00, 0x00,
  0x01, 0xFF, 0xFF, 0xFF, 0xFF, 0xFF, 0xFF, 0xFF, 0x40, 0x00, 0x00, 0x1F, 0xFF, 0xFC, 0x22, 0x24, 0xBF, 0xFF, 0xFB, 0x00,
  0x00, 0x01, 0xFF, 0xFF, 0xC0, 0x00, 0x01, 0xEF, 0xFF, 0xE0, 0x00, 0x00, 0x1F, 0xFF, 0xFC, 0x00, 0x00, 0x0C, 0xFF, 0xFF,
  0x20, 0x00, 0x01, 0xFF, 0xFF, 0xC0, 0x00, 0x00, 0xDF, 0xFF, 0xF1, 0x00, 0x00, 0x1F, 0xFF, 0xFC, 0x00, 0x00, 0x3F, 0xFF,
  0xFD, 0x00, 0x00, 0x01, 0xFF, 0xFF, 0xD6, 0x66, 0x8E, 0xFF, 0xFF, 0xA0, 0x00, 0x00, 0x1F, 0xFF, 0xFF, 0xFF, 0xFF, 0xFF,
  0xFF, 0xD2, 0x00, 0x00, 0x01, 0xFF, 0xFF, 0xFF, 0xFF, 0xFF, 0xFF, 0xD4, 0x00, 0x00, 0x00, 0x1F, 0xFF, 0xFF, 0xFF, 0xFE,
  0xCB, 0x60, 0x00, 0x00, 0x00, 0xBF, 0xFF, 0xF0, 0x00, 0x00, 0x00, 0x00, 0x00, 0x0C, 0xFF, 0xFE, 0x00, 0x00, 0xBF, 0xFF,
  0xF0, 0x00, 0x00, 0x00, 0x00, 0x00, 0x0C, 0xFF, 0xFE, 0x00, 0x00, 0xBF, 0xFF, 0xF0, 0x00, 0x00, 0x00, 0x00, 0x00, 0x0C,
  0xFF, 0xFE, 0x00, 0x00, 0xBF, 0xFF, 0xF0, 0x00, 0x00, 0x00, 0x00, 0x00, 0x0C, 0xFF, 0xFE, 0x00, 0x00, 0xBF, 0xFF, 0xF0,
  0x00, 0x00, 0x00, 0x00, 0x00, 0x0C, 0xFF, 0xFE, 0x00, 0x00, 0xBF, 0xFF, 0xF2, 0x11, 0x10, 0x00, 0x00, 0x00, 0x0C, 0xFF,
  0xFE, 0x00, 0x00, 0xBF, 0xFF, 0xFF, 0xFF, 0xFF, 0xDB, 0x50, 0x00, 0x0C, 0xFF, 0xFE, 0x00, 0x00, 0xBF, 0xFF, 0xFF, 0xFF,
  0xFF, 0xFF, 0xFC, 0x10, 0x0C, 0xFF, 0xFE, 0x00, 0x00, 0xBF, 0xFF, 0xFF, 0xFF, 0xFF, 0xFF, 0xFF, 0xA0, 0x0C, 0xFF, 0xFE,
  0x00, 0x00, 0xBF, 0xFF, 0xF0, 0x00, 0x26, 0xEF, 0xFF, 0xF2, 0x0C, 0xFF, 0xFE, 0x00, 0x00, 0xBF, 0xFF, 0xF0, 0x00, 0x00,
  0x8F, 0xFF, 0xF5, 0x0C, 0xFF, 0xFE, 0x00, 0x00, 0xBF, 0xFF, 0xF0, 0x00, 0x00, 0x6F, 0xFF, 0xF7, 0x0C, 0xFF, 0xFE, 0x00,
  0x00, 0xBF, 0xFF, 0xF0, 0x00, 0x00, 0xAF, 0xFF, 0xF4, 0x0C, 0xFF, 0xFE, 0x00, 0x00, 0xBF, 0xFF, 0xF7, 0x77, 0x8B, 0xFF,
  0xFF, 0xE1, 0x0C, 0xFF, 0xFE, 0x00, 0x00, 0xBF, 0xFF, 0xFF, 0xFF, 0xFF, 0xFF, 0xFF, 0x60, 0x0C, 0xFF, 0xFE, 0x00, 0x00,
  0xBF, 0xFF, 0xFF, 0xFF, 0xFF, 0xFF, 0xE8, 0x00, 0x0C, 0xFF, 0xFE, 0x00, 0x00, 0xBF, 0xFF, 0xFF, 0xFF, 0xFD, 0xB9, 0x20,
  0x00, 0x0C, 0xFF, 0xFE, 0x00, 0x00, 0xBF, 0xFF, 0xF0, 0x00, 0x00, 0x00, 0x00, 0x00, 0x00, 0xBF, 0xFF, 0xF0, 0x00, 0x00,
  0x00, 0x00, 0x00, 0x00, 0xBF, 0xFF, 0xF0, 0x00, 0x00, 0x00, 0x00, 0x00, 0x00, 0xBF, 0xFF, 0xF0, 0x00, 0x00, 0x00, 0x00,
  0x00, 0x00, 0xBF, 0xFF, 0xF0, 0x00, 0x00, 0x00, 0x00, 0x00, 0x00, 0xBF, 0xFF, 0xF2, 0x11, 0x11, 0x00, 0x00, 0x00, 0x00,
  0xBF, 0xFF, 0xFF, 0xFF, 0xFF, 0xDC, 0x71, 0x00, 0x00, 0xBF, 0xFF, 0xFF, 0xFF, 0xFF, 0xFF, 0xFE, 0x40, 0x00, 0xBF, 0xFF,
  0xFF, 0xFF, 0xFF, 0xFF, 0xFF, 0xD2, 0x00, 0xBF, 0xFF, 0xF0, 0x00, 0x15, 0xDF, 0xFF, 0xF8, 0x00, 0xBF, 0xFF, 0xF0, 0x00,
  0x00, 0x4F, 0xFF, 0xFA, 0x00, 0xBF, 0xFF, 0xF0, 0x00, 0x00, 0x2F, 0xFF, 0xFC, 0x00, 0xBF, 0xFF, 0xF0, 0x00, 0x00, 0x7F,
  0xFF, 0xF9, 0x00, 0xBF, 0xFF, 0xF7, 0x77, 0x7A, 0xFF, 0xFF, 0xF6, 0x00, 0xBF, 0xFF, 0xFF, 0xFF, 0xFF, 0xFF, 0xFF, 0xB0,
  0x00, 0xBF, 0xFF, 0xFF, 0xFF, 0xFF, 0xFF, 0xFB, 0x10, 0x00, 0xBF, 0xFF, 0xFF, 0xFF, 0xFD, 0xCA, 0x40, 0x00, 0x00, 0x03,
  0x8C, 0xDF, 0xED, 0xA6, 0x10, 0x00, 0x00, 0x02, 0xAF, 0xFF, 0xFF, 0xFF, 0xFF, 0xE6, 0x00, 0x00, 0x2D, 0xFF, 0xFF, 0xFF,
  0xFF, 0xFF, 0xFF, 0x90, 0x00, 0x4E, 0xFF, 0xFF, 0xDB, 0xCE, 0xFF, 0xFF, 0xF7, 0x00, 0x03, 0xDF, 0xA2, 0x00, 0x01, 0x7F,
  0xFF, 0xFE, 0x20, 0x00, 0x25, 0x00, 0x00, 0x00, 0x06, 0xFF, 0xFF, 0x90, 0x00, 0x00, 0x02, 0x55, 0x55, 0x55, 0xDF, 0xFF,
  0xD0, 0x00, 0x00, 0x07, 0xFF, 0xFF, 0xFF, 0xFF, 0xFF, 0xF0, 0x00, 0x00, 0x07, 0xFF, 0xFF, 0xFF, 0xFF, 0xFF, 0xF1, 0x00,
  0x00, 0x07, 0xFF, 0xFF, 0xFF, 0xFF, 0xFF, 0xF0, 0x00, 0x00, 0x00, 0x00, 0x00, 0x00, 0xCF, 0xFF, 0xD0, 0x00, 0x26, 0x00,
  0x00, 0x00, 0x06, 0xFF, 0xFF, 0x80, 0x03, 0xDF, 0xA2, 0x00, 0x01, 0x8F, 0xFF, 0xFE, 0x20, 0x3E, 0xFF, 0xFF, 0xEB, 0xCE,
  0xFF, 0xFF, 0xF7, 0x00, 0x3D, 0xFF, 0xFF, 0xFF, 0xFF, 0xFF, 0xFF, 0x90, 0x00, 0x02, 0xAF, 0xFF, 0xFF, 0xFF, 0xFF, 0xE6,
  0x00, 0x00, 0x00, 0x03, 0x8C, 0xEF, 0xED, 0xA6, 0x10, 0x00, 0x00, 0x00, 0xBF, 0xFF, 0xF0, 0x00, 0x00, 0x01, 0x7A, 0xCE,
  0xED, 0xA5, 0x00, 0x00, 0x00, 0x00, 0xBF, 0xFF, 0xF0, 0x00, 0x00, 0x7D, 0xFF, 0xFF, 0xFF, 0xFF, 0xD3, 0x00, 0x00, 0x00,
  0xBF, 0xFF, 0xF0, 0x00, 0x08, 0xFF, 0xFF, 0xFF, 0xFF, 0xFF, 0xFF, 0x50, 0x00, 0x00, 0xBF, 0xFF, 0xF0, 0x00, 0x8F, 0xFF,
  0xFF, 0xFF, 0xFF, 0xFF, 0xFF, 0xE3, 0x00, 0x00, 0xBF, 0xFF, 0xF0, 0x01, 0xEF, 0xFF, 0xFB, 0x30, 0x15, 0xDF, 0xFF, 0xFB,
  0x00, 0x00, 0xBF, 0xFF, 0xF0, 0x08, 0xFF, 0xFF, 0xA0, 0x00, 0x00, 0x2E, 0xFF, 0xFF, 0x20, 0x00, 0xBF, 0xFF, 0xFF, 0xFF,
  0xFF, 0xFF, 0x20, 0x00, 0x00, 0x07, 0xFF, 0xFF, 0x70, 0x00, 0xBF, 0xFF, 0xFF, 0xFF, 0xFF, 0xFE, 0x00, 0x00, 0x00, 0x04,
  0xFF, 0xFF, 0x80, 0x00, 0xBF, 0xFF, 0xFF, 0xFF, 0xFF, 0xFD, 0x00, 0x00, 0x00, 0x03, 0xFF, 0xFF, 0x90, 0x00, 0xBF, 0xFF,
  0xFF, 0xFF, 0xFF, 0xFF, 0x00, 0x00, 0x00, 0x06, 0xFF, 0xFF, 0x80, 0x00, 0xBF, 0xFF, 0xF3, 0x3A, 0xFF, 0xFF, 0x50, 0x00,
  0x00, 0x0A, 0xFF, 0xFF, 0x50, 0x00, 0xBF, 0xFF, 0xF0, 0x04, 0xFF, 0xFF, 0xD1, 0x00, 0x00, 0x4F, 0xFF, 0xFF, 0x10, 0x00,
  0xBF, 0xFF, 0xF0, 0x00, 0xDF, 0xFF, 0xFC, 0x40, 0x16, 0xEF, 0xFF, 0xF9, 0x00, 0x00, 0xBF, 0xFF, 0xF0, 0x00, 0x5F, 0xFF,
  0xFF, 0xFF, 0xFF, 0xFF, 0xFF, 0xE2, 0x00, 0x00, 0xBF, 0xFF, 0xF0, 0x00, 0x06, 0xFF, 0xFF, 0xFF, 0xFF, 0xFF, 0xFE, 0x40,
  0x00, 0x00, 0xBF, 0xFF, 0xF0, 0x00, 0x00, 0x5D, 0xFF, 0xFF, 0xFF, 0xFF, 0xC3, 0x00, 0x00, 0x00, 0xBF, 0xFF, 0xF0, 0x00,
  0x00, 0x00, 0x7A, 0xCE, 0xED, 0xA5, 0x00, 0x00, 0x00, 0x00, 0x00, 0x18, 0xBD, 0xEF, 0xFF, 0xFF, 0xFF, 0xE0, 0x00, 0x00,
  0x8E, 0xFF, 0xFF, 0xFF, 0xFF, 0xFF, 0xFE, 0x00, 0x00, 0x8F, 0xFF, 0xFF, 0xFF, 0xFF, 0xFF, 0xFF, 0xE0, 0x00, 0x4F, 0xFF,
  0xFF, 0xFE, 0xEE, 0xEE, 0xFF, 0xFE, 0x00, 0x0A, 0xFF, 0xFF, 0xC3, 0x00, 0x00, 0x6F, 0xFF, 0xE0, 0x00, 0xCF, 0xFF, 0xF4,
  0x00, 0x00, 0x06, 0xFF, 0xFE, 0x00, 0x0C, 0xFF, 0xFF, 0x20, 0x00, 0x00, 0x6F, 0xFF, 0xE0, 0x00, 0xAF, 0xFF, 0xF6, 0x00,
  0x00, 0x06, 0xFF, 0xFE, 0x00, 0x06, 0xFF, 0xFF, 0xE8, 0x43, 0x33, 0x8F, 0xFF, 0xE0, 0x00, 0x0C, 0xFF, 0xFF, 0xFF, 0xFF,
  0xFF, 0xFF, 0xFE, 0x00, 0x00, 0x1B, 0xFF, 0xFF, 0xFF, 0xFF, 0xFF, 0xFF, 0xE0, 0x00, 0x00, 0x09, 0xFF, 0xFF, 0xFF, 0xFF,
  0xFF, 0xFE, 0x00, 0x00, 0x03, 0xEF, 0xFF, 0xC0, 0x00, 0x6F, 0xFF, 0xE0, 0x00, 0x00, 0xCF, 0xFF, 0xF4, 0x00, 0x06, 0xFF,
  0xFE, 0x00, 0x00, 0x7F, 0xFF, 0xF9, 0x00, 0x00, 0x6F, 0xFF, 0xE0, 0x00, 0x2E, 0xFF, 0xFE, 0x10, 0x00, 0x06, 0xFF, 0xFE,
  0x00, 0x0B, 0xFF, 0xFF, 0x60, 0x00, 0x00, 0x6F, 0xFF, 0xE0, 0x00,
  0x00 };

inline const GFXglyph m2BigGlyphs[] PROGMEM = {
  {      0,   0,   0,   9,    0,    0 },   // 0x20
  {      0,   9,  21,   9,    0,  -21 },   // 0x21
  {     95,  13,  21,  13,    0,  -21 },   // 0x22
  {    232,  22,  21,  22,    0,  -21 },   // 0x23
  {    463,  20,  29,  20,    0,  -25 },   // 0x24
  {    753,  27,  21,  27,    0,  -21 },   // 0x25
  {   1037,  22,  21,  22,    0,  -21 },   // 0x26
  {   1268,   7,  21,   7,    0,  -21 },   // 0x27
  {   1342,  11,  29,  11,    0,  -23 },   // 0x28
  {   1502,  11,  29,  11,    0,  -23 },   // 0x29
  {   1662,  13,  23,  13,    0,  -23 },   // 0x2A
  {   1812,  18,  18,  18,    0,  -18 },   // 0x2B
  {   1974,   8,  11,   8,    0,   -6 },   // 0x2C
  {   2018,  12,  11,  12,    0,  -11 },   // 0x2D
  {   2084,   8,   6,   8,    0,   -6 },   // 0x2E
  {   2108,  16,  29,  12,   -2,  -26 },   // 0x2F
  {   2340,  21,  21,  21,    0,  -21 },   // 0x30
  {   2561,  12,  21,  12,    0,  -21 },   // 0x31
  {   2687,  18,  21,  18,    0,  -21 },   // 0x32
  {   2876,  19,  21,  18,   -1,  -21 },   // 0x33
  {   3076,  21,  21,  21,    0,  -21 },   // 0x34
  {   3297,  18,  21,  18,    0,  -21 },   // 0x35
  {   3486,  19,  21,  19,    0,  -21 },   // 0x36
  {   3686,  19,  21,  19,    0,  -21 },   // 0x37
  {   3886,  20,  21,  20,    0,  -21 },   // 0x38
  {   4096,  19,  21,  19,    0,  -21 },   // 0x39
  {   4296,   8,  17,   8,    0,  -17 },   // 0x3A
  {   4364,   8,  22,   8,    0,  -17 },   // 0x3B
  {   4452,  18,  19,  18,    0,  -19 },   // 0x3C
  {   4623,  18,  16,  18,    0,  -16 },   // 0x3D
  {   4767,  18,  19,  18,    0,  -19 },   // 0x3E
  {   4938,  19,  21,  18,   -1,  -21 },   // 0x3F
  {   5138,  32,  27,  32,    0,  -21 },   // 0x40
  {   5570,  25,  21,  23,   -1,  -21 },   // 0x41
  {   5833,  23,  21,  23,    0,  -21 },   // 0x42
  {   6075,  22,  21,  22,    0,  -21 },   // 0x43
  {   6306,  25,  21,  25,    0,  -21 },   // 0x44
  {   6569,  21,  21,  21,    0,  -21 },   // 0x45
  {   6790,  20,  21,  20,    0,  -21 },   // 0x46
  {   7000,  24,  21,  24,    0,  -21 },   // 0x47
  {   7252,  25,  21,  25,    0,  -21 },   // 0x48
  {   7515,  10,  21,  10,    0,  -21 },   // 0x49
  {   7620,  18,  21,  17,   -1,  -21 },   // 0x4A
  {   7809,  23,  21,  23,    0,  -21 },   // 0x4B
  {   8051,  19,  21,  18,    0,  -21 },   // 0x4C
  {   8251,  29,  21,  29,    0,  -21 },   // 0x4D
  {   8556,  25,  21,  25,    0,  -21 },   // 0x4E
  {   8819,  26,  21,  26,    0,  -21 },   // 0x4F
  {   9092,  22,  21,  22,    0,  -21 },   // 0x50
  {   9323,  26,  26,  26,    0,  -21 },   // 0x51
  {   9661,  22,  21,  22,    0,  -21 },   // 0x52
  {   9892,  20,  21,  20,    0,  -21 },   // 0x53
  {  10102,  19,  21,  19,    0,  -21 },   // 0x54
  {  10302,  24,  21,  24,    0,  -21 },   // 0x55
  {  10554,  25,  21,  23,   -1,  -21 },   // 0x56
  {  10817,  36,  21,  36,    0,  -21 },   // 0x57
  {  11195,  22,  21,  22,    0,  -21 },   // 0x58
  {  11426,  23,  21,  21,   -1,  -21 },   // 0x59
  {  11668,  21,  21,  21,    0,  -21 },   // 0x5A
  {  11889,  11,  29,  11,    0,  -23 },   // 0x5B
  {  12049,  16,  29,  12,   -2,  -26 },   // 0x5C
  {  12281,  11,  29,  11,    0,  -23 },   // 0x5D
  {  12441,  18,  17,  18,    0,  -17 },   // 0x5E
  {  12594,  16,   3,  15,    0,    0 },   // 0x5F
  {  12618,  18,  23,  18,    0,  -23 },   // 0x60
  {  12825,  19,  17,  19,    0,  -17 },   // 0x61
  {  12987,  21,  23,  21,    0,  -23 },   // 0x62
  {  13229,  18,  17,  18,    0,  -17 },   // 0x63
  {  13382,  21,  23,  21,    0,  -23 },   // 0x64
  {  13624,  19,  17,  19,    0,  -17 },   // 0x65
  {  13786,  13,  23,  12,    0,  -23 },   // 0x66
  {  13936,  21,  23,  21,    0,  -17 },   // 0x67
  {  14178,  21,  23,  21,    0,  -23 },   // 0x68
  {  14420,   9,  25,   9,    0,  -25 },   // 0x69
  {  14533,  12,  31,   9,   -3,  -25 },   // 0x6A
  {  14719,  21,  23,  20,    0,  -23 },   // 0x6B
  {  14961,   9,  23,   9,    0,  -23 },   // 0x6C
  {  15065,  32,  17,  32,    0,  -17 },   // 0x6D
  {  15337,  21,  17,  21,    0,  -17 },   // 0x6E
  {  15516,  20,  17,  20,    0,  -17 },   // 0x6F
  {  15686,  21,  23,  21,    0,  -17 },   // 0x70
  {  15928,  21,  23,  21,    0,  -17 },   // 0x71
  {  16170,  13,  18,  13,    0,  -18 },   // 0x72
  {  16287,  16,  17,  16,    0,  -17 },   // 0x73
  {  16423,  13,  20,  13,    0,  -20 },   // 0x74
  {  16553,  21,  17,  21,    0,  -17 },   // 0x75
  {  16732,  20,  17,  18,   -1,  -17 },   // 0x76
  {  16902,  29,  17,  29,    0,  -17 },   // 0x77
  {  17149,  19,  17,  18,    0,  -17 },   // 0x78
  {  17311,  20,  23,  18,   -1,  -17 },   // 0x79
  {  17541,  17,  17,  17,    0,  -17 },   // 0x7A
  {  17686,  12,  29,  12,    0,  -23 },   // 0x7B
  {  17860,   9,  29,   9,    0,  -23 },   // 0x7C
  {  17991,  12,  29,  12,    0,  -23 },   // 0x7D
  {  18165,  18,  14,  18,    0,  -14 },   // 0x7E
  {  18291,  18,  21,  18,    0,  -21 },   // 0x7F
  {  18480,  26,  21,  26,    0,  -21 },   // 0x80
  {  18753,  18,  27,  18,    0,  -27 },   // 0x81
  {  18996,   8,  11,   8,    0,   -6 },   // 0x82
  {  19040,  16,  23,  16,    0,  -23 },   // 0x83
  {  19224,  15,  11,  15,    0,   -6 },   // 0x84
  {  19307,  24,   6,  24,    0,   -6 },   // 0x85
  {  19379,  18,  27,  18,    0,  -21 },   // 0x86
  {  19622,  18,  27,  18,    0,  -21 },   // 0x87
  {  19865,  25,  21,  25,    0,  -21 },   // 0x88
  {  20128,  38,  21,  38,    0,  -21 },   // 0x89
  {  20527,  36,  21,  36,    0,  -21 },   // 0x8A
  {  20905,  10,  14,  10,    0,  -14 },   // 0x8B
  {  20975,  36,  21,  36,    0,  -21 },   // 0x8C
  {  21353,  23,  27,  22,    0,  -27 },   // 0x8D
  {  21664,  26,  21,  26,    0,  -21 },   // 0x8E
  {  21937,  25,  26,  25,    0,  -21 },   // 0x8F
  {  22262,  22,  29,  21,   -1,  -23 },   // 0x90
  {  22581,   8,  23,   8,    0,  -23 },   // 0x91
  {  22673,   8,  23,   8,    0,  -23 },   // 0x92
  {  22765,  15,  23,  15,    0,  -23 },   // 0x93
  {  22938,  15,  23,  15,    0,  -23 },   // 0x94
  {  23111,  11,  13,  11,    0,  -13 },   // 0x95
  {  23183,  16,  10,  15,    0,  -10 },   // 0x96
  {  23263,  31,  10,  31,    0,  -10 },   // 0x97
  {  23418,   0,   0,   9,    0,    0 },   // 0x98
  {  23418,  32,  21,  32,    0,  -21 },   // 0x99
  {  23754,  30,  17,  30,    0,  -17 },   // 0x9A
  {  24009,  10,  14,  10,    0,  -14 },   // 0x9B
  {  24079,  30,  17,  30,    0,  -17 },   // 0x9C
  {  24334,  20,  23,  20,    0,  -23 },   // 0x9D
  {  24564,  23,  23,  21,   -2,  -23 },   // 0x9E
  {  24829,  20,  21,  20,    0,  -17 },   // 0x9F
  {  25039,   0,   0,   9,    0,    0 },   // 0xA0
  {  25039,  22,  28,  22,    0,  -28 },   // 0xA1
  {  25347,  20,  29,  19,   -1,  -23 },   // 0xA2
  {  25637,  17,  21,  17,    0,  -21 },   // 0xA3
  {  25816,  21,  21,  21,    0,  -21 },   // 0xA4
  {  26037,  18,  26,  18,    0,  -26 },   // 0xA5
  {  26271,   9,  29,   9,    0,  -23 },   // 0xA6
  {  26402,  16,  24,  16,    0,  -21 },   // 0xA7
  {  26594,  21,  28,  21,    0,  -28 },   // 0xA8
  {  26888,  24,  21,  24,    0,  -21 },   // 0xA9
  {  27140,  22,  21,  22,    0,  -21 },   // 0xAA
  {  27371,  17,  14,  17,    0,  -14 },   // 0xAB
  {  27490,  18,  13,  18,    0,  -13 },   // 0xAC
  {  27607,  12,  11,  12,    0,  -11 },   // 0xAD
  {  27673,  24,  21,  24,    0,  -21 },   // 0xAE
  {  27925,  12,  28,  10,   -1,  -28 },   // 0xAF
  {  28093,  13,  21,  13,    0,  -21 },   // 0xB0
  {  28230,  18,  20,  18,    0,  -20 },   // 0xB1
  {  28410,  10,  21,  10,    0,  -21 },   // 0xB2
  {  28515,   9,  25,   9,    0,  -25 },   // 0xB3
  {  28628,  16,  21,  15,    0,  -21 },   // 0xB4
  {  28796,  21,  23,  21,    0,  -17 },   // 0xB5
  {  29038,  21,  26,  21,    0,  -23 },   // 0xB6
  {  29311,   9,  12,   9,    0,  -12 },   // 0xB7
  {  29365,  20,  23,  20,    0,  -23 },   // 0xB8
  {  29595,  37,  21,  37,    0,  -21 },   // 0xB9
  {  29984,  18,  17,  18,    0,  -17 },   // 0xBA
  {  30137,  17,  14,  17,    0,  -14 },   // 0xBB
  {  30256,  12,  31,   9,   -3,  -25 },   // 0xBC
  {  30442,  20,  21,  20,    0,  -21 },   // 0xBD
  {  30652,  17,  17,  17,    0,  -17 },   // 0xBE
  {  30797,  10,  23,   9,    0,  -23 },   // 0xBF
  {  30912,  25,  21,  24,    0,  -21 },   // 0xC0
  {  31175,  23,  21,  23,    0,  -21 },   // 0xC1
  {  31417,  23,  21,  23,    0,  -21 },   // 0xC2
  {  31659,  18,  21,  18,    0,  -21 },   // 0xC3
  {  31848,  25,  26,  25,    0,  -21 },   // 0xC4
  {  32173,  21,  21,  21,    0,  -21 },   // 0xC5
  {  32394,  33,  21,  33,    0,  -21 },   // 0xC6
  {  32741,  20,  21,  20,    0,  -21 },   // 0xC7
  {  32951,  25,  21,  25,    0,  -21 },   // 0xC8
  {  33214,  25,  28,  25,    0,  -28 },   // 0xC9
  {  33564,  23,  21,  22,    0,  -21 },   // 0xCA
  {  33806,  24,  21,  24,    0,  -21 },   // 0xCB
  {  34058,  29,  21,  29,    0,  -21 },   // 0xCC
  {  34363,  25,  21,  25,    0,  -21 },   // 0xCD
  {  34626,  26,  21,  26,    0,  -21 },   // 0xCE
  {  34899,  25,  21,  25,    0,  -21 },   // 0xCF
  {  35162,  22,  21,  22,    0,  -21 },   // 0xD0
  {  35393,  22,  21,  22,    0,  -21 },   // 0xD1
  {  35624,  19,  21,  19,    0,  -21 },   // 0xD2
  {  35824,  22,  21,  22,    0,  -21 },   // 0xD3
  {  36055,  29,  25,  29,    0,  -23 },   // 0xD4
  {  36418,  22,  21,  22,    0,  -21 },   // 0xD5
  {  36649,  26,  26,  26,    0,  -21 },   // 0xD6
  {  36987,  23,  21,  23,    0,  -21 },   // 0xD7
  {  37229,  34,  21,  34,    0,  -21 },   // 0xD8
  {  37586,  35,  26,  35,    0,  -21 },   // 0xD9
  {  38041,  26,  21,  26,    0,  -21 },   // 0xDA
  {  38314,  31,  21,  31,    0,  -21 },   // 0xDB
  {  38640,  22,  21,  22,    0,  -21 },   // 0xDC
  {  38871,  22,  21,  22,    0,  -21 },   // 0xDD
  {  39102,  34,  21,  34,    0,  -21 },   // 0xDE
  {  39459,  22,  21,  22,    0,  -21 },   // 0xDF
  {  39690,  18,  17,  18,    0,  -17 },   // 0xE0
  {  39843,  21,  25,  21,    0,  -25 },   // 0xE1
  {  40106,  19,  17,  19,    0,  -17 },   // 0xE2
  {  40268,  16,  17,  16,    0,  -17 },   // 0xE3
  {  40404,  21,  20,  21,    0,  -17 },   // 0xE4
  {  40614,  20,  17,  20,    0,  -17 },   // 0xE5
  {  40784,  28,  17,  28,    0,  -17 },   // 0xE6
  {  41022,  17,  17,  17,    0,  -17 },   // 0xE7
  {  41167,  22,  17,  22,    0,  -17 },   // 0xE8
  {  41354,  22,  23,  22,    0,  -23 },   // 0xE9
  {  41607,  20,  17,  20,    0,  -17 },   // 0xEA
  {  41777,  20,  17,  20,    0,  -17 },   // 0xEB
  {  41947,  25,  17,  25,    0,  -17 },   // 0xEC
  {  42160,  21,  17,  21,    0,  -17 },   // 0xED
  {  42339,  20,  17,  20,    0,  -17 },   // 0xEE
  {  42509,  21,  17,  21,    0,  -17 },   // 0xEF
  {  42688,  21,  23,  21,    0,  -17 },   // 0xF0
  {  42930,  18,  17,  18,    0,  -17 },   // 0xF1
  {  43083,  17,  17,  16,    0,  -17 },   // 0xF2
  {  43228,  20,  23,  19,   -1,  -17 },   // 0xF3
  {  43458,  26,  29,  26,    0,  -23 },   // 0xF4
  {  43835,  19,  17,  18,    0,  -17 },   // 0xF5
  {  43997,  22,  21,  22,    0,  -17 },   // 0xF6
  {  44228,  19,  17,  19,    0,  -17 },   // 0xF7
  {  44390,  30,  17,  30,    0,  -17 },   // 0xF8
  {  44645,  30,  20,  30,    0,  -17 },   // 0xF9
  {  44945,  21,  17,  21,    0,  -17 },   // 0xFA
  {  45124,  26,  17,  26,    0,  -17 },   // 0xFB
  {  45345,  18,  17,  18,    0,  -17 },   // 0xFC
  {  45498,  18,  17,  18,    0,  -17 },   // 0xFD
  {  45651,  28,  17,  28,    0,  -17 },   // 0xFE
  {  45889,  19,  17,  19,    0,  -17 },   // 0xFF
};

inline const GFXfont m2Big PROGMEM = { (uint8_t*)m2BigBitmaps, (GFXglyph*)m2BigGlyphs, 0x20, 0xFF, 36 };
