/* Створює tools/make_aafonts.py — вручну не правити. Montserrat-Bold.otf, «H» 15 px (розмір 20.34), 4 біти на піксель. */
#pragma once
#include <Adafruit_GFX.h>

inline const uint8_t m2MidBitmaps[] PROGMEM = {
  0x0E, 0xFF, 0xC0, 0x0D, 0xFF, 0xB0, 0x0C, 0xFF, 0xB0, 0x0B, 0xFF, 0xA0, 0x0B, 0xFF, 0x90, 0x0A, 0xFF, 0x80, 0x09, 0xFF,
  0x70, 0x08, 0xFF, 0x60, 0x07, 0xFF, 0x50, 0x05, 0xDD, 0x40, 0x00, 0x00, 0x00, 0x03, 0x99, 0x20, 0x0D, 0xFF, 0xB0, 0x0E,
  0xFF, 0xD0, 0x06, 0xED, 0x50, 0x0F, 0xFB, 0x0D, 0xFD, 0x00, 0xFF, 0xA0, 0xCF, 0xD0, 0x0E, 0xFA, 0x0C, 0xFC, 0x00, 0xEF,
  0x90, 0xBF, 0xC0, 0x0D, 0xF9, 0x0B, 0xFB, 0x00, 0xAC, 0x70, 0x8C, 0x90, 0x00, 0x00, 0x00, 0x00, 0x00, 0x00, 0x00, 0x00,
  0x00, 0x00, 0x00, 0x00, 0x00, 0x00, 0x00, 0x00, 0x00, 0x00, 0x00, 0x00, 0x00, 0x00, 0x00, 0x00, 0x00, 0x00, 0x00, 0x00,
  0x00, 0x00, 0x00, 0x00, 0x00, 0x00, 0x00, 0x00, 0x00, 0x00, 0x00, 0x00, 0x00, 0x00, 0x00, 0xAF, 0xA0, 0x06, 0xFE, 0x00,
  0x00, 0x00, 0x0C, 0xF9, 0x00, 0x8F, 0xD0, 0x00, 0x00, 0x00, 0xDF, 0x80, 0x09, 0xFB, 0x00, 0x00, 0x00, 0x0E, 0xF6, 0x00,
  0xBF, 0xA0, 0x00, 0x0E, 0xFF, 0xFF, 0xFF, 0xFF, 0xFF, 0xFF, 0x40, 0xEF, 0xFF, 0xFF, 0xFF, 0xFF, 0xFF, 0xF4, 0x04, 0x48,
  0xFF, 0x44, 0x5F, 0xF7, 0x44, 0x10, 0x00, 0x7F, 0xD0, 0x03, 0xFF, 0x30, 0x00, 0x00, 0x09, 0xFC, 0x00, 0x5F, 0xF1, 0x00,
  0x02, 0x44, 0xBF, 0xB4, 0x48, 0xFE, 0x44, 0x20, 0xAF, 0xFF, 0xFF, 0xFF, 0xFF, 0xFF, 0xF9, 0x0A, 0xFF, 0xFF, 0xFF, 0xFF,
  0xFF, 0xFF, 0x90, 0x00, 0x1F, 0xF5, 0x00, 0xCF, 0x90, 0x00, 0x00, 0x03, 0xFF, 0x30, 0x0D, 0xF7, 0x00, 0x00, 0x00, 0x5F,
  0xF0, 0x01, 0xFF, 0x50, 0x00, 0x00, 0x00, 0x00, 0x02, 0x43, 0x00, 0x00, 0x00, 0x00, 0x00, 0x6F, 0xA0, 0x00, 0x00, 0x00,
  0x00, 0x06, 0xFA, 0x00, 0x00, 0x00, 0x00, 0x7B, 0xEF, 0xFD, 0xA5, 0x00, 0x01, 0xCF, 0xFF, 0xFF, 0xFF, 0xFA, 0x00, 0xAF,
  0xFF, 0xFF, 0xEE, 0xFF, 0x50, 0x0F, 0xFF, 0x97, 0xFA, 0x05, 0xA0, 0x02, 0xFF, 0xF5, 0x6F, 0xA0, 0x00, 0x00, 0x0E, 0xFF,
  0xDA, 0xFA, 0x00, 0x00, 0x00, 0x9F, 0xFF, 0xFF, 0xD8, 0x30, 0x00, 0x00, 0x9F, 0xFF, 0xFF, 0xFF, 0xA1, 0x00, 0x00, 0x28,
  0xDF, 0xFF, 0xFF, 0xC0, 0x00, 0x00, 0x06, 0xFD, 0xDF, 0xFF, 0x30, 0x10, 0x00, 0x6F, 0xA2, 0xFF, 0xF6, 0x0A, 0xC5, 0x16,
  0xFA, 0x4F, 0xFF, 0x42, 0xFF, 0xFE, 0xDF, 0xEF, 0xFF, 0xD1, 0x4E, 0xFF, 0xFF, 0xFF, 0xFF, 0xE4, 0x00, 0x16, 0xAC, 0xFF,
  0xFC, 0x81, 0x00, 0x00, 0x00, 0x06, 0xFA, 0x00, 0x00, 0x00, 0x00, 0x00, 0x6F, 0xA0, 0x00, 0x00, 0x00, 0x00, 0x02, 0x43,
  0x00, 0x00, 0x00, 0x01, 0x9E, 0xEB, 0x20, 0x00, 0x00, 0xCF, 0xB0, 0x00, 0x0B, 0xFD, 0xCF, 0xD0, 0x00, 0x07, 0xFE, 0x20,
  0x00, 0x4F, 0xE1, 0x0C, 0xF6, 0x00, 0x2E, 0xF6, 0x00, 0x00, 0x7F, 0xA0, 0x08, 0xF9, 0x00, 0xBF, 0xB0, 0x00, 0x00, 0x7F,
  0xA0, 0x08, 0xF9, 0x06, 0xFE, 0x20, 0x00, 0x00, 0x4F, 0xE1, 0x0C, 0xF6, 0x2E, 0xF7, 0x00, 0x00, 0x00, 0x0B, 0xFD, 0xCF,
  0xD1, 0xAF, 0xC0, 0x00, 0x00, 0x00, 0x01, 0xAE, 0xEB, 0x25, 0xFF, 0x33, 0xBE, 0xD8, 0x00, 0x00, 0x00, 0x00, 0x1E, 0xF8,
  0x2E, 0xFC, 0xEF, 0x90, 0x00, 0x00, 0x00, 0xAF, 0xD0, 0x9F, 0xA0, 0x2F, 0xF1, 0x00, 0x00, 0x05, 0xFF, 0x40, 0xBF, 0x50,
  0x0D, 0xF4, 0x00, 0x00, 0x1D, 0xF9, 0x00, 0xBF, 0x50, 0x0D, 0xF4, 0x00, 0x00, 0x9F, 0xD1, 0x00, 0x9F, 0x90, 0x2F, 0xF1,
  0x00, 0x04, 0xFF, 0x50, 0x00, 0x2E, 0xFC, 0xEF, 0x90, 0x00, 0x0D, 0xFA, 0x00, 0x00, 0x03, 0xCE, 0xD8, 0x00, 0x00, 0x01,
  0x8D, 0xEE, 0xB5, 0x00, 0x00, 0x00, 0x01, 0xCF, 0xFF, 0xFF, 0xF5, 0x00, 0x00, 0x00, 0x7F, 0xFC, 0x57, 0xFF, 0xC0, 0x00,
  0x00, 0x09, 0xFF, 0x60, 0x0D, 0xFD, 0x00, 0x00, 0x00, 0x7F, 0xFB, 0x07, 0xFF, 0xB0, 0x00, 0x00, 0x02, 0xEF, 0xFD, 0xFF,
  0xE3, 0x00, 0x00, 0x00, 0x07, 0xFF, 0xFF, 0xC3, 0x00, 0x00, 0x00, 0x07, 0xEF, 0xFF, 0xFA, 0x00, 0x87, 0x20, 0x06, 0xFF,
  0xF9, 0xEF, 0xFA, 0x1E, 0xFD, 0x01, 0xEF, 0xF5, 0x05, 0xEF, 0xFC, 0xFF, 0x90, 0x4F, 0xFE, 0x00, 0x04, 0xEF, 0xFF, 0xF3,
  0x03, 0xFF, 0xF3, 0x00, 0x05, 0xFF, 0xFD, 0x10, 0x0D, 0xFF, 0xEA, 0x8A, 0xEF, 0xFF, 0xFC, 0x10, 0x3E, 0xFF, 0xFF, 0xFF,
  0xFA, 0xDF, 0xD2, 0x00, 0x18, 0xCE, 0xEC, 0xA4, 0x02, 0xC3, 0x00, 0x0F, 0xFB, 0x00, 0xFF, 0xA0, 0x0E, 0xFA, 0x00, 0xEF,
  0x90, 0x0D, 0xF9, 0x00, 0xAC, 0x70, 0x00, 0x00, 0x00, 0x00, 0x00, 0x00, 0x00, 0x00, 0x00, 0x00, 0x00, 0x00, 0x00, 0x00,
  0x00, 0x00, 0x00, 0x00, 0x00, 0x00, 0x00, 0x00, 0x00, 0x00, 0x05, 0xFF, 0xC0, 0x00, 0x0C, 0xFF, 0x60, 0x00, 0x5F, 0xFD,
  0x00, 0x00, 0xAF, 0xF9, 0x00, 0x00, 0xEF, 0xF4, 0x00, 0x02, 0xFF, 0xF1, 0x00, 0x05, 0xFF, 0xD0, 0x00, 0x07, 0xFF, 0xB0,
  0x00, 0x08, 0xFF, 0xA0, 0x00, 0x08, 0xFF, 0xA0, 0x00, 0x08, 0xFF, 0xA0, 0x00, 0x07, 0xFF, 0xB0, 0x00, 0x05, 0xFF, 0xD0,
  0x00, 0x02, 0xFF, 0xF1, 0x00, 0x00, 0xEF, 0xF4, 0x00, 0x00, 0xAF, 0xF9, 0x00, 0x00, 0x5F, 0xFD, 0x00, 0x00, 0x0C, 0xFF,
  0x60, 0x00, 0x05, 0xFF, 0xC0, 0x9F, 0xF8, 0x00, 0x02, 0xFF, 0xE2, 0x00, 0x0A, 0xFF, 0x80, 0x00, 0x5F, 0xFD, 0x00, 0x01,
  0xEF, 0xF3, 0x00, 0x0C, 0xFF, 0x60, 0x00, 0x9F, 0xF9, 0x00, 0x08, 0xFF, 0xB0, 0x00, 0x7F, 0xFC, 0x00, 0x06, 0xFF, 0xC0,
  0x00, 0x7F, 0xFC, 0x00, 0x08, 0xFF, 0xB0, 0x00, 0x9F, 0xF9, 0x00, 0x0C, 0xFF, 0x70, 0x00, 0xEF, 0xF3, 0x00, 0x5F, 0xFD,
  0x00, 0x0A, 0xFF, 0x80, 0x02, 0xFF, 0xE2, 0x00, 0x9F, 0xF8, 0x00, 0x00, 0x00, 0x09, 0xF6, 0x00, 0x01, 0x91, 0x9F, 0x63,
  0x80, 0x8F, 0xEC, 0xFB, 0xEF, 0x53, 0x9E, 0xFF, 0xFE, 0x82, 0x18, 0xEF, 0xFF, 0xD6, 0x09, 0xFF, 0xDF, 0xDF, 0xF6, 0x2A,
  0x39, 0xF6, 0x5A, 0x00, 0x00, 0x9F, 0x60, 0x00, 0x00, 0x00, 0x00, 0x00, 0x00, 0x00, 0x00, 0x00, 0x00, 0x00, 0x00, 0x00,
  0x00, 0x00, 0x00, 0x00, 0x00, 0x00, 0x00, 0x00, 0x00, 0x00, 0x00, 0x00, 0x00, 0x00, 0x00, 0x00, 0x00, 0x00, 0x00, 0x00,
  0x00, 0x00, 0x4F, 0xF7, 0x00, 0x00, 0x00, 0x00, 0x4F, 0xF7, 0x00, 0x00, 0x00, 0x00, 0x4F, 0xF7, 0x00, 0x00, 0x06, 0x88,
  0xAF, 0xFB, 0x88, 0x70, 0x0C, 0xFF, 0xFF, 0xFF, 0xFF, 0xE0, 0x0C, 0xFF, 0xFF, 0xFF, 0xFF, 0xE0, 0x00, 0x00, 0x4F, 0xF7,
  0x00, 0x00, 0x00, 0x00, 0x4F, 0xF7, 0x00, 0x00, 0x00, 0x00, 0x4F, 0xF7, 0x00, 0x00, 0x00, 0x00, 0x28, 0x83, 0x00, 0x00,
  0x00, 0x00, 0x00, 0x00, 0x00, 0x00, 0x00, 0x00, 0x00, 0x00, 0x00, 0x00, 0x08, 0xDB, 0x23, 0xFF, 0xF8, 0x3F, 0xFF, 0x90,
  0x9F, 0xF5, 0x07, 0xFE, 0x00, 0xBF, 0x90, 0x0E, 0xF3, 0x00, 0x0E, 0xFF, 0xFF, 0xD0, 0x0E, 0xFF, 0xFF, 0xD0, 0x09, 0x99,
  0x99, 0x80, 0x00, 0x00, 0x00, 0x00, 0x00, 0x00, 0x00, 0x00, 0x00, 0x00, 0x00, 0x00, 0x00, 0x00, 0x00, 0x00, 0x09, 0xEB,
  0x24, 0xFF, 0xF9, 0x4F, 0xFF, 0x90, 0x9E, 0xC2, 0x00, 0x00, 0x00, 0x03, 0x33, 0x00, 0x00, 0x00, 0x4F, 0xFA, 0x00, 0x00,
  0x00, 0x9F, 0xF5, 0x00, 0x00, 0x00, 0xEF, 0xE0, 0x00, 0x00, 0x05, 0xFF, 0x90, 0x00, 0x00, 0x0A, 0xFF, 0x40, 0x00, 0x00,
  0x1E, 0xFD, 0x00, 0x00, 0x00, 0x5F, 0xF9, 0x00, 0x00, 0x00, 0xAF, 0xF3, 0x00, 0x00, 0x01, 0xEF, 0xD0, 0x00, 0x00, 0x06,
  0xFF, 0x80, 0x00, 0x00, 0x0B, 0xFF, 0x30, 0x00, 0x00, 0x2F, 0xFC, 0x00, 0x00, 0x00, 0x7F, 0xF7, 0x00, 0x00, 0x00, 0xCF,
  0xF2, 0x00, 0x00, 0x02, 0xFF, 0xB0, 0x00, 0x00, 0x08, 0xFF, 0x60, 0x00, 0x00, 0x0C, 0xFF, 0x10, 0x00, 0x00, 0x3F, 0xFB,
  0x00, 0x00, 0x00, 0x8F, 0xF6, 0x00, 0x00, 0x00, 0x00, 0x00, 0x8B, 0xED, 0xB6, 0x00, 0x00, 0x00, 0x2C, 0xFF, 0xFF, 0xFF,
  0xA1, 0x00, 0x00, 0xCF, 0xFF, 0xEE, 0xFF, 0xF9, 0x00, 0x06, 0xFF, 0xF6, 0x00, 0x9F, 0xFF, 0x30, 0x0C, 0xFF, 0xB0, 0x00,
  0x0D, 0xFF, 0x90, 0x0E, 0xFF, 0x60, 0x00, 0x09, 0xFF, 0xB0, 0x2F, 0xFF, 0x40, 0x00, 0x07, 0xFF, 0xD0, 0x3F, 0xFF, 0x30,
  0x00, 0x06, 0xFF, 0xE0, 0x2F, 0xFF, 0x40, 0x00, 0x07, 0xFF, 0xD0, 0x0E, 0xFF, 0x60, 0x00, 0x09, 0xFF, 0xB0, 0x0C, 0xFF,
  0xB0, 0x00, 0x0D, 0xFF, 0x90, 0x06, 0xFF, 0xF6, 0x00, 0x9F, 0xFF, 0x30, 0x00, 0xCF, 0xFF, 0xDE, 0xFF, 0xF9, 0x00, 0x00,
  0x2C, 0xFF, 0xFF, 0xFF, 0xA1, 0x00, 0x00, 0x01, 0x8B, 0xED, 0xB6, 0x00, 0x00, 0xDF, 0xFF, 0xFF, 0x50, 0xDF, 0xFF, 0xFF,
  0x50, 0x9A, 0xBF, 0xFF, 0x50, 0x00, 0x0F, 0xFF, 0x50, 0x00, 0x0F, 0xFF, 0x50, 0x00, 0x0F, 0xFF, 0x50, 0x00, 0x0F, 0xFF,
  0x50, 0x00, 0x0F, 0xFF, 0x50, 0x00, 0x0F, 0xFF, 0x50, 0x00, 0x0F, 0xFF, 0x50, 0x00, 0x0F, 0xFF, 0x50, 0x00, 0x0F, 0xFF,
  0x50, 0x00, 0x0F, 0xFF, 0x50, 0x00, 0x0F, 0xFF, 0x50, 0x00, 0x0F, 0xFF, 0x50, 0x00, 0x6B, 0xDF, 0xDC, 0x60, 0x00, 0x2C,
  0xFF, 0xFF, 0xFF, 0xFC, 0x00, 0xBF, 0xFF, 0xED, 0xEF, 0xFF, 0x80, 0x2B, 0xF6, 0x00, 0x1C, 0xFF, 0xC0, 0x00, 0x20, 0x00,
  0x07, 0xFF, 0xE0, 0x00, 0x00, 0x00, 0x09, 0xFF, 0xD0, 0x00, 0x00, 0x00, 0x3E, 0xFF, 0x80, 0x00, 0x00, 0x02, 0xDF, 0xFD,
  0x10, 0x00, 0x00, 0x2D, 0xFF, 0xE3, 0x00, 0x00, 0x02, 0xDF, 0xFE, 0x40, 0x00, 0x00, 0x2D, 0xFF, 0xE4, 0x00, 0x00, 0x02,
  0xDF, 0xFE, 0x40, 0x00, 0x00, 0x2D, 0xFF, 0xFD, 0xBB, 0xBB, 0xB5, 0x6F, 0xFF, 0xFF, 0xFF, 0xFF, 0xF7, 0x6F, 0xFF, 0xFF,
  0xFF, 0xFF, 0xF7, 0x06, 0xFF, 0xFF, 0xFF, 0xFF, 0xFA, 0x00, 0x6F, 0xFF, 0xFF, 0xFF, 0xFF, 0xA0, 0x04, 0xAA, 0xAA, 0xAC,
  0xFF, 0xF6, 0x00, 0x00, 0x00, 0x02, 0xDF, 0xF9, 0x00, 0x00, 0x00, 0x01, 0xCF, 0xFB, 0x00, 0x00, 0x00, 0x00, 0xAF, 0xFC,
  0x10, 0x00, 0x00, 0x00, 0x3F, 0xFF, 0xEB, 0x40, 0x00, 0x00, 0x04, 0xFF, 0xFF, 0xFF, 0x50, 0x00, 0x00, 0x28, 0x8A, 0xEF,
  0xFD, 0x00, 0x00, 0x00, 0x00, 0x05, 0xFF, 0xF3, 0x00, 0x00, 0x00, 0x00, 0x2F, 0xFF, 0x40, 0x2D, 0x81, 0x00, 0x19, 0xFF,
  0xF1, 0x09, 0xFF, 0xFE, 0xCE, 0xFF, 0xFA, 0x00, 0xBF, 0xFF, 0xFF, 0xFF, 0xFC, 0x10, 0x00, 0x39, 0xCD, 0xFD, 0xB6, 0x00,
  0x00, 0x00, 0x00, 0x00, 0x2E, 0xFF, 0x80, 0x00, 0x00, 0x00, 0x00, 0xBF, 0xFC, 0x00, 0x00, 0x00, 0x00, 0x08, 0xFF, 0xE3,
  0x00, 0x00, 0x00, 0x00, 0x3F, 0xFF, 0x60, 0x00, 0x00, 0x00, 0x01, 0xDF, 0xFB, 0x00, 0x00, 0x00, 0x00, 0x09, 0xFF, 0xE2,
  0x00, 0x00, 0x00, 0x00, 0x5F, 0xFF, 0x50, 0x8C, 0xC7, 0x00, 0x02, 0xEF, 0xFA, 0x00, 0xAF, 0xF8, 0x00, 0x0B, 0xFF, 0xD1,
  0x00, 0xAF, 0xF8, 0x00, 0x5F, 0xFF, 0xFF, 0xFF, 0xFF, 0xFF, 0xFD, 0x6F, 0xFF, 0xFF, 0xFF, 0xFF, 0xFF, 0xFD, 0x5B, 0xBB,
  0xBB, 0xBB, 0xEF, 0xFD, 0xB9, 0x00, 0x00, 0x00, 0x00, 0xBF, 0xF8, 0x00, 0x00, 0x00, 0x00, 0x00, 0xBF, 0xF8, 0x00, 0x00,
  0x00, 0x00, 0x00, 0xBF, 0xF8, 0x00, 0x01, 0xFF, 0xFF, 0xFF, 0xFF, 0xB0, 0x03, 0xFF, 0xFF, 0xFF, 0xFF, 0xB0, 0x05, 0xFF,
  0xEA, 0xAA, 0xAA, 0x70, 0x06, 0xFF, 0xB0, 0x00, 0x00, 0x00, 0x07, 0xFF, 0x90, 0x00, 0x00, 0x00, 0x09, 0xFF, 0xDA, 0x97,
  0x40, 0x00, 0x0A, 0xFF, 0xFF, 0xFF, 0xFB, 0x30, 0x0B, 0xFF, 0xFF, 0xFF, 0xFF, 0xC0, 0x00, 0x00, 0x01, 0x4B, 0xFF, 0xF5,
  0x00, 0x00, 0x00, 0x00, 0xEF, 0xF8, 0x01, 0x00, 0x00, 0x00, 0xDF, 0xF8, 0x0D, 0xA3, 0x00, 0x07, 0xFF, 0xF5, 0x6F, 0xFF,
  0xEC, 0xEF, 0xFF, 0xD1, 0x8F, 0xFF, 0xFF, 0xFF, 0xFD, 0x30, 0x02, 0x8B, 0xDF, 0xDB, 0x81, 0x00, 0x00, 0x00, 0x3A, 0xDE,
  0xED, 0xA4, 0x00, 0x00, 0x8F, 0xFF, 0xFF, 0xFF, 0xC0, 0x00, 0x9F, 0xFF, 0xEC, 0xCD, 0xF5, 0x00, 0x3F, 0xFF, 0xA1, 0x00,
  0x04, 0x00, 0x0B, 0xFF, 0xC0, 0x00, 0x00, 0x00, 0x01, 0xEF, 0xF6, 0x25, 0x75, 0x20, 0x00, 0x3F, 0xFF, 0xAE, 0xFF, 0xFF,
  0xA1, 0x04, 0xFF, 0xFF, 0xFF, 0xFF, 0xFF, 0xA0, 0x2F, 0xFF, 0xF8, 0x22, 0x9F, 0xFF, 0x40, 0xFF, 0xFB, 0x00, 0x00, 0xDF,
  0xF7, 0x0D, 0xFF, 0x90, 0x00, 0x0B, 0xFF, 0x80, 0x7F, 0xFD, 0x10, 0x02, 0xEF, 0xF5, 0x01, 0xDF, 0xFD, 0x99, 0xEF, 0xFD,
  0x10, 0x03, 0xDF, 0xFF, 0xFF, 0xFE, 0x30, 0x00, 0x01, 0x8B, 0xEE, 0xC9, 0x10, 0x00, 0x8F, 0xFF, 0xFF, 0xFF, 0xFF, 0xFE,
  0x08, 0xFF, 0xFF, 0xFF, 0xFF, 0xFF, 0xE0, 0x8F, 0xFD, 0xBB, 0xBB, 0xFF, 0xFC, 0x08, 0xFF, 0x80, 0x00, 0x3F, 0xFF, 0x60,
  0x8F, 0xF8, 0x00, 0x09, 0xFF, 0xE1, 0x00, 0x00, 0x00, 0x01, 0xEF, 0xF9, 0x00, 0x00, 0x00, 0x00, 0x7F, 0xFF, 0x30, 0x00,
  0x00, 0x00, 0x0D, 0xFF, 0xB0, 0x00, 0x00, 0x00, 0x04, 0xFF, 0xF6, 0x00, 0x00, 0x00, 0x00, 0xAF, 0xFE, 0x00, 0x00, 0x00,
  0x00, 0x2F, 0xFF, 0x80, 0x00, 0x00, 0x00, 0x08, 0xFF, 0xF2, 0x00, 0x00, 0x00, 0x00, 0xEF, 0xFB, 0x00, 0x00, 0x00, 0x00,
  0x6F, 0xFF, 0x50, 0x00, 0x00, 0x00, 0x0B, 0xFF, 0xD0, 0x00, 0x00, 0x00, 0x00, 0x05, 0xBD, 0xFE, 0xC7, 0x10, 0x00, 0x0A,
  0xFF, 0xFF, 0xFF, 0xFE, 0x20, 0x06, 0xFF, 0xFC, 0x8B, 0xEF, 0xFC, 0x00, 0xAF, 0xFB, 0x00, 0x05, 0xFF, 0xF2, 0x0B, 0xFF,
  0x90, 0x00, 0x3F, 0xFF, 0x20, 0x7F, 0xFE, 0x62, 0x4B, 0xFF, 0xD0, 0x00, 0xBF, 0xFF, 0xFF, 0xFF, 0xE3, 0x00, 0x1A, 0xFF,
  0xFF, 0xFF, 0xFE, 0x30, 0x0B, 0xFF, 0xE8, 0x57, 0xCF, 0xFE, 0x33, 0xFF, 0xF6, 0x00, 0x01, 0xDF, 0xF9, 0x5F, 0xFF, 0x20,
  0x00, 0x0B, 0xFF, 0xB2, 0xFF, 0xF7, 0x00, 0x02, 0xEF, 0xF8, 0x0C, 0xFF, 0xFA, 0x89, 0xEF, 0xFF, 0x30, 0x2D, 0xFF, 0xFF,
  0xFF, 0xFF, 0x60, 0x00, 0x06, 0xBD, 0xFE, 0xC9, 0x20, 0x00, 0x00, 0x29, 0xCE, 0xDB, 0x80, 0x00, 0x00, 0x4E, 0xFF, 0xFF,
  0xFF, 0xC3, 0x00, 0x1D, 0xFF, 0xE9, 0x9D, 0xFF, 0xC0, 0x05, 0xFF, 0xE2, 0x00, 0x1D, 0xFF, 0x60, 0x8F, 0xFB, 0x00, 0x00,
  0xAF, 0xFC, 0x08, 0xFF, 0xC0, 0x00, 0x0B, 0xFF, 0xE0, 0x5F, 0xFF, 0x82, 0x28, 0xFF, 0xFF, 0x10, 0xBF, 0xFF, 0xFF, 0xFF,
  0xFF, 0xF3, 0x02, 0xAF, 0xFF, 0xFE, 0xAF, 0xFF, 0x10, 0x00, 0x36, 0x75, 0x27, 0xFF, 0xE0, 0x00, 0x00, 0x00, 0x00, 0xDF,
  0xFA, 0x00, 0x04, 0x00, 0x01, 0xAF, 0xFE, 0x30, 0x05, 0xFD, 0xBC, 0xEF, 0xFF, 0x80, 0x00, 0xCF, 0xFF, 0xFF, 0xFE, 0x70,
  0x00, 0x05, 0xAD, 0xEE, 0xDA, 0x30, 0x00, 0x00, 0x09, 0xEC, 0x24, 0xFF, 0xF9, 0x4F, 0xFF, 0x80, 0x9E, 0xB2, 0x00, 0x00,
  0x00, 0x00, 0x00, 0x00, 0x00, 0x00, 0x9E, 0xB2, 0x4F, 0xFF, 0x84, 0xFF, 0xF9, 0x09, 0xEC, 0x20, 0x09, 0xEC, 0x24, 0xFF,
  0xF9, 0x4F, 0xFF, 0x80, 0x9E, 0xB2, 0x00, 0x00, 0x00, 0x00, 0x00, 0x00, 0x00, 0x00, 0x5A, 0x80, 0x3F, 0xFF, 0x74, 0xFF,
  0xFA, 0x0C, 0xFF, 0x60, 0x6F, 0xE1, 0x0A, 0xFA, 0x00, 0xEF, 0x40, 0x04, 0x40, 0x00, 0x00, 0x00, 0x00, 0x00, 0x28, 0xC0,
  0x00, 0x00, 0x00, 0x5B, 0xFF, 0xE0, 0x00, 0x03, 0x9E, 0xFF, 0xFF, 0xA0, 0x06, 0xCF, 0xFF, 0xFC, 0x72, 0x00, 0x0C, 0xFF,
  0xD8, 0x30, 0x00, 0x00, 0x0C, 0xFF, 0xD8, 0x30, 0x00, 0x00, 0x06, 0xCF, 0xFF, 0xFC, 0x72, 0x00, 0x00, 0x03, 0x9E, 0xFF,
  0xFF, 0xB0, 0x00, 0x00, 0x01, 0x6B, 0xFF, 0xE0, 0x00, 0x00, 0x00, 0x00, 0x28, 0xC0, 0x00, 0x00, 0x00, 0x00, 0x00, 0x00,
  0x00, 0x00, 0x00, 0x00, 0x00, 0x00, 0x0C, 0xFF, 0xFF, 0xFF, 0xFF, 0xE0, 0x0C, 0xFF, 0xFF, 0xFF, 0xFF, 0xE0, 0x06, 0x88,
  0x88, 0x88, 0x88, 0x80, 0x00, 0x00, 0x00, 0x00, 0x00, 0x00, 0x00, 0x00, 0x00, 0x00, 0x00, 0x00, 0x0C, 0xFF, 0xFF, 0xFF,
  0xFF, 0xE0, 0x0C, 0xFF, 0xFF, 0xFF, 0xFF, 0xE0, 0x06, 0x88, 0x88, 0x88, 0x88, 0x80, 0x00, 0x00, 0x00, 0x00, 0x00, 0x00,
  0x00, 0x00, 0x00, 0x00, 0x00, 0x00, 0x00, 0x00, 0x00, 0x00, 0x00, 0x00, 0x0A, 0x93, 0x00, 0x00, 0x00, 0x00, 0x0C, 0xFF,
  0xC7, 0x10, 0x00, 0x00, 0x08, 0xEF, 0xFF, 0xEA, 0x40, 0x00, 0x00, 0x16, 0xBF, 0xFF, 0xFD, 0x80, 0x00, 0x00, 0x02, 0x7D,
  0xFF, 0xE0, 0x00, 0x00, 0x02, 0x7C, 0xFF, 0xE0, 0x00, 0x16, 0xBF, 0xFF, 0xFD, 0x80, 0x08, 0xEF, 0xFF, 0xEA, 0x50, 0x00,
  0x0C, 0xFF, 0xC7, 0x10, 0x00, 0x00, 0x0A, 0x93, 0x00, 0x00, 0x00, 0x00, 0x00, 0x00, 0x00, 0x00, 0x00, 0x00, 0x00, 0x00,
  0x00, 0x00, 0x00, 0x00, 0x00, 0x06, 0xBD, 0xFE, 0xC7, 0x10, 0x00, 0x2C, 0xFF, 0xFF, 0xFF, 0xFD, 0x10, 0x0C, 0xFF, 0xFE,
  0xCF, 0xFF, 0xF9, 0x00, 0x2B, 0xE5, 0x00, 0x1C, 0xFF, 0xD0, 0x00, 0x02, 0x00, 0x00, 0x9F, 0xFC, 0x00, 0x00, 0x00, 0x00,
  0x1D, 0xFF, 0x80, 0x00, 0x00, 0x00, 0x1C, 0xFF, 0xC1, 0x00, 0x00, 0x00, 0x0B, 0xFF, 0xD2, 0x00, 0x00, 0x00, 0x04, 0xFF,
  0xE2, 0x00, 0x00, 0x00, 0x00, 0x7D, 0xD8, 0x00, 0x00, 0x00, 0x00, 0x00, 0x00, 0x00, 0x00, 0x00, 0x00, 0x00, 0x39, 0x92,
  0x00, 0x00, 0x00, 0x00, 0x0D, 0xFF, 0xB0, 0x00, 0x00, 0x00, 0x00, 0xEF, 0xFD, 0x00, 0x00, 0x00, 0x00, 0x06, 0xEE, 0x50,
  0x00, 0x00, 0x00, 0x00, 0x00, 0x48, 0xCE, 0xFE, 0xD9, 0x50, 0x00, 0x00, 0x00, 0x00, 0x02, 0xBF, 0xFF, 0xFF, 0xFF, 0xFF,
  0xC4, 0x00, 0x00, 0x00, 0x04, 0xEF, 0xFA, 0x51, 0x01, 0x38, 0xEF, 0xF7, 0x00, 0x00, 0x03, 0xEF, 0xE5, 0x00, 0x00, 0x00,
  0x02, 0xBF, 0xF5, 0x00, 0x00, 0xCF, 0xE2, 0x00, 0x25, 0x41, 0x04, 0x43, 0xAF, 0xE1, 0x00, 0x6F, 0xF6, 0x01, 0xAF, 0xFF,
  0xE7, 0xFF, 0xB1, 0xDF, 0x80, 0x0B, 0xFB, 0x00, 0xCF, 0xFF, 0xFF, 0xFF, 0xFB, 0x06, 0xFD, 0x00, 0xEF, 0x60, 0x7F, 0xFD,
  0x41, 0x5E, 0xFF, 0xB0, 0x1F, 0xF2, 0x2F, 0xF3, 0x0A, 0xFF, 0x40, 0x00, 0x6F, 0xFB, 0x00, 0xDF, 0x34, 0xFF, 0x20, 0xDF,
  0xF0, 0x00, 0x02, 0xFF, 0xB0, 0x0D, 0xF4, 0x3F, 0xF3, 0x0C, 0xFF, 0x10, 0x00, 0x3F, 0xFB, 0x00, 0xEF, 0x21, 0xFF, 0x50,
  0xAF, 0xF7, 0x00, 0x08, 0xFF, 0xC0, 0x2F, 0xE0, 0x0C, 0xF9, 0x04, 0xFF, 0xF9, 0x7A, 0xFF, 0xFF, 0x6B, 0xF9, 0x00, 0x8F,
  0xF3, 0x08, 0xFF, 0xFF, 0xFD, 0xAF, 0xFF, 0xFE, 0x20, 0x01, 0xEF, 0xC0, 0x05, 0xCE, 0xDA, 0x20, 0x9D, 0xEB, 0x20, 0x00,
  0x05, 0xFF, 0xC3, 0x00, 0x00, 0x00, 0x00, 0x00, 0x00, 0x00, 0x00, 0x06, 0xFF, 0xF8, 0x41, 0x01, 0x38, 0x90, 0x00, 0x00,
  0x00, 0x00, 0x04, 0xCF, 0xFF, 0xFE, 0xFF, 0xFF, 0x10, 0x00, 0x00, 0x00, 0x00, 0x00, 0x59, 0xDE, 0xFE, 0xCA, 0x50, 0x00,
  0x00, 0x00, 0x00, 0x00, 0x00, 0x2F, 0xFF, 0xA0, 0x00, 0x00, 0x00, 0x00, 0x00, 0x08, 0xFF, 0xFF, 0x20, 0x00, 0x00, 0x00,
  0x00, 0x00, 0xEF, 0xFF, 0xF8, 0x00, 0x00, 0x00, 0x00, 0x00, 0x6F, 0xFD, 0xFF, 0xD0, 0x00, 0x00, 0x00, 0x00, 0x0C, 0xFF,
  0x5C, 0xFF, 0x60, 0x00, 0x00, 0x00, 0x03, 0xFF, 0xE0, 0x7F, 0xFC, 0x00, 0x00, 0x00, 0x00, 0xAF, 0xF8, 0x01, 0xEF, 0xF3,
  0x00, 0x00, 0x00, 0x1E, 0xFF, 0x20, 0x0A, 0xFF, 0xA0, 0x00, 0x00, 0x07, 0xFF, 0xB0, 0x00, 0x4F, 0xFE, 0x10, 0x00, 0x00,
  0xDF, 0xFF, 0xFF, 0xFF, 0xFF, 0xF7, 0x00, 0x00, 0x5F, 0xFF, 0xFF, 0xFF, 0xFF, 0xFF, 0xD0, 0x00, 0x0B, 0xFF, 0xB9, 0x99,
  0x99, 0x9E, 0xFF, 0x50, 0x03, 0xFF, 0xF2, 0x00, 0x00, 0x00, 0xAF, 0xFB, 0x00, 0x9F, 0xFB, 0x00, 0x00, 0x00, 0x04, 0xFF,
  0xF3, 0x1E, 0xFF, 0x60, 0x00, 0x00, 0x00, 0x0D, 0xFF, 0x90, 0x06, 0xFF, 0xFF, 0xFF, 0xFE, 0xC8, 0x20, 0x00, 0x06, 0xFF,
  0xFF, 0xFF, 0xFF, 0xFF, 0xE3, 0x00, 0x06, 0xFF, 0xF8, 0x88, 0x9B, 0xFF, 0xFC, 0x00, 0x06, 0xFF, 0xE0, 0x00, 0x00, 0x8F,
  0xFE, 0x00, 0x06, 0xFF, 0xE0, 0x00, 0x00, 0x6F, 0xFE, 0x00, 0x06, 0xFF, 0xE0, 0x00, 0x14, 0xDF, 0xFA, 0x00, 0x06, 0xFF,
  0xFF, 0xFF, 0xFF, 0xFF, 0xB1, 0x00, 0x06, 0xFF, 0xFF, 0xFF, 0xFF, 0xFF, 0xD4, 0x00, 0x06, 0xFF, 0xF7, 0x77, 0x78, 0xCF,
  0xFE, 0x20, 0x06, 0xFF, 0xE0, 0x00, 0x00, 0x1D, 0xFF, 0x90, 0x06, 0xFF, 0xE0, 0x00, 0x00, 0x0A, 0xFF, 0xB0, 0x06, 0xFF,
  0xE0, 0x00, 0x00, 0x1D, 0xFF, 0xA0, 0x06, 0xFF, 0xF8, 0x88, 0x89, 0xDF, 0xFF, 0x60, 0x06, 0xFF, 0xFF, 0xFF, 0xFF, 0xFF,
  0xFB, 0x00, 0x06, 0xFF, 0xFF, 0xFF, 0xFE, 0xDB, 0x50, 0x00, 0x00, 0x00, 0x17, 0xCE, 0xFE, 0xC7, 0x10, 0x00, 0x00, 0x4D,
  0xFF, 0xFF, 0xFF, 0xFD, 0x30, 0x00, 0x5F, 0xFF, 0xFF, 0xDF, 0xFF, 0xFD, 0x20, 0x2E, 0xFF, 0xE7, 0x10, 0x15, 0xDF, 0xA1,
  0x0A, 0xFF, 0xF4, 0x00, 0x00, 0x02, 0x50, 0x00, 0xEF, 0xF9, 0x00, 0x00, 0x00, 0x00, 0x00, 0x3F, 0xFF, 0x50, 0x00, 0x00,
  0x00, 0x00, 0x04, 0xFF, 0xF3, 0x00, 0x00, 0x00, 0x00, 0x00, 0x3F, 0xFF, 0x50, 0x00, 0x00, 0x00, 0x00, 0x00, 0xEF, 0xF9,
  0x00, 0x00, 0x00, 0x00, 0x00, 0x0A, 0xFF, 0xF3, 0x00, 0x00, 0x02, 0x50, 0x00, 0x2E, 0xFF, 0xE6, 0x10, 0x04, 0xDF, 0x60,
  0x00, 0x5F, 0xFF, 0xFF, 0xDF, 0xFF, 0xFF, 0x30, 0x00, 0x5D, 0xFF, 0xFF, 0xFF, 0xFE, 0x60, 0x00, 0x00, 0x18, 0xCE, 0xFE,
  0xC8, 0x10, 0x00, 0x06, 0xFF, 0xFF, 0xFF, 0xFE, 0xB6, 0x00, 0x00, 0x00, 0x6F, 0xFF, 0xFF, 0xFF, 0xFF, 0xFC, 0x40, 0x00,
  0x06, 0xFF, 0xFB, 0xBB, 0xDF, 0xFF, 0xFF, 0x40, 0x00, 0x6F, 0xFF, 0x00, 0x00, 0x07, 0xEF, 0xFD, 0x10, 0x06, 0xFF, 0xF0,
  0x00, 0x00, 0x06, 0xFF, 0xF7, 0x00, 0x6F, 0xFF, 0x00, 0x00, 0x00, 0x0C, 0xFF, 0xC0, 0x06, 0xFF, 0xF0, 0x00, 0x00, 0x00,
  0x9F, 0xFE, 0x00, 0x6F, 0xFF, 0x00, 0x00, 0x00, 0x07, 0xFF, 0xF0, 0x06, 0xFF, 0xF0, 0x00, 0x00, 0x00, 0x8F, 0xFE, 0x00,
  0x6F, 0xFF, 0x00, 0x00, 0x00, 0x0C, 0xFF, 0xC0, 0x06, 0xFF, 0xF0, 0x00, 0x00, 0x05, 0xFF, 0xF8, 0x00, 0x6F, 0xFF, 0x00,
  0x00, 0x07, 0xEF, 0xFD, 0x10, 0x06, 0xFF, 0xFB, 0xBB, 0xCE, 0xFF, 0xFF, 0x40, 0x00, 0x6F, 0xFF, 0xFF, 0xFF, 0xFF, 0xFC,
  0x40, 0x00, 0x06, 0xFF, 0xFF, 0xFF, 0xFE, 0xB7, 0x00, 0x00, 0x00, 0x06, 0xFF, 0xFF, 0xFF, 0xFF, 0xFF, 0x70, 0x06, 0xFF,
  0xFF, 0xFF, 0xFF, 0xFF, 0x70, 0x06, 0xFF, 0xFA, 0xAA, 0xAA, 0xAA, 0x50, 0x06, 0xFF, 0xE0, 0x00, 0x00, 0x00, 0x00, 0x06,
  0xFF, 0xE0, 0x00, 0x00, 0x00, 0x00, 0x06, 0xFF, 0xE0, 0x00, 0x00, 0x00, 0x00, 0x06, 0xFF, 0xFF, 0xFF, 0xFF, 0xF9, 0x00,
  0x06, 0xFF, 0xFF, 0xFF, 0xFF, 0xF9, 0x00, 0x06, 0xFF, 0xF9, 0x99, 0x99, 0x96, 0x00, 0x06, 0xFF, 0xE0, 0x00, 0x00, 0x00,
  0x00, 0x06, 0xFF, 0xE0, 0x00, 0x00, 0x00, 0x00, 0x06, 0xFF, 0xE0, 0x00, 0x00, 0x00, 0x00, 0x06, 0xFF, 0xFA, 0xAA, 0xAA,
  0xAA, 0x80, 0x06, 0xFF, 0xFF, 0xFF, 0xFF, 0xFF, 0xB0, 0x06, 0xFF, 0xFF, 0xFF, 0xFF, 0xFF, 0xB0, 0x06, 0xFF, 0xFF, 0xFF,
  0xFF, 0xFF, 0x70, 0x6F, 0xFF, 0xFF, 0xFF, 0xFF, 0xF7, 0x06, 0xFF, 0xFA, 0xAA, 0xAA, 0xAA, 0x50, 0x6F, 0xFF, 0x00, 0x00,
  0x00, 0x00, 0x06, 0xFF, 0xF0, 0x00, 0x00, 0x00, 0x00, 0x6F, 0xFF, 0x00, 0x00, 0x00, 0x00, 0x06, 0xFF, 0xF0, 0x00, 0x00,
  0x00, 0x00, 0x6F, 0xFF, 0xFF, 0xFF, 0xFF, 0x90, 0x06, 0xFF, 0xFF, 0xFF, 0xFF, 0xF9, 0x00, 0x6F, 0xFF, 0xAA, 0xAA, 0xAA,
  0x60, 0x06, 0xFF, 0xF0, 0x00, 0x00, 0x00, 0x00, 0x6F, 0xFF, 0x00, 0x00, 0x00, 0x00, 0x06, 0xFF, 0xF0, 0x00, 0x00, 0x00,
  0x00, 0x6F, 0xFF, 0x00, 0x00, 0x00, 0x00, 0x06, 0xFF, 0xF0, 0x00, 0x00, 0x00, 0x00, 0x00, 0x00, 0x07, 0xBE, 0xFE, 0xC8,
  0x20, 0x00, 0x00, 0x04, 0xDF, 0xFF, 0xFF, 0xFF, 0xE5, 0x00, 0x00, 0x5F, 0xFF, 0xFF, 0xDE, 0xFF, 0xFE, 0x40, 0x02, 0xEF,
  0xFE, 0x71, 0x00, 0x3C, 0xFC, 0x20, 0x0A, 0xFF, 0xF4, 0x00, 0x00, 0x00, 0x50, 0x00, 0x0E, 0xFF, 0x90, 0x00, 0x00, 0x00,
  0x00, 0x00, 0x3F, 0xFF, 0x50, 0x00, 0x00, 0x00, 0x00, 0x00, 0x4F, 0xFF, 0x30, 0x00, 0x00, 0x08, 0xBB, 0x40, 0x3F, 0xFF,
  0x50, 0x00, 0x00, 0x0B, 0xFF, 0x60, 0x0E, 0xFF, 0x90, 0x00, 0x00, 0x0B, 0xFF, 0x60, 0x0A, 0xFF, 0xF4, 0x00, 0x00, 0x0B,
  0xFF, 0x60, 0x02, 0xEF, 0xFE, 0x71, 0x00, 0x3D, 0xFF, 0x60, 0x00, 0x5F, 0xFF, 0xFF, 0xDD, 0xFF, 0xFF, 0x60, 0x00, 0x04,
  0xDF, 0xFF, 0xFF, 0xFF, 0xFA, 0x20, 0x00, 0x00, 0x17, 0xCE, 0xFD, 0xB9, 0x30, 0x00, 0x06, 0xFF, 0xF0, 0x00, 0x00, 0x09,
  0xFF, 0xC0, 0x06, 0xFF, 0xF0, 0x00, 0x00, 0x09, 0xFF, 0xC0, 0x06, 0xFF, 0xF0, 0x00, 0x00, 0x09, 0xFF, 0xC0, 0x06, 0xFF,
  0xF0, 0x00, 0x00, 0x09, 0xFF, 0xC0, 0x06, 0xFF, 0xF0, 0x00, 0x00, 0x09, 0xFF, 0xC0, 0x06, 0xFF, 0xF0, 0x00, 0x00, 0x09,
  0xFF, 0xC0, 0x06, 0xFF, 0xFF, 0xFF, 0xFF, 0xFF, 0xFF, 0xC0, 0x06, 0xFF, 0xFF, 0xFF, 0xFF, 0xFF, 0xFF, 0xC0, 0x06, 0xFF,
  0xFC, 0xCC, 0xCC, 0xCE, 0xFF, 0xC0, 0x06, 0xFF, 0xF0, 0x00, 0x00, 0x09, 0xFF, 0xC0, 0x06, 0xFF, 0xF0, 0x00, 0x00, 0x09,
  0xFF, 0xC0, 0x06, 0xFF, 0xF0, 0x00, 0x00, 0x09, 0xFF, 0xC0, 0x06, 0xFF, 0xF0, 0x00, 0x00, 0x09, 0xFF, 0xC0, 0x06, 0xFF,
  0xF0, 0x00, 0x00, 0x09, 0xFF, 0xC0, 0x06, 0xFF, 0xF0, 0x00, 0x00, 0x09, 0xFF, 0xC0, 0x06, 0xFF, 0xF0, 0x00, 0x6F, 0xFF,
  0x00, 0x06, 0xFF, 0xF0, 0x00, 0x6F, 0xFF, 0x00, 0x06, 0xFF, 0xF0, 0x00, 0x6F, 0xFF, 0x00, 0x06, 0xFF, 0xF0, 0x00, 0x6F,
  0xFF, 0x00, 0x06, 0xFF, 0xF0, 0x00, 0x6F, 0xFF, 0x00, 0x06, 0xFF, 0xF0, 0x00, 0x6F, 0xFF, 0x00, 0x06, 0xFF, 0xF0, 0x00,
  0x6F, 0xFF, 0x00, 0x06, 0xFF, 0xF0, 0x00, 0x00, 0xDF, 0xFF, 0xFF, 0xFF, 0x70, 0x00, 0xDF, 0xFF, 0xFF, 0xFF, 0x70, 0x00,
  0x9A, 0xAA, 0xAE, 0xFF, 0x70, 0x00, 0x00, 0x00, 0x0D, 0xFF, 0x70, 0x00, 0x00, 0x00, 0x0D, 0xFF, 0x70, 0x00, 0x00, 0x00,
  0x0D, 0xFF, 0x70, 0x00, 0x00, 0x00, 0x0D, 0xFF, 0x70, 0x00, 0x00, 0x00, 0x0D, 0xFF, 0x70, 0x00, 0x00, 0x00, 0x0D, 0xFF,
  0x70, 0x00, 0x00, 0x00, 0x0D, 0xFF, 0x70, 0x00, 0x20, 0x00, 0x0E, 0xFF, 0x60, 0x04, 0xE6, 0x00, 0x6F, 0xFF, 0x30, 0x2E,
  0xFF, 0xEC, 0xFF, 0xFD, 0x00, 0x19, 0xFF, 0xFF, 0xFF, 0xE4, 0x00, 0x00, 0x6C, 0xEE, 0xDA, 0x20, 0x00, 0x06, 0xFF, 0xE0,
  0x00, 0x00, 0x4F, 0xFF, 0x80, 0x06, 0xFF, 0xE0, 0x00, 0x03, 0xEF, 0xFA, 0x00, 0x06, 0xFF, 0xE0, 0x00, 0x2D, 0xFF, 0xB0,
  0x00, 0x06, 0xFF, 0xE0, 0x01, 0xDF, 0xFC, 0x10, 0x00, 0x06, 0xFF, 0xE0, 0x1C, 0xFF, 0xD2, 0x00, 0x00, 0x06, 0xFF, 0xE0,
  0xBF, 0xFE, 0x30, 0x00, 0x00, 0x06, 0xFF, 0xEA, 0xFF, 0xF5, 0x00, 0x00, 0x00, 0x06, 0xFF, 0xFF, 0xFF, 0xFA, 0x00, 0x00,
  0x00, 0x06, 0xFF, 0xFF, 0xFF, 0xFF, 0x60, 0x00, 0x00, 0x06, 0xFF, 0xFF, 0x9D, 0xFF, 0xE3, 0x00, 0x00, 0x06, 0xFF, 0xFA,
  0x03, 0xEF, 0xFD, 0x10, 0x00, 0x06, 0xFF, 0xF0, 0x00, 0x5F, 0xFF, 0xA0, 0x00, 0x06, 0xFF, 0xE0, 0x00, 0x09, 0xFF, 0xF7,
  0x00, 0x06, 0xFF, 0xE0, 0x00, 0x00, 0xCF, 0xFF, 0x30, 0x06, 0xFF, 0xE0, 0x00, 0x00, 0x2E, 0xFF, 0xD1, 0x06, 0xFF, 0xF0,
  0x00, 0x00, 0x00, 0x00, 0x6F, 0xFF, 0x00, 0x00, 0x00, 0x00, 0x06, 0xFF, 0xF0, 0x00, 0x00, 0x00, 0x00, 0x6F, 0xFF, 0x00,
  0x00, 0x00, 0x00, 0x06, 0xFF, 0xF0, 0x00, 0x00, 0x00, 0x00, 0x6F, 0xFF, 0x00, 0x00, 0x00, 0x00, 0x06, 0xFF, 0xF0, 0x00,
  0x00, 0x00, 0x00, 0x6F, 0xFF, 0x00, 0x00, 0x00, 0x00, 0x06, 0xFF, 0xF0, 0x00, 0x00, 0x00, 0x00, 0x6F, 0xFF, 0x00, 0x00,
  0x00, 0x00, 0x06, 0xFF, 0xF0, 0x00, 0x00, 0x00, 0x00, 0x6F, 0xFF, 0x00, 0x00, 0x00, 0x00, 0x06, 0xFF, 0xFB, 0xBB, 0xBB,
  0xBB, 0x20, 0x6F, 0xFF, 0xFF, 0xFF, 0xFF, 0xF2, 0x06, 0xFF, 0xFF, 0xFF, 0xFF, 0xFF, 0x20, 0x06, 0xFF, 0xB0, 0x00, 0x00,
  0x00, 0x00, 0x5F, 0xFB, 0x00, 0x6F, 0xFF, 0x50, 0x00, 0x00, 0x00, 0x0D, 0xFF, 0xB0, 0x06, 0xFF, 0xFD, 0x00, 0x00, 0x00,
  0x07, 0xFF, 0xFB, 0x00, 0x6F, 0xFF, 0xF7, 0x00, 0x00, 0x01, 0xEF, 0xFF, 0xB0, 0x06, 0xFF, 0xFF, 0xE1, 0x00, 0x00, 0x9F,
  0xFF, 0xFB, 0x00, 0x6F, 0xFF, 0xFF, 0x90, 0x00, 0x3F, 0xFF, 0xFF, 0xB0, 0x06, 0xFF, 0xDE, 0xFF, 0x30, 0x0B, 0xFF, 0xBF,
  0xFB, 0x00, 0x6F, 0xFC, 0x8F, 0xFB, 0x04, 0xFF, 0xC7, 0xFF, 0xB0, 0x06, 0xFF, 0xC1, 0xDF, 0xF5, 0xCF, 0xF4, 0x7F, 0xFB,
  0x00, 0x6F, 0xFC, 0x06, 0xFF, 0xEF, 0xFA, 0x07, 0xFF, 0xB0, 0x06, 0xFF, 0xC0, 0x0C, 0xFF, 0xFF, 0x20, 0x7F, 0xFB, 0x00,
  0x6F, 0xFC, 0x00, 0x4F, 0xFF, 0x80, 0x06, 0xFF, 0xB0, 0x06, 0xFF, 0xC0, 0x00, 0xAF, 0xE1, 0x00, 0x6F, 0xFB, 0x00, 0x6F,
  0xFC, 0x00, 0x02, 0x74, 0x00, 0x06, 0xFF, 0xB0, 0x06, 0xFF, 0xC0, 0x00, 0x00, 0x00, 0x00, 0x6F, 0xFC, 0x00, 0x06, 0xFF,
  0xC1, 0x00, 0x00, 0x09, 0xFF, 0xC0, 0x06, 0xFF, 0xF9, 0x00, 0x00, 0x09, 0xFF, 0xC0, 0x06, 0xFF, 0xFF, 0x60, 0x00, 0x09,
  0xFF, 0xC0, 0x06, 0xFF, 0xFF, 0xE3, 0x00, 0x09, 0xFF, 0xC0, 0x06, 0xFF, 0xFF, 0xFD, 0x10, 0x09, 0xFF, 0xC0, 0x06, 0xFF,
  0xFF, 0xFF, 0xB0, 0x09, 0xFF, 0xC0, 0x06, 0xFF, 0xEA, 0xFF, 0xF8, 0x09, 0xFF, 0xC0, 0x06, 0xFF, 0xE1, 0xCF, 0xFF, 0x59,
  0xFF, 0xC0, 0x06, 0xFF, 0xE0, 0x2E, 0xFF, 0xEA, 0xFF, 0xC0, 0x06, 0xFF, 0xE0, 0x05, 0xFF, 0xFF, 0xFF, 0xC0, 0x06, 0xFF,
  0xE0, 0x00, 0x8F, 0xFF, 0xFF, 0xC0, 0x06, 0xFF, 0xE0, 0x00, 0x0B, 0xFF, 0xFF, 0xC0, 0x06, 0xFF, 0xE0, 0x00, 0x01, 0xDF,
  0xFF, 0xC0, 0x06, 0xFF, 0xE0, 0x00, 0x00, 0x3E, 0xFF, 0xC0, 0x06, 0xFF, 0xE0, 0x00, 0x00, 0x06, 0xFF, 0xC0, 0x00, 0x00,
  0x07, 0xBE, 0xFE, 0xC8, 0x10, 0x00, 0x00, 0x00, 0x4D, 0xFF, 0xFF, 0xFF, 0xFD, 0x50, 0x00, 0x00, 0x5F, 0xFF, 0xFF, 0xDF,
  0xFF, 0xFF, 0x70, 0x00, 0x1E, 0xFF, 0xE6, 0x10, 0x15, 0xEF, 0xFE, 0x30, 0x0A, 0xFF, 0xF3, 0x00, 0x00, 0x02, 0xEF, 0xFB,
  0x00, 0xEF, 0xF9, 0x00, 0x00, 0x00, 0x07, 0xFF, 0xF2, 0x3F, 0xFF, 0x50, 0x00, 0x00, 0x00, 0x3F, 0xFF, 0x54, 0xFF, 0xF3,
  0x00, 0x00, 0x00, 0x01, 0xFF, 0xF6, 0x3F, 0xFF, 0x50, 0x00, 0x00, 0x00, 0x3F, 0xFF, 0x50, 0xEF, 0xF9, 0x00, 0x00, 0x00,
  0x07, 0xFF, 0xF2, 0x0A, 0xFF, 0xF3, 0x00, 0x00, 0x02, 0xEF, 0xFC, 0x00, 0x2E, 0xFF, 0xE6, 0x10, 0x05, 0xDF, 0xFE, 0x30,
  0x00, 0x5F, 0xFF, 0xFF, 0xDE, 0xFF, 0xFF, 0x70, 0x00, 0x00, 0x4D, 0xFF, 0xFF, 0xFF, 0xFE, 0x50, 0x00, 0x00, 0x00, 0x07,
  0xCE, 0xFE, 0xC8, 0x10, 0x00, 0x00, 0x06, 0xFF, 0xFF, 0xFF, 0xEC, 0x92, 0x00, 0x00, 0x6F, 0xFF, 0xFF, 0xFF, 0xFF, 0xE6,
  0x00, 0x06, 0xFF, 0xFB, 0xBB, 0xDF, 0xFF, 0xF4, 0x00, 0x6F, 0xFF, 0x00, 0x00, 0x3E, 0xFF, 0xB0, 0x06, 0xFF, 0xF0, 0x00,
  0x00, 0x8F, 0xFD, 0x00, 0x6F, 0xFF, 0x00, 0x00, 0x06, 0xFF, 0xF0, 0x06, 0xFF, 0xF0, 0x00, 0x00, 0x9F, 0xFD, 0x00, 0x6F,
  0xFF, 0x00, 0x02, 0x8F, 0xFF, 0x90, 0x06, 0xFF, 0xFF, 0xFF, 0xFF, 0xFF, 0xD1, 0x00, 0x6F, 0xFF, 0xFF, 0xFF, 0xFF, 0xC3,
  0x00, 0x06, 0xFF, 0xFB, 0xBB, 0xA8, 0x50, 0x00, 0x00, 0x6F, 0xFF, 0x00, 0x00, 0x00, 0x00, 0x00, 0x06, 0xFF, 0xF0, 0x00,
  0x00, 0x00, 0x00, 0x00, 0x6F, 0xFF, 0x00, 0x00, 0x00, 0x00, 0x00, 0x06, 0xFF, 0xF0, 0x00, 0x00, 0x00, 0x00, 0x00, 0x00,
  0x00, 0x07, 0xBE, 0xFE, 0xC8, 0x10, 0x00, 0x00, 0x00, 0x04, 0xDF, 0xFF, 0xFF, 0xFF, 0xD5, 0x00, 0x00, 0x00, 0x5F, 0xFF,
  0xFF, 0xDF, 0xFF, 0xFF, 0x70, 0x00, 0x01, 0xDF, 0xFE, 0x71, 0x01, 0x5E, 0xFF, 0xE2, 0x00, 0x09, 0xFF, 0xF4, 0x00, 0x00,
  0x02, 0xEF, 0xFB, 0x00, 0x0E, 0xFF, 0xA0, 0x00, 0x00, 0x00, 0x7F, 0xFF, 0x20, 0x2F, 0xFF, 0x60, 0x00, 0x00, 0x00, 0x3F,
  0xFF, 0x50, 0x4F, 0xFF, 0x30, 0x00, 0x00, 0x00, 0x1F, 0xFF, 0x60, 0x2F, 0xFF, 0x50, 0x00, 0x00, 0x00, 0x3F, 0xFF, 0x40,
  0x0E, 0xFF, 0x80, 0x00, 0x00, 0x00, 0x6F, 0xFF, 0x20, 0x0B, 0xFF, 0xE2, 0x00, 0x00, 0x01, 0xDF, 0xFC, 0x00, 0x03, 0xFF,
  0xFD, 0x30, 0x00, 0x2B, 0xFF, 0xF5, 0x00, 0x00, 0x9F, 0xFF, 0xFC, 0xAC, 0xEF, 0xFF, 0xB0, 0x00, 0x00, 0x08, 0xFF, 0xFF,
  0xFF, 0xFF, 0xFB, 0x10, 0x00, 0x00, 0x00, 0x5B, 0xFF, 0xFF, 0xFD, 0x60, 0x00, 0x00, 0x00, 0x00, 0x00, 0x18, 0xFF, 0xFD,
  0x41, 0x6D, 0x30, 0x00, 0x00, 0x00, 0x00, 0x6F, 0xFF, 0xFF, 0xFF, 0xD0, 0x00, 0x00, 0x00, 0x00, 0x04, 0xCF, 0xFF, 0xFD,
  0x40, 0x00, 0x00, 0x00, 0x00, 0x00, 0x04, 0x77, 0x40, 0x00, 0x06, 0xFF, 0xFF, 0xFF, 0xEC, 0x92, 0x00, 0x00, 0x6F, 0xFF,
  0xFF, 0xFF, 0xFF, 0xE6, 0x00, 0x06, 0xFF, 0xFB, 0xBB, 0xDF, 0xFF, 0xF4, 0x00, 0x6F, 0xFF, 0x00, 0x00, 0x3E, 0xFF, 0xB0,
  0x06, 0xFF, 0xF0, 0x00, 0x00, 0x8F, 0xFD, 0x00, 0x6F, 0xFF, 0x00, 0x00, 0x06, 0xFF, 0xF0, 0x06, 0xFF, 0xF0, 0x00, 0x00,
  0xAF, 0xFE, 0x00, 0x6F, 0xFF, 0x00, 0x02, 0x8F, 0xFF, 0x90, 0x06, 0xFF, 0xFF, 0xFF, 0xFF, 0xFF, 0xE2, 0x00, 0x6F, 0xFF,
  0xFF, 0xFF, 0xFF, 0xC3, 0x00, 0x06, 0xFF, 0xFA, 0xAA, 0xEF, 0xF7, 0x00, 0x00, 0x6F, 0xFF, 0x00, 0x08, 0xFF, 0xE2, 0x00,
  0x06, 0xFF, 0xF0, 0x00, 0x0D, 0xFF, 0xB0, 0x00, 0x6F, 0xFF, 0x00, 0x00, 0x4F, 0xFF, 0x60, 0x06, 0xFF, 0xF0, 0x00, 0x00,
  0x9F, 0xFE, 0x20, 0x00, 0x05, 0xBD, 0xEE, 0xCA, 0x50, 0x00, 0x1B, 0xFF, 0xFF, 0xFF, 0xFF, 0xA0, 0x09, 0xFF, 0xFD, 0xBC,
  0xEF, 0xF5, 0x00, 0xEF, 0xF9, 0x00, 0x00, 0x5B, 0x00, 0x2F, 0xFF, 0x40, 0x00, 0x00, 0x00, 0x00, 0xFF, 0xFC, 0x30, 0x00,
  0x00, 0x00, 0x0A, 0xFF, 0xFF, 0xD9, 0x61, 0x00, 0x00, 0x1B, 0xFF, 0xFF, 0xFF, 0xE9, 0x10, 0x00, 0x05, 0xAE, 0xFF, 0xFF,
  0xFB, 0x00, 0x00, 0x00, 0x03, 0x8D, 0xFF, 0xF3, 0x00, 0x00, 0x00, 0x00, 0x2F, 0xFF, 0x60, 0xAB, 0x40, 0x00, 0x03, 0xFF,
  0xF4, 0x2F, 0xFF, 0xEC, 0xBC, 0xFF, 0xFD, 0x14, 0xDF, 0xFF, 0xFF, 0xFF, 0xFD, 0x30, 0x01, 0x6A, 0xCE, 0xFD, 0xB7, 0x10,
  0x00, 0xEF, 0xFF, 0xFF, 0xFF, 0xFF, 0xFF, 0x8E, 0xFF, 0xFF, 0xFF, 0xFF, 0xFF, 0xF8, 0xAB, 0xBB, 0xCF, 0xFF, 0xBB, 0xBB,
  0x60, 0x00, 0x06, 0xFF, 0xE0, 0x00, 0x00, 0x00, 0x00, 0x6F, 0xFE, 0x00, 0x00, 0x00, 0x00, 0x06, 0xFF, 0xE0, 0x00, 0x00,
  0x00, 0x00, 0x6F, 0xFE, 0x00, 0x00, 0x00, 0x00, 0x06, 0xFF, 0xE0, 0x00, 0x00, 0x00, 0x00, 0x6F, 0xFE, 0x00, 0x00, 0x00,
  0x00, 0x06, 0xFF, 0xE0, 0x00, 0x00, 0x00, 0x00, 0x6F, 0xFE, 0x00, 0x00, 0x00, 0x00, 0x06, 0xFF, 0xE0, 0x00, 0x00, 0x00,
  0x00, 0x6F, 0xFE, 0x00, 0x00, 0x00, 0x00, 0x06, 0xFF, 0xE0, 0x00, 0x00, 0x00, 0x00, 0x6F, 0xFE, 0x00, 0x00, 0x00, 0x07,
  0xFF, 0xD0, 0x00, 0x00, 0x0C, 0xFF, 0x80, 0x07, 0xFF, 0xD0, 0x00, 0x00, 0x0C, 0xFF, 0x80, 0x07, 0xFF, 0xD0, 0x00, 0x00,
  0x0C, 0xFF, 0x80, 0x07, 0xFF, 0xD0, 0x00, 0x00, 0x0C, 0xFF, 0x80, 0x07, 0xFF, 0xD0, 0x00, 0x00, 0x0C, 0xFF, 0x80, 0x07,
  0xFF, 0xD0, 0x00, 0x00, 0x0C, 0xFF, 0x80, 0x07, 0xFF, 0xD0, 0x00, 0x00, 0x0C, 0xFF, 0x80, 0x07, 0xFF, 0xD0, 0x00, 0x00,
  0x0C, 0xFF, 0x80, 0x07, 0xFF, 0xE0, 0x00, 0x00, 0x0D, 0xFF, 0x70, 0x05, 0xFF, 0xF0, 0x00, 0x00, 0x0E, 0xFF, 0x50, 0x02,
  0xFF, 0xF6, 0x00, 0x00, 0x5F, 0xFF, 0x20, 0x00, 0xDF, 0xFD, 0x40, 0x03, 0xDF, 0xFD, 0x00, 0x00, 0x4F, 0xFF, 0xFE, 0xDF,
  0xFF, 0xF4, 0x00, 0x00, 0x07, 0xEF, 0xFF, 0xFF, 0xFE, 0x70, 0x00, 0x00, 0x00, 0x3A, 0xCE, 0xEC, 0xA3, 0x00, 0x00, 0x1E,
  0xFF, 0x90, 0x00, 0x00, 0x00, 0x3F, 0xFF, 0x30, 0x9F, 0xFE, 0x10, 0x00, 0x00, 0x09, 0xFF, 0xC0, 0x03, 0xFF, 0xF7, 0x00,
  0x00, 0x01, 0xEF, 0xF6, 0x00, 0x0C, 0xFF, 0xC0, 0x00, 0x00, 0x6F, 0xFE, 0x10, 0x00, 0x6F, 0xFF, 0x40, 0x00, 0x0C, 0xFF,
  0x90, 0x00, 0x01, 0xEF, 0xFA, 0x00, 0x03, 0xFF, 0xF3, 0x00, 0x00, 0x09, 0xFF, 0xE1, 0x00, 0x9F, 0xFB, 0x00, 0x00, 0x00,
  0x3F, 0xFF, 0x70, 0x1E, 0xFF, 0x50, 0x00, 0x00, 0x00, 0xBF, 0xFC, 0x07, 0xFF, 0xD0, 0x00, 0x00, 0x00, 0x05, 0xFF, 0xF4,
  0xCF, 0xF8, 0x00, 0x00, 0x00, 0x00, 0x0D, 0xFF, 0xCF, 0xFF, 0x20, 0x00, 0x00, 0x00, 0x00, 0x8F, 0xFF, 0xFF, 0xA0, 0x00,
  0x00, 0x00, 0x00, 0x02, 0xFF, 0xFF, 0xF4, 0x00, 0x00, 0x00, 0x00, 0x00, 0x0B, 0xFF, 0xFD, 0x00, 0x00, 0x00, 0x00, 0x00,
  0x00, 0x5F, 0xFF, 0x70, 0x00, 0x00, 0x00, 0x7F, 0xFF, 0x10, 0x00, 0x00, 0xCF, 0xFA, 0x00, 0x00, 0x02, 0xFF, 0xF1, 0x2F,
  0xFF, 0x60, 0x00, 0x02, 0xFF, 0xFE, 0x00, 0x00, 0x07, 0xFF, 0xC0, 0x0C, 0xFF, 0xA0, 0x00, 0x06, 0xFF, 0xFF, 0x50, 0x00,
  0x0C, 0xFF, 0x70, 0x08, 0xFF, 0xE0, 0x00, 0x0B, 0xFF, 0xFF, 0x90, 0x00, 0x1F, 0xFF, 0x20, 0x03, 0xFF, 0xF4, 0x00, 0x1F,
  0xFF, 0xFF, 0xD0, 0x00, 0x6F, 0xFC, 0x00, 0x00, 0xDF, 0xF9, 0x00, 0x6F, 0xFB, 0xEF, 0xF3, 0x00, 0xBF, 0xF8, 0x00, 0x00,
  0x9F, 0xFD, 0x00, 0xAF, 0xF6, 0xAF, 0xF8, 0x01, 0xEF, 0xF3, 0x00, 0x00, 0x4F, 0xFF, 0x31, 0xEF, 0xF1, 0x6F, 0xFC, 0x05,
  0xFF, 0xD0, 0x00, 0x00, 0x0E, 0xFF, 0x85, 0xFF, 0xB0, 0x1F, 0xFF, 0x2A, 0xFF, 0x90, 0x00, 0x00, 0x0A, 0xFF, 0xCA, 0xFF,
  0x70, 0x0B, 0xFF, 0x7E, 0xFF, 0x50, 0x00, 0x00, 0x05, 0xFF, 0xFE, 0xFF, 0x20, 0x07, 0xFF, 0xDF, 0xFE, 0x00, 0x00, 0x00,
  0x01, 0xEF, 0xFF, 0xFC, 0x00, 0x02, 0xFF, 0xFF, 0xFA, 0x00, 0x00, 0x00, 0x00, 0xBF, 0xFF, 0xF7, 0x00, 0x00, 0xCF, 0xFF,
  0xF6, 0x00, 0x00, 0x00, 0x00, 0x6F, 0xFF, 0xF3, 0x00, 0x00, 0x8F, 0xFF, 0xF1, 0x00, 0x00, 0x00, 0x00, 0x1F, 0xFF, 0xC0,
  0x00, 0x00, 0x3F, 0xFF, 0xB0, 0x00, 0x00, 0x6F, 0xFF, 0x70, 0x00, 0x00, 0xCF, 0xFC, 0x00, 0xBF, 0xFE, 0x20, 0x00, 0x8F,
  0xFE, 0x30, 0x02, 0xEF, 0xFC, 0x00, 0x3F, 0xFF, 0x70, 0x00, 0x06, 0xFF, 0xF7, 0x0C, 0xFF, 0xB0, 0x00, 0x00, 0x0A, 0xFF,
  0xE9, 0xFF, 0xE2, 0x00, 0x00, 0x00, 0x1E, 0xFF, 0xFF, 0xF6, 0x00, 0x00, 0x00, 0x00, 0x5F, 0xFF, 0xFA, 0x00, 0x00, 0x00,
  0x00, 0x00, 0xDF, 0xFF, 0x60, 0x00, 0x00, 0x00, 0x00, 0x8F, 0xFF, 0xFE, 0x20, 0x00, 0x00, 0x00, 0x3F, 0xFF, 0xFF, 0xFB,
  0x00, 0x00, 0x00, 0x1D, 0xFF, 0xC6, 0xFF, 0xF6, 0x00, 0x00, 0x09, 0xFF, 0xF3, 0x0B, 0xFF, 0xE2, 0x00, 0x04, 0xFF, 0xF8,
  0x00, 0x2E, 0xFF, 0xC0, 0x01, 0xDF, 0xFC, 0x00, 0x00, 0x6F, 0xFF, 0x70, 0xAF, 0xFF, 0x40, 0x00, 0x00, 0xBF, 0xFE, 0x30,
  0x2E, 0xFF, 0x80, 0x00, 0x00, 0x08, 0xFF, 0xC0, 0x07, 0xFF, 0xE2, 0x00, 0x00, 0x2E, 0xFF, 0x40, 0x01, 0xDF, 0xFA, 0x00,
  0x00, 0xAF, 0xFA, 0x00, 0x00, 0x5F, 0xFF, 0x40, 0x04, 0xFF, 0xE2, 0x00, 0x00, 0x0B, 0xFF, 0xC0, 0x0C, 0xFF, 0x80, 0x00,
  0x00, 0x03, 0xFF, 0xF6, 0x6F, 0xFD, 0x10, 0x00, 0x00, 0x00, 0xAF, 0xFD, 0xDF, 0xF6, 0x00, 0x00, 0x00, 0x00, 0x2E, 0xFF,
  0xFF, 0xC0, 0x00, 0x00, 0x00, 0x00, 0x08, 0xFF, 0xFF, 0x40, 0x00, 0x00, 0x00, 0x00, 0x01, 0xEF, 0xFA, 0x00, 0x00, 0x00,
  0x00, 0x00, 0x00, 0xCF, 0xF9, 0x00, 0x00, 0x00, 0x00, 0x00, 0x00, 0xCF, 0xF9, 0x00, 0x00, 0x00, 0x00, 0x00, 0x00, 0xCF,
  0xF9, 0x00, 0x00, 0x00, 0x00, 0x00, 0x00, 0xCF, 0xF9, 0x00, 0x00, 0x00, 0x00, 0x00, 0x00, 0xCF, 0xF9, 0x00, 0x00, 0x00,
  0x2F, 0xFF, 0xFF, 0xFF, 0xFF, 0xFF, 0xE0, 0x2F, 0xFF, 0xFF, 0xFF, 0xFF, 0xFF, 0xE0, 0x1B, 0xBB, 0xBB, 0xBB, 0xDF, 0xFF,
  0xA0, 0x00, 0x00, 0x00, 0x02, 0xEF, 0xFD, 0x10, 0x00, 0x00, 0x00, 0x1C, 0xFF, 0xE3, 0x00, 0x00, 0x00, 0x00, 0x9F, 0xFF,
  0x60, 0x00, 0x00, 0x00, 0x06, 0xFF, 0xF9, 0x00, 0x00, 0x00, 0x00, 0x3E, 0xFF, 0xC1, 0x00, 0x00, 0x00, 0x01, 0xDF, 0xFE,
  0x30, 0x00, 0x00, 0x00, 0x0A, 0xFF, 0xF5, 0x00, 0x00, 0x00, 0x00, 0x7F, 0xFF, 0x90, 0x00, 0x00, 0x00, 0x04, 0xFF, 0xFC,
  0x00, 0x00, 0x00, 0x00, 0x1D, 0xFF, 0xFC, 0xBB, 0xBB, 0xBB, 0xB3, 0x4F, 0xFF, 0xFF, 0xFF, 0xFF, 0xFF, 0xF4, 0x4F, 0xFF,
  0xFF, 0xFF, 0xFF, 0xFF, 0xF4, 0x06, 0xFF, 0xFF, 0xF4, 0x06, 0xFF, 0xFF, 0xF4, 0x06, 0xFF, 0xE8, 0x82, 0x06, 0xFF, 0xD0,
  0x00, 0x06, 0xFF, 0xD0, 0x00, 0x06, 0xFF, 0xD0, 0x00, 0x06, 0xFF, 0xD0, 0x00, 0x06, 0xFF, 0xD0, 0x00, 0x06, 0xFF, 0xD0,
  0x00, 0x06, 0xFF, 0xD0, 0x00, 0x06, 0xFF, 0xD0, 0x00, 0x06, 0xFF, 0xD0, 0x00, 0x06, 0xFF, 0xD0, 0x00, 0x06, 0xFF, 0xD0,
  0x00, 0x06, 0xFF, 0xD0, 0x00, 0x06, 0xFF, 0xD0, 0x00, 0x06, 0xFF, 0xE8, 0x82, 0x06, 0xFF, 0xFF, 0xF4, 0x06, 0xFF, 0xFF,
  0xF4, 0x33, 0x30, 0x00, 0x00, 0x00, 0xAF, 0xF3, 0x00, 0x00, 0x00, 0x5F, 0xF9, 0x00, 0x00, 0x00, 0x1E, 0xFD, 0x00, 0x00,
  0x00, 0x0A, 0xFF, 0x40, 0x00, 0x00, 0x05, 0xFF, 0x90, 0x00, 0x00, 0x00, 0xEF, 0xE0, 0x00, 0x00, 0x00, 0x9F, 0xF5, 0x00,
  0x00, 0x00, 0x4F, 0xFA, 0x00, 0x00, 0x00, 0x0D, 0xFE, 0x10, 0x00, 0x00, 0x08, 0xFF, 0x60, 0x00, 0x00, 0x03, 0xFF, 0xB0,
  0x00, 0x00, 0x00, 0xCF, 0xF1, 0x00, 0x00, 0x00, 0x8F, 0xF6, 0x00, 0x00, 0x00, 0x2F, 0xFB, 0x00, 0x00, 0x00, 0x0C, 0xFF,
  0x20, 0x00, 0x00, 0x07, 0xFF, 0x70, 0x00, 0x00, 0x02, 0xFF, 0xC0, 0x00, 0x00, 0x00, 0xBF, 0xF3, 0x00, 0x00, 0x00, 0x6F,
  0xF8, 0xBF, 0xFF, 0xFC, 0x0B, 0xFF, 0xFF, 0xC0, 0x68, 0xBF, 0xFC, 0x00, 0x07, 0xFF, 0xC0, 0x00, 0x7F, 0xFC, 0x00, 0x07,
  0xFF, 0xC0, 0x00, 0x7F, 0xFC, 0x00, 0x07, 0xFF, 0xC0, 0x00, 0x7F, 0xFC, 0x00, 0x07, 0xFF, 0xC0, 0x00, 0x7F, 0xFC, 0x00,
  0x07, 0xFF, 0xC0, 0x00, 0x7F, 0xFC, 0x00, 0x07, 0xFF, 0xC0, 0x00, 0x7F, 0xFC, 0x00, 0x07, 0xFF, 0xC0, 0x68, 0xBF, 0xFC,
  0x0B, 0xFF, 0xFF, 0xC0, 0xBF, 0xFF, 0xFC, 0x00, 0x00, 0x00, 0x38, 0x84, 0x00, 0x00, 0x00, 0x00, 0xAF, 0xFC, 0x00, 0x00,
  0x00, 0x02, 0xFF, 0xFF, 0x40, 0x00, 0x00, 0x08, 0xFD, 0xBF, 0xB0, 0x00, 0x00, 0x0E, 0xF8, 0x5F, 0xF2, 0x00, 0x00, 0x6F,
  0xF2, 0x0D, 0xF9, 0x00, 0x00, 0xCF, 0xA0, 0x08, 0xFE, 0x10, 0x04, 0xFF, 0x40, 0x02, 0xFF, 0x70, 0x0A, 0xFC, 0x00, 0x00,
  0xAF, 0xD0, 0x00, 0x00, 0x00, 0x00, 0x00, 0x00, 0x00, 0x00, 0x00, 0x00, 0x00, 0x00, 0x00, 0x00, 0x00, 0x00, 0x00, 0x00,
  0xFF, 0xFF, 0xFF, 0xFF, 0xFF, 0x3D, 0xDD, 0xDD, 0xDD, 0xDD, 0xD3, 0x01, 0x9F, 0xFA, 0x00, 0x00, 0x00, 0x00, 0x06, 0xFF,
  0xA0, 0x00, 0x00, 0x00, 0x00, 0x4D, 0xE8, 0x00, 0x00, 0x00, 0x00, 0x00, 0x00, 0x00, 0x00, 0x00, 0x00, 0x00, 0x00, 0x00,
  0x00, 0x00, 0x00, 0x00, 0x00, 0x00, 0x00, 0x00, 0x00, 0x00, 0x00, 0x00, 0x00, 0x00, 0x00, 0x00, 0x00, 0x00, 0x00, 0x00,
  0x00, 0x00, 0x00, 0x00, 0x00, 0x00, 0x00, 0x00, 0x00, 0x00, 0x00, 0x00, 0x00, 0x00, 0x00, 0x00, 0x00, 0x00, 0x00, 0x00,
  0x00, 0x00, 0x00, 0x00, 0x00, 0x00, 0x00, 0x00, 0x00, 0x00, 0x00, 0x00, 0x00, 0x00, 0x00, 0x00, 0x00, 0x00, 0x00, 0x00,
  0x00, 0x00, 0x5B, 0xDE, 0xEC, 0x81, 0x00, 0x00, 0xAF, 0xFF, 0xFF, 0xFF, 0xE2, 0x00, 0x03, 0xFD, 0xA9, 0xBE, 0xFF, 0xB0,
  0x00, 0x03, 0x00, 0x00, 0x5F, 0xFF, 0x00, 0x00, 0x4A, 0xCD, 0xDD, 0xFF, 0xF3, 0x00, 0x8F, 0xFF, 0xFF, 0xFF, 0xFF, 0x30,
  0x1F, 0xFF, 0x61, 0x01, 0xFF, 0xF3, 0x04, 0xFF, 0xE0, 0x00, 0x5F, 0xFF, 0x30, 0x2F, 0xFF, 0x94, 0x6E, 0xFF, 0xF3, 0x00,
  0x9F, 0xFF, 0xFF, 0xEE, 0xFF, 0x30, 0x00, 0x7D, 0xED, 0xB3, 0xDF, 0xF3, 0x00, 0x09, 0xFF, 0xA0, 0x00, 0x00, 0x00, 0x00,
  0x09, 0xFF, 0xA0, 0x00, 0x00, 0x00, 0x00, 0x09, 0xFF, 0xA0, 0x00, 0x00, 0x00, 0x00, 0x09, 0xFF, 0xA0, 0x00, 0x00, 0x00,
  0x00, 0x09, 0xFF, 0xA5, 0xCE, 0xEB, 0x60, 0x00, 0x09, 0xFF, 0xEF, 0xFF, 0xFF, 0xFB, 0x00, 0x09, 0xFF, 0xFF, 0xCB, 0xDF,
  0xFF, 0x80, 0x09, 0xFF, 0xF7, 0x00, 0x0A, 0xFF, 0xF1, 0x09, 0xFF, 0xC0, 0x00, 0x01, 0xFF, 0xF3, 0x09, 0xFF, 0xA0, 0x00,
  0x00, 0xEF, 0xF6, 0x09, 0xFF, 0xC0, 0x00, 0x01, 0xFF, 0xF4, 0x09, 0xFF, 0xF6, 0x00, 0x0A, 0xFF, 0xF1, 0x09, 0xFF, 0xFF,
  0xCA, 0xDF, 0xFF, 0x80, 0x09, 0xFF, 0xDF, 0xFF, 0xFF, 0xFB, 0x00, 0x09, 0xFF, 0x86, 0xCE, 0xEB, 0x60, 0x00, 0x00, 0x03,
  0xAC, 0xEE, 0xC6, 0x00, 0x00, 0x8F, 0xFF, 0xFF, 0xFF, 0xB0, 0x06, 0xFF, 0xFD, 0xBD, 0xFF, 0xF7, 0x0E, 0xFF, 0xA1, 0x00,
  0x6D, 0x60, 0x3F, 0xFF, 0x20, 0x00, 0x00, 0x00, 0x5F, 0xFE, 0x00, 0x00, 0x00, 0x00, 0x3F, 0xFF, 0x10, 0x00, 0x00, 0x00,
  0x0E, 0xFF, 0xA1, 0x00, 0x6D, 0x60, 0x06, 0xFF, 0xFD, 0xAC, 0xFF, 0xF7, 0x00, 0x8F, 0xFF, 0xFF, 0xFF, 0xB0, 0x00, 0x03,
  0xAC, 0xEE, 0xC6, 0x00, 0x00, 0x00, 0x00, 0x00, 0x09, 0xFF, 0xA0, 0x00, 0x00, 0x00, 0x00, 0x09, 0xFF, 0xA0, 0x00, 0x00,
  0x00, 0x00, 0x09, 0xFF, 0xA0, 0x00, 0x00, 0x00, 0x00, 0x09, 0xFF, 0xA0, 0x00, 0x05, 0xBD, 0xEC, 0x69, 0xFF, 0xA0, 0x00,
  0xAF, 0xFF, 0xFF, 0xFE, 0xFF, 0xA0, 0x07, 0xFF, 0xFD, 0xBC, 0xFF, 0xFF, 0xA0, 0x0E, 0xFF, 0xB1, 0x00, 0x6F, 0xFF, 0xA0,
  0x3F, 0xFF, 0x20, 0x00, 0x0B, 0xFF, 0xA0, 0x5F, 0xFE, 0x00, 0x00, 0x09, 0xFF, 0xA0, 0x3F, 0xFF, 0x20, 0x00, 0x0B, 0xFF,
  0xA0, 0x0E, 0xFF, 0xA1, 0x00, 0x5F, 0xFF, 0xA0, 0x07, 0xFF, 0xFD, 0xAC, 0xFF, 0xFF, 0xA0, 0x00, 0xAF, 0xFF, 0xFF, 0xFD,
  0xFF, 0xA0, 0x00, 0x05, 0xBD, 0xEC, 0x67, 0xFF, 0xA0, 0x00, 0x04, 0xAD, 0xED, 0xA3, 0x00, 0x00, 0x09, 0xFF, 0xFF, 0xFF,
  0xF8, 0x00, 0x07, 0xFF, 0xEB, 0x8B, 0xEF, 0xF5, 0x01, 0xFF, 0xF3, 0x00, 0x03, 0xFF, 0xD0, 0x4F, 0xFF, 0xDD, 0xDD, 0xDF,
  0xFF, 0x15, 0xFF, 0xFF, 0xFF, 0xFF, 0xFF, 0xF3, 0x2F, 0xFF, 0x10, 0x00, 0x00, 0x00, 0x00, 0xDF, 0xFA, 0x00, 0x01, 0x81,
  0x00, 0x05, 0xFF, 0xFD, 0xAA, 0xDF, 0xC1, 0x00, 0x07, 0xEF, 0xFF, 0xFF, 0xFD, 0x30, 0x00, 0x02, 0xAC, 0xEE, 0xB8, 0x10,
  0x00, 0x00, 0x04, 0xBE, 0xEC, 0x40, 0x06, 0xFF, 0xFF, 0xF3, 0x00, 0xDF, 0xFD, 0xAB, 0x00, 0x1F, 0xFF, 0x30, 0x00, 0x69,
  0xFF, 0xF7, 0x76, 0x0D, 0xFF, 0xFF, 0xFF, 0xC0, 0xDF, 0xFF, 0xFF, 0xFC, 0x00, 0x3F, 0xFF, 0x00, 0x00, 0x03, 0xFF, 0xF0,
  0x00, 0x00, 0x3F, 0xFF, 0x00, 0x00, 0x03, 0xFF, 0xF0, 0x00, 0x00, 0x3F, 0xFF, 0x00, 0x00, 0x03, 0xFF, 0xF0, 0x00, 0x00,
  0x3F, 0xFF, 0x00, 0x00, 0x03, 0xFF, 0xF0, 0x00, 0x00, 0x00, 0x06, 0xBE, 0xEC, 0x65, 0xFF, 0xC0, 0x00, 0xBF, 0xFF, 0xFF,
  0xFC, 0xFF, 0xC0, 0x08, 0xFF, 0xFD, 0xBC, 0xFF, 0xFF, 0xC0, 0x1F, 0xFF, 0xA1, 0x00, 0x4E, 0xFF, 0xC0, 0x4F, 0xFF, 0x10,
  0x00, 0x09, 0xFF, 0xC0, 0x5F, 0xFE, 0x00, 0x00, 0x08, 0xFF, 0xC0, 0x3F, 0xFF, 0x40, 0x00, 0x0B, 0xFF, 0xC0, 0x0D, 0xFF,
  0xD5, 0x13, 0x9F, 0xFF, 0xC0, 0x04, 0xFF, 0xFF, 0xFF, 0xFF, 0xFF, 0xC0, 0x00, 0x6E, 0xFF, 0xFF, 0xEB, 0xFF, 0xB0, 0x00,
  0x01, 0x68, 0x96, 0x29, 0xFF, 0x90, 0x00, 0x73, 0x00, 0x00, 0x2E, 0xFF, 0x70, 0x04, 0xFF, 0xDA, 0x9B, 0xEF, 0xFD, 0x10,
  0x08, 0xFF, 0xFF, 0xFF, 0xFF, 0xE4, 0x00, 0x00, 0x29, 0xCD, 0xFD, 0xC8, 0x10, 0x00, 0x09, 0xFF, 0xA0, 0x00, 0x00, 0x00,
  0x00, 0x09, 0xFF, 0xA0, 0x00, 0x00, 0x00, 0x00, 0x09, 0xFF, 0xA0, 0x00, 0x00, 0x00, 0x00, 0x09, 0xFF, 0xA0, 0x00, 0x00,
  0x00, 0x00, 0x09, 0xFF, 0xA5, 0xBE, 0xEC, 0x60, 0x00, 0x09, 0xFF, 0xEF, 0xFF, 0xFF, 0xF9, 0x00, 0x09, 0xFF, 0xFF, 0xEC,
  0xFF, 0xFF, 0x30, 0x09, 0xFF, 0xF8, 0x00, 0x3E, 0xFF, 0x70, 0x09, 0xFF, 0xD0, 0x00, 0x0A, 0xFF, 0xA0, 0x09, 0xFF, 0xB0,
  0x00, 0x09, 0xFF, 0xA0, 0x09, 0xFF, 0xA0, 0x00, 0x09, 0xFF, 0xA0, 0x09, 0xFF, 0xA0, 0x00, 0x09, 0xFF, 0xA0, 0x09, 0xFF,
  0xA0, 0x00, 0x09, 0xFF, 0xA0, 0x09, 0xFF, 0xA0, 0x00, 0x09, 0xFF, 0xA0, 0x09, 0xFF, 0xA0, 0x00, 0x09, 0xFF, 0xA0, 0x06,
  0xED, 0x60, 0x0D, 0xFF, 0xE0, 0x0B, 0xFF, 0xC0, 0x01, 0x88, 0x20, 0x00, 0x00, 0x00, 0x09, 0xFF, 0xA0, 0x09, 0xFF, 0xA0,
  0x09, 0xFF, 0xA0, 0x09, 0xFF, 0xA0, 0x09, 0xFF, 0xA0, 0x09, 0xFF, 0xA0, 0x09, 0xFF, 0xA0, 0x09, 0xFF, 0xA0, 0x09, 0xFF,
  0xA0, 0x09, 0xFF, 0xA0, 0x09, 0xFF, 0xA0, 0x00, 0x04, 0xDD, 0x80, 0x00, 0x0B, 0xFF, 0xF2, 0x00, 0x09, 0xFF, 0xE1, 0x00,
  0x01, 0x78, 0x30, 0x00, 0x00, 0x00, 0x00, 0x00, 0x07, 0xFF, 0xC0, 0x00, 0x07, 0xFF, 0xC0, 0x00, 0x07, 0xFF, 0xC0, 0x00,
  0x07, 0xFF, 0xC0, 0x00, 0x07, 0xFF, 0xC0, 0x00, 0x07, 0xFF, 0xC0, 0x00, 0x07, 0xFF, 0xC0, 0x00, 0x07, 0xFF, 0xC0, 0x00,
  0x07, 0xFF, 0xC0, 0x00, 0x07, 0xFF, 0xC0, 0x00, 0x07, 0xFF, 0xC0, 0x00, 0x0A, 0xFF, 0xB0, 0x4C, 0xAF, 0xFF, 0x80, 0x9F,
  0xFF, 0xFD, 0x10, 0x8D, 0xFD, 0xA2, 0x00, 0x09, 0xFF, 0xA0, 0x00, 0x00, 0x00, 0x00, 0x09, 0xFF, 0xA0, 0x00, 0x00, 0x00,
  0x00, 0x09, 0xFF, 0xA0, 0x00, 0x00, 0x00, 0x00, 0x09, 0xFF, 0xA0, 0x00, 0x00, 0x00, 0x00, 0x09, 0xFF, 0xA0, 0x00, 0x5F,
  0xFF, 0x90, 0x09, 0xFF, 0xA0, 0x06, 0xFF, 0xFA, 0x00, 0x09, 0xFF, 0xA0, 0x6F, 0xFF, 0xA0, 0x00, 0x09, 0xFF, 0xA7, 0xFF,
  0xFA, 0x00, 0x00, 0x09, 0xFF, 0xEF, 0xFF, 0xC0, 0x00, 0x00, 0x09, 0xFF, 0xFF, 0xFF, 0xF4, 0x00, 0x00, 0x09, 0xFF, 0xFF,
  0xEF, 0xFD, 0x10, 0x00, 0x09, 0xFF, 0xF6, 0x4F, 0xFF, 0xB0, 0x00, 0x09, 0xFF, 0xA0, 0x07, 0xFF, 0xF8, 0x00, 0x09, 0xFF,
  0xA0, 0x00, 0xAF, 0xFF, 0x50, 0x09, 0xFF, 0xA0, 0x00, 0x1C, 0xFF, 0xE3, 0x09, 0xFF, 0xA0, 0x09, 0xFF, 0xA0, 0x09, 0xFF,
  0xA0, 0x09, 0xFF, 0xA0, 0x09, 0xFF, 0xA0, 0x09, 0xFF, 0xA0, 0x09, 0xFF, 0xA0, 0x09, 0xFF, 0xA0, 0x09, 0xFF, 0xA0, 0x09,
  0xFF, 0xA0, 0x09, 0xFF, 0xA0, 0x09, 0xFF, 0xA0, 0x09, 0xFF, 0xA0, 0x09, 0xFF, 0xA0, 0x09, 0xFF, 0xA0, 0x09, 0xFF, 0x85,
  0xBE, 0xDB, 0x30, 0x29, 0xCE, 0xD9, 0x10, 0x00, 0x9F, 0xFD, 0xFF, 0xFF, 0xFE, 0x7E, 0xFF, 0xFF, 0xFD, 0x10, 0x09, 0xFF,
  0xFF, 0xDD, 0xFF, 0xFF, 0xFF, 0xCE, 0xFF, 0xF8, 0x00, 0x9F, 0xFF, 0x60, 0x07, 0xFF, 0xFE, 0x30, 0x1C, 0xFF, 0xC0, 0x09,
  0xFF, 0xC0, 0x00, 0x0F, 0xFF, 0x80, 0x00, 0x6F, 0xFE, 0x00, 0x9F, 0xFA, 0x00, 0x00, 0xEF, 0xF5, 0x00, 0x04, 0xFF, 0xE0,
  0x09, 0xFF, 0xA0, 0x00, 0x0E, 0xFF, 0x50, 0x00, 0x4F, 0xFE, 0x00, 0x9F, 0xFA, 0x00, 0x00, 0xEF, 0xF5, 0x00, 0x04, 0xFF,
  0xE0, 0x09, 0xFF, 0xA0, 0x00, 0x0E, 0xFF, 0x50, 0x00, 0x4F, 0xFE, 0x00, 0x9F, 0xFA, 0x00, 0x00, 0xEF, 0xF5, 0x00, 0x04,
  0xFF, 0xE0, 0x09, 0xFF, 0xA0, 0x00, 0x0E, 0xFF, 0x50, 0x00, 0x4F, 0xFE, 0x00, 0x09, 0xFF, 0x85, 0xBE, 0xEC, 0x60, 0x00,
  0x09, 0xFF, 0xDF, 0xFF, 0xFF, 0xF9, 0x00, 0x09, 0xFF, 0xFF, 0xEC, 0xFF, 0xFF, 0x30, 0x09, 0xFF, 0xF7, 0x00, 0x3E, 0xFF,
  0x70, 0x09, 0xFF, 0xD0, 0x00, 0x0A, 0xFF, 0xA0, 0x09, 0xFF, 0xA0, 0x00, 0x09, 0xFF, 0xA0, 0x09, 0xFF, 0xA0, 0x00, 0x09,
  0xFF, 0xA0, 0x09, 0xFF, 0xA0, 0x00, 0x09, 0xFF, 0xA0, 0x09, 0xFF, 0xA0, 0x00, 0x09, 0xFF, 0xA0, 0x09, 0xFF, 0xA0, 0x00,
  0x09, 0xFF, 0xA0, 0x09, 0xFF, 0xA0, 0x00, 0x09, 0xFF, 0xA0, 0x00, 0x03, 0xAC, 0xED, 0xB6, 0x00, 0x00, 0x08, 0xFF, 0xFF,
  0xFF, 0xFB, 0x10, 0x06, 0xFF, 0xFD, 0xBC, 0xFF, 0xFA, 0x00, 0xEF, 0xFA, 0x10, 0x06, 0xFF, 0xF4, 0x3F, 0xFF, 0x10, 0x00,
  0x0C, 0xFF, 0x85, 0xFF, 0xE0, 0x00, 0x00, 0xAF, 0xFA, 0x3F, 0xFF, 0x10, 0x00, 0x0C, 0xFF, 0x80, 0xEF, 0xFA, 0x00, 0x06,
  0xFF, 0xF4, 0x06, 0xFF, 0xFD, 0xAC, 0xFF, 0xFA, 0x00, 0x08, 0xFF, 0xFF, 0xFF, 0xFB, 0x10, 0x00, 0x03, 0xAC, 0xED, 0xB6,
  0x00, 0x00, 0x09, 0xFF, 0x86, 0xCE, 0xEB, 0x60, 0x00, 0x09, 0xFF, 0xDF, 0xFF, 0xFF, 0xFB, 0x00, 0x09, 0xFF, 0xFF, 0xCB,
  0xDF, 0xFF, 0x80, 0x09, 0xFF, 0xF7, 0x00, 0x0A, 0xFF, 0xF1, 0x09, 0xFF, 0xC0, 0x00, 0x01, 0xFF, 0xF4, 0x09, 0xFF, 0xA0,
  0x00, 0x00, 0xEF, 0xF6, 0x09, 0xFF, 0xC0, 0x00, 0x01, 0xFF, 0xF3, 0x09, 0xFF, 0xF6, 0x00, 0x0A, 0xFF, 0xE0, 0x09, 0xFF,
  0xFF, 0xCA, 0xDF, 0xFF, 0x70, 0x09, 0xFF, 0xEF, 0xFF, 0xFF, 0xFB, 0x00, 0x09, 0xFF, 0xA5, 0xCE, 0xEB, 0x60, 0x00, 0x09,
  0xFF, 0xA0, 0x00, 0x00, 0x00, 0x00, 0x09, 0xFF, 0xA0, 0x00, 0x00, 0x00, 0x00, 0x09, 0xFF, 0xA0, 0x00, 0x00, 0x00, 0x00,
  0x09, 0xFF, 0xA0, 0x00, 0x00, 0x00, 0x00, 0x00, 0x06, 0xBE, 0xEC, 0x68, 0xFF, 0x90, 0x00, 0xAF, 0xFF, 0xFF, 0xFD, 0xFF,
  0x90, 0x08, 0xFF, 0xFD, 0xBC, 0xFF, 0xFF, 0x90, 0x0E, 0xFF, 0xA1, 0x00, 0x6F, 0xFF, 0x90, 0x3F, 0xFF, 0x10, 0x00, 0x0C,
  0xFF, 0x90, 0x6F, 0xFE, 0x00, 0x00, 0x0A, 0xFF, 0x90, 0x3F, 0xFF, 0x20, 0x00, 0x0C, 0xFF, 0x90, 0x0E, 0xFF, 0xA1, 0x00,
  0x6F, 0xFF, 0x90, 0x08, 0xFF, 0xFD, 0xAC, 0xFF, 0xFF, 0x90, 0x00, 0xBF, 0xFF, 0xFF, 0xFE, 0xFF, 0x90, 0x00, 0x06, 0xBE,
  0xEC, 0x5A, 0xFF, 0x90, 0x00, 0x00, 0x00, 0x00, 0x0A, 0xFF, 0x90, 0x00, 0x00, 0x00, 0x00, 0x0A, 0xFF, 0x90, 0x00, 0x00,
  0x00, 0x00, 0x0A, 0xFF, 0x90, 0x00, 0x00, 0x00, 0x00, 0x0A, 0xFF, 0x90, 0x00, 0x00, 0x00, 0x00, 0x00, 0x9F, 0xF8, 0x6D,
  0xF5, 0x09, 0xFF, 0xDF, 0xFF, 0x50, 0x9F, 0xFF, 0xFF, 0xE4, 0x09, 0xFF, 0xFA, 0x20, 0x00, 0x9F, 0xFD, 0x10, 0x00, 0x09,
  0xFF, 0xB0, 0x00, 0x00, 0x9F, 0xFA, 0x00, 0x00, 0x09, 0xFF, 0xA0, 0x00, 0x00, 0x9F, 0xFA, 0x00, 0x00, 0x09, 0xFF, 0xA0,
  0x00, 0x00, 0x9F, 0xFA, 0x00, 0x00, 0x00, 0x4B, 0xDF, 0xEC, 0x94, 0x00, 0x7F, 0xFF, 0xFF, 0xFF, 0xB0, 0x2F, 0xFF, 0xA7,
  0x8B, 0xF4, 0x05, 0xFF, 0xC0, 0x00, 0x03, 0x00, 0x3F, 0xFF, 0xB7, 0x51, 0x00, 0x00, 0xAF, 0xFF, 0xFF, 0xFC, 0x30, 0x00,
  0x5A, 0xDF, 0xFF, 0xFE, 0x10, 0x20, 0x00, 0x14, 0xEF, 0xF4, 0x1D, 0xDA, 0x87, 0x9E, 0xFF, 0x27, 0xFF, 0xFF, 0xFF, 0xFF,
  0x80, 0x06, 0xAC, 0xEE, 0xDB, 0x50, 0x00, 0x02, 0xAA, 0xA0, 0x00, 0x00, 0x3F, 0xFF, 0x00, 0x00, 0x03, 0xFF, 0xF0, 0x00,
  0x0D, 0xFF, 0xFF, 0xFF, 0xC0, 0xDF, 0xFF, 0xFF, 0xFC, 0x07, 0x9F, 0xFF, 0x88, 0x60, 0x03, 0xFF, 0xF0, 0x00, 0x00, 0x3F,
  0xFF, 0x00, 0x00, 0x03, 0xFF, 0xF0, 0x00, 0x00, 0x3F, 0xFF, 0x00, 0x00, 0x02, 0xFF, 0xF3, 0x00, 0x00, 0x0E, 0xFF, 0xDA,
  0xB0, 0x00, 0x7F, 0xFF, 0xFF, 0x40, 0x00, 0x6C, 0xEE, 0xC4, 0x0A, 0xFF, 0x90, 0x00, 0x0B, 0xFF, 0x80, 0x0A, 0xFF, 0x90,
  0x00, 0x0B, 0xFF, 0x80, 0x0A, 0xFF, 0x90, 0x00, 0x0B, 0xFF, 0x80, 0x0A, 0xFF, 0x90, 0x00, 0x0B, 0xFF, 0x80, 0x0A, 0xFF,
  0x90, 0x00, 0x0B, 0xFF, 0x80, 0x0A, 0xFF, 0x90, 0x00, 0x0B, 0xFF, 0x80, 0x09, 0xFF, 0xB0, 0x00, 0x0D, 0xFF, 0x80, 0x07,
  0xFF, 0xF3, 0x00, 0x8F, 0xFF, 0x80, 0x03, 0xFF, 0xFF, 0xCD, 0xFF, 0xFF, 0x80, 0x00, 0x8F, 0xFF, 0xFF, 0xFD, 0xFF, 0x80,
  0x00, 0x05, 0xCE, 0xEB, 0x59, 0xFF, 0x80, 0x1E, 0xFF, 0x50, 0x00, 0x01, 0xEF, 0xF2, 0x09, 0xFF, 0xB0, 0x00, 0x06, 0xFF,
  0xB0, 0x03, 0xFF, 0xF3, 0x00, 0x0C, 0xFF, 0x50, 0x00, 0xBF, 0xF9, 0x00, 0x4F, 0xFD, 0x00, 0x00, 0x5F, 0xFE, 0x10, 0xAF,
  0xF7, 0x00, 0x00, 0x0D, 0xFF, 0x62, 0xFF, 0xE1, 0x00, 0x00, 0x08, 0xFF, 0xC8, 0xFF, 0xA0, 0x00, 0x00, 0x02, 0xFF, 0xFE,
  0xFF, 0x30, 0x00, 0x00, 0x00, 0xAF, 0xFF, 0xFC, 0x00, 0x00, 0x00, 0x00, 0x4F, 0xFF, 0xF6, 0x00, 0x00, 0x00, 0x00, 0x0C,
  0xFF, 0xE0, 0x00, 0x00, 0xDF, 0xF3, 0x00, 0x00, 0xEF, 0xF3, 0x00, 0x01, 0xEF, 0xD0, 0x8F, 0xF9, 0x00, 0x05, 0xFF, 0xF8,
  0x00, 0x06, 0xFF, 0x80, 0x2F, 0xFD, 0x00, 0x0A, 0xFF, 0xFD, 0x00, 0x0B, 0xFF, 0x30, 0x0C, 0xFF, 0x40, 0x1E, 0xFF, 0xFF,
  0x30, 0x1F, 0xFC, 0x00, 0x06, 0xFF, 0x90, 0x6F, 0xFC, 0xFF, 0x90, 0x7F, 0xF7, 0x00, 0x01, 0xFF, 0xE0, 0xBF, 0xF2, 0xEF,
  0xD0, 0xCF, 0xF2, 0x00, 0x00, 0xBF, 0xF6, 0xFF, 0xB0, 0xAF, 0xF6, 0xFF, 0xB0, 0x00, 0x00, 0x5F, 0xFE, 0xFF, 0x60, 0x5F,
  0xFE, 0xFF, 0x60, 0x00, 0x00, 0x1E, 0xFF, 0xFE, 0x10, 0x0E, 0xFF, 0xFE, 0x10, 0x00, 0x00, 0x0A, 0xFF, 0xF9, 0x00, 0x09,
  0xFF, 0xFA, 0x00, 0x00, 0x00, 0x04, 0xFF, 0xF4, 0x00, 0x03, 0xFF, 0xF4, 0x00, 0x00, 0x7F, 0xFF, 0x30, 0x01, 0xDF, 0xF8,
  0x00, 0xBF, 0xFD, 0x10, 0xAF, 0xFB, 0x00, 0x01, 0xDF, 0xF9, 0x7F, 0xFE, 0x20, 0x00, 0x04, 0xFF, 0xFF, 0xFF, 0x40, 0x00,
  0x00, 0x07, 0xFF, 0xFF, 0x80, 0x00, 0x00, 0x00, 0x0E, 0xFF, 0xE1, 0x00, 0x00, 0x00, 0x08, 0xFF, 0xFF, 0xA0, 0x00, 0x00,
  0x05, 0xFF, 0xEE, 0xFF, 0x60, 0x00, 0x02, 0xEF, 0xF7, 0x6F, 0xFE, 0x30, 0x00, 0xCF, 0xFA, 0x00, 0xBF, 0xFD, 0x10, 0x9F,
  0xFD, 0x10, 0x01, 0xEF, 0xFA, 0x00, 0x1E, 0xFF, 0x60, 0x00, 0x01, 0xEF, 0xF2, 0x09, 0xFF, 0xB0, 0x00, 0x06, 0xFF, 0xB0,
  0x02, 0xFF, 0xF3, 0x00, 0x0C, 0xFF, 0x50, 0x00, 0xBF, 0xF9, 0x00, 0x4F, 0xFD, 0x00, 0x00, 0x4F, 0xFE, 0x10, 0xAF, 0xF7,
  0x00, 0x00, 0x0C, 0xFF, 0x72, 0xFF, 0xE1, 0x00, 0x00, 0x06, 0xFF, 0xC8, 0xFF, 0x90, 0x00, 0x00, 0x01, 0xEF, 0xFE, 0xFF,
  0x30, 0x00, 0x00, 0x00, 0x8F, 0xFF, 0xFB, 0x00, 0x00, 0x00, 0x00, 0x2F, 0xFF, 0xF5, 0x00, 0x00, 0x00, 0x00, 0x0A, 0xFF,
  0xD0, 0x00, 0x00, 0x01, 0x10, 0x0C, 0xFF, 0x70, 0x00, 0x00, 0x07, 0xEA, 0xCF, 0xFD, 0x10, 0x00, 0x00, 0x1E, 0xFF, 0xFF,
  0xF5, 0x00, 0x00, 0x00, 0x07, 0xCE, 0xEB, 0x40, 0x00, 0x00, 0x00, 0x3F, 0xFF, 0xFF, 0xFF, 0xFF, 0x53, 0xFF, 0xFF, 0xFF,
  0xFF, 0xF5, 0x28, 0x88, 0x88, 0xEF, 0xFC, 0x10, 0x00, 0x00, 0xAF, 0xFD, 0x20, 0x00, 0x00, 0x7F, 0xFE, 0x30, 0x00, 0x00,
  0x5F, 0xFF, 0x50, 0x00, 0x00, 0x3E, 0xFF, 0x80, 0x00, 0x00, 0x2D, 0xFF, 0xA0, 0x00, 0x00, 0x1C, 0xFF, 0xE8, 0x77, 0x77,
  0x45, 0xFF, 0xFF, 0xFF, 0xFF, 0xF8, 0x5F, 0xFF, 0xFF, 0xFF, 0xFF, 0x80, 0x00, 0x02, 0x9D, 0xFA, 0x00, 0x0C, 0xFF, 0xFA,
  0x00, 0x4F, 0xFF, 0xC6, 0x00, 0x6F, 0xFE, 0x10, 0x00, 0x7F, 0xFC, 0x00, 0x00, 0x7F, 0xFC, 0x00, 0x00, 0x7F, 0xFC, 0x00,
  0x00, 0x7F, 0xFC, 0x00, 0x08, 0xDF, 0xFA, 0x00, 0x0E, 0xFF, 0xC2, 0x00, 0x0E, 0xFF, 0xF6, 0x00, 0x00, 0xAF, 0xFC, 0x00,
  0x00, 0x7F, 0xFC, 0x00, 0x00, 0x7F, 0xFC, 0x00, 0x00, 0x7F, 0xFC, 0x00, 0x00, 0x6F, 0xFE, 0x00, 0x00, 0x4F, 0xFF, 0xC6,
  0x00, 0x0C, 0xFF, 0xFA, 0x00, 0x02, 0xAD, 0xFA, 0x06, 0xFF, 0xA0, 0x06, 0xFF, 0xA0, 0x06, 0xFF, 0xA0, 0x06, 0xFF, 0xA0,
  0x06, 0xFF, 0xA0, 0x06, 0xFF, 0xA0, 0x06, 0xFF, 0xA0, 0x06, 0xFF, 0xA0, 0x06, 0xFF, 0xA0, 0x06, 0xFF, 0xA0, 0x06, 0xFF,
  0xA0, 0x06, 0xFF, 0xA0, 0x06, 0xFF, 0xA0, 0x06, 0xFF, 0xA0, 0x06, 0xFF, 0xA0, 0x06, 0xFF, 0xA0, 0x06, 0xFF, 0xA0, 0x06,
  0xFF, 0xA0, 0x06, 0xFF, 0xA0, 0xBF, 0xD9, 0x10, 0x00, 0xBF, 0xFF, 0xB0, 0x00, 0x6D, 0xFF, 0xF3, 0x00, 0x01, 0xFF, 0xF5,
  0x00, 0x00, 0xDF, 0xF6, 0x00, 0x00, 0xDF, 0xF6, 0x00, 0x00, 0xDF, 0xF6, 0x00, 0x00, 0xDF, 0xF6, 0x00, 0x00, 0xBF, 0xFD,
  0x70, 0x00, 0x2D, 0xFF, 0xE0, 0x00, 0x7F, 0xFF, 0xE0, 0x00, 0xDF, 0xF9, 0x00, 0x00, 0xDF, 0xF6, 0x00, 0x00, 0xDF, 0xF6,
  0x00, 0x00, 0xDF, 0xF6, 0x00, 0x01, 0xEF, 0xF5, 0x00, 0x6C, 0xFF, 0xF3, 0x00, 0xBF, 0xFF, 0xB0, 0x00, 0xBF, 0xD9, 0x10,
  0x00, 0x00, 0x03, 0x40, 0x00, 0x00, 0x00, 0x01, 0xCF, 0xFD, 0x40, 0x0D, 0xD2, 0x09, 0xFF, 0xFF, 0xF9, 0xAF, 0xE0, 0x0D,
  0xF8, 0x3C, 0xFF, 0xFF, 0x90, 0x09, 0xA1, 0x01, 0x8D, 0xEA, 0x10, 0x00, 0x00, 0x00, 0x00, 0x00, 0x00, 0x00, 0x00, 0x00,
  0x00, 0x00, 0x00, 0x00, 0x00, 0x00, 0x00, 0x00, 0x00, 0x00, 0x00, 0x00, 0x00, 0x00, 0x00, 0x00, 0x00, 0x00, 0x00, 0x00,
  0x00, 0x4F, 0xFF, 0xFF, 0xFF, 0xFF, 0xF3, 0x4F, 0xB7, 0x77, 0x77, 0x7B, 0xF3, 0x4F, 0x70, 0x00, 0x00, 0x09, 0xF3, 0x4F,
  0x70, 0x00, 0x00, 0x09, 0xF3, 0x4F, 0x70, 0x00, 0x00, 0x09, 0xF3, 0x4F, 0x70, 0x00, 0x00, 0x09, 0xF3, 0x4F, 0x70, 0x00,
  0x00, 0x09, 0xF3, 0x4F, 0x70, 0x00, 0x00, 0x09, 0xF3, 0x4F, 0x70, 0x00, 0x00, 0x09, 0xF3, 0x4F, 0x70, 0x00, 0x00, 0x09,
  0xF3, 0x4F, 0x70, 0x00, 0x00, 0x09, 0xF3, 0x4F, 0x70, 0x00, 0x00, 0x09, 0xF3, 0x4F, 0x70, 0x00, 0x00, 0x09, 0xF3, 0x4F,
  0xB7, 0x77, 0x77, 0x7B, 0xF3, 0x4F, 0xFF, 0xFF, 0xFF, 0xFF, 0xF3, 0xBF, 0xFF, 0xFF, 0xFF, 0xFF, 0xFF, 0xF5, 0x00, 0x0B,
  0xFF, 0xFF, 0xFF, 0xFF, 0xFF, 0xFF, 0x50, 0x00, 0x8B, 0xBB, 0xCF, 0xFF, 0xBB, 0xBB, 0xB3, 0x00, 0x00, 0x00, 0x03, 0xFF,
  0xF2, 0x00, 0x00, 0x00, 0x00, 0x00, 0x00, 0x3F, 0xFF, 0x20, 0x00, 0x00, 0x00, 0x00, 0x00, 0x03, 0xFF, 0xF5, 0x79, 0xA8,
  0x61, 0x00, 0x00, 0x00, 0x3F, 0xFF, 0xFF, 0xFF, 0xFF, 0xD4, 0x00, 0x00, 0x03, 0xFF, 0xFF, 0xFF, 0xFF, 0xFF, 0xD1, 0x00,
  0x00, 0x3F, 0xFF, 0xA4, 0x12, 0x8F, 0xFF, 0x70, 0x00, 0x03, 0xFF, 0xF2, 0x00, 0x00, 0xCF, 0xF9, 0x00, 0x00, 0x3F, 0xFF,
  0x20, 0x00, 0x0A, 0xFF, 0xA0, 0x00, 0x03, 0xFF, 0xF2, 0x00, 0x02, 0xEF, 0xF8, 0x00, 0x00, 0x3F, 0xFF, 0x20, 0x8A, 0xEF,
  0xFF, 0x40, 0x00, 0x03, 0xFF, 0xF2, 0x0D, 0xFF, 0xFF, 0x90, 0x00, 0x00, 0x3F, 0xFF, 0x20, 0xDF, 0xEC, 0x50, 0x00, 0x00,
  0x00, 0x00, 0x2D, 0xFE, 0x60, 0x00, 0x00, 0x02, 0xDF, 0xD3, 0x00, 0x00, 0x00, 0x1B, 0xEB, 0x20, 0x00, 0x00, 0x00, 0x00,
  0x00, 0x00, 0x00, 0x04, 0xFF, 0xFF, 0xFF, 0xFF, 0xFD, 0x04, 0xFF, 0xFF, 0xFF, 0xFF, 0xFC, 0x04, 0xFF, 0xFB, 0xBB, 0xBB,
  0xB9, 0x04, 0xFF, 0xF0, 0x00, 0x00, 0x00, 0x04, 0xFF, 0xF0, 0x00, 0x00, 0x00, 0x04, 0xFF, 0xF0, 0x00, 0x00, 0x00, 0x04,
  0xFF, 0xF0, 0x00, 0x00, 0x00, 0x04, 0xFF, 0xF0, 0x00, 0x00, 0x00, 0x04, 0xFF, 0xF1, 0x00, 0x00, 0x00, 0x04, 0xFF, 0xF1,
  0x00, 0x00, 0x00, 0x04, 0xFF, 0xF1, 0x00, 0x00, 0x00, 0x04, 0xFF, 0xF1, 0x00, 0x00, 0x00, 0x04, 0xFF, 0xF1, 0x00, 0x00,
  0x00, 0x04, 0xFF, 0xF1, 0x00, 0x00, 0x00, 0x04, 0xFF, 0xF1, 0x00, 0x00, 0x00, 0x08, 0xDB, 0x23, 0xFF, 0xF8, 0x3F, 0xFF,
  0x90, 0x9F, 0xF5, 0x07, 0xFE, 0x00, 0xBF, 0x90, 0x0E, 0xF3, 0x00, 0x00, 0x00, 0x00, 0xAF, 0xFA, 0x10, 0x00, 0x00, 0x9F,
  0xF7, 0x00, 0x00, 0x00, 0x8E, 0xD4, 0x00, 0x00, 0x00, 0x00, 0x00, 0x00, 0x00, 0x08, 0xFF, 0xFF, 0xFF, 0xFF, 0x50, 0x8F,
  0xFF, 0xFF, 0xFF, 0xF5, 0x08, 0xFF, 0xDA, 0xAA, 0xAA, 0x30, 0x8F, 0xFB, 0x00, 0x00, 0x00, 0x08, 0xFF, 0xB0, 0x00, 0x00,
  0x00, 0x8F, 0xFB, 0x00, 0x00, 0x00, 0x08, 0xFF, 0xB0, 0x00, 0x00, 0x00, 0x8F, 0xFB, 0x00, 0x00, 0x00, 0x08, 0xFF, 0xB0,
  0x00, 0x00, 0x00, 0x8F, 0xFB, 0x00, 0x00, 0x00, 0x08, 0xFF, 0xB0, 0x00, 0x00, 0x00, 0x08, 0xDB, 0x21, 0xAD, 0xA0, 0x3F,
  0xFF, 0x87, 0xFF, 0xF6, 0x3F, 0xFF, 0x96, 0xFF, 0xF6, 0x09, 0xFF, 0x51, 0xBF, 0xF2, 0x07, 0xFE, 0x00, 0xAF, 0xB0, 0x0B,
  0xF9, 0x00, 0xDF, 0x60, 0x0E, 0xF3, 0x03, 0xFE, 0x00, 0x09, 0xEB, 0x20, 0x4D, 0xD6, 0x00, 0xAE, 0xA1, 0x4F, 0xFF, 0x90,
  0xCF, 0xFE, 0x06, 0xFF, 0xF7, 0x4F, 0xFF, 0x90, 0xCF, 0xFE, 0x06, 0xFF, 0xF7, 0x09, 0xEC, 0x20, 0x4D, 0xE6, 0x01, 0xBE,
  0xB1, 0x00, 0x00, 0xAF, 0xF9, 0x00, 0x00, 0x00, 0x00, 0xAF, 0xF9, 0x00, 0x00, 0x00, 0x00, 0xAF, 0xF9, 0x00, 0x00, 0x00,
  0x00, 0xAF, 0xF9, 0x00, 0x00, 0x00, 0x00, 0xAF, 0xF9, 0x00, 0x00, 0x7F, 0xFF, 0xFF, 0xFF, 0xFF, 0xF7, 0x7F, 0xFF, 0xFF,
  0xFF, 0xFF, 0xF7, 0x4A, 0xAA, 0xDF, 0xFD, 0xAA, 0xA5, 0x00, 0x00, 0xAF, 0xF9, 0x00, 0x00, 0x00, 0x00, 0xAF, 0xF9, 0x00,
  0x00, 0x00, 0x00, 0xAF, 0xF9, 0x00, 0x00, 0x00, 0x00, 0xAF, 0xF9, 0x00, 0x00, 0x00, 0x00, 0xAF, 0xF9, 0x00, 0x00, 0x00,
  0x00, 0xAF, 0xF9, 0x00, 0x00, 0x00, 0x00, 0xAF, 0xF9, 0x00, 0x00, 0x00, 0x00, 0xAF, 0xF9, 0x00, 0x00, 0x00, 0x00, 0xAF,
  0xF9, 0x00, 0x00, 0x00, 0x00, 0xAF, 0xF9, 0x00, 0x00, 0x00, 0x00, 0xAF, 0xF9, 0x00, 0x00, 0x00, 0x00, 0xAF, 0xF9, 0x00,
  0x00, 0x00, 0x00, 0xAF, 0xF9, 0x00, 0x00, 0x00, 0x00, 0xAF, 0xF9, 0x00, 0x00, 0x00, 0x00, 0xAF, 0xF9, 0x00, 0x00, 0x00,
  0x00, 0xAF, 0xF9, 0x00, 0x00, 0x7F, 0xFF, 0xFF, 0xFF, 0xFF, 0xF7, 0x7F, 0xFF, 0xFF, 0xFF, 0xFF, 0xF7, 0x5A, 0xAA, 0xDF,
  0xFD, 0xAA, 0xA5, 0x00, 0x00, 0xAF, 0xF9, 0x00, 0x00, 0x00, 0x00, 0xAF, 0xF9, 0x00, 0x00, 0x00, 0x00, 0xAF, 0xF9, 0x00,
  0x00, 0x4A, 0xAA, 0xDF, 0xFD, 0xAA, 0xA5, 0x7F, 0xFF, 0xFF, 0xFF, 0xFF, 0xF7, 0x7F, 0xFF, 0xFF, 0xFF, 0xFF, 0xF7, 0x00,
  0x00, 0xAF, 0xF9, 0x00, 0x00, 0x00, 0x00, 0xAF, 0xF9, 0x00, 0x00, 0x00, 0x00, 0xAF, 0xF9, 0x00, 0x00, 0x00, 0x00, 0xAF,
  0xF9, 0x00, 0x00, 0x00, 0x00, 0xAF, 0xF9, 0x00, 0x00, 0x00, 0x00, 0x00, 0x28, 0xCE, 0xFD, 0xB5, 0x00, 0x00, 0x00, 0x00,
  0x7E, 0xFF, 0xFF, 0xFF, 0xFB, 0x10, 0x00, 0x00, 0x8F, 0xFF, 0xFE, 0xDF, 0xFF, 0xFB, 0x00, 0x00, 0x4F, 0xFF, 0xD5, 0x00,
  0x17, 0xFF, 0x80, 0x00, 0x0B, 0xFF, 0xE2, 0x00, 0x00, 0x04, 0x50, 0x05, 0xBB, 0xFF, 0xFD, 0xBB, 0xBB, 0x70, 0x00, 0x00,
  0x7F, 0xFF, 0xFF, 0xFF, 0xFF, 0xF9, 0x00, 0x00, 0x00, 0x07, 0xFF, 0xE0, 0x00, 0x00, 0x00, 0x00, 0x00, 0x7F, 0xFF, 0xFF,
  0xFF, 0xFF, 0xF9, 0x00, 0x00, 0x05, 0xBB, 0xFF, 0xFD, 0xBB, 0xBB, 0x70, 0x00, 0x00, 0x00, 0x0B, 0xFF, 0xE2, 0x00, 0x00,
  0x04, 0x40, 0x00, 0x00, 0x5F, 0xFF, 0xD5, 0x00, 0x17, 0xFE, 0x40, 0x00, 0x00, 0x8F, 0xFF, 0xFE, 0xDF, 0xFF, 0xFD, 0x00,
  0x00, 0x00, 0x7E, 0xFF, 0xFF, 0xFF, 0xFD, 0x30, 0x00, 0x00, 0x00, 0x28, 0xCE, 0xFE, 0xB7, 0x00, 0x00, 0x01, 0x9E, 0xEB,
  0x20, 0x00, 0x00, 0xCF, 0xB0, 0x00, 0x00, 0x00, 0x00, 0x00, 0x0B, 0xFD, 0xCF, 0xD0, 0x00, 0x07, 0xFE, 0x20, 0x00, 0x00,
  0x00, 0x00, 0x00, 0x4F, 0xE1, 0x0C, 0xF6, 0x00, 0x2E, 0xF6, 0x00, 0x00, 0x00, 0x00, 0x00, 0x00, 0x7F, 0xA0, 0x08, 0xF9,
  0x00, 0xBF, 0xB0, 0x00, 0x00, 0x00, 0x00, 0x00, 0x00, 0x7F, 0xA0, 0x08, 0xF9, 0x06, 0xFE, 0x20, 0x00, 0x00, 0x00, 0x00,
  0x00, 0x00, 0x4F, 0xE1, 0x0C, 0xF6, 0x2E, 0xF7, 0x00, 0x00, 0x00, 0x00, 0x00, 0x00, 0x00, 0x0B, 0xFD, 0xCF, 0xD1, 0xAF,
  0xC0, 0x00, 0x00, 0x00, 0x00, 0x00, 0x00, 0x00, 0x01, 0xAE, 0xEB, 0x25, 0xFF, 0x33, 0xBE, 0xD8, 0x00, 0x06, 0xDE, 0xC5,
  0x00, 0x00, 0x00, 0x00, 0x1E, 0xF8, 0x2E, 0xFC, 0xEF, 0x90, 0x5F, 0xEC, 0xFF, 0x50, 0x00, 0x00, 0x00, 0xAF, 0xD0, 0x9F,
  0xA0, 0x2F, 0xF1, 0xCF, 0x60, 0x6F, 0xC0, 0x00, 0x00, 0x05, 0xFF, 0x40, 0xBF, 0x50, 0x0D, 0xF4, 0xEF, 0x10, 0x2F, 0xE0,
  0x00, 0x00, 0x1D, 0xF9, 0x00, 0xBF, 0x50, 0x0D, 0xF4, 0xEF, 0x10, 0x2F, 0xE0, 0x00, 0x00, 0x9F, 0xD1, 0x00, 0x9F, 0x90,
  0x2F, 0xF1, 0xCF, 0x60, 0x6F, 0xC0, 0x00, 0x04, 0xFF, 0x50, 0x00, 0x2E, 0xFC, 0xEF, 0x90, 0x5F, 0xEB, 0xFF, 0x50, 0x00,
  0x0D, 0xFA, 0x00, 0x00, 0x03, 0xCE, 0xD8, 0x00, 0x06, 0xDE, 0xC6, 0x00, 0x00, 0x08, 0xFF, 0xFF, 0xFF, 0xFF, 0xFF, 0x80,
  0x00, 0x00, 0x00, 0x00, 0x00, 0x09, 0xFF, 0xFF, 0xFF, 0xFF, 0xFF, 0x80, 0x00, 0x00, 0x00, 0x00, 0x00, 0x09, 0xFF, 0xCB,
  0xBB, 0xBE, 0xFF, 0x80, 0x00, 0x00, 0x00, 0x00, 0x00, 0x0A, 0xFF, 0x50, 0x00, 0x0C, 0xFF, 0x80, 0x00, 0x00, 0x00, 0x00,
  0x00, 0x0A, 0xFF, 0x50, 0x00, 0x0C, 0xFF, 0x80, 0x00, 0x00, 0x00, 0x00, 0x00, 0x0B, 0xFF, 0x40, 0x00, 0x0C, 0xFF, 0xFF,
  0xFF, 0xED, 0xA3, 0x00, 0x00, 0x0B, 0xFF, 0x30, 0x00, 0x0C, 0xFF, 0xFF, 0xFF, 0xFF, 0xFF, 0x50, 0x00, 0x0C, 0xFF, 0x20,
  0x00, 0x0C, 0xFF, 0xB8, 0x88, 0xAE, 0xFF, 0xE1, 0x00, 0x0D, 0xFF, 0x10, 0x00, 0x0C, 0xFF, 0x80, 0x00, 0x04, 0xFF, 0xF5,
  0x00, 0x1F, 0xFE, 0x00, 0x00, 0x0C, 0xFF, 0x80, 0x00, 0x00, 0xEF, 0xF7, 0x00, 0x4F, 0xFC, 0x00, 0x00, 0x0C, 0xFF, 0x80,
  0x00, 0x00, 0xEF, 0xF6, 0x00, 0xBF, 0xFA, 0x00, 0x00, 0x0C, 0xFF, 0x80, 0x00, 0x06, 0xFF, 0xF4, 0x7E, 0xFF, 0xF5, 0x00,
  0x00, 0x0C, 0xFF, 0xB7, 0x78, 0xAF, 0xFF, 0xC0, 0xAF, 0xFF, 0xC0, 0x00, 0x00, 0x0C, 0xFF, 0xFF, 0xFF, 0xFF, 0xFE, 0x30,
  0xBF, 0xEA, 0x10, 0x00, 0x00, 0x0C, 0xFF, 0xFF, 0xFF, 0xEC, 0x81, 0x00, 0x00, 0x0C, 0xFE, 0x30, 0x08, 0xFF, 0x70, 0x04,
  0xFF, 0xB0, 0x01, 0xDF, 0xE2, 0x00, 0x1D, 0xFE, 0x20, 0x00, 0x4F, 0xFB, 0x00, 0x00, 0x8F, 0xF7, 0x00, 0x00, 0xBE, 0xE3,
  0x00, 0x00, 0x00, 0x00, 0x04, 0xFF, 0xF1, 0x00, 0x00, 0x0B, 0xFF, 0x90, 0x00, 0x00, 0x00, 0x00, 0x04, 0xFF, 0xF1, 0x00,
  0x00, 0x0B, 0xFF, 0x90, 0x00, 0x00, 0x00, 0x00, 0x04, 0xFF, 0xF1, 0x00, 0x00, 0x0B, 0xFF, 0x90, 0x00, 0x00, 0x00, 0x00,
  0x04, 0xFF, 0xF1, 0x00, 0x00, 0x0B, 0xFF, 0x90, 0x00, 0x00, 0x00, 0x00, 0x04, 0xFF, 0xF1, 0x00, 0x00, 0x0B, 0xFF, 0x90,
  0x00, 0x00, 0x00, 0x00, 0x04, 0xFF, 0xF1, 0x00, 0x00, 0x0B, 0xFF, 0xC7, 0x77, 0x75, 0x10, 0x00, 0x04, 0xFF, 0xFF, 0xFF,
  0xFF, 0xFF, 0xFF, 0xFF, 0xFF, 0xFF, 0xE8, 0x00, 0x04, 0xFF, 0xFF, 0xFF, 0xFF, 0xFF, 0xFF, 0xFF, 0xFF, 0xFF, 0xFF, 0x70,
  0x04, 0xFF, 0xFB, 0xBB, 0xBB, 0xBE, 0xFF, 0x90, 0x01, 0x4D, 0xFF, 0xE0, 0x04, 0xFF, 0xF1, 0x00, 0x00, 0x0B, 0xFF, 0x90,
  0x00, 0x05, 0xFF, 0xF2, 0x04, 0xFF, 0xF1, 0x00, 0x00, 0x0B, 0xFF, 0x90, 0x00, 0x03, 0xFF, 0xF3, 0x04, 0xFF, 0xF1, 0x00,
  0x00, 0x0B, 0xFF, 0x90, 0x00, 0x08, 0xFF, 0xF1, 0x04, 0xFF, 0xF1, 0x00, 0x00, 0x0B, 0xFF, 0xC7, 0x78, 0xAF, 0xFF, 0xB0,
  0x04, 0xFF, 0xF1, 0x00, 0x00, 0x0B, 0xFF, 0xFF, 0xFF, 0xFF, 0xFD, 0x20, 0x04, 0xFF, 0xF1, 0x00, 0x00, 0x0B, 0xFF, 0xFF,
  0xFF, 0xEC, 0x81, 0x00, 0x00, 0x00, 0x00, 0x02, 0xDF, 0xE6, 0x00, 0x00, 0x00, 0x00, 0x02, 0xDF, 0xD4, 0x00, 0x00, 0x00,
  0x00, 0x01, 0xBE, 0xB2, 0x00, 0x00, 0x00, 0x00, 0x00, 0x00, 0x00, 0x00, 0x00, 0x00, 0x05, 0xFF, 0xF0, 0x00, 0x00, 0x4F,
  0xFF, 0x50, 0x5F, 0xFF, 0x00, 0x00, 0x0C, 0xFF, 0xA0, 0x05, 0xFF, 0xF0, 0x00, 0x07, 0xFF, 0xE2, 0x00, 0x5F, 0xFF, 0x00,
  0x02, 0xEF, 0xF6, 0x00, 0x05, 0xFF, 0xF0, 0x00, 0xAF, 0xFC, 0x00, 0x00, 0x5F, 0xFF, 0x00, 0x4F, 0xFF, 0x30, 0x00, 0x05,
  0xFF, 0xFC, 0xCE, 0xFF, 0x80, 0x00, 0x00, 0x5F, 0xFF, 0xFF, 0xFF, 0xF2, 0x00, 0x00, 0x05, 0xFF, 0xFF, 0xFF, 0xFF, 0xA0,
  0x00, 0x00, 0x5F, 0xFF, 0x00, 0x7F, 0xFF, 0x50, 0x00, 0x05, 0xFF, 0xF0, 0x00, 0xCF, 0xFD, 0x10, 0x00, 0x5F, 0xFF, 0x00,
  0x04, 0xFF, 0xF9, 0x00, 0x05, 0xFF, 0xF0, 0x00, 0x09, 0xFF, 0xF3, 0x00, 0x5F, 0xFF, 0x00, 0x00, 0x1E, 0xFF, 0xC0, 0x05,
  0xFF, 0xF0, 0x00, 0x00, 0x6F, 0xFF, 0x70, 0xBF, 0xFF, 0xFF, 0xFF, 0xFF, 0xFF, 0xF2, 0x00, 0x0B, 0xFF, 0xFF, 0xFF, 0xFF,
  0xFF, 0xFF, 0x20, 0x00, 0x8B, 0xBB, 0xCF, 0xFF, 0xBB, 0xBB, 0xB1, 0x00, 0x00, 0x00, 0x03, 0xFF, 0xF2, 0x00, 0x00, 0x00,
  0x00, 0x00, 0x00, 0x3F, 0xFF, 0x20, 0x00, 0x00, 0x00, 0x00, 0x00, 0x03, 0xFF, 0xF2, 0x00, 0x00, 0x00, 0x00, 0x00, 0x00,
  0x3F, 0xFF, 0x9C, 0xEF, 0xDB, 0x40, 0x00, 0x00, 0x03, 0xFF, 0xFF, 0xFF, 0xFF, 0xFF, 0x60, 0x00, 0x00, 0x3F, 0xFF, 0xFF,
  0xDE, 0xFF, 0xFE, 0x20, 0x00, 0x03, 0xFF, 0xF7, 0x10, 0x08, 0xFF, 0xF7, 0x00, 0x00, 0x3F, 0xFF, 0x20, 0x00, 0x0D, 0xFF,
  0x90, 0x00, 0x03, 0xFF, 0xF2, 0x00, 0x00, 0xAF, 0xFA, 0x00, 0x00, 0x3F, 0xFF, 0x20, 0x00, 0x0A, 0xFF, 0xA0, 0x00, 0x03,
  0xFF, 0xF2, 0x00, 0x00, 0xAF, 0xFA, 0x00, 0x00, 0x3F, 0xFF, 0x20, 0x00, 0x0A, 0xFF, 0xA0, 0x04, 0xFF, 0xF1, 0x00, 0x00,
  0x0A, 0xFF, 0xA0, 0x04, 0xFF, 0xF1, 0x00, 0x00, 0x0A, 0xFF, 0xA0, 0x04, 0xFF, 0xF1, 0x00, 0x00, 0x0A, 0xFF, 0xA0, 0x04,
  0xFF, 0xF1, 0x00, 0x00, 0x0A, 0xFF, 0xA0, 0x04, 0xFF, 0xF1, 0x00, 0x00, 0x0A, 0xFF, 0xA0, 0x04, 0xFF, 0xF1, 0x00, 0x00,
  0x0A, 0xFF, 0xA0, 0x04, 0xFF, 0xF1, 0x00, 0x00, 0x0A, 0xFF, 0xA0, 0x04, 0xFF, 0xF1, 0x00, 0x00, 0x0A, 0xFF, 0xA0, 0x04,
  0xFF, 0xF1, 0x00, 0x00, 0x0A, 0xFF, 0xA0, 0x04, 0xFF, 0xF1, 0x00, 0x00, 0x0A, 0xFF, 0xA0, 0x04, 0xFF, 0xF1, 0x00, 0x00,
  0x0A, 0xFF, 0xA0, 0x04, 0xFF, 0xF1, 0x00, 0x00, 0x0A, 0xFF, 0xA0, 0x04, 0xFF, 0xFB, 0xBB, 0xBB, 0xBD, 0xFF, 0xA0, 0x04,
  0xFF, 0xFF, 0xFF, 0xFF, 0xFF, 0xFF, 0xA0, 0x04, 0xFF, 0xFF, 0xFF, 0xFF, 0xFF, 0xFF, 0xA0, 0x00, 0x00, 0x00, 0x6F, 0xFC,
  0x00, 0x00, 0x00, 0x00, 0x00, 0x00, 0x6F, 0xFC, 0x00, 0x00, 0x00, 0x00, 0x00, 0x00, 0x6F, 0xFC, 0x00, 0x00, 0x00, 0x00,
  0x00, 0x00, 0x00, 0x00, 0x00, 0x00, 0x00, 0x00, 0x8F, 0xF9, 0x00, 0x00, 0x00, 0x00, 0x06, 0xDE, 0xFF, 0xED, 0xDD, 0xD2,
  0x00, 0x00, 0x7F, 0xFF, 0xFF, 0xFF, 0xFF, 0x30, 0x00, 0x01, 0x29, 0xFF, 0x92, 0x22, 0x20, 0x00, 0x00, 0x00, 0x8F, 0xF9,
  0x4B, 0xDE, 0xC7, 0x00, 0x00, 0x08, 0xFF, 0xDF, 0xFF, 0xFF, 0xFA, 0x00, 0x00, 0x8F, 0xFF, 0xFE, 0xCF, 0xFF, 0xF4, 0x00,
  0x08, 0xFF, 0xF8, 0x00, 0x3E, 0xFF, 0x80, 0x00, 0x8F, 0xFD, 0x00, 0x00, 0xAF, 0xFA, 0x00, 0x08, 0xFF, 0xB0, 0x00, 0x08,
  0xFF, 0xB0, 0x00, 0x8F, 0xFB, 0x00, 0x00, 0x8F, 0xFB, 0x00, 0x08, 0xFF, 0xB0, 0x00, 0x08, 0xFF, 0xB0, 0x00, 0x8F, 0xFB,
  0x00, 0x00, 0x8F, 0xFB, 0x00, 0x08, 0xFF, 0xB0, 0x00, 0x08, 0xFF, 0xB0, 0x00, 0x8F, 0xFB, 0x00, 0x00, 0x8F, 0xFB, 0x00,
  0x00, 0x00, 0x00, 0x00, 0x0A, 0xFF, 0xA0, 0x00, 0x00, 0x00, 0x05, 0xBA, 0xFF, 0xF7, 0x00, 0x00, 0x00, 0x00, 0xAF, 0xFF,
  0xFD, 0x10, 0x00, 0x00, 0x00, 0x09, 0xEF, 0xDA, 0x20, 0x00, 0x00, 0xCF, 0x50, 0x4F, 0xF1, 0x0A, 0xFC, 0x01, 0xEF, 0xC2,
  0x5F, 0xFF, 0x84, 0xFF, 0xF8, 0x09, 0xDB, 0x20, 0x00, 0x00, 0x00, 0x00, 0x00, 0x00, 0x00, 0x00, 0x00, 0x00, 0x00, 0x00,
  0x00, 0x00, 0x00, 0x00, 0x00, 0x00, 0x00, 0x00, 0x09, 0xEC, 0x24, 0xFF, 0xF9, 0x3F, 0xFF, 0x90, 0x9F, 0xF5, 0x07, 0xFD,
  0x00, 0xBF, 0x80, 0x0D, 0xE2, 0x00, 0x00, 0x00, 0x00, 0x00, 0x00, 0x00, 0x00, 0x00, 0x00, 0x00, 0x00, 0x00, 0x00, 0x00,
  0x00, 0x00, 0x00, 0x00, 0x00, 0x00, 0x00, 0xCF, 0x50, 0x1E, 0xF2, 0x04, 0xFF, 0x10, 0x7F, 0xC0, 0x0A, 0xFC, 0x00, 0xCF,
  0x90, 0x1E, 0xFC, 0x23, 0xFF, 0xB0, 0x5F, 0xFF, 0x88, 0xFF, 0xF5, 0x4F, 0xFF, 0x87, 0xFF, 0xF5, 0x09, 0xDB, 0x21, 0xAD,
  0xA0, 0x00, 0x00, 0x00, 0x00, 0x00, 0x00, 0x00, 0x00, 0x00, 0x00, 0x00, 0x00, 0x00, 0x00, 0x00, 0x00, 0x00, 0x00, 0x00,
  0x00, 0x00, 0x00, 0x00, 0x00, 0x00, 0x00, 0x00, 0x00, 0x00, 0x00, 0x00, 0x00, 0x00, 0x00, 0x00, 0x00, 0x00, 0x00, 0x00,
  0x00, 0x09, 0xEC, 0x21, 0xBE, 0xB1, 0x4F, 0xFF, 0x97, 0xFF, 0xF6, 0x3F, 0xFF, 0x96, 0xFF, 0xF6, 0x09, 0xFF, 0x51, 0xBF,
  0xF2, 0x07, 0xFD, 0x00, 0xAF, 0xB0, 0x0B, 0xF8, 0x00, 0xEF, 0x50, 0x0D, 0xE2, 0x03, 0xED, 0x00, 0x00, 0x00, 0x00, 0x00,
  0x00, 0x00, 0x00, 0x00, 0x00, 0x00, 0x00, 0x00, 0x00, 0x00, 0x00, 0x00, 0x00, 0x00, 0x00, 0x00, 0x00, 0x00, 0x00, 0x00,
  0x00, 0x00, 0x00, 0x00, 0x00, 0x00, 0x00, 0x00, 0x00, 0x00, 0x00, 0x00, 0x00, 0x00, 0x00, 0x00, 0x00, 0x02, 0x00, 0x00,
  0x3D, 0xFE, 0x50, 0x0B, 0xFF, 0xFE, 0x00, 0xDF, 0xFF, 0xF2, 0x0A, 0xFF, 0xFD, 0x00, 0x2B, 0xEC, 0x40, 0x00, 0x00, 0x00,
  0x00, 0x00, 0x00, 0x00, 0x00, 0x00, 0x00, 0x00, 0xFF, 0xFF, 0xFF, 0xFF, 0xFF, 0x3F, 0xFF, 0xFF, 0xFF, 0xFF, 0xF3, 0x00,
  0x00, 0x00, 0x00, 0x00, 0x00, 0x00, 0x00, 0x00, 0x00, 0x00, 0x00, 0x00, 0x00, 0x00, 0x00, 0x00, 0x00, 0x00, 0x00, 0x00,
  0x00, 0x00, 0x00, 0x00, 0x00, 0x00, 0x00, 0xFF, 0xFF, 0xFF, 0xFF, 0xFF, 0xFF, 0xFF, 0xFF, 0xFF, 0xFF, 0x6F, 0xFF, 0xFF,
  0xFF, 0xFF, 0xFF, 0xFF, 0xFF, 0xFF, 0xFF, 0xF6, 0x00, 0x00, 0x00, 0x00, 0x00, 0x00, 0x00, 0x00, 0x00, 0x00, 0x00, 0x00,
  0x00, 0x00, 0x00, 0x00, 0x00, 0x00, 0x00, 0x00, 0x00, 0x00, 0x00, 0x00, 0x00, 0x00, 0x00, 0x00, 0x00, 0x00, 0x00, 0x00,
  0x00, 0x00, 0x00, 0x00, 0x00, 0x00, 0x00, 0x00, 0x00, 0x00, 0x00, 0x00, 0x00, 0x00, 0x00, 0x00, 0x00, 0x00, 0x00, 0x00,
  0x00, 0xEF, 0xFF, 0xFF, 0xFF, 0x2D, 0xF6, 0x00, 0x00, 0x0A, 0xF9, 0x0B, 0xCC, 0xFF, 0xCC, 0xC2, 0xDF, 0xE2, 0x00, 0x05,
  0xFF, 0x90, 0x00, 0x1F, 0xF4, 0x00, 0x0D, 0xFF, 0xB0, 0x01, 0xDF, 0xF9, 0x00, 0x01, 0xFF, 0x40, 0x00, 0xDF, 0xFF, 0x60,
  0x9F, 0xEF, 0x90, 0x00, 0x1F, 0xF4, 0x00, 0x0D, 0xF9, 0xFE, 0x5F, 0xDA, 0xF9, 0x00, 0x01, 0xFF, 0x40, 0x00, 0xDF, 0x59,
  0xFF, 0xF4, 0x9F, 0x90, 0x00, 0x1F, 0xF4, 0x00, 0x0D, 0xF5, 0x1D, 0xF9, 0x09, 0xFA, 0x00, 0x01, 0xFF, 0x40, 0x00, 0xDF,
  0x50, 0x49, 0x10, 0x9F, 0xA0, 0x00, 0x18, 0x82, 0x00, 0x07, 0x83, 0x00, 0x00, 0x04, 0x85, 0x00, 0x00, 0x00, 0x00, 0x00,
  0x00, 0x00, 0x00, 0x00, 0x00, 0x00, 0x00, 0x00, 0x00, 0x00, 0x00, 0x00, 0x00, 0x00, 0x00, 0x00, 0x00, 0x00, 0x00, 0x00,
  0x00, 0x00, 0x00, 0x00, 0x00, 0x00, 0x00, 0x00, 0x00, 0x00, 0x00, 0x00, 0x00, 0x00, 0x00, 0x00, 0x00, 0x00, 0x00, 0x00,
  0x00, 0x00, 0x00, 0x00, 0x00, 0x00, 0x00, 0x00, 0x00, 0x00, 0x00, 0x00, 0x00, 0x00, 0x00, 0x00, 0x00, 0x00, 0x00, 0x00,
  0x6F, 0xFF, 0xFF, 0xFF, 0xFF, 0x00, 0x00, 0x00, 0x00, 0x00, 0x7F, 0xFF, 0xFF, 0xFF, 0xFF, 0x00, 0x00, 0x00, 0x00, 0x00,
  0x7F, 0xFC, 0xAA, 0xBF, 0xFF, 0x00, 0x00, 0x00, 0x00, 0x00, 0x8F, 0xF6, 0x00, 0x3F, 0xFF, 0x11, 0x10, 0x00, 0x00, 0x00,
  0x8F, 0xF5, 0x00, 0x3F, 0xFF, 0xFF, 0xFE, 0xC6, 0x00, 0x00, 0x9F, 0xF4, 0x00, 0x3F, 0xFF, 0xFF, 0xFF, 0xFF, 0x80, 0x00,
  0xBF, 0xF3, 0x00, 0x3F, 0xFF, 0x00, 0x39, 0xFF, 0xF1, 0x02, 0xEF, 0xE1, 0x00, 0x3F, 0xFF, 0x00, 0x04, 0xFF, 0xF2, 0xAF,
  0xFF, 0xB0, 0x00, 0x3F, 0xFF, 0x55, 0x6C, 0xFF, 0xE0, 0xCF, 0xFF, 0x50, 0x00, 0x3F, 0xFF, 0xFF, 0xFF, 0xFF, 0x60, 0xBE,
  0xC6, 0x00, 0x00, 0x3F, 0xFF, 0xFF, 0xFD, 0xB4, 0x00, 0x3F, 0xFB, 0x00, 0x00, 0x8F, 0xF7, 0x00, 0x00, 0xCF, 0xF3, 0x00,
  0x03, 0xEF, 0xD1, 0x00, 0x3E, 0xFD, 0x10, 0x0C, 0xFF, 0x30, 0x08, 0xFF, 0x70, 0x03, 0xEE, 0xB0, 0x00, 0x00, 0x00, 0x00,
  0x00, 0x08, 0xFF, 0xB0, 0x00, 0x0C, 0xFF, 0x70, 0x00, 0x00, 0x00, 0x08, 0xFF, 0xB0, 0x00, 0x0C, 0xFF, 0x70, 0x00, 0x00,
  0x00, 0x08, 0xFF, 0xB0, 0x00, 0x0C, 0xFF, 0x70, 0x00, 0x00, 0x00, 0x08, 0xFF, 0xB0, 0x00, 0x0C, 0xFF, 0x70, 0x00, 0x00,
  0x00, 0x08, 0xFF, 0xFF, 0xFF, 0xFF, 0xFF, 0xFF, 0xFE, 0xD8, 0x10, 0x08, 0xFF, 0xFF, 0xFF, 0xFF, 0xFF, 0xFF, 0xFF, 0xFF,
  0xC0, 0x08, 0xFF, 0xDA, 0xAA, 0xAE, 0xFF, 0x94, 0x59, 0xFF, 0xF4, 0x08, 0xFF, 0xB0, 0x00, 0x0C, 0xFF, 0x70, 0x00, 0xEF,
  0xF6, 0x08, 0xFF, 0xB0, 0x00, 0x0C, 0xFF, 0x94, 0x49, 0xFF, 0xF3, 0x08, 0xFF, 0xB0, 0x00, 0x0C, 0xFF, 0xFF, 0xFF, 0xFF,
  0x90, 0x08, 0xFF, 0xB0, 0x00, 0x0C, 0xFF, 0xFF, 0xFE, 0xC6, 0x00, 0x00, 0x00, 0x00, 0x1D, 0xFF, 0x70, 0x00, 0x00, 0x00,
  0x01, 0xCF, 0xE4, 0x00, 0x00, 0x00, 0x00, 0x0A, 0xEC, 0x20, 0x00, 0x00, 0x00, 0x00, 0x00, 0x00, 0x00, 0x00, 0x00, 0x08,
  0xFF, 0xB0, 0x00, 0x1E, 0xFF, 0x70, 0x08, 0xFF, 0xB0, 0x00, 0xAF, 0xFB, 0x00, 0x08, 0xFF, 0xB0, 0x05, 0xFF, 0xE2, 0x00,
  0x08, 0xFF, 0xB0, 0x1E, 0xFF, 0x50, 0x00, 0x08, 0xFF, 0xD9, 0xCF, 0xFA, 0x00, 0x00, 0x08, 0xFF, 0xFF, 0xFF, 0xF2, 0x00,
  0x00, 0x08, 0xFF, 0xFF, 0xFF, 0xFB, 0x00, 0x00, 0x08, 0xFF, 0xB0, 0x5F, 0xFF, 0x70, 0x00, 0x08, 0xFF, 0xB0, 0x09, 0xFF,
  0xF4, 0x00, 0x08, 0xFF, 0xB0, 0x01, 0xDF, 0xFD, 0x10, 0x08, 0xFF, 0xB0, 0x00, 0x3E, 0xFF, 0xA0, 0x00, 0x8F, 0xFB, 0x00,
  0x00, 0x00, 0x00, 0x0A, 0xBD, 0xFF, 0xEB, 0xBB, 0xA0, 0x00, 0x00, 0xEF, 0xFF, 0xFF, 0xFF, 0xFE, 0x00, 0x00, 0x00, 0x08,
  0xFF, 0xB0, 0x00, 0x00, 0x00, 0x00, 0x00, 0x8F, 0xFB, 0x4B, 0xEE, 0xC7, 0x00, 0x00, 0x08, 0xFF, 0xEF, 0xFF, 0xFF, 0xFA,
  0x00, 0x00, 0x8F, 0xFF, 0xFE, 0xCF, 0xFF, 0xF4, 0x00, 0x08, 0xFF, 0xF8, 0x00, 0x3E, 0xFF, 0x80, 0x00, 0x8F, 0xFD, 0x00,
  0x00, 0xAF, 0xFA, 0x00, 0x08, 0xFF, 0xB0, 0x00, 0x08, 0xFF, 0xB0, 0x00, 0x8F, 0xFB, 0x00, 0x00, 0x8F, 0xFB, 0x00, 0x08,
  0xFF, 0xB0, 0x00, 0x08, 0xFF, 0xB0, 0x00, 0x8F, 0xFB, 0x00, 0x00, 0x8F, 0xFB, 0x00, 0x08, 0xFF, 0xB0, 0x00, 0x08, 0xFF,
  0xB0, 0x00, 0x8F, 0xFB, 0x00, 0x00, 0x8F, 0xFB, 0x00, 0x08, 0xFF, 0xB0, 0x00, 0x5F, 0xFE, 0x00, 0x8F, 0xFB, 0x00, 0x05,
  0xFF, 0xE0, 0x08, 0xFF, 0xB0, 0x00, 0x5F, 0xFE, 0x00, 0x8F, 0xFB, 0x00, 0x05, 0xFF, 0xE0, 0x08, 0xFF, 0xB0, 0x00, 0x5F,
  0xFE, 0x00, 0x8F, 0xFB, 0x00, 0x05, 0xFF, 0xE0, 0x08, 0xFF, 0xB0, 0x00, 0x5F, 0xFE, 0x00, 0x8F, 0xFB, 0x00, 0x05, 0xFF,
  0xE0, 0x08, 0xFF, 0xDA, 0xAA, 0xBF, 0xFE, 0x00, 0x8F, 0xFF, 0xFF, 0xFF, 0xFF, 0xE0, 0x08, 0xFF, 0xFF, 0xFF, 0xFF, 0xFE,
  0x00, 0x00, 0x00, 0xCF, 0xF4, 0x00, 0x00, 0x00, 0x00, 0x0C, 0xFF, 0x40, 0x00, 0x00, 0x00, 0x00, 0x67, 0x72, 0x00, 0x00,
  0x00, 0x02, 0x22, 0x00, 0x02, 0x21, 0x00, 0x00, 0x00, 0x9F, 0xD0, 0x05, 0xFF, 0x20, 0x00, 0x00, 0x04, 0xFF, 0xDB, 0xEF,
  0xC0, 0x00, 0x00, 0x00, 0x05, 0xCE, 0xFD, 0x92, 0x00, 0x00, 0x00, 0x00, 0x00, 0x00, 0x00, 0x00, 0x00, 0x09, 0xFF, 0xE1,
  0x00, 0x00, 0x00, 0xDF, 0xF6, 0x2E, 0xFF, 0x70, 0x00, 0x00, 0x6F, 0xFD, 0x00, 0x9F, 0xFD, 0x00, 0x00, 0x0D, 0xFF, 0x60,
  0x02, 0xEF, 0xF6, 0x00, 0x06, 0xFF, 0xC0, 0x00, 0x08, 0xFF, 0xD0, 0x00, 0xDF, 0xF5, 0x00, 0x00, 0x1E, 0xFF, 0x60, 0x6F,
  0xFC, 0x00, 0x00, 0x00, 0x8F, 0xFC, 0x0D, 0xFF, 0x50, 0x00, 0x00, 0x01, 0xEF, 0xF9, 0xFF, 0xB0, 0x00, 0x00, 0x00, 0x07,
  0xFF, 0xFF, 0xF4, 0x00, 0x00, 0x00, 0x00, 0x1D, 0xFF, 0xFB, 0x00, 0x00, 0x00, 0x00, 0x00, 0x7F, 0xFF, 0x30, 0x00, 0x00,
  0x00, 0x00, 0x1C, 0xFF, 0xA0, 0x00, 0x00, 0x00, 0x0D, 0xCE, 0xFF, 0xE2, 0x00, 0x00, 0x00, 0x04, 0xFF, 0xFF, 0xE5, 0x00,
  0x00, 0x00, 0x00, 0x5C, 0xEE, 0xA3, 0x00, 0x00, 0x00, 0x00, 0x00, 0x08, 0xFB, 0x00, 0xBF, 0x90, 0x00, 0x00, 0x04, 0xFF,
  0xBD, 0xFF, 0x50, 0x00, 0x00, 0x00, 0x7E, 0xFF, 0xE8, 0x00, 0x00, 0x00, 0x00, 0x00, 0x22, 0x00, 0x00, 0x00, 0x0C, 0xFF,
  0x80, 0x00, 0x00, 0xCF, 0xF5, 0x06, 0xFF, 0xD0, 0x00, 0x04, 0xFF, 0xD0, 0x01, 0xEF, 0xF5, 0x00, 0x0A, 0xFF, 0x70, 0x00,
  0x8F, 0xFB, 0x00, 0x1E, 0xFE, 0x10, 0x00, 0x2F, 0xFF, 0x30, 0x8F, 0xF9, 0x00, 0x00, 0x0A, 0xFF, 0x90, 0xDF, 0xF3, 0x00,
  0x00, 0x04, 0xFF, 0xE6, 0xFF, 0xB0, 0x00, 0x00, 0x00, 0xCF, 0xFE, 0xFF, 0x50, 0x00, 0x00, 0x00, 0x6F, 0xFF, 0xFD, 0x00,
  0x00, 0x00, 0x00, 0x0E, 0xFF, 0xF7, 0x00, 0x00, 0x00, 0x00, 0x08, 0xFF, 0xE1, 0x00, 0x00, 0x00, 0x20, 0x0A, 0xFF, 0x90,
  0x00, 0x00, 0x05, 0xEA, 0xCF, 0xFE, 0x20, 0x00, 0x00, 0x0C, 0xFF, 0xFF, 0xF7, 0x00, 0x00, 0x00, 0x05, 0xCE, 0xEC, 0x50,
  0x00, 0x00, 0x00, 0x05, 0xFF, 0xFF, 0xFF, 0xFF, 0x00, 0x05, 0xFF, 0xFF, 0xFF, 0xFF, 0x00, 0x04, 0xAA, 0xAA, 0xCF, 0xFF,
  0x00, 0x00, 0x00, 0x00, 0x5F, 0xFF, 0x00, 0x00, 0x00, 0x00, 0x5F, 0xFF, 0x00, 0x00, 0x00, 0x00, 0x5F, 0xFF, 0x00, 0x00,
  0x00, 0x00, 0x5F, 0xFF, 0x00, 0x00, 0x00, 0x00, 0x5F, 0xFF, 0x00, 0x00, 0x00, 0x00, 0x5F, 0xFF, 0x00, 0x00, 0x00, 0x00,
  0x5F, 0xFF, 0x00, 0x01, 0x20, 0x00, 0x6F, 0xFD, 0x00, 0x0A, 0xD2, 0x00, 0xBF, 0xFC, 0x00, 0x7F, 0xFF, 0xCD, 0xFF, 0xF7,
  0x00, 0x3D, 0xFF, 0xFF, 0xFF, 0xC0, 0x00, 0x01, 0x9D, 0xFE, 0xC7, 0x00, 0x00, 0x00, 0x00, 0x00, 0x00, 0x00, 0x00, 0x00,
  0x03, 0x90, 0x00, 0x00, 0x00, 0x0A, 0x70, 0x3E, 0xFA, 0x16, 0xCE, 0xC4, 0xAF, 0xF5, 0x2D, 0xFF, 0xEF, 0xFF, 0xFF, 0xFF,
  0xE4, 0x02, 0xDF, 0xFE, 0xAA, 0xEF, 0xFE, 0x40, 0x00, 0xCF, 0xE3, 0x00, 0x1C, 0xFE, 0x10, 0x02, 0xFF, 0x70, 0x00, 0x04,
  0xFF, 0x60, 0x04, 0xFF, 0x60, 0x00, 0x02, 0xFF, 0x70, 0x02, 0xFF, 0xA0, 0x00, 0x07, 0xFF, 0x50, 0x00, 0xBF, 0xF9, 0x22,
  0x7E, 0xFD, 0x00, 0x02, 0xDF, 0xFF, 0xFF, 0xFF, 0xFE, 0x40, 0x2D, 0xFF, 0xEF, 0xFF, 0xFE, 0xFF, 0xE4, 0x3E, 0xFB, 0x14,
  0x78, 0x50, 0x9F, 0xF6, 0x04, 0xB1, 0x00, 0x00, 0x00, 0x09, 0x70, 0x00, 0x00, 0x00, 0x00, 0x4E, 0xEC, 0x00, 0x00, 0x00,
  0x00, 0x4F, 0xFD, 0x00, 0x00, 0x00, 0x00, 0x4F, 0xFD, 0x04, 0xFF, 0xFF, 0xFF, 0xFF, 0xFD, 0x04, 0xFF, 0xFF, 0xFF, 0xFF,
  0xFD, 0x04, 0xFF, 0xFB, 0xBB, 0xBB, 0xB9, 0x04, 0xFF, 0xF1, 0x00, 0x00, 0x00, 0x04, 0xFF, 0xF1, 0x00, 0x00, 0x00, 0x04,
  0xFF, 0xF1, 0x00, 0x00, 0x00, 0x04, 0xFF, 0xF1, 0x00, 0x00, 0x00, 0x04, 0xFF, 0xF1, 0x00, 0x00, 0x00, 0x04, 0xFF, 0xF1,
  0x00, 0x00, 0x00, 0x04, 0xFF, 0xF1, 0x00, 0x00, 0x00, 0x04, 0xFF, 0xF1, 0x00, 0x00, 0x00, 0x04, 0xFF, 0xF1, 0x00, 0x00,
  0x00, 0x04, 0xFF, 0xF1, 0x00, 0x00, 0x00, 0x04, 0xFF, 0xF1, 0x00, 0x00, 0x00, 0x04, 0xFF, 0xF1, 0x00, 0x00, 0x00, 0x06,
  0xFF, 0xA0, 0x06, 0xFF, 0xA0, 0x06, 0xFF, 0xA0, 0x06, 0xFF, 0xA0, 0x06, 0xFF, 0xA0, 0x06, 0xFF, 0xA0, 0x06, 0xFF, 0xA0,
  0x01, 0x22, 0x10, 0x00, 0x00, 0x00, 0x00, 0x00, 0x00, 0x00, 0x00, 0x00, 0x01, 0x22, 0x10, 0x06, 0xFF, 0xA0, 0x06, 0xFF,
  0xA0, 0x06, 0xFF, 0xA0, 0x06, 0xFF, 0xA0, 0x06, 0xFF, 0xA0, 0x06, 0xFF, 0xA0, 0x06, 0xFF, 0xA0, 0x00, 0x29, 0xCE, 0xED,
  0xA5, 0x00, 0x3E, 0xFF, 0xFF, 0xFF, 0xE1, 0x0C, 0xFF, 0xA6, 0x79, 0xE9, 0x00, 0xEF, 0xD0, 0x00, 0x00, 0x10, 0x0D, 0xFF,
  0xA4, 0x10, 0x00, 0x00, 0x7F, 0xFF, 0xFE, 0xA4, 0x00, 0x0A, 0xFF, 0xFF, 0xFF, 0xF5, 0x04, 0xFF, 0xB2, 0x5A, 0xFF, 0xD0,
  0x7F, 0xF7, 0x00, 0x0D, 0xFE, 0x05, 0xFF, 0xE8, 0x44, 0xEF, 0xC0, 0x0B, 0xFF, 0xFF, 0xFF, 0xF5, 0x00, 0x05, 0xCF, 0xFF,
  0xFE, 0x20, 0x00, 0x00, 0x15, 0xCF, 0xF8, 0x00, 0x51, 0x00, 0x05, 0xFF, 0x90, 0x2F, 0xD9, 0x77, 0xDF, 0xF7, 0x07, 0xFF,
  0xFF, 0xFF, 0xFC, 0x10, 0x06, 0xBD, 0xEE, 0xC7, 0x10, 0x00, 0x00, 0x01, 0xCD, 0x30, 0xBD, 0x40, 0x00, 0x00, 0x04, 0xFF,
  0x72, 0xFF, 0x90, 0x00, 0x00, 0x00, 0x9A, 0x20, 0x8B, 0x30, 0x00, 0x00, 0x00, 0x00, 0x00, 0x00, 0x00, 0x00, 0x04, 0xFF,
  0xFF, 0xFF, 0xFF, 0xFF, 0x90, 0x04, 0xFF, 0xFF, 0xFF, 0xFF, 0xFF, 0x90, 0x04, 0xFF, 0xFB, 0xAA, 0xAA, 0xAA, 0x60, 0x04,
  0xFF, 0xF1, 0x00, 0x00, 0x00, 0x00, 0x04, 0xFF, 0xF1, 0x00, 0x00, 0x00, 0x00, 0x04, 0xFF, 0xF1, 0x00, 0x00, 0x00, 0x00,
  0x04, 0xFF, 0xFF, 0xFF, 0xFF, 0xFA, 0x00, 0x04, 0xFF, 0xFF, 0xFF, 0xFF, 0xFA, 0x00, 0x04, 0xFF, 0xFA, 0x99, 0x99, 0x96,
  0x00, 0x04, 0xFF, 0xF1, 0x00, 0x00, 0x00, 0x00, 0x04, 0xFF, 0xF1, 0x00, 0x00, 0x00, 0x00, 0x04, 0xFF, 0xF1, 0x00, 0x00,
  0x00, 0x00, 0x04, 0xFF, 0xFA, 0xAA, 0xAA, 0xAA, 0x80, 0x04, 0xFF, 0xFF, 0xFF, 0xFF, 0xFF, 0xC0, 0x04, 0xFF, 0xFF, 0xFF,
  0xFF, 0xFF, 0xC0, 0x00, 0x00, 0x17, 0xCE, 0xEC, 0x71, 0x00, 0x00, 0x00, 0x03, 0xDE, 0xA7, 0x7A, 0xED, 0x30, 0x00, 0x00,
  0x3E, 0xD3, 0x00, 0x00, 0x3D, 0xE3, 0x00, 0x00, 0xBD, 0x10, 0x00, 0x00, 0x02, 0xDB, 0x00, 0x05, 0xF5, 0x03, 0xAD, 0xEC,
  0x50, 0x5F, 0x50, 0x0C, 0xB0, 0x3F, 0xFF, 0xFF, 0xF5, 0x0C, 0xB0, 0x1F, 0x80, 0xCF, 0xD4, 0x3A, 0xA2, 0x08, 0xF0, 0x3F,
  0x51, 0xFF, 0x60, 0x00, 0x00, 0x06, 0xF2, 0x3F, 0x51, 0xFF, 0x60, 0x00, 0x00, 0x06, 0xF2, 0x1F, 0x80, 0xCF, 0xD3, 0x29,
  0x91, 0x09, 0xE0, 0x0C, 0xC0, 0x4F, 0xFF, 0xFF, 0xF6, 0x1D, 0xA0, 0x04, 0xF7, 0x04, 0xBE, 0xFD, 0x60, 0x9E, 0x30, 0x00,
  0x8F, 0x81, 0x00, 0x10, 0x19, 0xF7, 0x00, 0x00, 0x07, 0xED, 0x97, 0x7A, 0xDE, 0x60, 0x00, 0x00, 0x00, 0x29, 0xDE, 0xED,
  0x92, 0x00, 0x00, 0x00, 0x00, 0x18, 0xCE, 0xFD, 0xA5, 0x00, 0x00, 0x00, 0x5E, 0xFF, 0xFF, 0xFF, 0xFB, 0x10, 0x00, 0x6F,
  0xFF, 0xFE, 0xDF, 0xFF, 0xFB, 0x00, 0x1E, 0xFF, 0xE6, 0x00, 0x27, 0xFF, 0x80, 0x09, 0xFF, 0xF4, 0x00, 0x00, 0x05, 0x50,
  0x00, 0xEF, 0xFA, 0x00, 0x00, 0x00, 0x00, 0x00, 0x2F, 0xFF, 0xB9, 0x99, 0x99, 0x10, 0x00, 0x03, 0xFF, 0xFF, 0xFF, 0xFF,
  0xF1, 0x00, 0x00, 0x2F, 0xFF, 0xFF, 0xFF, 0xFF, 0x10, 0x00, 0x00, 0xEF, 0xF9, 0x00, 0x00, 0x00, 0x00, 0x00, 0x0A, 0xFF,
  0xE2, 0x00, 0x00, 0x03, 0x30, 0x00, 0x2E, 0xFF, 0xD5, 0x00, 0x16, 0xEE, 0x30, 0x00, 0x7F, 0xFF, 0xFE, 0xDF, 0xFF, 0xFD,
  0x00, 0x00, 0x6E, 0xFF, 0xFF, 0xFF, 0xFD, 0x30, 0x00, 0x00, 0x29, 0xDE, 0xFD, 0xB6, 0x00, 0x00, 0x00, 0x0C, 0xFE, 0x34,
  0xFF, 0xB0, 0x00, 0x8F, 0xF7, 0x1D, 0xFE, 0x20, 0x04, 0xFF, 0xB0, 0xAF, 0xF5, 0x00, 0x1D, 0xFE, 0x26, 0xFF, 0xA0, 0x00,
  0x1D, 0xFE, 0x26, 0xFF, 0xA0, 0x00, 0x04, 0xFF, 0xB0, 0xAF, 0xF5, 0x00, 0x00, 0x8F, 0xF7, 0x1D, 0xFE, 0x20, 0x00, 0x0B,
  0xEE, 0x33, 0xEE, 0xB0, 0x00, 0x00, 0x00, 0x00, 0x00, 0x00, 0x06, 0x88, 0x88, 0x88, 0x88, 0x70, 0x0C, 0xFF, 0xFF, 0xFF,
  0xFF, 0xE0, 0x0C, 0xFF, 0xFF, 0xFF, 0xFF, 0xE0, 0x00, 0x00, 0x00, 0x00, 0xBF, 0xE0, 0x00, 0x00, 0x00, 0x00, 0xBF, 0xE0,
  0x00, 0x00, 0x00, 0x00, 0xBF, 0xE0, 0x00, 0x00, 0x00, 0x00, 0x79, 0x90, 0x00, 0x00, 0x00, 0x00, 0x00, 0x00, 0x00, 0x00,
  0x00, 0x00, 0x00, 0x00, 0x0E, 0xFF, 0xFF, 0xD0, 0x0E, 0xFF, 0xFF, 0xD0, 0x09, 0x99, 0x99, 0x80, 0x00, 0x00, 0x00, 0x00,
  0x00, 0x00, 0x00, 0x00, 0x00, 0x00, 0x00, 0x00, 0x00, 0x00, 0x00, 0x00, 0x00, 0x00, 0x18, 0xCE, 0xEC, 0x81, 0x00, 0x00,
  0x00, 0x03, 0xCE, 0xA7, 0x7A, 0xEC, 0x20, 0x00, 0x00, 0x3E, 0xD2, 0x00, 0x00, 0x3D, 0xE3, 0x00, 0x00, 0xCC, 0x10, 0x00,
  0x00, 0x01, 0xCC, 0x00, 0x06, 0xF4, 0x3F, 0xFF, 0xFD, 0x70, 0x4F, 0x60, 0x0D, 0xB0, 0x3F, 0xF9, 0xBE, 0xF6, 0x0B, 0xC0,
  0x2F, 0x70, 0x3F, 0xE0, 0x08, 0xFB, 0x08, 0xF0, 0x3F, 0x50, 0x3F, 0xE0, 0x2B, 0xF9, 0x05, 0xF2, 0x3F, 0x50, 0x3F, 0xFF,
  0xFF, 0xE3, 0x06, 0xF2, 0x1F, 0x80, 0x3F, 0xFA, 0xCF, 0x80, 0x09, 0xE0, 0x0B, 0xD0, 0x3F, 0xF0, 0x2E, 0xE3, 0x1D, 0xA0,
  0x03, 0xF8, 0x2D, 0xC0, 0x06, 0xD9, 0x9E, 0x20, 0x00, 0x8F, 0x91, 0x00, 0x00, 0x1A, 0xF6, 0x00, 0x00, 0x07, 0xED, 0xA7,
  0x7A, 0xEE, 0x60, 0x00, 0x00, 0x00, 0x29, 0xDE, 0xED, 0x92, 0x00, 0x00, 0x0A, 0xD5, 0x09, 0xE6, 0x1F, 0xF9, 0x0E, 0xFB,
  0x08, 0xB3, 0x06, 0xB4, 0x00, 0x00, 0x00, 0x00, 0x00, 0x6F, 0xFF, 0x00, 0x00, 0x6F, 0xFF, 0x00, 0x00, 0x6F, 0xFF, 0x00,
  0x00, 0x6F, 0xFF, 0x00, 0x00, 0x6F, 0xFF, 0x00, 0x00, 0x6F, 0xFF, 0x00, 0x00, 0x6F, 0xFF, 0x00, 0x00, 0x6F, 0xFF, 0x00,
  0x00, 0x6F, 0xFF, 0x00, 0x00, 0x6F, 0xFF, 0x00, 0x00, 0x6F, 0xFF, 0x00, 0x00, 0x6F, 0xFF, 0x00, 0x00, 0x6F, 0xFF, 0x00,
  0x00, 0x6F, 0xFF, 0x00, 0x00, 0x6F, 0xFF, 0x00, 0x01, 0x8D, 0xEB, 0x30, 0x00, 0xAF, 0xCA, 0xEE, 0x30, 0x3F, 0xB0, 0x04,
  0xFA, 0x05, 0xF7, 0x00, 0x0E, 0xC0, 0x3F, 0xB0, 0x03, 0xFA, 0x00, 0xAF, 0xCA, 0xEE, 0x30, 0x01, 0x8D, 0xEB, 0x40, 0x00,
  0x00, 0x00, 0x00, 0x00, 0x00, 0x00, 0x00, 0x00, 0x00, 0x00, 0x00, 0x00, 0x00, 0x00, 0x00, 0x00, 0x00, 0x00, 0x00, 0x00,
  0x00, 0x00, 0x00, 0x00, 0x00, 0x00, 0x00, 0x00, 0x00, 0x00, 0x00, 0x00, 0x00, 0x00, 0x00, 0x00, 0x00, 0x00, 0x26, 0x63,
  0x00, 0x00, 0x00, 0x00, 0x4F, 0xF7, 0x00, 0x00, 0x00, 0x00, 0x4F, 0xF7, 0x00, 0x00, 0x00, 0x00, 0x4F, 0xF7, 0x00, 0x00,
  0x0C, 0xFF, 0xFF, 0xFF, 0xFF, 0xE0, 0x0C, 0xFF, 0xFF, 0xFF, 0xFF, 0xE0, 0x05, 0x77, 0x9F, 0xFA, 0x77, 0x70, 0x00, 0x00,
  0x4F, 0xF7, 0x00, 0x00, 0x00, 0x00, 0x4F, 0xF7, 0x00, 0x00, 0x00, 0x00, 0x3C, 0xC5, 0x00, 0x00, 0x00, 0x00, 0x00, 0x00,
  0x00, 0x00, 0x06, 0x88, 0x88, 0x88, 0x88, 0x70, 0x0C, 0xFF, 0xFF, 0xFF, 0xFF, 0xE0, 0x0C, 0xFF, 0xFF, 0xFF, 0xFF, 0xE0,
  0x04, 0xFF, 0xF1, 0x00, 0x4F, 0xFF, 0x10, 0x04, 0xFF, 0xF1, 0x00, 0x4F, 0xFF, 0x10, 0x04, 0xFF, 0xF1, 0x00, 0x4F, 0xFF,
  0x10, 0x04, 0xFF, 0xF1, 0x00, 0x4F, 0xFF, 0x10, 0x04, 0xFF, 0xF1, 0x00, 0x4F, 0xFF, 0x10, 0x04, 0xFF, 0xF1, 0x00, 0x4F,
  0xFF, 0x10, 0x04, 0xFF, 0xF1, 0x00, 0x4F, 0xFF, 0x10, 0x04, 0xFF, 0xF1, 0x00, 0x05, 0xDD, 0x70, 0x0D, 0xFF, 0xF0, 0x0B,
  0xFF, 0xD0, 0x01, 0x78, 0x20, 0x00, 0x00, 0x00, 0x08, 0xFF, 0xB0, 0x08, 0xFF, 0xB0, 0x08, 0xFF, 0xB0, 0x08, 0xFF, 0xB0,
  0x08, 0xFF, 0xB0, 0x08, 0xFF, 0xB0, 0x08, 0xFF, 0xB0, 0x08, 0xFF, 0xB0, 0x08, 0xFF, 0xB0, 0x08, 0xFF, 0xB0, 0x08, 0xFF,
  0xB0, 0x00, 0x00, 0x00, 0x04, 0x44, 0x00, 0x00, 0x00, 0x00, 0xEF, 0xF0, 0x00, 0x00, 0x00, 0x0E, 0xFF, 0x00, 0x8F, 0xFF,
  0xFF, 0xFF, 0xF0, 0x08, 0xFF, 0xFF, 0xFF, 0xFF, 0x00, 0x8F, 0xFD, 0xAA, 0xAA, 0xA0, 0x08, 0xFF, 0xB0, 0x00, 0x00, 0x00,
  0x8F, 0xFB, 0x00, 0x00, 0x00, 0x08, 0xFF, 0xB0, 0x00, 0x00, 0x00, 0x8F, 0xFB, 0x00, 0x00, 0x00, 0x08, 0xFF, 0xB0, 0x00,
  0x00, 0x00, 0x8F, 0xFB, 0x00, 0x00, 0x00, 0x08, 0xFF, 0xB0, 0x00, 0x00, 0x00, 0x8F, 0xFB, 0x00, 0x00, 0x00, 0x09, 0xFF,
  0xA0, 0x00, 0x0A, 0xFF, 0x90, 0x09, 0xFF, 0xA0, 0x00, 0x0A, 0xFF, 0x90, 0x09, 0xFF, 0xA0, 0x00, 0x0A, 0xFF, 0x90, 0x09,
  0xFF, 0xA0, 0x00, 0x0A, 0xFF, 0x90, 0x09, 0xFF, 0xA0, 0x00, 0x0A, 0xFF, 0x90, 0x09, 0xFF, 0xA0, 0x00, 0x0A, 0xFF, 0x90,
  0x09, 0xFF, 0xC0, 0x00, 0x0C, 0xFF, 0x90, 0x09, 0xFF, 0xF4, 0x00, 0x6F, 0xFF, 0x90, 0x09, 0xFF, 0xFF, 0xCD, 0xFF, 0xFF,
  0x90, 0x09, 0xFF, 0xFF, 0xFF, 0xFD, 0xFF, 0x90, 0x09, 0xFF, 0xCC, 0xED, 0x96, 0xFF, 0x90, 0x09, 0xFF, 0xA0, 0x00, 0x00,
  0x00, 0x00, 0x09, 0xFF, 0xA0, 0x00, 0x00, 0x00, 0x00, 0x09, 0xFF, 0xA0, 0x00, 0x00, 0x00, 0x00, 0x09, 0xFF, 0xA0, 0x00,
  0x00, 0x00, 0x00, 0x01, 0x7C, 0xEF, 0xFF, 0xFF, 0xFF, 0x50, 0x0C, 0xFF, 0xFF, 0xFF, 0xFF, 0xFF, 0x50, 0x7F, 0xFF, 0xFF,
  0xF8, 0x69, 0xFF, 0x50, 0xAF, 0xFF, 0xFF, 0xF4, 0x06, 0xFF, 0x50, 0xAF, 0xFF, 0xFF, 0xF4, 0x06, 0xFF, 0x50, 0x5F, 0xFF,
  0xFF, 0xF4, 0x06, 0xFF, 0x50, 0x09, 0xFF, 0xFF, 0xF4, 0x06, 0xFF, 0x50, 0x00, 0x49, 0xCF, 0xF4, 0x06, 0xFF, 0x50, 0x00,
  0x00, 0x6F, 0xF4, 0x06, 0xFF, 0x50, 0x00, 0x00, 0x6F, 0xF4, 0x06, 0xFF, 0x50, 0x00, 0x00, 0x6F, 0xF4, 0x06, 0xFF, 0x50,
  0x00, 0x00, 0x6F, 0xF4, 0x06, 0xFF, 0x50, 0x00, 0x00, 0x6F, 0xF4, 0x06, 0xFF, 0x50, 0x00, 0x00, 0x6F, 0xF4, 0x06, 0xFF,
  0x50, 0x00, 0x00, 0x6F, 0xF4, 0x06, 0xFF, 0x50, 0x00, 0x00, 0x6F, 0xF4, 0x06, 0xFF, 0x50, 0x00, 0x00, 0x6F, 0xF4, 0x06,
  0xFF, 0x50, 0x05, 0xDD, 0x60, 0x0D, 0xFF, 0xE0, 0x0D, 0xFF, 0xE0, 0x05, 0xEE, 0x60, 0x00, 0x00, 0x00, 0x00, 0x00, 0x00,
  0x00, 0x00, 0x00, 0x00, 0x00, 0x00, 0x00, 0x09, 0xE5, 0x08, 0xE7, 0x00, 0x00, 0x00, 0xEF, 0xA0, 0xDF, 0xC0, 0x00, 0x00,
  0x07, 0xB4, 0x06, 0xB5, 0x00, 0x00, 0x00, 0x00, 0x00, 0x00, 0x00, 0x00, 0x00, 0x04, 0xAD, 0xED, 0xA3, 0x00, 0x00, 0x09,
  0xFF, 0xFF, 0xFF, 0xF8, 0x00, 0x07, 0xFF, 0xEB, 0x8B, 0xEF, 0xF5, 0x01, 0xFF, 0xF3, 0x00, 0x04, 0xFF, 0xC0, 0x4F, 0xFF,
  0xDD, 0xDD, 0xDF, 0xFF, 0x15, 0xFF, 0xFF, 0xFF, 0xFF, 0xFF, 0xF3, 0x3F, 0xFE, 0x10, 0x00, 0x00, 0x00, 0x00, 0xDF, 0xFA,
  0x00, 0x01, 0x81, 0x00, 0x05, 0xFF, 0xFD, 0xAA, 0xDF, 0xB0, 0x00, 0x07, 0xFF, 0xFF, 0xFF, 0xFD, 0x20, 0x00, 0x03, 0xAC,
  0xEE, 0xB8, 0x10, 0x00, 0x06, 0xFF, 0xC1, 0x00, 0x00, 0x09, 0xFF, 0xC0, 0x03, 0xBE, 0xEC, 0x40, 0x00, 0x6F, 0xFF, 0xA0,
  0x00, 0x00, 0x9F, 0xFC, 0x03, 0xEF, 0xED, 0xFF, 0x40, 0x06, 0xFF, 0xFF, 0x70, 0x00, 0x09, 0xFF, 0xC0, 0x9F, 0xC0, 0x0A,
  0xFB, 0x00, 0x6F, 0xFF, 0xFF, 0x40, 0x00, 0x9F, 0xFC, 0x0C, 0xF8, 0x00, 0x6F, 0xD0, 0x06, 0xFF, 0xFF, 0xFE, 0x20, 0x09,
  0xFF, 0xC0, 0xAF, 0xC0, 0x0A, 0xFB, 0x00, 0x6F, 0xFF, 0xFF, 0xFC, 0x10, 0x9F, 0xFC, 0x03, 0xEF, 0xED, 0xFF, 0x40, 0x06,
  0xFF, 0xEB, 0xFF, 0xFA, 0x09, 0xFF, 0xC0, 0x03, 0xBE, 0xEC, 0x40, 0x00, 0x6F, 0xFE, 0x1D, 0xFF, 0xF7, 0x9F, 0xFC, 0x00,
  0x00, 0x00, 0x00, 0x00, 0x06, 0xFF, 0xE0, 0x3E, 0xFF, 0xFC, 0xFF, 0xC0, 0x6E, 0xEE, 0xEE, 0xE8, 0x00, 0x6F, 0xFE, 0x00,
  0x6F, 0xFF, 0xFF, 0xFC, 0x06, 0xFF, 0xFF, 0xFF, 0x80, 0x06, 0xFF, 0xE0, 0x00, 0x9F, 0xFF, 0xFF, 0xC0, 0x00, 0x00, 0x00,
  0x00, 0x00, 0x6F, 0xFE, 0x00, 0x00, 0xCF, 0xFF, 0xFC, 0x00, 0x00, 0x00, 0x00, 0x00, 0x06, 0xFF, 0xE0, 0x00, 0x02, 0xDF,
  0xFF, 0xC0, 0x00, 0x00, 0x00, 0x00, 0x00, 0x6F, 0xFE, 0x00, 0x00, 0x04, 0xFF, 0xFC, 0x00, 0x00, 0x00, 0x00, 0x00, 0x06,
  0xFF, 0xE0, 0x00, 0x00, 0x06, 0xFF, 0xC0, 0x00, 0x00, 0x00, 0x00, 0x00, 0x00, 0x02, 0xAC, 0xEE, 0xC8, 0x10, 0x00, 0x7E,
  0xFF, 0xFF, 0xFF, 0xD3, 0x04, 0xFF, 0xFC, 0x9A, 0xDF, 0xF5, 0x0D, 0xFF, 0x80, 0x00, 0x09, 0x50, 0x2F, 0xFE, 0x33, 0x33,
  0x10, 0x00, 0x5F, 0xFF, 0xFF, 0xFF, 0x60, 0x00, 0x4F, 0xFF, 0xFF, 0xFF, 0x60, 0x00, 0x1E, 0xFE, 0x30, 0x00, 0x03, 0x20,
  0x07, 0xFF, 0xFB, 0x88, 0xBF, 0xD4, 0x00, 0x8F, 0xFF, 0xFF, 0xFF, 0xD3, 0x00, 0x03, 0xAC, 0xEE, 0xC8, 0x10, 0x3F, 0xFB,
  0x09, 0xFF, 0x50, 0x00, 0x08, 0xFF, 0x71, 0xDF, 0xE2, 0x00, 0x00, 0xCF, 0xF3, 0x4F, 0xFB, 0x00, 0x00, 0x3E, 0xFD, 0x18,
  0xFF, 0x80, 0x00, 0x3E, 0xFD, 0x18, 0xFF, 0x80, 0x00, 0xCF, 0xF3, 0x4F, 0xFB, 0x00, 0x08, 0xFF, 0x71, 0xDF, 0xE2, 0x00,
  0x3E, 0xEB, 0x09, 0xEE, 0x50, 0x00, 0x00, 0x00, 0x00, 0x00, 0x00, 0x00, 0x00, 0x05, 0xDD, 0x70, 0x00, 0x0C, 0xFF, 0xF1,
  0x00, 0x0A, 0xFF, 0xD0, 0x00, 0x01, 0x78, 0x20, 0x00, 0x00, 0x00, 0x00, 0x00, 0x08, 0xFF, 0xB0, 0x00, 0x08, 0xFF, 0xB0,
  0x00, 0x08, 0xFF, 0xB0, 0x00, 0x08, 0xFF, 0xB0, 0x00, 0x08, 0xFF, 0xB0, 0x00, 0x08, 0xFF, 0xB0, 0x00, 0x08, 0xFF, 0xB0,
  0x00, 0x08, 0xFF, 0xB0, 0x00, 0x08, 0xFF, 0xB0, 0x00, 0x08, 0xFF, 0xB0, 0x00, 0x08, 0xFF, 0xB0, 0x00, 0x0A, 0xFF, 0xA0,
  0x5B, 0xAF, 0xFF, 0x70, 0xAF, 0xFF, 0xFD, 0x10, 0x9E, 0xFD, 0xA2, 0x00, 0x00, 0x04, 0xAC, 0xEE, 0xDB, 0x61, 0x00, 0x09,
  0xFF, 0xFF, 0xFF, 0xFF, 0xC0, 0x06, 0xFF, 0xFE, 0xBC, 0xEF, 0xF8, 0x00, 0xCF, 0xFB, 0x10, 0x00, 0x4B, 0x20, 0x0E, 0xFF,
  0x70, 0x00, 0x00, 0x00, 0x00, 0xCF, 0xFD, 0x40, 0x00, 0x00, 0x00, 0x08, 0xFF, 0xFF, 0xDA, 0x62, 0x00, 0x00, 0x09, 0xFF,
  0xFF, 0xFF, 0xFA, 0x20, 0x00, 0x04, 0x9D, 0xFF, 0xFF, 0xFC, 0x10, 0x00, 0x00, 0x02, 0x7C, 0xFF, 0xF6, 0x00, 0x00, 0x00,
  0x00, 0x0D, 0xFF, 0x90, 0x7C, 0x50, 0x00, 0x02, 0xEF, 0xF7, 0x0D, 0xFF, 0xED, 0xBB, 0xEF, 0xFE, 0x22, 0xCF, 0xFF, 0xFF,
  0xFF, 0xFE, 0x50, 0x00, 0x59, 0xBD, 0xFD, 0xC8, 0x10, 0x00, 0x00, 0x39, 0xDE, 0xED, 0xA5, 0x00, 0x4F, 0xFF, 0xFF, 0xFF,
  0xE1, 0x0D, 0xFF, 0xC8, 0x8A, 0xE8, 0x01, 0xFF, 0xF1, 0x00, 0x02, 0x10, 0x0E, 0xFF, 0xC8, 0x52, 0x00, 0x00, 0x7F, 0xFF,
  0xFF, 0xFD, 0x60, 0x00, 0x39, 0xCF, 0xFF, 0xFF, 0x40, 0x10, 0x00, 0x03, 0xCF, 0xF8, 0x0B, 0xEA, 0x87, 0x8D, 0xFF, 0x63,
  0xFF, 0xFF, 0xFF, 0xFF, 0xB1, 0x05, 0xAC, 0xEF, 0xDB, 0x61, 0x00, 0x8E, 0x54, 0xD9, 0x0D, 0xFA, 0x9F, 0xE0, 0x6B, 0x33,
  0xB7, 0x00, 0x00, 0x00, 0x00, 0x09, 0xFF, 0xA0, 0x00, 0x9F, 0xFA, 0x00, 0x09, 0xFF, 0xA0, 0x00, 0x9F, 0xFA, 0x00, 0x09,
  0xFF, 0xA0, 0x00, 0x9F, 0xFA, 0x00, 0x09, 0xFF, 0xA0, 0x00, 0x9F, 0xFA, 0x00, 0x09, 0xFF, 0xA0, 0x00, 0x9F, 0xFA, 0x00,
  0x09, 0xFF, 0xA0, 0x00, 0x00, 0x00, 0x00, 0xBF, 0xFE, 0x10, 0x00, 0x00, 0x00, 0x00, 0x00, 0x3F, 0xFF, 0xF7, 0x00, 0x00,
  0x00, 0x00, 0x00, 0x09, 0xFF, 0xFF, 0xD0, 0x00, 0x00, 0x00, 0x00, 0x01, 0xEF, 0xFD, 0xFF, 0x40, 0x00, 0x00, 0x00, 0x00,
  0x7F, 0xFA, 0x7F, 0xFB, 0x00, 0x00, 0x00, 0x00, 0x0D, 0xFF, 0x52, 0xFF, 0xF2, 0x00, 0x00, 0x00, 0x05, 0xFF, 0xD0, 0x0A,
  0xFF, 0x80, 0x00, 0x00, 0x00, 0xBF, 0xF8, 0x00, 0x4F, 0xFE, 0x10, 0x00, 0x00, 0x2F, 0xFF, 0x20, 0x00, 0xDF, 0xF6, 0x00,
  0x00, 0x09, 0xFF, 0xFF, 0xFF, 0xFF, 0xFF, 0xC0, 0x00, 0x01, 0xEF, 0xFF, 0xFF, 0xFF, 0xFF, 0xFF, 0x40, 0x00, 0x6F, 0xFD,
  0x99, 0x99, 0x99, 0xCF, 0xFA, 0x00, 0x0C, 0xFF, 0x70, 0x00, 0x00, 0x04, 0xFF, 0xF2, 0x04, 0xFF, 0xF2, 0x00, 0x00, 0x00,
  0x0D, 0xFF, 0x80, 0xAF, 0xFB, 0x00, 0x00, 0x00, 0x00, 0x9F, 0xFE, 0x00, 0x04, 0xFF, 0xFF, 0xFF, 0xFF, 0xFF, 0xF5, 0x00,
  0x4F, 0xFF, 0xFF, 0xFF, 0xFF, 0xFF, 0x50, 0x04, 0xFF, 0xFA, 0xAA, 0xAA, 0xAA, 0xA3, 0x00, 0x4F, 0xFF, 0x10, 0x00, 0x00,
  0x00, 0x00, 0x04, 0xFF, 0xF1, 0x00, 0x00, 0x00, 0x00, 0x00, 0x4F, 0xFF, 0x10, 0x00, 0x00, 0x00, 0x00, 0x04, 0xFF, 0xFF,
  0xFF, 0xFE, 0xDA, 0x30, 0x00, 0x4F, 0xFF, 0xFF, 0xFF, 0xFF, 0xFF, 0x40, 0x04, 0xFF, 0xF7, 0x77, 0x8A, 0xEF, 0xFD, 0x00,
  0x4F, 0xFF, 0x10, 0x00, 0x06, 0xFF, 0xF2, 0x04, 0xFF, 0xF1, 0x00, 0x00, 0x2F, 0xFF, 0x40, 0x4F, 0xFF, 0x10, 0x00, 0x06,
  0xFF, 0xF1, 0x04, 0xFF, 0xF8, 0x77, 0x8A, 0xFF, 0xFB, 0x00, 0x4F, 0xFF, 0xFF, 0xFF, 0xFF, 0xFD, 0x20, 0x04, 0xFF, 0xFF,
  0xFF, 0xFD, 0xC7, 0x10, 0x00, 0x04, 0xFF, 0xFF, 0xFF, 0xFD, 0xC6, 0x10, 0x00, 0x4F, 0xFF, 0xFF, 0xFF, 0xFF, 0xFB, 0x00,
  0x04, 0xFF, 0xF8, 0x88, 0x8C, 0xFF, 0xF6, 0x00, 0x4F, 0xFF, 0x10, 0x00, 0x1E, 0xFF, 0x90, 0x04, 0xFF, 0xF1, 0x00, 0x00,
  0xCF, 0xF9, 0x00, 0x4F, 0xFF, 0x10, 0x01, 0x6F, 0xFF, 0x30, 0x04, 0xFF, 0xFF, 0xFF, 0xFF, 0xFE, 0x40, 0x00, 0x4F, 0xFF,
  0xFF, 0xFF, 0xFF, 0xFB, 0x10, 0x04, 0xFF, 0xF6, 0x66, 0x68, 0xEF, 0xFB, 0x00, 0x4F, 0xFF, 0x10, 0x00, 0x04, 0xFF, 0xF3,
  0x04, 0xFF, 0xF1, 0x00, 0x00, 0x2F, 0xFF, 0x50, 0x4F, 0xFF, 0x10, 0x00, 0x05, 0xFF, 0xF3, 0x04, 0xFF, 0xF8, 0x77, 0x89,
  0xEF, 0xFE, 0x00, 0x4F, 0xFF, 0xFF, 0xFF, 0xFF, 0xFF, 0x40, 0x04, 0xFF, 0xFF, 0xFF, 0xFE, 0xC9, 0x20, 0x00, 0x04, 0xFF,
  0xFF, 0xFF, 0xFF, 0xFD, 0x04, 0xFF, 0xFF, 0xFF, 0xFF, 0xFC, 0x04, 0xFF, 0xFB, 0xBB, 0xBB, 0xB9, 0x04, 0xFF, 0xF0, 0x00,
  0x00, 0x00, 0x04, 0xFF, 0xF0, 0x00, 0x00, 0x00, 0x04, 0xFF, 0xF0, 0x00, 0x00, 0x00, 0x04, 0xFF, 0xF0, 0x00, 0x00, 0x00,
  0x04, 0xFF, 0xF0, 0x00, 0x00, 0x00, 0x04, 0xFF, 0xF1, 0x00, 0x00, 0x00, 0x04, 0xFF, 0xF1, 0x00, 0x00, 0x00, 0x04, 0xFF,
  0xF1, 0x00, 0x00, 0x00, 0x04, 0xFF, 0xF1, 0x00, 0x00, 0x00, 0x04, 0xFF, 0xF1, 0x00, 0x00, 0x00, 0x04, 0xFF, 0xF1, 0x00,
  0x00, 0x00, 0x04, 0xFF, 0xF1, 0x00, 0x00, 0x00, 0x00, 0x08, 0xFF, 0xFF, 0xFF, 0xFF, 0xFF, 0x80, 0x00, 0x00, 0x9F, 0xFF,
  0xFF, 0xFF, 0xFF, 0xF8, 0x00, 0x00, 0x09, 0xFF, 0xCB, 0xBB, 0xBE, 0xFF, 0x80, 0x00, 0x00, 0xAF, 0xF5, 0x00, 0x00, 0xCF,
  0xF8, 0x00, 0x00, 0x0A, 0xFF, 0x50, 0x00, 0x0C, 0xFF, 0x80, 0x00, 0x00, 0xBF, 0xF4, 0x00, 0x00, 0xCF, 0xF8, 0x00, 0x00,
  0x0C, 0xFF, 0x30, 0x00, 0x0C, 0xFF, 0x80, 0x00, 0x00, 0xDF, 0xF2, 0x00, 0x00, 0xCF, 0xF8, 0x00, 0x00, 0x0F, 0xFF, 0x00,
  0x00, 0x0C, 0xFF, 0x80, 0x00, 0x03, 0xFF, 0xD0, 0x00, 0x00, 0xCF, 0xF8, 0x00, 0x00, 0x7F, 0xFA, 0x00, 0x00, 0x0C, 0xFF,
  0x80, 0x00, 0x1D, 0xFF, 0x50, 0x00, 0x00, 0xCF, 0xF8, 0x00, 0x8D, 0xFF, 0xFB, 0xBB, 0xBB, 0xBE, 0xFF, 0xDB, 0x5B, 0xFF,
  0xFF, 0xFF, 0xFF, 0xFF, 0xFF, 0xFF, 0xF8, 0xBF, 0xFF, 0xFF, 0xFF, 0xFF, 0xFF, 0xFF, 0xFF, 0x8B, 0xFF, 0x60, 0x00, 0x00,
  0x00, 0x00, 0xAF, 0xF8, 0xBF, 0xF6, 0x00, 0x00, 0x00, 0x00, 0x0A, 0xFF, 0x8B, 0xEE, 0x60, 0x00, 0x00, 0x00, 0x00, 0x9E,
  0xE7, 0x04, 0xFF, 0xFF, 0xFF, 0xFF, 0xFF, 0x90, 0x04, 0xFF, 0xFF, 0xFF, 0xFF, 0xFF, 0x90, 0x04, 0xFF, 0xFB, 0xAA, 0xAA,
  0xAA, 0x60, 0x04, 0xFF, 0xF1, 0x00, 0x00, 0x00, 0x00, 0x04, 0xFF, 0xF1, 0x00, 0x00, 0x00, 0x00, 0x04, 0xFF, 0xF1, 0x00,
  0x00, 0x00, 0x00, 0x04, 0xFF, 0xFF, 0xFF, 0xFF, 0xFA, 0x00, 0x04, 0xFF, 0xFF, 0xFF, 0xFF, 0xFA, 0x00, 0x04, 0xFF, 0xFA,
  0x99, 0x99, 0x96, 0x00, 0x04, 0xFF, 0xF1, 0x00, 0x00, 0x00, 0x00, 0x04, 0xFF, 0xF1, 0x00, 0x00, 0x00, 0x00, 0x04, 0xFF,
  0xF1, 0x00, 0x00, 0x00, 0x00, 0x04, 0xFF, 0xFA, 0xAA, 0xAA, 0xAA, 0x80, 0x04, 0xFF, 0xFF, 0xFF, 0xFF, 0xFF, 0xC0, 0x04,
  0xFF, 0xFF, 0xFF, 0xFF, 0xFF, 0xC0, 0x4F, 0xFF, 0x50, 0x00, 0x0A, 0xFF, 0xA0, 0x00, 0x06, 0xFF, 0xF3, 0x0B, 0xFF, 0xC0,
  0x00, 0x0A, 0xFF, 0xA0, 0x00, 0x0D, 0xFF, 0xA0, 0x03, 0xFF, 0xF5, 0x00, 0x0A, 0xFF, 0xA0, 0x00, 0x6F, 0xFE, 0x20, 0x00,
  0x9F, 0xFC, 0x00, 0x0A, 0xFF, 0xA0, 0x00, 0xDF, 0xF8, 0x00, 0x00, 0x2E, 0xFF, 0x50, 0x0A, 0xFF, 0xA0, 0x07, 0xFF, 0xE1,
  0x00, 0x00, 0x08, 0xFF, 0xC0, 0x0A, 0xFF, 0xA0, 0x1D, 0xFF, 0x70, 0x00, 0x00, 0x01, 0xDF, 0xFC, 0xCE, 0xFF, 0xEC, 0xCF,
  0xFD, 0x00, 0x00, 0x00, 0x00, 0xAF, 0xFF, 0xFF, 0xFF, 0xFF, 0xFF, 0xF9, 0x00, 0x00, 0x00, 0x03, 0xFF, 0xFF, 0xFF, 0xFF,
  0xFF, 0xFF, 0xFF, 0x20, 0x00, 0x00, 0x0B, 0xFF, 0xE1, 0x0A, 0xFF, 0xA0, 0x2F, 0xFF, 0xA0, 0x00, 0x00, 0x5F, 0xFF, 0x80,
  0x0A, 0xFF, 0xA0, 0x09, 0xFF, 0xF4, 0x00, 0x00, 0xCF, 0xFE, 0x10, 0x0A, 0xFF, 0xA0, 0x01, 0xEF, 0xFC, 0x00, 0x06, 0xFF,
  0xF7, 0x00, 0x0A, 0xFF, 0xA0, 0x00, 0x8F, 0xFF, 0x50, 0x1D, 0xFF, 0xD0, 0x00, 0x0A, 0xFF, 0xA0, 0x00, 0x1E, 0xFF, 0xD0,
  0x8F, 0xFF, 0x60, 0x00, 0x0A, 0xFF, 0xA0, 0x00, 0x07, 0xFF, 0xF7, 0x02, 0x7B, 0xDF, 0xEC, 0x93, 0x00, 0x00, 0xEF, 0xFF,
  0xFF, 0xFF, 0xF8, 0x00, 0x0A, 0xFF, 0xDC, 0xEF, 0xFF, 0xF7, 0x00, 0x48, 0x20, 0x00, 0x3D, 0xFF, 0xC0, 0x00, 0x00, 0x00,
  0x00, 0x8F, 0xFD, 0x00, 0x00, 0x00, 0x01, 0x5D, 0xFF, 0x90, 0x00, 0x0C, 0xFF, 0xFF, 0xFF, 0xA1, 0x00, 0x00, 0xCF, 0xFF,
  0xFF, 0xF9, 0x10, 0x00, 0x07, 0x88, 0x8B, 0xEF, 0xFC, 0x00, 0x00, 0x00, 0x00, 0x02, 0xFF, 0xF5, 0x00, 0x00, 0x00, 0x00,
  0x0E, 0xFF, 0x80, 0x98, 0x10, 0x00, 0x19, 0xFF, 0xF6, 0x2F, 0xFF, 0xDB, 0xCE, 0xFF, 0xFE, 0x15, 0xEF, 0xFF, 0xFF, 0xFF,
  0xFD, 0x30, 0x01, 0x6B, 0xCE, 0xED, 0xB6, 0x10, 0x00, 0x04, 0xFF, 0xF1, 0x00, 0x00, 0x09, 0xFF, 0xE0, 0x00, 0x4F, 0xFF,
  0x10, 0x00, 0x04, 0xFF, 0xFE, 0x00, 0x04, 0xFF, 0xF1, 0x00, 0x01, 0xDF, 0xFF, 0xE0, 0x00, 0x4F, 0xFF, 0x10, 0x00, 0xAF,
  0xFF, 0xFE, 0x00, 0x04, 0xFF, 0xF1, 0x00, 0x5F, 0xFF, 0xFF, 0xE0, 0x00, 0x4F, 0xFF, 0x10, 0x2E, 0xFF, 0xDF, 0xFE, 0x00,
  0x04, 0xFF, 0xF1, 0x0B, 0xFF, 0xC6, 0xFF, 0xE0, 0x00, 0x4F, 0xFF, 0x17, 0xFF, 0xE3, 0x6F, 0xFE, 0x00, 0x04, 0xFF, 0xF3,
  0xEF, 0xF7, 0x06, 0xFF, 0xE0, 0x00, 0x4F, 0xFF, 0xCF, 0xFB, 0x00, 0x6F, 0xFE, 0x00, 0x04, 0xFF, 0xFF, 0xFE, 0x20, 0x06,
  0xFF, 0xE0, 0x00, 0x4F, 0xFF, 0xFF, 0x60, 0x00, 0x6F, 0xFE, 0x00, 0x04, 0xFF, 0xFF, 0xA0, 0x00, 0x06, 0xFF, 0xE0, 0x00,
  0x4F, 0xFF, 0xD1, 0x00, 0x00, 0x6F, 0xFE, 0x00, 0x04, 0xFF, 0xF4, 0x00, 0x00, 0x06, 0xFF, 0xE0, 0x00, 0x00, 0x00, 0x12,
  0x20, 0x00, 0x22, 0x10, 0x00, 0x00, 0x00, 0x08, 0xFD, 0x00, 0x4F, 0xF3, 0x00, 0x00, 0x00, 0x00, 0x3F, 0xFD, 0xBE, 0xFC,
  0x00, 0x00, 0x00, 0x00, 0x00, 0x5B, 0xEF, 0xDA, 0x20, 0x00, 0x00, 0x00, 0x00, 0x00, 0x00, 0x00, 0x00, 0x00, 0x00, 0x00,
  0x4F, 0xFF, 0x10, 0x00, 0x00, 0x9F, 0xFE, 0x00, 0x04, 0xFF, 0xF1, 0x00, 0x00, 0x4F, 0xFF, 0xE0, 0x00, 0x4F, 0xFF, 0x10,
  0x00, 0x1D, 0xFF, 0xFE, 0x00, 0x04, 0xFF, 0xF1, 0x00, 0x0A, 0xFF, 0xFF, 0xE0, 0x00, 0x4F, 0xFF, 0x10, 0x05, 0xFF, 0xFF,
  0xFE, 0x00, 0x04, 0xFF, 0xF1, 0x02, 0xEF, 0xFD, 0xFF, 0xE0, 0x00, 0x4F, 0xFF, 0x10, 0xBF, 0xFC, 0x6F, 0xFE, 0x00, 0x04,
  0xFF, 0xF1, 0x7F, 0xFE, 0x36, 0xFF, 0xE0, 0x00, 0x4F, 0xFF, 0x3E, 0xFF, 0x70, 0x6F, 0xFE, 0x00, 0x04, 0xFF, 0xFC, 0xFF,
  0xB0, 0x06, 0xFF, 0xE0, 0x00, 0x4F, 0xFF, 0xFF, 0xE2, 0x00, 0x6F, 0xFE, 0x00, 0x04, 0xFF, 0xFF, 0xF6, 0x00, 0x06, 0xFF,
  0xE0, 0x00, 0x4F, 0xFF, 0xFA, 0x00, 0x00, 0x6F, 0xFE, 0x00, 0x04, 0xFF, 0xFD, 0x10, 0x00, 0x06, 0xFF, 0xE0, 0x00, 0x4F,
  0xFF, 0x40, 0x00, 0x00, 0x6F, 0xFE, 0x00, 0x05, 0xFF, 0xF0, 0x00, 0x00, 0x4F, 0xFF, 0x50, 0x5F, 0xFF, 0x00, 0x00, 0x0C,
  0xFF, 0xA0, 0x05, 0xFF, 0xF0, 0x00, 0x07, 0xFF, 0xE2, 0x00, 0x5F, 0xFF, 0x00, 0x02, 0xEF, 0xF6, 0x00, 0x05, 0xFF, 0xF0,
  0x00, 0xAF, 0xFC, 0x00, 0x00, 0x5F, 0xFF, 0x00, 0x4F, 0xFF, 0x30, 0x00, 0x05, 0xFF, 0xFC, 0xCE, 0xFF, 0x80, 0x00, 0x00,
  0x5F, 0xFF, 0xFF, 0xFF, 0xF2, 0x00, 0x00, 0x05, 0xFF, 0xFF, 0xFF, 0xFF, 0xA0, 0x00, 0x00, 0x5F, 0xFF, 0x00, 0x7F, 0xFF,
  0x50, 0x00, 0x05, 0xFF, 0xF0, 0x00, 0xCF, 0xFD, 0x10, 0x00, 0x5F, 0xFF, 0x00, 0x04, 0xFF, 0xF9, 0x00, 0x05, 0xFF, 0xF0,
  0x00, 0x09, 0xFF, 0xF3, 0x00, 0x5F, 0xFF, 0x00, 0x00, 0x1E, 0xFF, 0xC0, 0x05, 0xFF, 0xF0, 0x00, 0x00, 0x6F, 0xFF, 0x70,
  0x00, 0x08, 0xFF, 0xFF, 0xFF, 0xFF, 0xFF, 0x80, 0x00, 0x09, 0xFF, 0xFF, 0xFF, 0xFF, 0xFF, 0x80, 0x00, 0x09, 0xFF, 0xCB,
  0xBB, 0xBE, 0xFF, 0x80, 0x00, 0x0A, 0xFF, 0x50, 0x00, 0x0C, 0xFF, 0x80, 0x00, 0x0A, 0xFF, 0x50, 0x00, 0x0C, 0xFF, 0x80,
  0x00, 0x0B, 0xFF, 0x40, 0x00, 0x0C, 0xFF, 0x80, 0x00, 0x0B, 0xFF, 0x30, 0x00, 0x0C, 0xFF, 0x80, 0x00, 0x0C, 0xFF, 0x30,
  0x00, 0x0C, 0xFF, 0x80, 0x00, 0x0D, 0xFF, 0x10, 0x00, 0x0C, 0xFF, 0x80, 0x00, 0x1F, 0xFE, 0x00, 0x00, 0x0C, 0xFF, 0x80,
  0x00, 0x5F, 0xFC, 0x00, 0x00, 0x0C, 0xFF, 0x80, 0x02, 0xDF, 0xFA, 0x00, 0x00, 0x0C, 0xFF, 0x80, 0x9F, 0xFF, 0xF5, 0x00,
  0x00, 0x0C, 0xFF, 0x80, 0xAF, 0xFF, 0xC0, 0x00, 0x00, 0x0C, 0xFF, 0x80, 0xBF, 0xEA, 0x10, 0x00, 0x00, 0x0C, 0xFF, 0x80,
  0x04, 0xFF, 0xC0, 0x00, 0x00, 0x00, 0x00, 0x4F, 0xFC, 0x00, 0x04, 0xFF, 0xF6, 0x00, 0x00, 0x00, 0x00, 0xCF, 0xFC, 0x00,
  0x04, 0xFF, 0xFD, 0x10, 0x00, 0x00, 0x06, 0xFF, 0xFC, 0x00, 0x04, 0xFF, 0xFF, 0x80, 0x00, 0x00, 0x1D, 0xFF, 0xFC, 0x00,
  0x04, 0xFF, 0xFF, 0xE2, 0x00, 0x00, 0x8F, 0xFF, 0xFC, 0x00, 0x04, 0xFF, 0xFF, 0xFA, 0x00, 0x02, 0xEF, 0xFF, 0xFC, 0x00,
  0x04, 0xFF, 0xEE, 0xFF, 0x40, 0x0A, 0xFF, 0xCF, 0xFC, 0x00, 0x04, 0xFF, 0xD7, 0xFF, 0xC0, 0x3F, 0xFD, 0x6F, 0xFC, 0x00,
  0x04, 0xFF, 0xD0, 0xCF, 0xF6, 0xBF, 0xF5, 0x5F, 0xFC, 0x00, 0x04, 0xFF, 0xD0, 0x4F, 0xFE, 0xFF, 0xC0, 0x5F, 0xFC, 0x00,
  0x04, 0xFF, 0xD0, 0x0A, 0xFF, 0xFF, 0x30, 0x5F, 0xFC, 0x00, 0x04, 0xFF, 0xD0, 0x02, 0xEF, 0xFA, 0x00, 0x5F, 0xFD, 0x00,
  0x04, 0xFF, 0xD0, 0x00, 0x8F, 0xE2, 0x00, 0x5F, 0xFD, 0x00, 0x04, 0xFF, 0xD0, 0x00, 0x17, 0x50, 0x00, 0x5F, 0xFD, 0x00,
  0x04, 0xFF, 0xD0, 0x00, 0x00, 0x00, 0x00, 0x5F, 0xFD, 0x00, 0x04, 0xFF, 0xF1, 0x00, 0x00, 0x08, 0xFF, 0xD0, 0x00, 0x4F,
  0xFF, 0x10, 0x00, 0x00, 0x8F, 0xFD, 0x00, 0x04, 0xFF, 0xF1, 0x00, 0x00, 0x08, 0xFF, 0xD0, 0x00, 0x4F, 0xFF, 0x10, 0x00,
  0x00, 0x8F, 0xFD, 0x00, 0x04, 0xFF, 0xF1, 0x00, 0x00, 0x08, 0xFF, 0xD0, 0x00, 0x4F, 0xFF, 0x10, 0x00, 0x00, 0x8F, 0xFD,
  0x00, 0x04, 0xFF, 0xFF, 0xFF, 0xFF, 0xFF, 0xFF, 0xD0, 0x00, 0x4F, 0xFF, 0xFF, 0xFF, 0xFF, 0xFF, 0xFD, 0x00, 0x04, 0xFF,
  0xFD, 0xCC, 0xCC, 0xCE, 0xFF, 0xD0, 0x00, 0x4F, 0xFF, 0x10, 0x00, 0x00, 0x8F, 0xFD, 0x00, 0x04, 0xFF, 0xF1, 0x00, 0x00,
  0x08, 0xFF, 0xD0, 0x00, 0x4F, 0xFF, 0x10, 0x00, 0x00, 0x8F, 0xFD, 0x00, 0x04, 0xFF, 0xF1, 0x00, 0x00, 0x08, 0xFF, 0xD0,
  0x00, 0x4F, 0xFF, 0x10, 0x00, 0x00, 0x8F, 0xFD, 0x00, 0x04, 0xFF, 0xF1, 0x00, 0x00, 0x08, 0xFF, 0xD0, 0x00, 0x00, 0x00,
  0x07, 0xBE, 0xFE, 0xC8, 0x10, 0x00, 0x00, 0x00, 0x4D, 0xFF, 0xFF, 0xFF, 0xFD, 0x50, 0x00, 0x00, 0x5F, 0xFF, 0xFF, 0xDF,
  0xFF, 0xFF, 0x70, 0x00, 0x2E, 0xFF, 0xE6, 0x10, 0x15, 0xEF, 0xFE, 0x30, 0x0A, 0xFF, 0xF3, 0x00, 0x00, 0x02, 0xEF, 0xFB,
  0x00, 0xEF, 0xF9, 0x00, 0x00, 0x00, 0x07, 0xFF, 0xF2, 0x3F, 0xFF, 0x50, 0x00, 0x00, 0x00, 0x3F, 0xFF, 0x54, 0xFF, 0xF3,
  0x00, 0x00, 0x00, 0x01, 0xFF, 0xF6, 0x3F, 0xFF, 0x50, 0x00, 0x00, 0x00, 0x3F, 0xFF, 0x51, 0xEF, 0xF9, 0x00, 0x00, 0x00,
  0x07, 0xFF, 0xF2, 0x0A, 0xFF, 0xF3, 0x00, 0x00, 0x02, 0xEF, 0xFB, 0x00, 0x2E, 0xFF, 0xE6, 0x10, 0x05, 0xDF, 0xFE, 0x30,
  0x00, 0x5F, 0xFF, 0xFF, 0xDF, 0xFF, 0xFF, 0x70, 0x00, 0x00, 0x4D, 0xFF, 0xFF, 0xFF, 0xFD, 0x50, 0x00, 0x00, 0x00, 0x17,
  0xCE, 0xFE, 0xC8, 0x10, 0x00, 0x00, 0x04, 0xFF, 0xFF, 0xFF, 0xFF, 0xFF, 0xFF, 0xC0, 0x00, 0x4F, 0xFF, 0xFF, 0xFF, 0xFF,
  0xFF, 0xFC, 0x00, 0x04, 0xFF, 0xFB, 0xBB, 0xBB, 0xBD, 0xFF, 0xC0, 0x00, 0x4F, 0xFF, 0x10, 0x00, 0x00, 0x9F, 0xFC, 0x00,
  0x04, 0xFF, 0xF1, 0x00, 0x00, 0x09, 0xFF, 0xC0, 0x00, 0x4F, 0xFF, 0x10, 0x00, 0x00, 0x9F, 0xFC, 0x00, 0x04, 0xFF, 0xF1,
  0x00, 0x00, 0x09, 0xFF, 0xC0, 0x00, 0x4F, 0xFF, 0x10, 0x00, 0x00, 0x9F, 0xFC, 0x00, 0x04, 0xFF, 0xF1, 0x00, 0x00, 0x09,
  0xFF, 0xC0, 0x00, 0x4F, 0xFF, 0x10, 0x00, 0x00, 0x9F, 0xFC, 0x00, 0x04, 0xFF, 0xF1, 0x00, 0x00, 0x09, 0xFF, 0xC0, 0x00,
  0x4F, 0xFF, 0x10, 0x00, 0x00, 0x9F, 0xFC, 0x00, 0x04, 0xFF, 0xF1, 0x00, 0x00, 0x09, 0xFF, 0xC0, 0x00, 0x4F, 0xFF, 0x10,
  0x00, 0x00, 0x9F, 0xFC, 0x00, 0x04, 0xFF, 0xF1, 0x00, 0x00, 0x09, 0xFF, 0xC0, 0x00, 0x04, 0xFF, 0xFF, 0xFF, 0xEC, 0xA3,
  0x00, 0x00, 0x4F, 0xFF, 0xFF, 0xFF, 0xFF, 0xF7, 0x00, 0x04, 0xFF, 0xFB, 0xBB, 0xCF, 0xFF, 0xF5, 0x00, 0x4F, 0xFF, 0x10,
  0x00, 0x3D, 0xFF, 0xC0, 0x04, 0xFF, 0xF1, 0x00, 0x00, 0x7F, 0xFE, 0x00, 0x4F, 0xFF, 0x10, 0x00, 0x05, 0xFF, 0xF1, 0x04,
  0xFF, 0xF1, 0x00, 0x00, 0x8F, 0xFE, 0x00, 0x4F, 0xFF, 0x10, 0x02, 0x7F, 0xFF, 0xA0, 0x04, 0xFF, 0xFF, 0xFF, 0xFF, 0xFF,
  0xE2, 0x00, 0x4F, 0xFF, 0xFF, 0xFF, 0xFF, 0xC4, 0x00, 0x04, 0xFF, 0xFB, 0xBB, 0xA8, 0x50, 0x00, 0x00, 0x4F, 0xFF, 0x10,
  0x00, 0x00, 0x00, 0x00, 0x04, 0xFF, 0xF1, 0x00, 0x00, 0x00, 0x00, 0x00, 0x4F, 0xFF, 0x10, 0x00, 0x00, 0x00, 0x00, 0x04,
  0xFF, 0xF1, 0x00, 0x00, 0x00, 0x00, 0x00, 0x00, 0x00, 0x17, 0xCE, 0xFE, 0xC7, 0x10, 0x00, 0x00, 0x4D, 0xFF, 0xFF, 0xFF,
  0xFD, 0x30, 0x00, 0x5F, 0xFF, 0xFF, 0xDF, 0xFF, 0xFD, 0x20, 0x2E, 0xFF, 0xE7, 0x10, 0x15, 0xDF, 0xA1, 0x0A, 0xFF, 0xF4,
  0x00, 0x00, 0x02, 0x50, 0x00, 0xEF, 0xF9, 0x00, 0x00, 0x00, 0x00, 0x00, 0x3F, 0xFF, 0x50, 0x00, 0x00, 0x00, 0x00, 0x04,
  0xFF, 0xF3, 0x00, 0x00, 0x00, 0x00, 0x00, 0x3F, 0xFF, 0x50, 0x00, 0x00, 0x00, 0x00, 0x00, 0xEF, 0xF9, 0x00, 0x00, 0x00,
  0x00, 0x00, 0x0A, 0xFF, 0xF3, 0x00, 0x00, 0x02, 0x50, 0x00, 0x2E, 0xFF, 0xE6, 0x10, 0x04, 0xDF, 0x60, 0x00, 0x5F, 0xFF,
  0xFF, 0xDF, 0xFF, 0xFF, 0x30, 0x00, 0x5D, 0xFF, 0xFF, 0xFF, 0xFE, 0x60, 0x00, 0x00, 0x18, 0xCE, 0xFE, 0xC8, 0x10, 0x00,
  0xBF, 0xFF, 0xFF, 0xFF, 0xFF, 0xFF, 0xAB, 0xFF, 0xFF, 0xFF, 0xFF, 0xFF, 0xFA, 0x8B, 0xBB, 0xCF, 0xFF, 0xBB, 0xBB, 0x70,
  0x00, 0x03, 0xFF, 0xF2, 0x00, 0x00, 0x00, 0x00, 0x3F, 0xFF, 0x20, 0x00, 0x00, 0x00, 0x03, 0xFF, 0xF2, 0x00, 0x00, 0x00,
  0x00, 0x3F, 0xFF, 0x20, 0x00, 0x00, 0x00, 0x03, 0xFF, 0xF2, 0x00, 0x00, 0x00, 0x00, 0x3F, 0xFF, 0x20, 0x00, 0x00, 0x00,
  0x03, 0xFF, 0xF2, 0x00, 0x00, 0x00, 0x00, 0x3F, 0xFF, 0x20, 0x00, 0x00, 0x00, 0x03, 0xFF, 0xF2, 0x00, 0x00, 0x00, 0x00,
  0x3F, 0xFF, 0x20, 0x00, 0x00, 0x00, 0x03, 0xFF, 0xF2, 0x00, 0x00, 0x00, 0x00, 0x3F, 0xFF, 0x20, 0x00, 0x00, 0x9F, 0xFE,
  0x10, 0x00, 0x00, 0x0D, 0xFF, 0x62, 0xEF, 0xF7, 0x00, 0x00, 0x06, 0xFF, 0xD0, 0x09, 0xFF, 0xD0, 0x00, 0x00, 0xDF, 0xF6,
  0x00, 0x2E, 0xFF, 0x60, 0x00, 0x6F, 0xFC, 0x00, 0x00, 0x8F, 0xFD, 0x00, 0x0D, 0xFF, 0x50, 0x00, 0x01, 0xEF, 0xF6, 0x06,
  0xFF, 0xC0, 0x00, 0x00, 0x08, 0xFF, 0xC0, 0xDF, 0xF5, 0x00, 0x00, 0x00, 0x1E, 0xFF, 0x9F, 0xFB, 0x00, 0x00, 0x00, 0x00,
  0x7F, 0xFF, 0xFF, 0x40, 0x00, 0x00, 0x00, 0x01, 0xDF, 0xFF, 0xB0, 0x00, 0x00, 0x00, 0x00, 0x07, 0xFF, 0xF3, 0x00, 0x00,
  0x00, 0x00, 0x01, 0xCF, 0xFA, 0x00, 0x00, 0x00, 0x00, 0xDC, 0xEF, 0xFE, 0x20, 0x00, 0x00, 0x00, 0x4F, 0xFF, 0xFE, 0x50,
  0x00, 0x00, 0x00, 0x05, 0xCE, 0xEA, 0x30, 0x00, 0x00, 0x00, 0x00, 0x00, 0x00, 0x00, 0x00, 0xDF, 0xF3, 0x00, 0x00, 0x00,
  0x00, 0x00, 0x00, 0x14, 0x7E, 0xFF, 0x95, 0x30, 0x00, 0x00, 0x00, 0x04, 0xBF, 0xFF, 0xFF, 0xFF, 0xFF, 0xD6, 0x00, 0x00,
  0x08, 0xFF, 0xFF, 0xFF, 0xFF, 0xFF, 0xFF, 0xFC, 0x10, 0x05, 0xFF, 0xFD, 0x74, 0xDF, 0xF5, 0x6B, 0xFF, 0xFA, 0x00, 0xDF,
  0xFB, 0x00, 0x0D, 0xFF, 0x30, 0x07, 0xFF, 0xF3, 0x2F, 0xFF, 0x20, 0x00, 0xDF, 0xF3, 0x00, 0x0C, 0xFF, 0x75, 0xFF, 0xE0,
  0x00, 0x0D, 0xFF, 0x30, 0x00, 0xAF, 0xF9, 0x3F, 0xFF, 0x10, 0x00, 0xDF, 0xF3, 0x00, 0x0B, 0xFF, 0x80, 0xFF, 0xF7, 0x00,
  0x0D, 0xFF, 0x30, 0x02, 0xEF, 0xF5, 0x0A, 0xFF, 0xE7, 0x00, 0xDF, 0xF3, 0x04, 0xCF, 0xFE, 0x10, 0x1D, 0xFF, 0xFE, 0xBE,
  0xFF, 0xBD, 0xFF, 0xFF, 0x40, 0x00, 0x2A, 0xFF, 0xFF, 0xFF, 0xFF, 0xFF, 0xFD, 0x50, 0x00, 0x00, 0x04, 0x9B, 0xDF, 0xFF,
  0xEC, 0xA6, 0x00, 0x00, 0x00, 0x00, 0x00, 0x00, 0xDF, 0xF3, 0x00, 0x00, 0x00, 0x00, 0x00, 0x00, 0x00, 0x08, 0x99, 0x20,
  0x00, 0x00, 0x00, 0x3F, 0xFF, 0xA0, 0x00, 0x03, 0xFF, 0xFC, 0x00, 0x8F, 0xFF, 0x50, 0x00, 0xCF, 0xFE, 0x30, 0x01, 0xDF,
  0xFE, 0x10, 0x7F, 0xFF, 0x70, 0x00, 0x04, 0xFF, 0xFA, 0x2E, 0xFF, 0xC0, 0x00, 0x00, 0x09, 0xFF, 0xFD, 0xFF, 0xF3, 0x00,
  0x00, 0x00, 0x1D, 0xFF, 0xFF, 0xF8, 0x00, 0x00, 0x00, 0x00, 0x5F, 0xFF, 0xFC, 0x00, 0x00, 0x00, 0x00, 0x00, 0xDF, 0xFF,
  0x90, 0x00, 0x00, 0x00, 0x00, 0x8F, 0xFF, 0xFF, 0x40, 0x00, 0x00, 0x00, 0x3F, 0xFF, 0xFF, 0xFD, 0x10, 0x00, 0x00, 0x0C,
  0xFF, 0xE8, 0xFF, 0xF9, 0x00, 0x00, 0x08, 0xFF, 0xF6, 0x0C, 0xFF, 0xF4, 0x00, 0x03, 0xFF, 0xFA, 0x00, 0x3E, 0xFF, 0xD0,
  0x00, 0xCF, 0xFE, 0x20, 0x00, 0x7F, 0xFF, 0x80, 0x8F, 0xFF, 0x60, 0x00, 0x00, 0xCF, 0xFF, 0x30, 0x04, 0xFF, 0xF1, 0x00,
  0x00, 0x0A, 0xFF, 0xA0, 0x00, 0x4F, 0xFF, 0x10, 0x00, 0x00, 0xAF, 0xFA, 0x00, 0x04, 0xFF, 0xF1, 0x00, 0x00, 0x0A, 0xFF,
  0xA0, 0x00, 0x4F, 0xFF, 0x10, 0x00, 0x00, 0xAF, 0xFA, 0x00, 0x04, 0xFF, 0xF1, 0x00, 0x00, 0x0A, 0xFF, 0xA0, 0x00, 0x4F,
  0xFF, 0x10, 0x00, 0x00, 0xAF, 0xFA, 0x00, 0x04, 0xFF, 0xF1, 0x00, 0x00, 0x0A, 0xFF, 0xA0, 0x00, 0x4F, 0xFF, 0x10, 0x00,
  0x00, 0xAF, 0xFA, 0x00, 0x04, 0xFF, 0xF1, 0x00, 0x00, 0x0A, 0xFF, 0xA0, 0x00, 0x4F, 0xFF, 0x10, 0x00, 0x00, 0xAF, 0xFA,
  0x00, 0x04, 0xFF, 0xF1, 0x00, 0x00, 0x0A, 0xFF, 0xA0, 0x00, 0x4F, 0xFF, 0x10, 0x00, 0x00, 0xAF, 0xFA, 0x00, 0x04, 0xFF,
  0xFB, 0xBB, 0xBB, 0xBD, 0xFF, 0xEB, 0x80, 0x4F, 0xFF, 0xFF, 0xFF, 0xFF, 0xFF, 0xFF, 0xFB, 0x04, 0xFF, 0xFF, 0xFF, 0xFF,
  0xFF, 0xFF, 0xFF, 0xB0, 0x00, 0x00, 0x00, 0x00, 0x00, 0x00, 0x6F, 0xFB, 0x00, 0x00, 0x00, 0x00, 0x00, 0x00, 0x06, 0xFF,
  0xB0, 0x00, 0x00, 0x00, 0x00, 0x00, 0x00, 0x6F, 0xFB, 0x00, 0x00, 0x00, 0x00, 0x00, 0x00, 0x00, 0x00, 0x00, 0x3F, 0xFF,
  0x20, 0x00, 0x00, 0xCF, 0xF8, 0x03, 0xFF, 0xF2, 0x00, 0x00, 0x0C, 0xFF, 0x80, 0x3F, 0xFF, 0x20, 0x00, 0x00, 0xCF, 0xF8,
  0x03, 0xFF, 0xF2, 0x00, 0x00, 0x0C, 0xFF, 0x80, 0x3F, 0xFF, 0x30, 0x00, 0x00, 0xCF, 0xF8, 0x01, 0xFF, 0xF6, 0x00, 0x00,
  0x0C, 0xFF, 0x80, 0x0D, 0xFF, 0xD3, 0x00, 0x03, 0xDF, 0xF8, 0x00, 0x7F, 0xFF, 0xFD, 0xCE, 0xFF, 0xFF, 0x80, 0x00, 0xAF,
  0xFF, 0xFF, 0xFF, 0xFF, 0xF8, 0x00, 0x00, 0x5B, 0xDE, 0xEC, 0x9D, 0xFF, 0x80, 0x00, 0x00, 0x00, 0x00, 0x00, 0xCF, 0xF8,
  0x00, 0x00, 0x00, 0x00, 0x00, 0x0C, 0xFF, 0x80, 0x00, 0x00, 0x00, 0x00, 0x00, 0xCF, 0xF8, 0x00, 0x00, 0x00, 0x00, 0x00,
  0x0C, 0xFF, 0x80, 0x00, 0x00, 0x00, 0x00, 0x00, 0xCF, 0xF8, 0x00, 0x04, 0xFF, 0xF1, 0x00, 0x08, 0xFF, 0xD0, 0x00, 0x0B,
  0xFF, 0x90, 0x04, 0xFF, 0xF1, 0x00, 0x08, 0xFF, 0xD0, 0x00, 0x0B, 0xFF, 0x90, 0x04, 0xFF, 0xF1, 0x00, 0x08, 0xFF, 0xD0,
  0x00, 0x0B, 0xFF, 0x90, 0x04, 0xFF, 0xF1, 0x00, 0x08, 0xFF, 0xD0, 0x00, 0x0B, 0xFF, 0x90, 0x04, 0xFF, 0xF1, 0x00, 0x08,
  0xFF, 0xD0, 0x00, 0x0B, 0xFF, 0x90, 0x04, 0xFF, 0xF1, 0x00, 0x08, 0xFF, 0xD0, 0x00, 0x0B, 0xFF, 0x90, 0x04, 0xFF, 0xF1,
  0x00, 0x08, 0xFF, 0xD0, 0x00, 0x0B, 0xFF, 0x90, 0x04, 0xFF, 0xF1, 0x00, 0x08, 0xFF, 0xD0, 0x00, 0x0B, 0xFF, 0x90, 0x04,
  0xFF, 0xF1, 0x00, 0x08, 0xFF, 0xD0, 0x00, 0x0B, 0xFF, 0x90, 0x04, 0xFF, 0xF1, 0x00, 0x08, 0xFF, 0xD0, 0x00, 0x0B, 0xFF,
  0x90, 0x04, 0xFF, 0xF1, 0x00, 0x08, 0xFF, 0xD0, 0x00, 0x0B, 0xFF, 0x90, 0x04, 0xFF, 0xF1, 0x00, 0x08, 0xFF, 0xD0, 0x00,
  0x0B, 0xFF, 0x90, 0x04, 0xFF, 0xFB, 0xBB, 0xBD, 0xFF, 0xEB, 0xBB, 0xBE, 0xFF, 0x90, 0x04, 0xFF, 0xFF, 0xFF, 0xFF, 0xFF,
  0xFF, 0xFF, 0xFF, 0xFF, 0x90, 0x04, 0xFF, 0xFF, 0xFF, 0xFF, 0xFF, 0xFF, 0xFF, 0xFF, 0xFF, 0x90, 0x04, 0xFF, 0xF1, 0x00,
  0x08, 0xFF, 0xD0, 0x00, 0x0B, 0xFF, 0x90, 0x00, 0x4F, 0xFF, 0x10, 0x00, 0x8F, 0xFD, 0x00, 0x00, 0xBF, 0xF9, 0x00, 0x04,
  0xFF, 0xF1, 0x00, 0x08, 0xFF, 0xD0, 0x00, 0x0B, 0xFF, 0x90, 0x00, 0x4F, 0xFF, 0x10, 0x00, 0x8F, 0xFD, 0x00, 0x00, 0xBF,
  0xF9, 0x00, 0x04, 0xFF, 0xF1, 0x00, 0x08, 0xFF, 0xD0, 0x00, 0x0B, 0xFF, 0x90, 0x00, 0x4F, 0xFF, 0x10, 0x00, 0x8F, 0xFD,
  0x00, 0x00, 0xBF, 0xF9, 0x00, 0x04, 0xFF, 0xF1, 0x00, 0x08, 0xFF, 0xD0, 0x00, 0x0B, 0xFF, 0x90, 0x00, 0x4F, 0xFF, 0x10,
  0x00, 0x8F, 0xFD, 0x00, 0x00, 0xBF, 0xF9, 0x00, 0x04, 0xFF, 0xF1, 0x00, 0x08, 0xFF, 0xD0, 0x00, 0x0B, 0xFF, 0x90, 0x00,
  0x4F, 0xFF, 0x10, 0x00, 0x8F, 0xFD, 0x00, 0x00, 0xBF, 0xF9, 0x00, 0x04, 0xFF, 0xF1, 0x00, 0x08, 0xFF, 0xD0, 0x00, 0x0B,
  0xFF, 0x90, 0x00, 0x4F, 0xFF, 0x10, 0x00, 0x8F, 0xFD, 0x00, 0x00, 0xBF, 0xF9, 0x00, 0x04, 0xFF, 0xFB, 0xBB, 0xBD, 0xFF,
  0xEB, 0xBB, 0xBE, 0xFF, 0xDB, 0x60, 0x4F, 0xFF, 0xFF, 0xFF, 0xFF, 0xFF, 0xFF, 0xFF, 0xFF, 0xFF, 0xF8, 0x04, 0xFF, 0xFF,
  0xFF, 0xFF, 0xFF, 0xFF, 0xFF, 0xFF, 0xFF, 0xFF, 0x80, 0x00, 0x00, 0x00, 0x00, 0x00, 0x00, 0x00, 0x00, 0x00, 0x9F, 0xF8,
  0x00, 0x00, 0x00, 0x00, 0x00, 0x00, 0x00, 0x00, 0x00, 0x09, 0xFF, 0x80, 0x00, 0x00, 0x00, 0x00, 0x00, 0x00, 0x00, 0x00,
  0x00, 0x9E, 0xE8, 0xBF, 0xFF, 0xFF, 0xF9, 0x00, 0x00, 0x00, 0x00, 0x0B, 0xFF, 0xFF, 0xFF, 0x90, 0x00, 0x00, 0x00, 0x00,
  0x8B, 0xBB, 0xEF, 0xF9, 0x00, 0x00, 0x00, 0x00, 0x00, 0x00, 0x0B, 0xFF, 0x90, 0x00, 0x00, 0x00, 0x00, 0x00, 0x00, 0xBF,
  0xF9, 0x00, 0x00, 0x00, 0x00, 0x00, 0x00, 0x0B, 0xFF, 0xFF, 0xFF, 0xED, 0xA3, 0x00, 0x00, 0x00, 0xBF, 0xFF, 0xFF, 0xFF,
  0xFF, 0xF6, 0x00, 0x00, 0x0B, 0xFF, 0xC8, 0x88, 0xAE, 0xFF, 0xE2, 0x00, 0x00, 0xBF, 0xF9, 0x00, 0x00, 0x3F, 0xFF, 0x60,
  0x00, 0x0B, 0xFF, 0x90, 0x00, 0x00, 0xDF, 0xF8, 0x00, 0x00, 0xBF, 0xF9, 0x00, 0x00, 0x0D, 0xFF, 0x70, 0x00, 0x0B, 0xFF,
  0x90, 0x00, 0x05, 0xFF, 0xF5, 0x00, 0x00, 0xBF, 0xFC, 0x77, 0x8A, 0xFF, 0xFD, 0x10, 0x00, 0x0B, 0xFF, 0xFF, 0xFF, 0xFF,
  0xFE, 0x40, 0x00, 0x00, 0xBF, 0xFF, 0xFF, 0xFE, 0xC8, 0x10, 0x00, 0x04, 0xFF, 0xF1, 0x00, 0x00, 0x00, 0x00, 0x03, 0xFF,
  0xF3, 0x00, 0x4F, 0xFF, 0x10, 0x00, 0x00, 0x00, 0x00, 0x3F, 0xFF, 0x30, 0x04, 0xFF, 0xF1, 0x00, 0x00, 0x00, 0x00, 0x03,
  0xFF, 0xF3, 0x00, 0x4F, 0xFF, 0x10, 0x00, 0x00, 0x00, 0x00, 0x3F, 0xFF, 0x30, 0x04, 0xFF, 0xF1, 0x00, 0x00, 0x00, 0x00,
  0x03, 0xFF, 0xF3, 0x00, 0x4F, 0xFF, 0xFF, 0xFF, 0xEC, 0x71, 0x00, 0x3F, 0xFF, 0x30, 0x04, 0xFF, 0xFF, 0xFF, 0xFF, 0xFF,
  0xD1, 0x03, 0xFF, 0xF3, 0x00, 0x4F, 0xFF, 0x88, 0x89, 0xCF, 0xFF, 0x90, 0x3F, 0xFF, 0x30, 0x04, 0xFF, 0xF1, 0x00, 0x00,
  0xBF, 0xFD, 0x03, 0xFF, 0xF3, 0x00, 0x4F, 0xFF, 0x10, 0x00, 0x06, 0xFF, 0xF0, 0x3F, 0xFF, 0x30, 0x04, 0xFF, 0xF1, 0x00,
  0x00, 0x6F, 0xFE, 0x03, 0xFF, 0xF3, 0x00, 0x4F, 0xFF, 0x10, 0x00, 0x0C, 0xFF, 0xC0, 0x3F, 0xFF, 0x30, 0x04, 0xFF, 0xF8,
  0x77, 0x8D, 0xFF, 0xF6, 0x03, 0xFF, 0xF3, 0x00, 0x4F, 0xFF, 0xFF, 0xFF, 0xFF, 0xFA, 0x00, 0x3F, 0xFF, 0x30, 0x04, 0xFF,
  0xFF, 0xFF, 0xED, 0xB4, 0x00, 0x03, 0xFF, 0xF3, 0x00, 0x04, 0xFF, 0xF1, 0x00, 0x00, 0x00, 0x00, 0x00, 0x4F, 0xFF, 0x10,
  0x00, 0x00, 0x00, 0x00, 0x04, 0xFF, 0xF1, 0x00, 0x00, 0x00, 0x00, 0x00, 0x4F, 0xFF, 0x10, 0x00, 0x00, 0x00, 0x00, 0x04,
  0xFF, 0xF1, 0x00, 0x00, 0x00, 0x00, 0x00, 0x4F, 0xFF, 0xFF, 0xFF, 0xEC, 0x71, 0x00, 0x04, 0xFF, 0xFF, 0xFF, 0xFF, 0xFF,
  0xD1, 0x00, 0x4F, 0xFF, 0x88, 0x89, 0xCF, 0xFF, 0x90, 0x04, 0xFF, 0xF1, 0x00, 0x00, 0xBF, 0xFD, 0x00, 0x4F, 0xFF, 0x10,
  0x00, 0x06, 0xFF, 0xF0, 0x04, 0xFF, 0xF1, 0x00, 0x00, 0x6F, 0xFE, 0x00, 0x4F, 0xFF, 0x10, 0x00, 0x0C, 0xFF, 0xC0, 0x04,
  0xFF, 0xF8, 0x77, 0x8D, 0xFF, 0xF6, 0x00, 0x4F, 0xFF, 0xFF, 0xFF, 0xFF, 0xFA, 0x00, 0x04, 0xFF, 0xFF, 0xFF, 0xED, 0xB4,
  0x00, 0x00, 0x00, 0x39, 0xCE, 0xFE, 0xB5, 0x00, 0x00, 0x00, 0x8F, 0xFF, 0xFF, 0xFF, 0xFA, 0x20, 0x00, 0x6F, 0xFF, 0xFE,
  0xDF, 0xFF, 0xFD, 0x10, 0x00, 0xAF, 0xB3, 0x00, 0x29, 0xFF, 0xF9, 0x00, 0x00, 0x50, 0x00, 0x00, 0x09, 0xFF, 0xF3, 0x00,
  0x00, 0x00, 0x00, 0x00, 0x1E, 0xFF, 0x80, 0x00, 0x00, 0x9F, 0xFF, 0xFF, 0xFF, 0xFA, 0x00, 0x00, 0x09, 0xFF, 0xFF, 0xFF,
  0xFF, 0xB0, 0x00, 0x00, 0x59, 0x99, 0x99, 0xEF, 0xFA, 0x00, 0x00, 0x00, 0x00, 0x00, 0x2F, 0xFF, 0x70, 0x00, 0x71, 0x00,
  0x00, 0x0A, 0xFF, 0xF2, 0x00, 0xAF, 0xC3, 0x00, 0x2A, 0xFF, 0xF8, 0x00, 0x6F, 0xFF, 0xFE, 0xDF, 0xFF, 0xFD, 0x10, 0x00,
  0x8F, 0xFF, 0xFF, 0xFF, 0xFA, 0x10, 0x00, 0x00, 0x39, 0xDE, 0xFE, 0xB5, 0x00, 0x00, 0x00, 0x04, 0xFF, 0xF1, 0x00, 0x00,
  0x18, 0xBD, 0xFE, 0xB5, 0x00, 0x00, 0x00, 0x4F, 0xFF, 0x10, 0x00, 0x6E, 0xFF, 0xFF, 0xFF, 0xFB, 0x20, 0x00, 0x04, 0xFF,
  0xF1, 0x00, 0x5F, 0xFF, 0xFF, 0xDF, 0xFF, 0xFE, 0x20, 0x00, 0x4F, 0xFF, 0x10, 0x2E, 0xFF, 0xE6, 0x10, 0x19, 0xFF, 0xFA,
  0x00, 0x04, 0xFF, 0xF1, 0x08, 0xFF, 0xF3, 0x00, 0x00, 0x08, 0xFF, 0xF5, 0x00, 0x4F, 0xFF, 0x10, 0xDF, 0xF9, 0x00, 0x00,
  0x00, 0x1E, 0xFF, 0x90, 0x04, 0xFF, 0xFF, 0xFF, 0xFF, 0x60, 0x00, 0x00, 0x00, 0xBF, 0xFC, 0x00, 0x4F, 0xFF, 0xFF, 0xFF,
  0xF3, 0x00, 0x00, 0x00, 0x09, 0xFF, 0xD0, 0x04, 0xFF, 0xFD, 0xDF, 0xFF, 0x50, 0x00, 0x00, 0x00, 0xAF, 0xFC, 0x00, 0x4F,
  0xFF, 0x10, 0xDF, 0xF9, 0x00, 0x00, 0x00, 0x0D, 0xFF, 0xA0, 0x04, 0xFF, 0xF1, 0x09, 0xFF, 0xF3, 0x00, 0x00, 0x08, 0xFF,
  0xF5, 0x00, 0x4F, 0xFF, 0x10, 0x3E, 0xFF, 0xE5, 0x00, 0x18, 0xFF, 0xFA, 0x00, 0x04, 0xFF, 0xF1, 0x00, 0x5F, 0xFF, 0xFE,
  0xDF, 0xFF, 0xFE, 0x20, 0x00, 0x4F, 0xFF, 0x10, 0x00, 0x6E, 0xFF, 0xFF, 0xFF, 0xFB, 0x20, 0x00, 0x04, 0xFF, 0xF1, 0x00,
  0x00, 0x18, 0xBD, 0xFE, 0xB6, 0x00, 0x00, 0x00, 0x00, 0x03, 0xAC, 0xEF, 0xFF, 0xFF, 0xF3, 0x00, 0x08, 0xFF, 0xFF, 0xFF,
  0xFF, 0xFF, 0x30, 0x05, 0xFF, 0xFF, 0xCB, 0xBB, 0xFF, 0xF3, 0x00, 0xCF, 0xFD, 0x20, 0x00, 0x3F, 0xFF, 0x30, 0x0E, 0xFF,
  0x60, 0x00, 0x03, 0xFF, 0xF3, 0x02, 0xFF, 0xF4, 0x00, 0x00, 0x3F, 0xFF, 0x30, 0x1F, 0xFF, 0x60, 0x00, 0x03, 0xFF, 0xF3,
  0x00, 0xDF, 0xFC, 0x10, 0x00, 0x3F, 0xFF, 0x30, 0x07, 0xFF, 0xFE, 0xBA, 0xAA, 0xFF, 0xF3, 0x00, 0x0A, 0xFF, 0xFF, 0xFF,
  0xFF, 0xFF, 0x30, 0x00, 0x08, 0xFF, 0xFF, 0xFF, 0xFF, 0xF3, 0x00, 0x00, 0xCF, 0xF9, 0x00, 0x3F, 0xFF, 0x30, 0x00, 0x8F,
  0xFD, 0x10, 0x03, 0xFF, 0xF3, 0x00, 0x3F, 0xFF, 0x50, 0x00, 0x3F, 0xFF, 0x30, 0x0C, 0xFF, 0xA0, 0x00, 0x03, 0xFF, 0xF3,
  0x00, 0x00, 0x6B, 0xDE, 0xEC, 0x81, 0x00, 0x0B, 0xFF, 0xFF, 0xFF, 0xFD, 0x10, 0x05, 0xFD, 0xA9, 0xBF, 0xFF, 0xA0, 0x00,
  0x30, 0x00, 0x06, 0xFF, 0xD0, 0x00, 0x5A, 0xCD, 0xDD, 0xFF, 0xF1, 0x09, 0xFF, 0xFF, 0xFF, 0xFF, 0xF1, 0x3F, 0xFF, 0x51,
  0x03, 0xFF, 0xF1, 0x6F, 0xFD, 0x00, 0x06, 0xFF, 0xF1, 0x3F, 0xFF, 0x84, 0x7E, 0xFF, 0xF1, 0x0B, 0xFF, 0xFF, 0xFD, 0xFF,
  0xF1, 0x01, 0x8D, 0xED, 0xA2, 0xEF, 0xF1, 0x00, 0x00, 0x00, 0x00, 0x00, 0x01, 0x00, 0x00, 0x00, 0x00, 0x14, 0x7A, 0xDF,
  0x20, 0x00, 0x00, 0x5A, 0xEF, 0xFF, 0xFF, 0x40, 0x00, 0x09, 0xFF, 0xFF, 0xFF, 0xFC, 0x40, 0x00, 0x9F, 0xFF, 0xEA, 0x73,
  0x00, 0x00, 0x03, 0xFF, 0xF7, 0x00, 0x00, 0x00, 0x00, 0x0A, 0xFF, 0x81, 0x47, 0x63, 0x00, 0x00, 0x0D, 0xFF, 0x6D, 0xFF,
  0xFF, 0xC3, 0x00, 0x0E, 0xFF, 0xFF, 0xFF, 0xFF, 0xFE, 0x20, 0x1F, 0xFF, 0xF8, 0x22, 0x7F, 0xFF, 0x90, 0x0F, 0xFF, 0xA0,
  0x00, 0x08, 0xFF, 0xD0, 0x0D, 0xFF, 0x70, 0x00, 0x05, 0xFF, 0xF0, 0x0B, 0xFF, 0x80, 0x00, 0x06, 0xFF, 0xD0, 0x06, 0xFF,
  0xE2, 0x00, 0x1C, 0xFF, 0xB0, 0x00, 0xCF, 0xFE, 0x99, 0xDF, 0xFF, 0x30, 0x00, 0x3D, 0xFF, 0xFF, 0xFF, 0xE6, 0x00, 0x00,
  0x01, 0x8B, 0xEE, 0xC9, 0x20, 0x00, 0x08, 0xFF, 0xFF, 0xFE, 0xDA, 0x30, 0x00, 0x8F, 0xFF, 0xFF, 0xFF, 0xFE, 0x20, 0x08,
  0xFF, 0x93, 0x35, 0xDF, 0xF7, 0x00, 0x8F, 0xF7, 0x00, 0x1B, 0xFF, 0x40, 0x08, 0xFF, 0xED, 0xDF, 0xFF, 0x70, 0x00, 0x8F,
  0xFF, 0xFF, 0xFF, 0xFB, 0x20, 0x08, 0xFF, 0x70, 0x02, 0xAF, 0xF8, 0x00, 0x8F, 0xF7, 0x00, 0x05, 0xFF, 0xC0, 0x08, 0xFF,
  0x83, 0x35, 0xBF, 0xFB, 0x00, 0x8F, 0xFF, 0xFF, 0xFF, 0xFF, 0x50, 0x08, 0xFF, 0xFF, 0xFF, 0xDB, 0x40, 0x00, 0x08, 0xFF,
  0xFF, 0xFF, 0xFF, 0x50, 0x8F, 0xFF, 0xFF, 0xFF, 0xF5, 0x08, 0xFF, 0xDA, 0xAA, 0xAA, 0x30, 0x8F, 0xFB, 0x00, 0x00, 0x00,
  0x08, 0xFF, 0xB0, 0x00, 0x00, 0x00, 0x8F, 0xFB, 0x00, 0x00, 0x00, 0x08, 0xFF, 0xB0, 0x00, 0x00, 0x00, 0x8F, 0xFB, 0x00,
  0x00, 0x00, 0x08, 0xFF, 0xB0, 0x00, 0x00, 0x00, 0x8F, 0xFB, 0x00, 0x00, 0x00, 0x08, 0xFF, 0xB0, 0x00, 0x00, 0x00, 0x00,
  0x6F, 0xFF, 0xFF, 0xFF, 0xFF, 0x40, 0x00, 0x7F, 0xFF, 0xFF, 0xFF, 0xFF, 0x40, 0x00, 0x7F, 0xFC, 0xAA, 0xAF, 0xFF, 0x40,
  0x00, 0x8F, 0xF7, 0x00, 0x0E, 0xFF, 0x40, 0x00, 0x9F, 0xF6, 0x00, 0x0E, 0xFF, 0x40, 0x00, 0xAF, 0xF5, 0x00, 0x0E, 0xFF,
  0x40, 0x00, 0xCF, 0xF3, 0x00, 0x0E, 0xFF, 0x40, 0x03, 0xFF, 0xE0, 0x00, 0x0E, 0xFF, 0x40, 0x8E, 0xFF, 0xDA, 0xAA, 0xAF,
  0xFF, 0xB8, 0xCF, 0xFF, 0xFF, 0xFF, 0xFF, 0xFF, 0xFC, 0xCF, 0xFF, 0xFF, 0xFF, 0xFF, 0xFF, 0xFC, 0xCF, 0xF3, 0x00, 0x00,
  0x00, 0x3F, 0xFC, 0xCF, 0xF3, 0x00, 0x00, 0x00, 0x3F, 0xFC, 0x00, 0x04, 0xAD, 0xED, 0xA3, 0x00, 0x00, 0x09, 0xFF, 0xFF,
  0xFF, 0xF8, 0x00, 0x07, 0xFF, 0xEB, 0x8B, 0xEF, 0xF5, 0x01, 0xFF, 0xF3, 0x00, 0x04, 0xFF, 0xC0, 0x4F, 0xFF, 0xDD, 0xDD,
  0xDF, 0xFF, 0x15, 0xFF, 0xFF, 0xFF, 0xFF, 0xFF, 0xF3, 0x3F, 0xFE, 0x10, 0x00, 0x00, 0x00, 0x00, 0xDF, 0xFA, 0x00, 0x01,
  0x81, 0x00, 0x05, 0xFF, 0xFD, 0xAA, 0xDF, 0xB0, 0x00, 0x07, 0xFF, 0xFF, 0xFF, 0xFD, 0x20, 0x00, 0x03, 0xAC, 0xEE, 0xB8,
  0x10, 0x00, 0x6F, 0xFE, 0x10, 0x05, 0xFF, 0xD0, 0x00, 0x8F, 0xFD, 0x10, 0xCF, 0xF9, 0x00, 0x5F, 0xFD, 0x00, 0x2E, 0xFF,
  0x50, 0x04, 0xFF, 0xF2, 0x05, 0xFF, 0xD0, 0x09, 0xFF, 0xB0, 0x00, 0x0A, 0xFF, 0xA0, 0x5F, 0xFD, 0x03, 0xFF, 0xF3, 0x00,
  0x00, 0x2E, 0xFF, 0x9B, 0xFF, 0xE9, 0xCF, 0xF9, 0x00, 0x00, 0x00, 0xAF, 0xFF, 0xFF, 0xFF, 0xFF, 0xFF, 0x30, 0x00, 0x00,
  0x3E, 0xFF, 0xFF, 0xFF, 0xFF, 0xFF, 0xFA, 0x00, 0x00, 0x0B, 0xFF, 0xD1, 0x5F, 0xFD, 0x06, 0xFF, 0xF4, 0x00, 0x06, 0xFF,
  0xF5, 0x05, 0xFF, 0xD0, 0x0C, 0xFF, 0xD1, 0x01, 0xEF, 0xFB, 0x00, 0x5F, 0xFD, 0x00, 0x4F, 0xFF, 0x80, 0x9F, 0xFF, 0x30,
  0x05, 0xFF, 0xD0, 0x00, 0xAF, 0xFF, 0x30, 0x04, 0x9C, 0xEF, 0xDB, 0x60, 0x02, 0xFF, 0xFF, 0xFF, 0xFF, 0xB0, 0x0A, 0xCA,
  0x88, 0xBF, 0xFF, 0x40, 0x00, 0x00, 0x03, 0xEF, 0xF3, 0x00, 0x09, 0xFF, 0xFF, 0xE5, 0x00, 0x00, 0x9F, 0xFF, 0xFF, 0x91,
  0x00, 0x00, 0x00, 0x4D, 0xFF, 0x80, 0x30, 0x00, 0x00, 0xBF, 0xFA, 0x2F, 0xDA, 0x89, 0xCF, 0xFF, 0x78, 0xFF, 0xFF, 0xFF,
  0xFF, 0xB1, 0x16, 0xBD, 0xEF, 0xDB, 0x60, 0x00, 0x08, 0xFF, 0xB0, 0x00, 0x07, 0xFF, 0xE0, 0x08, 0xFF, 0xB0, 0x00, 0x4F,
  0xFF, 0xE0, 0x08, 0xFF, 0xB0, 0x02, 0xEF, 0xFF, 0xE0, 0x08, 0xFF, 0xB0, 0x1D, 0xFF, 0xFF, 0xE0, 0x08, 0xFF, 0xB0, 0xBF,
  0xFE, 0xFF, 0xE0, 0x08, 0xFF, 0xB8, 0xFF, 0xD6, 0xFF, 0xE0, 0x08, 0xFF, 0xEF, 0xFE, 0x35, 0xFF, 0xE0, 0x08, 0xFF, 0xFF,
  0xF5, 0x05, 0xFF, 0xE0, 0x08, 0xFF, 0xFF, 0x80, 0x05, 0xFF, 0xE0, 0x08, 0xFF, 0xFB, 0x00, 0x05, 0xFF, 0xE0, 0x08, 0xFF,
  0xD1, 0x00, 0x05, 0xFF, 0xE0, 0x00, 0x08, 0xFB, 0x00, 0xBF, 0x90, 0x00, 0x00, 0x05, 0xFF, 0xBD, 0xFF, 0x50, 0x00, 0x00,
  0x00, 0x7E, 0xFF, 0xE8, 0x00, 0x00, 0x00, 0x00, 0x00, 0x22, 0x00, 0x00, 0x00, 0x08, 0xFF, 0xB0, 0x00, 0x07, 0xFF, 0xE0,
  0x08, 0xFF, 0xB0, 0x00, 0x4F, 0xFF, 0xE0, 0x08, 0xFF, 0xB0, 0x02, 0xEF, 0xFF, 0xE0, 0x08, 0xFF, 0xB0, 0x1D, 0xFF, 0xFF,
  0xE0, 0x08, 0xFF, 0xB0, 0xBF, 0xFE, 0xFF, 0xE0, 0x08, 0xFF, 0xB8, 0xFF, 0xD6, 0xFF, 0xE0, 0x08, 0xFF, 0xEF, 0xFE, 0x35,
  0xFF, 0xE0, 0x08, 0xFF, 0xFF, 0xF5, 0x05, 0xFF, 0xE0, 0x08, 0xFF, 0xFF, 0x80, 0x05, 0xFF, 0xE0, 0x08, 0xFF, 0xFB, 0x00,
  0x05, 0xFF, 0xE0, 0x08, 0xFF, 0xD1, 0x00, 0x05, 0xFF, 0xE0, 0x08, 0xFF, 0xB0, 0x00, 0x1E, 0xFF, 0x70, 0x08, 0xFF, 0xB0,
  0x00, 0xAF, 0xFB, 0x00, 0x08, 0xFF, 0xB0, 0x05, 0xFF, 0xE2, 0x00, 0x08, 0xFF, 0xB0, 0x1E, 0xFF, 0x50, 0x00, 0x08, 0xFF,
  0xD9, 0xCF, 0xFA, 0x00, 0x00, 0x08, 0xFF, 0xFF, 0xFF, 0xF2, 0x00, 0x00, 0x08, 0xFF, 0xFF, 0xFF, 0xFB, 0x00, 0x00, 0x08,
  0xFF, 0xB0, 0x5F, 0xFF, 0x70, 0x00, 0x08, 0xFF, 0xB0, 0x09, 0xFF, 0xF4, 0x00, 0x08, 0xFF, 0xB0, 0x01, 0xDF, 0xFD, 0x10,
  0x08, 0xFF, 0xB0, 0x00, 0x3E, 0xFF, 0xA0, 0x00, 0x6F, 0xFF, 0xFF, 0xFF, 0xFF, 0x00, 0x00, 0x7F, 0xFF, 0xFF, 0xFF, 0xFF,
  0x00, 0x00, 0x7F, 0xFC, 0xAA, 0xBF, 0xFF, 0x00, 0x00, 0x8F, 0xF6, 0x00, 0x3F, 0xFF, 0x00, 0x00, 0x8F, 0xF5, 0x00, 0x3F,
  0xFF, 0x00, 0x00, 0xAF, 0xF4, 0x00, 0x3F, 0xFF, 0x00, 0x00, 0xCF, 0xF2, 0x00, 0x3F, 0xFF, 0x00, 0x03, 0xFF, 0xE0, 0x00,
  0x3F, 0xFF, 0x00, 0xAF, 0xFF, 0xB0, 0x00, 0x3F, 0xFF, 0x00, 0xCF, 0xFF, 0x40, 0x00, 0x3F, 0xFF, 0x00, 0xBE, 0xC6, 0x00,
  0x00, 0x3F, 0xFF, 0x00, 0x08, 0xFF, 0xF3, 0x00, 0x00, 0x05, 0xFF, 0xF0, 0x00, 0x8F, 0xFF, 0xA0, 0x00, 0x00, 0xDF, 0xFF,
  0x10, 0x08, 0xFF, 0xFF, 0x40, 0x00, 0x7F, 0xFF, 0xF1, 0x00, 0x8F, 0xFF, 0xFC, 0x00, 0x2E, 0xFF, 0xFF, 0x10, 0x08, 0xFF,
  0xEF, 0xF5, 0x0A, 0xFF, 0xEF, 0xF1, 0x00, 0x8F, 0xF8, 0xEF, 0xD4, 0xFF, 0x9C, 0xFF, 0x10, 0x08, 0xFF, 0x77, 0xFF, 0xEF,
  0xE1, 0xCF, 0xF1, 0x00, 0x8F, 0xF7, 0x0D, 0xFF, 0xF6, 0x0C, 0xFF, 0x10, 0x08, 0xFF, 0x70, 0x5F, 0xFC, 0x00, 0xCF, 0xF1,
  0x00, 0x8F, 0xF7, 0x00, 0xAE, 0x40, 0x0C, 0xFF, 0x10, 0x08, 0xFF, 0x70, 0x00, 0x00, 0x00, 0xCF, 0xF1, 0x00, 0x08, 0xFF,
  0xB0, 0x00, 0x09, 0xFF, 0xA0, 0x08, 0xFF, 0xB0, 0x00, 0x09, 0xFF, 0xA0, 0x08, 0xFF, 0xB0, 0x00, 0x09, 0xFF, 0xA0, 0x08,
  0xFF, 0xB0, 0x00, 0x09, 0xFF, 0xA0, 0x08, 0xFF, 0xD9, 0x99, 0x9D, 0xFF, 0xA0, 0x08, 0xFF, 0xFF, 0xFF, 0xFF, 0xFF, 0xA0,
  0x08, 0xFF, 0xFF, 0xFF, 0xFF, 0xFF, 0xA0, 0x08, 0xFF, 0xB0, 0x00, 0x09, 0xFF, 0xA0, 0x08, 0xFF, 0xB0, 0x00, 0x09, 0xFF,
  0xA0, 0x08, 0xFF, 0xB0, 0x00, 0x09, 0xFF, 0xA0, 0x08, 0xFF, 0xB0, 0x00, 0x09, 0xFF, 0xA0, 0x00, 0x03, 0xAC, 0xED, 0xB5,
  0x00, 0x00, 0x08, 0xFF, 0xFF, 0xFF, 0xFB, 0x10, 0x06, 0xFF, 0xFD, 0xBC, 0xFF, 0xFA, 0x00, 0xEF, 0xFA, 0x00, 0x06, 0xFF,
  0xF4, 0x3F, 0xFF, 0x10, 0x00, 0x0C, 0xFF, 0x76, 0xFF, 0xE0, 0x00, 0x00, 0xAF, 0xFA, 0x3F, 0xFF, 0x10, 0x00, 0x0C, 0xFF,
  0x70, 0xEF, 0xFA, 0x00, 0x06, 0xFF, 0xF4, 0x06, 0xFF, 0xFD, 0xAC, 0xFF, 0xFA, 0x00, 0x08, 0xFF, 0xFF, 0xFF, 0xFB, 0x10,
  0x00, 0x03, 0xAD, 0xED, 0xB6, 0x00, 0x00, 0x08, 0xFF, 0xFF, 0xFF, 0xFF, 0xFF, 0x70, 0x08, 0xFF, 0xFF, 0xFF, 0xFF, 0xFF,
  0x70, 0x08, 0xFF, 0xDA, 0xAA, 0xAE, 0xFF, 0x70, 0x08, 0xFF, 0xB0, 0x00, 0x0C, 0xFF, 0x70, 0x08, 0xFF, 0xB0, 0x00, 0x0C,
  0xFF, 0x70, 0x08, 0xFF, 0xB0, 0x00, 0x0C, 0xFF, 0x70, 0x08, 0xFF, 0xB0, 0x00, 0x0C, 0xFF, 0x70, 0x08, 0xFF, 0xB0, 0x00,
  0x0C, 0xFF, 0x70, 0x08, 0xFF, 0xB0, 0x00, 0x0C, 0xFF, 0x70, 0x08, 0xFF, 0xB0, 0x00, 0x0C, 0xFF, 0x70, 0x08, 0xFF, 0xB0,
  0x00, 0x0C, 0xFF, 0x70, 0x08, 0xFF, 0x95, 0xCE, 0xEB, 0x60, 0x00, 0x08, 0xFF, 0xDF, 0xFF, 0xFF, 0xFB, 0x10, 0x08, 0xFF,
  0xFF, 0xCB, 0xDF, 0xFF, 0x90, 0x08, 0xFF, 0xF7, 0x00, 0x09, 0xFF, 0xF1, 0x08, 0xFF, 0xD0, 0x00, 0x01, 0xFF, 0xF5, 0x08,
  0xFF, 0xB0, 0x00, 0x00, 0xDF, 0xF6, 0x08, 0xFF, 0xD0, 0x00, 0x01, 0xFF, 0xF4, 0x08, 0xFF, 0xF7, 0x00, 0x09, 0xFF, 0xF1,
  0x08, 0xFF, 0xFF, 0xCA, 0xDF, 0xFF, 0x80, 0x08, 0xFF, 0xEF, 0xFF, 0xFF, 0xFB, 0x00, 0x08, 0xFF, 0xB5, 0xCE, 0xEB, 0x60,
  0x00, 0x08, 0xFF, 0xB0, 0x00, 0x00, 0x00, 0x00, 0x08, 0xFF, 0xB0, 0x00, 0x00, 0x00, 0x00, 0x08, 0xFF, 0xB0, 0x00, 0x00,
  0x00, 0x00, 0x08, 0xFF, 0xB0, 0x00, 0x00, 0x00, 0x00, 0x00, 0x03, 0xAC, 0xEE, 0xC6, 0x00, 0x00, 0x8F, 0xFF, 0xFF, 0xFF,
  0xB0, 0x06, 0xFF, 0xFD, 0xBD, 0xFF, 0xF7, 0x0E, 0xFF, 0xA1, 0x00, 0x7D, 0x60, 0x3F, 0xFF, 0x10, 0x00, 0x00, 0x00, 0x6F,
  0xFE, 0x00, 0x00, 0x00, 0x00, 0x3F, 0xFF, 0x10, 0x00, 0x00, 0x00, 0x0E, 0xFF, 0xA0, 0x00, 0x6D, 0x60, 0x06, 0xFF, 0xFD,
  0xAC, 0xFF, 0xF7, 0x00, 0x8F, 0xFF, 0xFF, 0xFF, 0xB0, 0x00, 0x03, 0xAC, 0xEE, 0xC6, 0x00, 0xDF, 0xFF, 0xFF, 0xFF, 0xFF,
  0xBD, 0xFF, 0xFF, 0xFF, 0xFF, 0xFB, 0x9A, 0xAB, 0xFF, 0xFA, 0xAA, 0x70, 0x00, 0x3F, 0xFF, 0x00, 0x00, 0x00, 0x03, 0xFF,
  0xF0, 0x00, 0x00, 0x00, 0x3F, 0xFF, 0x00, 0x00, 0x00, 0x03, 0xFF, 0xF0, 0x00, 0x00, 0x00, 0x3F, 0xFF, 0x00, 0x00, 0x00,
  0x03, 0xFF, 0xF0, 0x00, 0x00, 0x00, 0x3F, 0xFF, 0x00, 0x00, 0x00, 0x03, 0xFF, 0xF0, 0x00, 0x00, 0x0C, 0xFF, 0x80, 0x00,
  0x00, 0xCF, 0xF5, 0x06, 0xFF, 0xD0, 0x00, 0x04, 0xFF, 0xD0, 0x01, 0xEF, 0xF5, 0x00, 0x0A, 0xFF, 0x70, 0x00, 0x8F, 0xFB,
  0x00, 0x1E, 0xFE, 0x10, 0x00, 0x2F, 0xFF, 0x30, 0x8F, 0xF9, 0x00, 0x00, 0x0A, 0xFF, 0x90, 0xDF, 0xF3, 0x00, 0x00, 0x04,
  0xFF, 0xE6, 0xFF, 0xB0, 0x00, 0x00, 0x00, 0xCF, 0xFE, 0xFF, 0x50, 0x00, 0x00, 0x00, 0x6F, 0xFF, 0xFD, 0x00, 0x00, 0x00,
  0x00, 0x0E, 0xFF, 0xF7, 0x00, 0x00, 0x00, 0x00, 0x08, 0xFF, 0xE1, 0x00, 0x00, 0x00, 0x20, 0x0A, 0xFF, 0x90, 0x00, 0x00,
  0x05, 0xEA, 0xCF, 0xFE, 0x20, 0x00, 0x00, 0x0C, 0xFF, 0xFF, 0xF7, 0x00, 0x00, 0x00, 0x05, 0xCE, 0xEC, 0x50, 0x00, 0x00,
  0x00, 0x00, 0x00, 0x00, 0x0D, 0xFF, 0x20, 0x00, 0x00, 0x00, 0x00, 0x00, 0x00, 0xDF, 0xF2, 0x00, 0x00, 0x00, 0x00, 0x00,
  0x00, 0x0D, 0xFF, 0x20, 0x00, 0x00, 0x00, 0x00, 0x00, 0x00, 0xDF, 0xF2, 0x00, 0x00, 0x00, 0x00, 0x02, 0x8B, 0xDF, 0xFF,
  0xEC, 0x93, 0x00, 0x00, 0x08, 0xEF, 0xFF, 0xFF, 0xFF, 0xFF, 0xFA, 0x10, 0x07, 0xFF, 0xFD, 0xAE, 0xFF, 0xAC, 0xFF, 0xFA,
  0x01, 0xFF, 0xF8, 0x00, 0xDF, 0xF2, 0x05, 0xFF, 0xF4, 0x4F, 0xFD, 0x00, 0x0D, 0xFF, 0x20, 0x0A, 0xFF, 0x76, 0xFF, 0xB0,
  0x00, 0xDF, 0xF2, 0x00, 0x8F, 0xF9, 0x3F, 0xFD, 0x00, 0x0D, 0xFF, 0x20, 0x0A, 0xFF, 0x70, 0xEF, 0xF8, 0x00, 0xDF, 0xF2,
  0x05, 0xFF, 0xF4, 0x06, 0xFF, 0xFC, 0x9E, 0xFF, 0x9B, 0xFF, 0xF9, 0x00, 0x07, 0xEF, 0xFF, 0xFF, 0xFF, 0xFF, 0xF9, 0x10,
  0x00, 0x02, 0x8B, 0xDF, 0xFF, 0xEC, 0x93, 0x00, 0x00, 0x00, 0x00, 0x00, 0xDF, 0xF2, 0x00, 0x00, 0x00, 0x00, 0x00, 0x00,
  0x0D, 0xFF, 0x20, 0x00, 0x00, 0x00, 0x00, 0x00, 0x00, 0xDF, 0xF2, 0x00, 0x00, 0x00, 0x00, 0x00, 0x00, 0x0D, 0xFF, 0x20,
  0x00, 0x00, 0x00, 0x7F, 0xFE, 0x30, 0x01, 0xDF, 0xF8, 0x0B, 0xFF, 0xD1, 0x0A, 0xFF, 0xB0, 0x01, 0xDF, 0xF9, 0x7F, 0xFD,
  0x20, 0x00, 0x4F, 0xFF, 0xFF, 0xF4, 0x00, 0x00, 0x08, 0xFF, 0xFF, 0x70, 0x00, 0x00, 0x00, 0xEF, 0xFE, 0x10, 0x00, 0x00,
  0x09, 0xFF, 0xFF, 0xA0, 0x00, 0x00, 0x5F, 0xFE, 0xEF, 0xF6, 0x00, 0x02, 0xEF, 0xF6, 0x7F, 0xFE, 0x30, 0x1C, 0xFF, 0xA0,
  0x0B, 0xFF, 0xD1, 0x9F, 0xFD, 0x10, 0x02, 0xEF, 0xFA, 0x08, 0xFF, 0xB0, 0x00, 0x0E, 0xFF, 0x50, 0x08, 0xFF, 0xB0, 0x00,
  0x0E, 0xFF, 0x50, 0x08, 0xFF, 0xB0, 0x00, 0x0E, 0xFF, 0x50, 0x08, 0xFF, 0xB0, 0x00, 0x0E, 0xFF, 0x50, 0x08, 0xFF, 0xB0,
  0x00, 0x0E, 0xFF, 0x50, 0x08, 0xFF, 0xB0, 0x00, 0x0E, 0xFF, 0x50, 0x08, 0xFF, 0xB0, 0x00, 0x0E, 0xFF, 0x50, 0x08, 0xFF,
  0xB0, 0x00, 0x0E, 0xFF, 0x50, 0x08, 0xFF, 0xDA, 0xAA, 0xAF, 0xFF, 0xB8, 0x08, 0xFF, 0xFF, 0xFF, 0xFF, 0xFF, 0xFD, 0x08,
  0xFF, 0xFF, 0xFF, 0xFF, 0xFF, 0xFD, 0x00, 0x00, 0x00, 0x00, 0x00, 0x2F, 0xFD, 0x00, 0x00, 0x00, 0x00, 0x00, 0x2F, 0xFD,
  0x00, 0x00, 0x00, 0x00, 0x00, 0x17, 0x76, 0x6F, 0xFD, 0x00, 0x00, 0xDF, 0xF6, 0x06, 0xFF, 0xD0, 0x00, 0x0D, 0xFF, 0x60,
  0x6F, 0xFD, 0x00, 0x00, 0xDF, 0xF6, 0x06, 0xFF, 0xE0, 0x00, 0x0D, 0xFF, 0x60, 0x3F, 0xFF, 0x82, 0x25, 0xEF, 0xF6, 0x00,
  0xDF, 0xFF, 0xFF, 0xFF, 0xFF, 0x60, 0x03, 0xDF, 0xFF, 0xFE, 0xEF, 0xF6, 0x00, 0x00, 0x46, 0x75, 0x1D, 0xFF, 0x60, 0x00,
  0x00, 0x00, 0x00, 0xDF, 0xF6, 0x00, 0x00, 0x00, 0x00, 0x0D, 0xFF, 0x60, 0x00, 0x00, 0x00, 0x00, 0xDF, 0xF6, 0x00, 0x08,
  0xFF, 0xB0, 0x00, 0xBF, 0xF8, 0x00, 0x0E, 0xFF, 0x40, 0x08, 0xFF, 0xB0, 0x00, 0xBF, 0xF8, 0x00, 0x0E, 0xFF, 0x40, 0x08,
  0xFF, 0xB0, 0x00, 0xBF, 0xF8, 0x00, 0x0E, 0xFF, 0x40, 0x08, 0xFF, 0xB0, 0x00, 0xBF, 0xF8, 0x00, 0x0E, 0xFF, 0x40, 0x08,
  0xFF, 0xB0, 0x00, 0xBF, 0xF8, 0x00, 0x0E, 0xFF, 0x40, 0x08, 0xFF, 0xB0, 0x00, 0xBF, 0xF8, 0x00, 0x0E, 0xFF, 0x40, 0x08,
  0xFF, 0xB0, 0x00, 0xBF, 0xF8, 0x00, 0x0E, 0xFF, 0x40, 0x08, 0xFF, 0xB0, 0x00, 0xBF, 0xF8, 0x00, 0x0E, 0xFF, 0x40, 0x08,
  0xFF, 0xDA, 0xAA, 0xDF, 0xFC, 0xAA, 0xAF, 0xFF, 0x40, 0x08, 0xFF, 0xFF, 0xFF, 0xFF, 0xFF, 0xFF, 0xFF, 0xFF, 0x40, 0x08,
  0xFF, 0xFF, 0xFF, 0xFF, 0xFF, 0xFF, 0xFF, 0xFF, 0x40, 0x08, 0xFF, 0xB0, 0x00, 0xBF, 0xF8, 0x00, 0x0E, 0xFF, 0x40, 0x08,
  0xFF, 0xB0, 0x00, 0xBF, 0xF8, 0x00, 0x0E, 0xFF, 0x40, 0x08, 0xFF, 0xB0, 0x00, 0xBF, 0xF8, 0x00, 0x0E, 0xFF, 0x40, 0x08,
  0xFF, 0xB0, 0x00, 0xBF, 0xF8, 0x00, 0x0E, 0xFF, 0x40, 0x08, 0xFF, 0xB0, 0x00, 0xBF, 0xF8, 0x00, 0x0E, 0xFF, 0x40, 0x08,
  0xFF, 0xB0, 0x00, 0xBF, 0xF8, 0x00, 0x0E, 0xFF, 0x40, 0x08, 0xFF, 0xB0, 0x00, 0xBF, 0xF8, 0x00, 0x0E, 0xFF, 0x40, 0x08,
  0xFF, 0xB0, 0x00, 0xBF, 0xF8, 0x00, 0x0E, 0xFF, 0x40, 0x08, 0xFF, 0xDA, 0xAA, 0xDF, 0xFC, 0xAA, 0xAF, 0xFF, 0xB8, 0x08,
  0xFF, 0xFF, 0xFF, 0xFF, 0xFF, 0xFF, 0xFF, 0xFF, 0xFC, 0x08, 0xFF, 0xFF, 0xFF, 0xFF, 0xFF, 0xFF, 0xFF, 0xFF, 0xFC, 0x00,
  0x00, 0x00, 0x00, 0x00, 0x00, 0x00, 0x00, 0x4F, 0xFC, 0x00, 0x00, 0x00, 0x00, 0x00, 0x00, 0x00, 0x00, 0x4F, 0xFC, 0xDF,
  0xFF, 0xFF, 0x80, 0x00, 0x00, 0x00, 0xDF, 0xFF, 0xFF, 0x80, 0x00, 0x00, 0x00, 0x9A, 0xAD, 0xFF, 0x80, 0x00, 0x00, 0x00,
  0x00, 0x0B, 0xFF, 0x81, 0x10, 0x00, 0x00, 0x00, 0x0B, 0xFF, 0xFF, 0xFF, 0xD8, 0x10, 0x00, 0x0B, 0xFF, 0xFF, 0xFF, 0xFF,
  0xC0, 0x00, 0x0B, 0xFF, 0x80, 0x16, 0xFF, 0xF4, 0x00, 0x0B, 0xFF, 0x80, 0x00, 0xEF, 0xF6, 0x00, 0x0B, 0xFF, 0xA4, 0x5A,
  0xFF, 0xF3, 0x00, 0x0B, 0xFF, 0xFF, 0xFF, 0xFF, 0x90, 0x00, 0x0B, 0xFF, 0xFF, 0xFE, 0xC6, 0x00, 0x08, 0xFF, 0xB0, 0x00,
  0x00, 0x00, 0x4F, 0xFE, 0x00, 0x8F, 0xFB, 0x00, 0x00, 0x00, 0x04, 0xFF, 0xE0, 0x08, 0xFF, 0xB0, 0x00, 0x00, 0x00, 0x4F,
  0xFE, 0x00, 0x8F, 0xFB, 0x11, 0x00, 0x00, 0x04, 0xFF, 0xE0, 0x08, 0xFF, 0xFF, 0xFF, 0xDA, 0x20, 0x4F, 0xFE, 0x00, 0x8F,
  0xFF, 0xFF, 0xFF, 0xFE, 0x24, 0xFF, 0xE0, 0x08, 0xFF, 0xB0, 0x14, 0xEF, 0xF7, 0x4F, 0xFE, 0x00, 0x8F, 0xFB, 0x00, 0x0B,
  0xFF, 0x94, 0xFF, 0xE0, 0x08, 0xFF, 0xC5, 0x58, 0xFF, 0xF6, 0x4F, 0xFE, 0x00, 0x8F, 0xFF, 0xFF, 0xFF, 0xFC, 0x14, 0xFF,
  0xE0, 0x08, 0xFF, 0xFF, 0xFE, 0xC8, 0x10, 0x4F, 0xFE, 0x00, 0x08, 0xFF, 0xB0, 0x00, 0x00, 0x00, 0x08, 0xFF, 0xB0, 0x00,
  0x00, 0x00, 0x08, 0xFF, 0xB0, 0x00, 0x00, 0x00, 0x08, 0xFF, 0xB1, 0x10, 0x00, 0x00, 0x08, 0xFF, 0xFF, 0xFF, 0xEB, 0x40,
  0x08, 0xFF, 0xFF, 0xFF, 0xFF, 0xF4, 0x08, 0xFF, 0xB0, 0x14, 0xDF, 0xFB, 0x08, 0xFF, 0xB0, 0x00, 0x9F, 0xFC, 0x08, 0xFF,
  0xC5, 0x57, 0xEF, 0xFA, 0x08, 0xFF, 0xFF, 0xFF, 0xFF, 0xE2, 0x08, 0xFF, 0xFF, 0xFE, 0xD9, 0x20, 0x01, 0x8C, 0xEE, 0xCA,
  0x30, 0x00, 0x3D, 0xFF, 0xFF, 0xFF, 0xF8, 0x00, 0x4E, 0xFB, 0x98, 0xBF, 0xFF, 0x60, 0x02, 0x40, 0x00, 0x04, 0xEF, 0xE0,
  0x00, 0x06, 0xFF, 0xFF, 0xFF, 0xF4, 0x00, 0x06, 0xFF, 0xFF, 0xFF, 0xF5, 0x00, 0x01, 0x44, 0x44, 0xEF, 0xF2, 0x05, 0x80,
  0x00, 0x08, 0xFF, 0xD0, 0x5F, 0xFD, 0x98, 0xCF, 0xFF, 0x40, 0x4D, 0xFF, 0xFF, 0xFF, 0xE7, 0x00, 0x01, 0x8C, 0xEE, 0xCA,
  0x20, 0x00, 0x08, 0xFF, 0xB0, 0x00, 0x29, 0xCE, 0xEB, 0x70, 0x00, 0x08, 0xFF, 0xB0, 0x04, 0xEF, 0xFF, 0xFF, 0xFC, 0x20,
  0x08, 0xFF, 0xB0, 0x3E, 0xFF, 0xEB, 0xBF, 0xFF, 0xB0, 0x08, 0xFF, 0xB0, 0x9F, 0xFD, 0x20, 0x04, 0xFF, 0xF5, 0x08, 0xFF,
  0xFF, 0xFF, 0xF6, 0x00, 0x00, 0xAF, 0xF8, 0x08, 0xFF, 0xFF, 0xFF, 0xF4, 0x00, 0x00, 0x8F, 0xFA, 0x08, 0xFF, 0xEC, 0xEF,
  0xF6, 0x00, 0x00, 0xAF, 0xF8, 0x08, 0xFF, 0xB0, 0x9F, 0xFD, 0x20, 0x04, 0xFF, 0xF5, 0x08, 0xFF, 0xB0, 0x2E, 0xFF, 0xEB,
  0xBF, 0xFF, 0xB0, 0x08, 0xFF, 0xB0, 0x04, 0xEF, 0xFF, 0xFF, 0xFC, 0x20, 0x08, 0xFF, 0xB0, 0x00, 0x29, 0xCE, 0xEB, 0x70,
  0x00, 0x00, 0x29, 0xDE, 0xFF, 0xFF, 0xF4, 0x00, 0x4F, 0xFF, 0xFF, 0xFF, 0xFF, 0x40, 0x0D, 0xFF, 0xFC, 0xAA, 0xDF, 0xF4,
  0x02, 0xFF, 0xF4, 0x00, 0x0A, 0xFF, 0x40, 0x3F, 0xFF, 0x20, 0x00, 0xAF, 0xF4, 0x01, 0xEF, 0xFA, 0x52, 0x2A, 0xFF, 0x40,
  0x06, 0xFF, 0xFF, 0xFF, 0xFF, 0xF4, 0x00, 0x05, 0xFF, 0xFF, 0xFF, 0xFF, 0x40, 0x00, 0x9F, 0xFB, 0x00, 0xAF, 0xF4, 0x00,
  0x5F, 0xFE, 0x20, 0x0A, 0xFF, 0x40, 0x2E, 0xFF, 0x60, 0x00, 0xAF, 0xF4, 0x00,
  0x00 };

inline const GFXglyph m2MidGlyphs[] PROGMEM = {
  {      0,   0,   0,   6,    0,    0 },   // 0x20
  {      0,   6,  15,   6,    0,  -15 },   // 0x21
  {     45,   9,  15,   9,    0,  -15 },   // 0x22
  {    113,  15,  15,  15,    0,  -15 },   // 0x23
  {    226,  13,  21,  13,    0,  -18 },   // 0x24
  {    363,  18,  15,  18,    0,  -15 },   // 0x25
  {    498,  15,  15,  15,    0,  -15 },   // 0x26
  {    611,   5,  15,   5,    0,  -15 },   // 0x27
  {    649,   8,  19,   7,    0,  -15 },   // 0x28
  {    725,   7,  19,   7,    0,  -15 },   // 0x29
  {    792,   9,  15,   9,    0,  -15 },   // 0x2A
  {    860,  12,  12,  12,    0,  -12 },   // 0x2B
  {    932,   5,   7,   5,    0,   -4 },   // 0x2C
  {    950,   8,   7,   8,    0,   -7 },   // 0x2D
  {    978,   5,   4,   5,    0,   -4 },   // 0x2E
  {    988,  10,  20,   8,   -1,  -18 },   // 0x2F
  {   1088,  14,  15,  14,    0,  -15 },   // 0x30
  {   1193,   8,  15,   8,    0,  -15 },   // 0x31
  {   1253,  12,  15,  12,    0,  -15 },   // 0x32
  {   1343,  13,  15,  12,   -1,  -15 },   // 0x33
  {   1441,  14,  15,  14,    0,  -15 },   // 0x34
  {   1546,  12,  15,  12,    0,  -15 },   // 0x35
  {   1636,  13,  15,  13,    0,  -15 },   // 0x36
  {   1734,  13,  15,  13,    0,  -15 },   // 0x37
  {   1832,  13,  15,  13,    0,  -15 },   // 0x38
  {   1930,  13,  15,  13,    0,  -15 },   // 0x39
  {   2028,   5,  11,   5,    0,  -11 },   // 0x3A
  {   2056,   5,  15,   5,    0,  -11 },   // 0x3B
  {   2094,  12,  12,  12,    0,  -12 },   // 0x3C
  {   2166,  12,  11,  12,    0,  -11 },   // 0x3D
  {   2232,  12,  12,  12,    0,  -12 },   // 0x3E
  {   2304,  13,  15,  12,   -1,  -15 },   // 0x3F
  {   2402,  21,  19,  21,    0,  -15 },   // 0x40
  {   2602,  17,  15,  16,   -1,  -15 },   // 0x41
  {   2730,  16,  15,  16,    0,  -15 },   // 0x42
  {   2850,  15,  15,  15,    0,  -15 },   // 0x43
  {   2963,  17,  15,  17,    0,  -15 },   // 0x44
  {   3091,  14,  15,  14,    0,  -15 },   // 0x45
  {   3196,  13,  15,  13,    0,  -15 },   // 0x46
  {   3294,  16,  15,  16,    0,  -15 },   // 0x47
  {   3414,  16,  15,  16,    0,  -15 },   // 0x48
  {   3534,   7,  15,   7,    0,  -15 },   // 0x49
  {   3587,  12,  15,  11,   -1,  -15 },   // 0x4A
  {   3677,  16,  15,  15,    0,  -15 },   // 0x4B
  {   3797,  13,  15,  12,    0,  -15 },   // 0x4C
  {   3895,  19,  15,  19,    0,  -15 },   // 0x4D
  {   4038,  16,  15,  16,    0,  -15 },   // 0x4E
  {   4158,  17,  15,  17,    0,  -15 },   // 0x4F
  {   4286,  15,  15,  15,    0,  -15 },   // 0x50
  {   4399,  18,  19,  17,    0,  -15 },   // 0x51
  {   4570,  15,  15,  15,    0,  -15 },   // 0x52
  {   4683,  13,  15,  13,    0,  -15 },   // 0x53
  {   4781,  13,  15,  13,    0,  -15 },   // 0x54
  {   4879,  16,  15,  16,    0,  -15 },   // 0x55
  {   4999,  17,  15,  15,   -1,  -15 },   // 0x56
  {   5127,  24,  15,  24,    0,  -15 },   // 0x57
  {   5307,  15,  15,  15,    0,  -15 },   // 0x58
  {   5420,  16,  15,  14,   -1,  -15 },   // 0x59
  {   5540,  14,  15,  14,    0,  -15 },   // 0x5A
  {   5645,   8,  19,   7,    0,  -15 },   // 0x5B
  {   5721,  10,  20,   8,   -1,  -18 },   // 0x5C
  {   5821,   7,  19,   7,    0,  -15 },   // 0x5D
  {   5888,  12,  12,  12,    0,  -12 },   // 0x5E
  {   5960,  11,   2,  10,    0,    0 },   // 0x5F
  {   5971,  12,  15,  12,    0,  -15 },   // 0x60
  {   6061,  13,  11,  13,    0,  -11 },   // 0x61
  {   6133,  14,  15,  14,    0,  -15 },   // 0x62
  {   6238,  12,  11,  12,    0,  -11 },   // 0x63
  {   6304,  14,  15,  14,    0,  -15 },   // 0x64
  {   6409,  13,  11,  13,    0,  -11 },   // 0x65
  {   6481,   9,  15,   8,    0,  -15 },   // 0x66
  {   6549,  14,  15,  14,    0,  -11 },   // 0x67
  {   6654,  14,  15,  14,    0,  -15 },   // 0x68
  {   6759,   6,  16,   6,    0,  -16 },   // 0x69
  {   6807,   8,  20,   6,   -2,  -16 },   // 0x6A
  {   6887,  14,  15,  13,    0,  -15 },   // 0x6B
  {   6992,   6,  15,   6,    0,  -15 },   // 0x6C
  {   7037,  21,  11,  21,    0,  -11 },   // 0x6D
  {   7153,  14,  11,  14,    0,  -11 },   // 0x6E
  {   7230,  13,  11,  13,    0,  -11 },   // 0x6F
  {   7302,  14,  15,  14,    0,  -11 },   // 0x70
  {   7407,  14,  15,  14,    0,  -11 },   // 0x71
  {   7512,   9,  12,   9,    0,  -12 },   // 0x72
  {   7566,  11,  11,  11,    0,  -11 },   // 0x73
  {   7627,   9,  14,   9,    0,  -14 },   // 0x74
  {   7690,  14,  11,  14,    0,  -11 },   // 0x75
  {   7767,  14,  11,  12,   -1,  -11 },   // 0x76
  {   7844,  20,  11,  19,    0,  -11 },   // 0x77
  {   7954,  13,  11,  12,    0,  -11 },   // 0x78
  {   8026,  14,  15,  12,   -1,  -11 },   // 0x79
  {   8131,  11,  11,  11,    0,  -11 },   // 0x7A
  {   8192,   8,  19,   8,    0,  -15 },   // 0x7B
  {   8268,   6,  19,   6,    0,  -15 },   // 0x7C
  {   8325,   8,  19,   8,    0,  -15 },   // 0x7D
  {   8401,  12,  10,  12,    0,  -10 },   // 0x7E
  {   8461,  12,  15,  12,    0,  -15 },   // 0x7F
  {   8551,  17,  15,  17,    0,  -15 },   // 0x80
  {   8679,  12,  19,  12,    0,  -19 },   // 0x81
  {   8793,   5,   7,   5,    0,   -4 },   // 0x82
  {   8811,  11,  15,  10,    0,  -15 },   // 0x83
  {   8894,  10,   7,  10,    0,   -4 },   // 0x84
  {   8929,  16,   4,  16,    0,   -4 },   // 0x85
  {   8961,  12,  19,  12,    0,  -15 },   // 0x86
  {   9075,  12,  19,  12,    0,  -15 },   // 0x87
  {   9189,  17,  15,  17,    0,  -15 },   // 0x88
  {   9317,  26,  15,  26,    0,  -15 },   // 0x89
  {   9512,  24,  15,  24,    0,  -15 },   // 0x8A
  {   9692,   7,   9,   7,    0,   -9 },   // 0x8B
  {   9724,  24,  15,  24,    0,  -15 },   // 0x8C
  {   9904,  15,  19,  15,    0,  -19 },   // 0x8D
  {  10047,  17,  15,  17,    0,  -15 },   // 0x8E
  {  10175,  16,  19,  16,    0,  -15 },   // 0x8F
  {  10327,  15,  19,  14,   -1,  -15 },   // 0x90
  {  10470,   5,  15,   5,    0,  -15 },   // 0x91
  {  10508,   5,  15,   5,    0,  -15 },   // 0x92
  {  10546,  10,  15,  10,    0,  -15 },   // 0x93
  {  10621,  10,  15,  10,    0,  -15 },   // 0x94
  {  10696,   7,   9,   7,    0,   -9 },   // 0x95
  {  10728,  11,   7,  10,    0,   -7 },   // 0x96
  {  10767,  21,   7,  20,    0,   -7 },   // 0x97
  {  10841,   0,   0,   6,    0,    0 },   // 0x98
  {  10841,  21,  15,  21,    0,  -15 },   // 0x99
  {  10999,  20,  11,  20,    0,  -11 },   // 0x9A
  {  11109,   7,   9,   7,    0,   -9 },   // 0x9B
  {  11141,  20,  11,  20,    0,  -11 },   // 0x9C
  {  11251,  14,  15,  13,    0,  -15 },   // 0x9D
  {  11356,  15,  15,  14,   -1,  -15 },   // 0x9E
  {  11469,  13,  14,  13,    0,  -11 },   // 0x9F
  {  11560,   0,   0,   6,    0,    0 },   // 0xA0
  {  11560,  15,  20,  15,    0,  -20 },   // 0xA1
  {  11710,  14,  19,  12,   -1,  -15 },   // 0xA2
  {  11843,  12,  15,  12,    0,  -15 },   // 0xA3
  {  11933,  14,  14,  14,    0,  -14 },   // 0xA4
  {  12031,  12,  18,  12,    0,  -18 },   // 0xA5
  {  12139,   6,  19,   6,    0,  -15 },   // 0xA6
  {  12196,  11,  17,  11,    0,  -15 },   // 0xA7
  {  12290,  14,  19,  14,    0,  -19 },   // 0xA8
  {  12423,  16,  15,  16,    0,  -15 },   // 0xA9
  {  12543,  15,  15,  15,    0,  -15 },   // 0xAA
  {  12656,  12,   9,  12,    0,   -9 },   // 0xAB
  {  12710,  12,   9,  12,    0,   -9 },   // 0xAC
  {  12764,   8,   7,   8,    0,   -7 },   // 0xAD
  {  12792,  16,  15,  16,    0,  -15 },   // 0xAE
  {  12912,   8,  19,   7,   -1,  -19 },   // 0xAF
  {  12988,   9,  15,   9,    0,  -15 },   // 0xB0
  {  13056,  12,  14,  12,    0,  -14 },   // 0xB1
  {  13140,   7,  15,   7,    0,  -15 },   // 0xB2
  {  13193,   6,  16,   6,    0,  -16 },   // 0xB3
  {  13241,  11,  14,  10,    0,  -14 },   // 0xB4
  {  13318,  14,  15,  14,    0,  -11 },   // 0xB5
  {  13423,  14,  17,  14,    0,  -15 },   // 0xB6
  {  13542,   6,   8,   6,    0,   -8 },   // 0xB7
  {  13566,  13,  15,  13,    0,  -15 },   // 0xB8
  {  13664,  25,  15,  25,    0,  -15 },   // 0xB9
  {  13852,  12,  11,  12,    0,  -11 },   // 0xBA
  {  13918,  12,   9,  12,    0,   -9 },   // 0xBB
  {  13972,   8,  20,   6,   -2,  -16 },   // 0xBC
  {  14052,  13,  15,  13,    0,  -15 },   // 0xBD
  {  14150,  11,  11,  11,    0,  -11 },   // 0xBE
  {  14211,   7,  15,   6,    0,  -15 },   // 0xBF
  {  14264,  17,  15,  16,    0,  -15 },   // 0xC0
  {  14392,  15,  15,  15,    0,  -15 },   // 0xC1
  {  14505,  15,  15,  15,    0,  -15 },   // 0xC2
  {  14618,  12,  15,  12,    0,  -15 },   // 0xC3
  {  14708,  17,  18,  17,    0,  -15 },   // 0xC4
  {  14861,  14,  15,  14,    0,  -15 },   // 0xC5
  {  14966,  22,  15,  22,    0,  -15 },   // 0xC6
  {  15131,  13,  15,  13,    0,  -15 },   // 0xC7
  {  15229,  17,  15,  17,    0,  -15 },   // 0xC8
  {  15357,  17,  20,  17,    0,  -20 },   // 0xC9
  {  15527,  15,  15,  15,    0,  -15 },   // 0xCA
  {  15640,  16,  15,  16,    0,  -15 },   // 0xCB
  {  15760,  20,  15,  20,    0,  -15 },   // 0xCC
  {  15910,  17,  15,  17,    0,  -15 },   // 0xCD
  {  16038,  17,  15,  17,    0,  -15 },   // 0xCE
  {  16166,  17,  15,  17,    0,  -15 },   // 0xCF
  {  16294,  15,  15,  15,    0,  -15 },   // 0xD0
  {  16407,  15,  15,  15,    0,  -15 },   // 0xD1
  {  16520,  13,  15,  13,    0,  -15 },   // 0xD2
  {  16618,  15,  15,  15,    0,  -15 },   // 0xD3
  {  16731,  19,  16,  19,    0,  -15 },   // 0xD4
  {  16883,  15,  15,  15,    0,  -15 },   // 0xD5
  {  16996,  17,  19,  17,    0,  -15 },   // 0xD6
  {  17158,  15,  15,  15,    0,  -15 },   // 0xD7
  {  17271,  22,  15,  22,    0,  -15 },   // 0xD8
  {  17436,  23,  18,  23,    0,  -15 },   // 0xD9
  {  17643,  17,  15,  17,    0,  -15 },   // 0xDA
  {  17771,  21,  15,  21,    0,  -15 },   // 0xDB
  {  17929,  15,  15,  15,    0,  -15 },   // 0xDC
  {  18042,  15,  15,  15,    0,  -15 },   // 0xDD
  {  18155,  23,  15,  23,    0,  -15 },   // 0xDE
  {  18328,  15,  15,  15,    0,  -15 },   // 0xDF
  {  18441,  12,  11,  12,    0,  -11 },   // 0xE0
  {  18507,  14,  17,  14,    0,  -17 },   // 0xE1
  {  18626,  13,  11,  13,    0,  -11 },   // 0xE2
  {  18698,  11,  11,  10,    0,  -11 },   // 0xE3
  {  18759,  14,  13,  14,    0,  -11 },   // 0xE4
  {  18850,  13,  11,  13,    0,  -11 },   // 0xE5
  {  18922,  19,  11,  19,    0,  -11 },   // 0xE6
  {  19027,  11,  11,  11,    0,  -11 },   // 0xE7
  {  19088,  14,  11,  14,    0,  -11 },   // 0xE8
  {  19165,  14,  15,  14,    0,  -15 },   // 0xE9
  {  19270,  14,  11,  13,    0,  -11 },   // 0xEA
  {  19347,  14,  11,  14,    0,  -11 },   // 0xEB
  {  19424,  17,  11,  17,    0,  -11 },   // 0xEC
  {  19518,  14,  11,  14,    0,  -11 },   // 0xED
  {  19595,  13,  11,  13,    0,  -11 },   // 0xEE
  {  19667,  14,  11,  14,    0,  -11 },   // 0xEF
  {  19744,  14,  15,  14,    0,  -11 },   // 0xF0
  {  19849,  12,  11,  12,    0,  -11 },   // 0xF1
  {  19915,  11,  11,  11,    0,  -11 },   // 0xF2
  {  19976,  14,  15,  12,   -1,  -11 },   // 0xF3
  {  20081,  17,  19,  17,    0,  -15 },   // 0xF4
  {  20243,  12,  11,  12,    0,  -11 },   // 0xF5
  {  20309,  14,  14,  14,    0,  -11 },   // 0xF6
  {  20407,  13,  11,  13,    0,  -11 },   // 0xF7
  {  20479,  20,  11,  20,    0,  -11 },   // 0xF8
  {  20589,  20,  13,  20,    0,  -11 },   // 0xF9
  {  20719,  14,  11,  14,    0,  -11 },   // 0xFA
  {  20796,  17,  11,  17,    0,  -11 },   // 0xFB
  {  20890,  12,  11,  12,    0,  -11 },   // 0xFC
  {  20956,  12,  11,  12,    0,  -11 },   // 0xFD
  {  21022,  18,  11,  18,    0,  -11 },   // 0xFE
  {  21121,  13,  11,  13,    0,  -11 },   // 0xFF
};

inline const GFXfont m2Mid PROGMEM = { (uint8_t*)m2MidBitmaps, (GFXglyph*)m2MidGlyphs, 0x20, 0xFF, 26 };
